#
# A fatal error has been detected by the Java Runtime Environment:
#
#  EXCEPTION_STACK_OVERFLOW (0xc00000fd) at pc=0x00000000528666fb, pid=25040, tid=0x0000000000002b14
#
# JRE version: OpenJDK Runtime Environment (8.0_402-b06) (build 1.8.0_402-b06)
# Java VM: OpenJDK 64-Bit Server VM (25.402-b06 mixed mode windows-amd64 compressed oops)
# Problematic frame:
# V  [jvm.dll+0x1f66fb]
#
# Failed to write core dump. Call to MiniDumpWriteDump() failed (Error 0x80070008: Not enough memory resources are available to process this command.
)
#
# If you would like to submit a bug report, please visit:
#   https://bugzilla.redhat.com/enter_bug.cgi
#


Current thread (0x00000276c31ef800):   []Registers:
RAX=0x0000000000000003, RBX=0x0000000000000003, RCX=0x000000f5846fd5e0, RDX=0x0000000000002000
RSP=0x000000f5846ff5e0, RBP=0x000000f5846ff6e0, RSI=0x0000000000000003, RDI=0x00000276bd874ab8
R8 =0x0000000000000005, R9 =0x0000000000000006, R10=0x00000276c8dc1ff0, R11=0x00000276bd874ab8
R12=0x00000276c4b403f0, R13=0x000000f5846ff9b0, R14=0x000000f5846ff8e0, R15=0x000000f5846ff5e0
RIP=0x00000000528666fb, EFLAGS=0x0000000000010206

Top of Stack: (sp=0x000000f5846ff5e0)
0x000000f5846ff5e0:   00000276c31ef800 0000000000000001
0x000000f5846ff5f0:   00000276bd874ab8 000000005271422a
0x000000f5846ff600:   0000000100006a20 000000005267dc57
0x000000f5846ff610:   00000276bd874ab8 00000276c31ef800
0x000000f5846ff620:   0000000a00000000 00000276bd874ab8
0x000000f5846ff630:   00000276c31ef800 00000276a99d6d20
0x000000f5846ff640:   00000276bd874ab8 0000000100006a20
0x000000f5846ff650:   000000f5846ff721 0000000000000000
0x000000f5846ff660:   000000f5846ff680 0000000000000001
0x000000f5846ff670:   0000000000000005 00000276c31ef800
0x000000f5846ff680:   00000276bd874ab8 00000276c31ef800
0x000000f5846ff690:   00000276bd874ab8 00000276c31ef800
0x000000f5846ff6a0:   00000276bd874ab8 00000276c31ef800
0x000000f5846ff6b0:   00000276c31ef800 0000000052719021
0x000000f5846ff6c0:   00000276c4b403f0 00000276bd874ab8
0x000000f5846ff6d0:   0000000100006a20 0000000000000005 

Instructions: (pc=0x00000000528666fb)
0x00000000528666db:   f8 7c 33 48 8b de e8 ba 73 08 00 48 63 d0 ff c6
0x00000000528666eb:   48 0f af d3 49 8b cf 48 63 c6 48 2b ca 48 ff c3
0x00000000528666fb:   c7 01 00 00 00 00 48 3b 05 18 26 5e 00 7e d7 48
0x000000005286670b:   8b 9d e8 00 00 00 48 8d 54 24 48 48 8d 4d 50 e8 


Register to memory mapping:

RAX=0x0000000000000003 is an unknown value
RBX=0x0000000000000003 is an unknown value
RCX=0x000000f5846fd5e0 is pointing into the stack for thread: 0x00000276c31ef800
RDX=0x0000000000002000 is an unknown value
RSP=0x000000f5846ff5e0 is pointing into the stack for thread: 0x00000276c31ef800
RBP=0x000000f5846ff6e0 is pointing into the stack for thread: 0x00000276c31ef800
RSI=0x0000000000000003 is an unknown value
RDI={method} {0x00000276bd874ac0} 'run' '()V' in 'java/lang/Thread'
R8 =0x0000000000000005 is an unknown value
R9 =0x0000000000000006 is an unknown value
R10=0x00000276c8dc1ff0 is an unknown value
R11={method} {0x00000276bd874ac0} 'run' '()V' in 'java/lang/Thread'
R12=0x00000276c4b403f0 is an unknown value
R13=0x000000f5846ff9b0 is pointing into the stack for thread: 0x00000276c31ef800
R14=0x000000f5846ff8e0 is pointing into the stack for thread: 0x00000276c31ef800
R15=0x000000f5846ff5e0 is pointing into the stack for thread: 0x00000276c31ef800


Stack: [0x000000f584600000,0x000000f584700000],  sp=0x000000f5846ff5e0,  free space=1021k
Native frames: (J=compiled Java code, j=interpreted, Vv=VM code, C=native code)
V  [jvm.dll+0x1f66fb]


---------------  P R O C E S S  ---------------

Java Threads: ( => current thread )
=>0x00000276c31ef800 JavaThread "Thread-875367" daemon [_thread_in_vm, id=11028, stack(0x000000f584600000,0x000000f584700000)]
  0x00000276c31f7800 JavaThread "Camel (SEPAPPAY) thread #26 - Split" daemon [_thread_blocked, id=17056, stack(0x000000f58a600000,0x000000f58a700000)]
  0x00000276c31f9800 JavaThread "Camel (SEPAPPAY) thread #25 - Split" daemon [_thread_blocked, id=14152, stack(0x000000f58a500000,0x000000f58a600000)]
  0x00000276c31f8800 JavaThread "Camel (SEPAPPAY) thread #24 - Split" daemon [_thread_blocked, id=24948, stack(0x000000f58a400000,0x000000f58a500000)]
  0x00000276c31f1000 JavaThread "Camel (SEPAPPAY) thread #23 - Split" daemon [_thread_blocked, id=8744, stack(0x000000f58a300000,0x000000f58a400000)]
  0x00000276c31f6000 JavaThread "Camel (SEPAPPAY) thread #22 - Split" daemon [_thread_blocked, id=7080, stack(0x000000f58a200000,0x000000f58a300000)]
  0x00000276c31f7000 JavaThread "Camel (SEPAPPAY) thread #21 - Split" daemon [_thread_blocked, id=10740, stack(0x000000f58a100000,0x000000f58a200000)]
  0x00000276c31ee000 JavaThread "Camel (SEPAPPAY) thread #19 - Split" daemon [_thread_blocked, id=496, stack(0x000000f589f00000,0x000000f58a000000)]
  0x00000276c31f2000 JavaThread "Camel (SEPAPPAY) thread #17 - Split" daemon [_thread_blocked, id=25268, stack(0x000000f589800000,0x000000f589900000)]
  0x00000276c31ee800 JavaThread "Camel (SEPAPPAY) thread #15 - Split" daemon [_thread_blocked, id=20988, stack(0x000000f589c00000,0x000000f589d00000)]
  0x00000276c82d6800 JavaThread "Camel (SEPAPPAY) thread #13 - Split" daemon [_thread_blocked, id=24740, stack(0x000000f589400000,0x000000f589500000)]
  0x00000276c1542800 JavaThread "Camel (SEPAPPAY) thread #11 - Split" daemon [_thread_blocked, id=18024, stack(0x000000f589500000,0x000000f589600000)]
  0x00000276c82de000 JavaThread "Camel (SEPAPPAY) thread #9 - Split" daemon [_thread_blocked, id=21656, stack(0x000000f583d00000,0x000000f583e00000)]
  0x00000276c82de800 JavaThread "MultiThreadedHttpConnectionManager cleanup" daemon [_thread_blocked, id=21004, stack(0x000000f589900000,0x000000f589a00000)]
  0x00000276c6606000 JavaThread "Camel (SEPAPPAY) thread #7 - Split" daemon [_thread_blocked, id=5792, stack(0x000000f589600000,0x000000f589700000)]
  0x00000276c82dc000 JavaThread "Camel (SEPAPPAY) thread #5 - Split" daemon [_thread_blocked, id=19272, stack(0x000000f583e00000,0x000000f583f00000)]
  0x00000276c82d5800 JavaThread "hz.client_1.event-5" [_thread_blocked, id=11492, stack(0x000000f588c00000,0x000000f588d00000)]
  0x00000276c82d9800 JavaThread "hz.client_1.event-2" [_thread_blocked, id=23972, stack(0x000000f587100000,0x000000f587200000)]
  0x00000276c82d1800 JavaThread "hz.client_1.event-3" [_thread_blocked, id=11908, stack(0x000000f583f00000,0x000000f584000000)]
  0x00000276c82d5000 JavaThread "hz.client_1.internal-10" [_thread_blocked, id=17624, stack(0x000000f587700000,0x000000f587800000)]
  0x00000276c82da800 JavaThread "Camel (SEPAPPAY) thread #4 - sql://select%20*%20from%20MSGDB%20where%20QUEUEID%20in%20('CFCTOBFQ',%20'CFCTINFQ')%20AND%20STATUS%20=%20'69'" daemon [_thread_blocked, id=1376, stack(0x000000f589300000,0x000000f589400000)]
  0x00000276c82d3000 JavaThread "hz.client_1.internal-9" [_thread_blocked, id=18172, stack(0x000000f589200000,0x000000f589300000)]
  0x00000276c82d9000 JavaThread "DestroyJavaVM" [_thread_blocked, id=8800, stack(0x000000f584000000,0x000000f584100000)]
  0x00000276c82d8000 JavaThread "Camel (SEPAPPAY) thread #3 - timer://mainRouteTimer2" daemon [_thread_blocked, id=21392, stack(0x000000f589100000,0x000000f589200000)]
  0x00000276c82d2800 JavaThread "Camel (SEPAPPAY) thread #2 - timer://licensepulseTrigger" daemon [_thread_blocked, id=15212, stack(0x000000f589000000,0x000000f589100000)]
  0x00000276c82d7000 JavaThread "CamelMainRunController" [_thread_blocked, id=7564, stack(0x000000f588f00000,0x000000f589000000)]
  0x00000276c82d4000 JavaThread "hz.client_1.internal-8" [_thread_blocked, id=11772, stack(0x000000f588e00000,0x000000f588f00000)]
  0x00000276c660b000 JavaThread "hz.client_1.internal-7" [_thread_blocked, id=16924, stack(0x000000f588b00000,0x000000f588c00000)]
  0x00000276c660a000 JavaThread "http-nio-8065-Acceptor" daemon [_thread_in_native, id=12216, stack(0x000000f588a00000,0x000000f588b00000)]
  0x00000276c6607000 JavaThread "http-nio-8065-Poller" daemon [_thread_in_native, id=4004, stack(0x000000f588900000,0x000000f588a00000)]
  0x00000276c6608800 JavaThread "http-nio-8065-exec-10" daemon [_thread_blocked, id=6068, stack(0x000000f588800000,0x000000f588900000)]
  0x00000276c6609800 JavaThread "http-nio-8065-exec-9" daemon [_thread_blocked, id=1464, stack(0x000000f588700000,0x000000f588800000)]
  0x00000276c6607800 JavaThread "http-nio-8065-exec-8" daemon [_thread_blocked, id=22100, stack(0x000000f588600000,0x000000f588700000)]
  0x00000276c6604800 JavaThread "http-nio-8065-exec-7" daemon [_thread_blocked, id=3792, stack(0x000000f588500000,0x000000f588600000)]
  0x00000276c6605000 JavaThread "http-nio-8065-exec-6" daemon [_thread_blocked, id=23508, stack(0x000000f588400000,0x000000f588500000)]
  0x00000276c6603800 JavaThread "http-nio-8065-exec-5" daemon [_thread_blocked, id=12916, stack(0x000000f588300000,0x000000f588400000)]
  0x00000276c65fd000 JavaThread "http-nio-8065-exec-4" daemon [_thread_blocked, id=15316, stack(0x000000f588200000,0x000000f588300000)]
  0x00000276c6603000 JavaThread "http-nio-8065-exec-3" daemon [_thread_blocked, id=16368, stack(0x000000f588100000,0x000000f588200000)]
  0x00000276c65fc000 JavaThread "http-nio-8065-exec-2" daemon [_thread_blocked, id=12940, stack(0x000000f588000000,0x000000f588100000)]
  0x00000276c6602000 JavaThread "http-nio-8065-exec-1" daemon [_thread_blocked, id=1296, stack(0x000000f587f00000,0x000000f588000000)]
  0x00000276c65fe800 JavaThread "hz.client_1.internal-6" [_thread_blocked, id=18968, stack(0x000000f587e00000,0x000000f587f00000)]
  0x00000276c65fe000 JavaThread "Timer-1" daemon [_thread_blocked, id=8128, stack(0x000000f587d00000,0x000000f587e00000)]
  0x00000276c6600800 JavaThread "hz.client_1.internal-5" [_thread_blocked, id=14280, stack(0x000000f587c00000,0x000000f587d00000)]
  0x00000276c6601000 JavaThread "hz.client_1.responsethread-1-" [_thread_blocked, id=18408, stack(0x000000f587b00000,0x000000f587c00000)]
  0x00000276c188c800 JavaThread "hz.client_1.responsethread-0-" [_thread_blocked, id=14784, stack(0x000000f587a00000,0x000000f587b00000)]
  0x00000276c154a000 JavaThread "hz.client_1.internal-4" [_thread_blocked, id=11212, stack(0x000000f587900000,0x000000f587a00000)]
  0x00000276c1543800 JavaThread "hz.client_1.internal-3" [_thread_blocked, id=11796, stack(0x000000f587800000,0x000000f587900000)]
  0x00000276c1547800 JavaThread "HikariPool-1 housekeeper" daemon [_thread_blocked, id=9400, stack(0x000000f587600000,0x000000f587700000)]
  0x00000276c1548000 JavaThread "InterruptTimer" daemon [_thread_blocked, id=18504, stack(0x000000f587500000,0x000000f587600000)]
  0x00000276c1546800 JavaThread "oracle.jdbc.driver.BlockSource.ThreadedCachingBlockSource.BlockReleaser" daemon [_thread_blocked, id=22408, stack(0x000000f587400000,0x000000f587500000)]
  0x00000276c1541800 JavaThread "Timer-0" daemon [_thread_blocked, id=7180, stack(0x000000f587300000,0x000000f587400000)]
  0x00000276c1545800 JavaThread "hz.client_1.internal-3" [_thread_blocked, id=13716, stack(0x000000f587200000,0x000000f587300000)]
  0x00000276c1544000 JavaThread "hz.client_1.event-4" [_thread_blocked, id=14292, stack(0x000000f587000000,0x000000f587100000)]
  0x00000276c1545000 JavaThread "hz.client_1.event-1" [_thread_blocked, id=11056, stack(0x000000f586f00000,0x000000f587000000)]
  0x00000276c153b000 JavaThread "hz.client_1.eventRegistration-" [_thread_blocked, id=12136, stack(0x000000f586e00000,0x000000f586f00000)]
  0x00000276c1540000 JavaThread "hz.client_1.internal-2" [_thread_blocked, id=14444, stack(0x000000f586d00000,0x000000f586e00000)]
  0x00000276c153c000 JavaThread "hz.client_1.internal-1" [_thread_blocked, id=23808, stack(0x000000f586c00000,0x000000f586d00000)]
  0x00000276c153f000 JavaThread "hz.client_1.internal-2" [_thread_blocked, id=4508, stack(0x000000f586b00000,0x000000f586c00000)]
  0x00000276c153e800 JavaThread "hz.hz.client_1.IO.thread-out-0" [_thread_in_native, id=10392, stack(0x000000f586a00000,0x000000f586b00000)]
  0x00000276c153d800 JavaThread "hz.hz.client_1.IO.thread-in-0" [_thread_in_native, id=7872, stack(0x000000f586900000,0x000000f586a00000)]
  0x00000276c1541000 JavaThread "hz.client_1.internal-1" [_thread_blocked, id=780, stack(0x000000f586800000,0x000000f586900000)]
  0x00000276c153c800 JavaThread "hz.hz.client_1.MetricsRegistry.thread-2" [_thread_blocked, id=6236, stack(0x000000f586700000,0x000000f586800000)]
  0x00000276c188b000 JavaThread "hz.hz.client_1.MetricsRegistry.thread-1" [_thread_blocked, id=17140, stack(0x000000f586600000,0x000000f586700000)]
  0x00000276c1889000 JavaThread "hz.client_1.lifecycle-1" [_thread_blocked, id=3228, stack(0x000000f586500000,0x000000f586600000)]
  0x00000276c1888800 JavaThread "container-0" [_thread_blocked, id=11088, stack(0x000000f586400000,0x000000f586500000)]
  0x00000276c1887800 JavaThread "Catalina-utility-2" [_thread_blocked, id=7496, stack(0x000000f586100000,0x000000f586200000)]
  0x00000276c1887000 JavaThread "Catalina-utility-1" [_thread_blocked, id=7232, stack(0x000000f584100000,0x000000f584200000)]
  0x00000276c29d1000 JavaThread "Old I/O client worker ([id: 0x79ea4b7c, /127.0.0.1:57895 => /127.0.0.1:15022])" daemon [_thread_in_native, id=20052, stack(0x000000f586300000,0x000000f586400000)]
  0x00000276c2a49000 JavaThread "yajsw.pinger-0" daemon [_thread_blocked, id=11992, stack(0x000000f586200000,0x000000f586300000)]
  0x00000276c164c000 JavaThread "org.apache.commons.vfs.cache.SoftRefFilesCache$SoftRefReleaseThread" daemon [_thread_blocked, id=14496, stack(0x000000f586000000,0x000000f586100000)]
  0x00000276be872000 JavaThread "yajsw.TeeInputStream-1" daemon [_thread_in_native, id=5092, stack(0x000000f585f00000,0x000000f586000000)]
  0x00000276becb5800 JavaThread "yajsw.TeeInputStream-0" daemon [_thread_blocked, id=15740, stack(0x000000f585e00000,0x000000f585f00000)]
  0x00000276be593800 JavaThread "oneagentperiodicrequests" daemon [_thread_in_native, id=22220, stack(0x000000f584500000,0x000000f584600000)]
  0x00000276be59e000 JavaThread "oneagentperiodicurls" daemon [_thread_in_native, id=19096, stack(0x000000f584700000,0x000000f584800000)]
  0x00000276be3eb800 JavaThread "Service Thread" daemon [_thread_blocked, id=1048, stack(0x000000f585c00000,0x000000f585d00000)]
  0x00000276be2cb800 JavaThread "C1 CompilerThread3" daemon [_thread_blocked, id=19904, stack(0x000000f585b00000,0x000000f585c00000)]
  0x00000276be2de800 JavaThread "C2 CompilerThread2" daemon [_thread_blocked, id=18512, stack(0x000000f585a00000,0x000000f585b00000)]
  0x00000276be2dd800 JavaThread "C2 CompilerThread1" daemon [_thread_blocked, id=14080, stack(0x000000f585900000,0x000000f585a00000)]
  0x00000276be362000 JavaThread "C2 CompilerThread0" daemon [_thread_blocked, id=11400, stack(0x000000f585800000,0x000000f585900000)]
  0x00000276be2e3000 JavaThread "oneagentsoftwarecomponentextraction" daemon [_thread_in_native, id=13404, stack(0x000000f584a00000,0x000000f584b00000)]
  0x00000276be351800 JavaThread "oneagentperiodiceventsmanaged" daemon [_thread_in_native, id=20152, stack(0x000000f584900000,0x000000f584a00000)]
  0x00000276be2a0800 JavaThread "Attach Listener" daemon [_thread_blocked, id=9176, stack(0x000000f585700000,0x000000f585800000)]
  0x00000276be0e1000 JavaThread "Finalizer" daemon [_thread_blocked, id=18872, stack(0x000000f585600000,0x000000f585700000)]
  0x00000276be0dc000 JavaThread "Reference Handler" daemon [_thread_blocked, id=18008, stack(0x000000f585500000,0x000000f585600000)]

Other Threads:
  0x00000276be0db800 VMThread [stack: 0x000000f585400000,0x000000f585500000] [id=636]
  0x00000276be2cc800 WatcherThread [stack: 0x000000f585d00000,0x000000f585e00000] [id=11296]

VM state:not at safepoint (normal execution)

VM Mutex/Monitor currently owned by a thread: None

OutOfMemory and StackOverflow Exception counts:
OutOfMemoryError java_heap_errors=1

heap address: 0x0000000080000000, size: 2048 MB, Compressed Oops mode: 32-bit
Narrow klass base: 0x0000000000000000, Narrow klass shift: 3
Compressed class space size: 1073741824 Address: 0x0000000100000000

Heap:
 PSYoungGen      total 172544K, used 129925K [0x00000000d5580000, 0x00000000e0000000, 0x0000000100000000)
  eden space 170496K, 75% used [0x00000000d5580000,0x00000000dd2d1458,0x00000000dfc00000)
  from space 2048K, 78% used [0x00000000dfc00000,0x00000000dfd900a0,0x00000000dfe00000)
  to   space 2048K, 0% used [0x00000000dfe00000,0x00000000dfe00000,0x00000000e0000000)
 ParOldGen       total 673280K, used 77924K [0x0000000080000000, 0x00000000a9180000, 0x00000000d5580000)
  object space 673280K, 11% used [0x0000000080000000,0x0000000084c19308,0x00000000a9180000)
 Metaspace       used 110688K, capacity 115102K, committed 115328K, reserved 1150976K
  class space    used 13439K, capacity 14435K, committed 14464K, reserved 1048576K

Card table byte_map: [0x00000276b8d50000,0x00000276b9160000] byte_map_base: 0x00000276b8950000

Marking Bits: (ParMarkBitMap*) 0x0000000052eba100
 Begin Bits: [0x00000276b9410000, 0x00000276bb410000)
 End Bits:   [0x00000276bb410000, 0x00000276bd410000)

Polling page: 0x00000276a8550000

CodeCache: size=245760Kb used=57574Kb max_used=57725Kb free=188185Kb
 bounds [0x00000276a9990000, 0x00000276ad250000, 0x00000276b8990000]
 total_blobs=16212 nmethods=15110 adapters=1011
 compilation: enabled

Compilation events (250 events):
Event: 430710.093 Thread 0x00000276be2cb800 19374       3       com.oracle.truffle.polyglot.PolyglotEngineImpl::needsEnter (45 bytes)
Event: 430710.093 Thread 0x00000276be2cb800 nmethod 19374 0x00000276aa736250 code [0x00000276aa736400, 0x00000276aa7369b0]
Event: 430710.094 Thread 0x00000276be2cb800 19375       3       oracle.jdbc.driver.T4CMAREngineNIO::marshalB1Array (78 bytes)
Event: 430710.095 Thread 0x00000276be2cb800 nmethod 19375 0x00000276ad1c6d10 code [0x00000276ad1c6f20, 0x00000276ad1c7990]
Event: 430710.098 Thread 0x00000276be2cb800 19376       3       oracle.jdbc.driver.OraclePreparedStatement::setObjectInternal (139 bytes)
Event: 430710.100 Thread 0x00000276be2dd800 19384       4       com.oracle.truffle.regex.tregex.automaton.BasicState::getFlag (15 bytes)
Event: 430710.100 Thread 0x00000276be2cb800 nmethod 19376 0x00000276abae5550 code [0x00000276abae5740, 0x00000276abae63c0]
Event: 430710.100 Thread 0x00000276be2dd800 nmethod 19384 0x00000276ab9cde10 code [0x00000276ab9cdf40, 0x00000276ab9cdfb8]
Event: 430710.101 Thread 0x00000276be2cb800 19385       3       org.graalvm.collections.EconomicMapImpl::findLinear (42 bytes)
Event: 430710.101 Thread 0x00000276be2cb800 nmethod 19385 0x00000276ab7339d0 code [0x00000276ab733b40, 0x00000276ab733e50]
Event: 430710.102 Thread 0x00000276be2cb800 19380       3       com.oracle.truffle.regex.tregex.automaton.BasicState::getSuccessors (16 bytes)
Event: 430710.102 Thread 0x00000276be2cb800 nmethod 19380 0x00000276ad1c6750 code [0x00000276ad1c68c0, 0x00000276ad1c6bb0]
Event: 430710.103 Thread 0x00000276be2cb800 19379       3       com.oracle.truffle.regex.tregex.nfa.NFAState::hasTransitionToAnchoredFinalState (24 bytes)
Event: 430710.103 Thread 0x00000276be2cb800 nmethod 19379 0x00000276a9d5d0d0 code [0x00000276a9d5d220, 0x00000276a9d5d438]
Event: 430710.104 Thread 0x00000276be2cb800 19383       3       com.oracle.truffle.regex.tregex.buffer.ObjectArrayBuffer::toArray (44 bytes)
Event: 430710.104 Thread 0x00000276be2cb800 nmethod 19383 0x00000276aaa423d0 code [0x00000276aaa42560, 0x00000276aaa42960]
Event: 430710.105 Thread 0x00000276be2cb800 19377       3       oracle.jdbc.driver.OraclePreparedStatementWrapper::setObject (12 bytes)
Event: 430710.106 Thread 0x00000276be2cb800 nmethod 19377 0x00000276ac55f190 code [0x00000276ac55f300, 0x00000276ac55f530]
Event: 430710.107 Thread 0x00000276be2cb800 19381       1       com.oracle.truffle.regex.tregex.dfa.DFAGenerator::getNfa (5 bytes)
Event: 430710.107 Thread 0x00000276be2cb800 nmethod 19381 0x00000276ac55eed0 code [0x00000276ac55f020, 0x00000276ac55f138]
Event: 430710.107 Thread 0x00000276be2cb800 19382       1       com.oracle.truffle.regex.tregex.buffer.IntArrayBuffer::getBuffer (5 bytes)
Event: 430710.107 Thread 0x00000276be2cb800 nmethod 19382 0x00000276aa17e190 code [0x00000276aa17e2e0, 0x00000276aa17e3f8]
Event: 430710.107 Thread 0x00000276be2cb800 19378   !   3       com.zaxxer.hikari.pool.HikariProxyPreparedStatement::setObject (25 bytes)
Event: 430710.107 Thread 0x00000276be2cb800 nmethod 19378 0x00000276a9f45a50 code [0x00000276a9f45be0, 0x00000276a9f460e0]
Event: 430710.109 Thread 0x00000276be2dd800 19387       4       com.oracle.truffle.regex.tregex.nfa.NFAState::hasTransitionToUnAnchoredFinalState (24 bytes)
Event: 430710.109 Thread 0x00000276be2cb800 19386       3       com.oracle.truffle.regex.tregex.automaton.StateTransitionCanonicalizer::createSlot (113 bytes)
Event: 430710.109 Thread 0x00000276be362000 19393       4       java.util.TimSort::sort (229 bytes)
Event: 430710.109 Thread 0x00000276be2dd800 nmethod 19387 0x00000276ab9ffb90 code [0x00000276ab9ffcc0, 0x00000276ab9ffd38]
Event: 430710.110 Thread 0x00000276be2cb800 nmethod 19386 0x00000276ad1c9690 code [0x00000276ad1c98a0, 0x00000276ad1ca630]
Event: 430710.110 Thread 0x00000276be2cb800 19391       1       com.oracle.truffle.regex.tregex.buffer.AbstractArrayBuffer::clear (6 bytes)
Event: 430710.110 Thread 0x00000276be2cb800 nmethod 19391 0x00000276a9f45750 code [0x00000276a9f458a0, 0x00000276a9f459b8]
Event: 430710.110 Thread 0x00000276be2cb800 19390       3       com.oracle.truffle.regex.tregex.dfa.DFAGenerator::isGenericCG (8 bytes)
Event: 430710.110 Thread 0x00000276be2cb800 nmethod 19390 0x00000276aa17dd90 code [0x00000276aa17dee0, 0x00000276aa17e0d8]
Event: 430710.110 Thread 0x00000276be2cb800 19392       3       com.oracle.truffle.regex.tregex.dfa.DFAStateNodeBuilder::isBackwardPrefixState (7 bytes)
Event: 430710.110 Thread 0x00000276be2cb800 nmethod 19392 0x00000276ababf790 code [0x00000276ababf900, 0x00000276ababfb98]
Event: 430710.110 Thread 0x00000276be2cb800 19389       3       com.oracle.truffle.regex.tregex.automaton.BasicState::setFlag (32 bytes)
Event: 430710.110 Thread 0x00000276be2cb800 nmethod 19389 0x00000276aa17d990 code [0x00000276aa17dae0, 0x00000276aa17dcb8]
Event: 430710.110 Thread 0x00000276be2cb800 19388       3       com.oracle.truffle.regex.tregex.automaton.TransitionBuilder::<init> (15 bytes)
Event: 430710.110 Thread 0x00000276be2cb800 nmethod 19388 0x00000276ababf0d0 code [0x00000276ababf240, 0x00000276ababf5b8]
Event: 430710.110 Thread 0x00000276be2cb800 19394       3       com.oracle.truffle.regex.tregex.automaton.TransitionSet::getTransition (7 bytes)
Event: 430710.110 Thread 0x00000276be2cb800 nmethod 19394 0x00000276aba0e850 code [0x00000276aba0e9a0, 0x00000276aba0eb18]
Event: 430710.110 Thread 0x00000276be2cb800 19395       1       com.oracle.truffle.regex.tregex.dfa.DFAStateTransitionBuilder::getTarget (5 bytes)
Event: 430710.110 Thread 0x00000276be2cb800 nmethod 19395 0x00000276aba0e590 code [0x00000276aba0e6e0, 0x00000276aba0e7f8]
Event: 430710.123 Thread 0x00000276be2cb800 19396       3       com.oracle.truffle.regex.tregex.nodes.dfa.TRegexDFAExecutorNode::match (22 bytes)
Event: 430710.123 Thread 0x00000276be2cb800 nmethod 19396 0x00000276aba0df90 code [0x00000276aba0e100, 0x00000276aba0e3b0]
Event: 430710.123 Thread 0x00000276be2cb800 19397       3       com.oracle.truffle.regex.tregex.nodes.dfa.TRegexDFAExecutorNode::execute (2360 bytes)
Event: 430710.124 Thread 0x00000276be362000 nmethod 19393 0x00000276abb79890 code [0x00000276abb79a80, 0x00000276abb7ad30]
Event: 430710.133 Thread 0x00000276be2de800 19398       4       com.oracle.truffle.regex.tregex.nodes.dfa.TRegexDFAExecutorNode::recordExecution (13 bytes)
Event: 430710.133 Thread 0x00000276be2de800 nmethod 19398 0x00000276aaa42190 code [0x00000276aaa422c0, 0x00000276aaa42338]
Event: 430710.139 Thread 0x00000276be2dd800 19399   !   4       org.apache.logging.log4j.core.config.AppenderControl::callAppenderPreventRecursion (36 bytes)
Event: 430710.140 Thread 0x00000276be2cb800 nmethod 19397 0x00000276ad1cab50 code [0x00000276ad1cc0a0, 0x00000276ad1e3130]
Event: 430710.149 Thread 0x00000276be2cb800 19400       3       com.oracle.truffle.js.runtime.JSRuntime::isWhiteSpace (97 bytes)
Event: 430710.149 Thread 0x00000276be2cb800 nmethod 19400 0x00000276abae4ed0 code [0x00000276abae5040, 0x00000276abae54b8]
Event: 430710.150 Thread 0x00000276be2dd800 nmethod 19399 0x00000276abb77b50 code [0x00000276abb77d60, 0x00000276abb787f0]
Event: 430710.150 Thread 0x00000276be362000 19401       4       com.oracle.truffle.object.DynamicObjectBasic$2::getLong (8 bytes)
Event: 430710.151 Thread 0x00000276be362000 nmethod 19401 0x00000276ad1c7ed0 code [0x00000276ad1c8000, 0x00000276ad1c8078]
Event: 430710.161 Thread 0x00000276be2de800 19402       4       com.oracle.truffle.js.nodes.access.PropertyGetNode$IntPropertyGetNode::getValue (23 bytes)
Event: 430710.162 Thread 0x00000276be2de800 nmethod 19402 0x00000276abae4750 code [0x00000276abae48c0, 0x00000276abae4b18]
Event: 430710.165 Thread 0x00000276be2dd800 19403       4       java.lang.invoke.LambdaForm$BMH/126282044::reinvoke (60 bytes)
Event: 430710.168 Thread 0x00000276be2dd800 nmethod 19403 0x00000276abb7c050 code [0x00000276abb7c1c0, 0x00000276abb7c538]
Event: 430710.173 Thread 0x00000276be362000 19404       4       com.oracle.truffle.js.nodes.access.PropertyCacheNode$TraversePrototypeShapeCheckNode::accept (41 bytes)
Event: 430710.175 Thread 0x00000276be2cb800 19405       3       com.oracle.truffle.regex.tregex.matchers.SingleCharMatcherNodeGen::execute (6 bytes)
Event: 430710.175 Thread 0x00000276be2cb800 nmethod 19405 0x00000276abd2f690 code [0x00000276abd2f800, 0x00000276abd2fbd8]
Event: 430710.176 Thread 0x00000276be362000 nmethod 19404 0x00000276abd2ec50 code [0x00000276abd2edc0, 0x00000276abd2f0c8]
Event: 430710.189 Thread 0x00000276be2cb800 19406       1       java.nio.charset.CharsetEncoder::implFlush (4 bytes)
Event: 430710.189 Thread 0x00000276be2cb800 nmethod 19406 0x00000276abd2e990 code [0x00000276abd2eae0, 0x00000276abd2ebf8]
Event: 430710.193 Thread 0x00000276be2de800 19407       4       sun.util.calendar.ZoneInfo::getTransitionIndex (156 bytes)
Event: 430710.195 Thread 0x00000276be2de800 nmethod 19407 0x00000276abb77590 code [0x00000276abb776e0, 0x00000276abb77918]
Event: 430710.208 Thread 0x00000276be2dd800 19408       4       com.oracle.truffle.js.nodes.access.PropertyCacheNode$TraversePrototypeShapeCheckNode::isValid (28 bytes)
Event: 430710.209 Thread 0x00000276be2dd800 nmethod 19408 0x00000276abb7bc90 code [0x00000276abb7bde0, 0x00000276abb7bed8]
Event: 430710.210 Thread 0x00000276be2cb800 19409       3       com.oracle.truffle.regex.tregex.dfa.DFAStateNodeBuilder::isPrioritySensitive (7 bytes)
Event: 430710.210 Thread 0x00000276be2cb800 nmethod 19409 0x00000276abb770d0 code [0x00000276abb77240, 0x00000276abb774d8]
Event: 430710.210 Thread 0x00000276be2cb800 19411       3       com.oracle.truffle.regex.tregex.automaton.BasicState::isFinalState (7 bytes)
Event: 430710.210 Thread 0x00000276be2cb800 nmethod 19411 0x00000276abb76c10 code [0x00000276abb76d80, 0x00000276abb77018]
Event: 430710.210 Thread 0x00000276be2cb800 19410       3       com.oracle.truffle.regex.tregex.nfa.NFAState::hasPrefixStates (7 bytes)
Event: 430710.210 Thread 0x00000276be2cb800 nmethod 19410 0x00000276ad1c91d0 code [0x00000276ad1c9340, 0x00000276ad1c95d8]
Event: 430710.210 Thread 0x00000276be2cb800 19413       3       com.oracle.truffle.regex.tregex.automaton.StateSetImpl$StateSetIterator::hasNext (10 bytes)
Event: 430710.210 Thread 0x00000276be2cb800 nmethod 19413 0x00000276ad1c8d50 code [0x00000276ad1c8ec0, 0x00000276ad1c90f0]
Event: 430710.210 Thread 0x00000276be2cb800 19412       3       com.oracle.truffle.regex.tregex.nfa.NFA::getId (9 bytes)
Event: 430710.210 Thread 0x00000276be2de800 19416       4       org.graalvm.collections.EconomicMapImpl::get (24 bytes)
Event: 430710.210 Thread 0x00000276be2cb800 nmethod 19412 0x00000276ad1c8710 code [0x00000276ad1c8880, 0x00000276ad1c8c38]
Event: 430710.210 Thread 0x00000276be2cb800 19414       3       com.oracle.truffle.regex.tregex.automaton.StateSetImpl$StateListIterator::hasNext (20 bytes)
Event: 430710.211 Thread 0x00000276be2cb800 nmethod 19414 0x00000276abb767d0 code [0x00000276abb76920, 0x00000276abb76af8]
Event: 430710.211 Thread 0x00000276be2cb800 19417       3       com.oracle.truffle.regex.tregex.dfa.DFAStateNodeBuilder::hasBackwardPrefixState (13 bytes)
Event: 430710.211 Thread 0x00000276be2cb800 nmethod 19417 0x00000276abae43d0 code [0x00000276abae4520, 0x00000276abae46d8]
Event: 430710.211 Thread 0x00000276be2cb800 19415       3       com.oracle.truffle.regex.tregex.buffer.CompilationBuffer::getIntRangesBuffer1 (32 bytes)
Event: 430710.211 Thread 0x00000276be2cb800 nmethod 19415 0x00000276abb7dc90 code [0x00000276abb7de20, 0x00000276abb7e338]
Event: 430710.213 Thread 0x00000276be2de800 nmethod 19416 0x00000276abb7d390 code [0x00000276abb7d500, 0x00000276abb7d888]
Event: 430710.219 Thread 0x00000276be2cb800 19418       3       com.sun.org.apache.xerces.internal.impl.XMLDTDScannerImpl::getFeatureDefault (36 bytes)
Event: 430710.220 Thread 0x00000276be2cb800 nmethod 19418 0x00000276abb7cd10 code [0x00000276abb7cea0, 0x00000276abb7d210]
Event: 430710.222 Thread 0x00000276be2cb800 19420       3       com.oracle.truffle.js.nodes.JSGuards::isJSFunction (5 bytes)
Event: 430710.222 Thread 0x00000276be2cb800 nmethod 19420 0x00000276ac78e950 code [0x00000276ac78eb00, 0x00000276ac78f270]
Event: 430710.222 Thread 0x00000276be2cb800 19419       3       com.oracle.truffle.js.nodes.access.IsArrayNodeGen::execute (194 bytes)
Event: 430710.223 Thread 0x00000276be2cb800 nmethod 19419 0x00000276ac78cc10 code [0x00000276ac78cea0, 0x00000276ac78e1d0]
Event: 430710.227 Thread 0x00000276be2de800 19421       4       com.oracle.truffle.polyglot.ContextThreadLocal::getTL (65 bytes)
Event: 430710.228 Thread 0x00000276be2dd800 19422       4       com.oracle.truffle.object.LayoutStrategy::objectDefineProperty (96 bytes)
Event: 430710.229 Thread 0x00000276be2de800 nmethod 19421 0x00000276ac789810 code [0x00000276ac789980, 0x00000276ac789b30]
Event: 430710.233 Thread 0x00000276be362000 19423       4       com.oracle.truffle.js.nodes.access.PropertyCacheNode$PrimitiveReceiverCheckNode::getStore (9 bytes)
Event: 430710.235 Thread 0x00000276be362000 nmethod 19423 0x00000276ac78c550 code [0x00000276ac78c6c0, 0x00000276ac78c888]
Event: 430710.237 Thread 0x00000276be2dd800 nmethod 19422 0x00000276ad1f0550 code [0x00000276ad1f0760, 0x00000276ad1f1488]
Event: 430710.244 Thread 0x00000276be2de800 19424   !   4       com.oracle.truffle.js.runtime.util.TRegexUtilFactory$InteropToIntNodeGen::execute (179 bytes)
Event: 430710.244 Thread 0x00000276be362000 19425       4       com.oracle.truffle.object.DynamicObjectBasic$6::get (8 bytes)
Event: 430710.244 Thread 0x00000276be2cb800 19426       3       com.oracle.truffle.regex.tregex.nodes.TRegexExecutorNode::getInputLength (33 bytes)
Event: 430710.245 Thread 0x00000276be362000 nmethod 19425 0x00000276abb7cad0 code [0x00000276abb7cc00, 0x00000276abb7cc78]
Event: 430710.245 Thread 0x00000276be2cb800 nmethod 19426 0x00000276ac78b250 code [0x00000276ac78b460, 0x00000276ac78bf50]
Event: 430710.245 Thread 0x00000276be2cb800 19432       3       com.oracle.truffle.api.ArrayUtils::checkArgs (34 bytes)
Event: 430710.245 Thread 0x00000276be2dd800 19435       4       com.oracle.truffle.regex.RegexObjectGen$InteropLibraryExports$Cached::isMemberReadable (196 bytes)
Event: 430710.245 Thread 0x00000276be362000 19436       4       com.oracle.truffle.regex.RegexObjectGen$InteropLibraryExports$Cached::readMember (189 bytes)
Event: 430710.245 Thread 0x00000276be2cb800 nmethod 19432 0x00000276ac78a090 code [0x00000276ac78a2c0, 0x00000276ac78acd0]
Event: 430710.245 Thread 0x00000276be2cb800 19427       3       com.oracle.truffle.regex.runtime.nodes.DispatchNodeGen::execute (87 bytes)
Event: 430710.246 Thread 0x00000276be2cb800 nmethod 19427 0x00000276ac788bd0 code [0x00000276ac788da0, 0x00000276ac7894b0]
Event: 430710.246 Thread 0x00000276be2cb800 19428       3       com.oracle.truffle.regex.runtime.nodes.DispatchNode::executeDirect (6 bytes)
Event: 430710.246 Thread 0x00000276be2cb800 nmethod 19428 0x00000276ad1c82d0 code [0x00000276ad1c8440, 0x00000276ad1c8650]
Event: 430710.246 Thread 0x00000276be2cb800 19429       3       com.oracle.truffle.regex.tregex.nodes.dfa.TRegexLazyFindStartRootNode::execute (77 bytes)
Event: 430710.246 Thread 0x00000276be2cb800 nmethod 19429 0x00000276ac787a50 code [0x00000276ac787c40, 0x00000276ac7886c0]
Event: 430710.246 Thread 0x00000276be2cb800 19430       3       com.oracle.truffle.regex.tregex.nodes.dfa.DFAStateNode$LoopOptIndexOfAnyCharNode::execute (15 bytes)
Event: 430710.247 Thread 0x00000276be2cb800 nmethod 19430 0x00000276ad1f47d0 code [0x00000276ad1f49e0, 0x00000276ad1f5470]
Event: 430710.247 Thread 0x00000276be2cb800 19431       3       com.oracle.truffle.regex.tregex.nodes.dfa.DFAStateNode$LoopOptIndexOfAnyNode::getIndexOfNode (29 bytes)
Event: 430710.247 Thread 0x00000276be2dd800 nmethod 19435 0x00000276ac787590 code [0x00000276ac7876e0, 0x00000276ac787868]
Event: 430710.247 Thread 0x00000276be2dd800 19437       4       com.oracle.truffle.regex.RegexObject::readMemberImpl (232 bytes)
Event: 430710.247 Thread 0x00000276be2cb800 nmethod 19431 0x00000276ad1f3950 code [0x00000276ad1f3b40, 0x00000276ad1f43c0]
Event: 430710.247 Thread 0x00000276be2de800 nmethod 19424 0x00000276ac786a50 code [0x00000276ac786c20, 0x00000276ac786fe0]
Event: 430710.247 Thread 0x00000276be2cb800 19433       3       com.oracle.truffle.js.builtins.RegExpPrototypeBuiltins$JSRegExpReplaceNode$ReplaceStringConsumer::literal (11 bytes)
Event: 430710.247 Thread 0x00000276be2cb800 nmethod 19433 0x00000276ad1f86d0 code [0x00000276ad1f8840, 0x00000276ad1f8c50]
Event: 430710.247 Thread 0x00000276be2cb800 19434       3       com.oracle.truffle.js.builtins.RegExpPrototypeBuiltins$JSRegExpReplaceNode$ReplaceStringConsumer::literal (18 bytes)
Event: 430710.247 Thread 0x00000276be2cb800 nmethod 19434 0x00000276ad1f34d0 code [0x00000276ad1f3640, 0x00000276ad1f3870]
Event: 430710.252 Thread 0x00000276be362000 nmethod 19436 0x00000276ad1f5d50 code [0x00000276ad1f5f20, 0x00000276ad1f6960]
Event: 430710.254 Thread 0x00000276be2dd800 nmethod 19437 0x00000276ad1faf50 code [0x00000276ad1fb100, 0x00000276ad1fba50]
Event: 430710.261 Thread 0x00000276be2de800 19438       4       org.apache.logging.log4j.core.pattern.LevelPatternConverter$SimpleLevelPatternConverter::format (12 bytes)
Event: 430710.265 Thread 0x00000276be2de800 nmethod 19438 0x00000276ad1fbe10 code [0x00000276ad1fbf80, 0x00000276ad1fc488]
Event: 430710.284 Thread 0x00000276be2cb800 19439       3       com.sun.org.apache.xpath.internal.axes.WalkerFactory::walksChildrenAndExtraAndSelfOnly (50 bytes)
Event: 430710.285 Thread 0x00000276be2cb800 nmethod 19439 0x00000276ad1f7a10 code [0x00000276ad1f7be0, 0x00000276ad1f8478]
Event: 430710.288 Thread 0x00000276be362000 19440       4       com.sun.org.apache.xpath.internal.axes.AxesWalker::nextNode (89 bytes)
Event: 430710.291 Thread 0x00000276be2dd800 19441       4       java.lang.invoke.LambdaForm$BMH/1719518757::reinvoke (86 bytes)
Event: 430710.295 Thread 0x00000276be2dd800 nmethod 19441 0x00000276ad1fe590 code [0x00000276ad1fe740, 0x00000276ad1feaf8]
Event: 430710.299 Thread 0x00000276be362000 nmethod 19440 0x00000276ad201ad0 code [0x00000276ad201cc0, 0x00000276ad2029b0]
Event: 430710.307 Thread 0x00000276be2de800 19442       4       org.apache.logging.log4j.core.pattern.ThreadNamePatternConverter::format (12 bytes)
Event: 430710.310 Thread 0x00000276be2de800 nmethod 19442 0x00000276ad200ed0 code [0x00000276ad201040, 0x00000276ad201548]
Event: 430710.324 Thread 0x00000276be2cb800 19443       1       com.oracle.truffle.js.runtime.JSContextOptions::isTestV8Mode (5 bytes)
Event: 430710.324 Thread 0x00000276be2cb800 nmethod 19443 0x00000276ad1f5a50 code [0x00000276ad1f5ba0, 0x00000276ad1f5cb8]
Event: 430710.338 Thread 0x00000276be2cb800 19444 %     3       sun.nio.cs.SingleByte$Decoder::decode @ 14 (63 bytes)
Event: 430710.338 Thread 0x00000276be2cb800 nmethod 19444% 0x00000276ad200510 code [0x00000276ad2006a0, 0x00000276ad200b58]
Event: 430710.339 Thread 0x00000276be2cb800 19445       3       sun.nio.cs.SingleByte$Decoder::decode (63 bytes)
Event: 430710.339 Thread 0x00000276be2cb800 nmethod 19445 0x00000276ad1ffc90 code [0x00000276ad1ffe20, 0x00000276ad200238]
Event: 430710.339 Thread 0x00000276be2dd800 19446       4       java.lang.String::getBytes (14 bytes)
Event: 430710.340 Thread 0x00000276be2dd800 nmethod 19446 0x00000276ad1fcb90 code [0x00000276ad1fcd00, 0x00000276ad1fce88]
Event: 430710.344 Thread 0x00000276be362000 19447       4       org.apache.logging.log4j.core.pattern.DatePatternConverter::format (12 bytes)
Event: 430710.344 Thread 0x00000276be2de800 19448       4       org.apache.logging.log4j.core.pattern.LoggerPatternConverter::format (12 bytes)
Event: 430710.344 Thread 0x00000276be2dd800 19450       4       org.apache.logging.log4j.core.pattern.NameAbbreviator$MaxElementAbbreviator$Strategy$2::abbreviate (62 bytes)
Event: 430710.345 Thread 0x00000276be362000 nmethod 19447 0x00000276ad1ff950 code [0x00000276ad1ffaa0, 0x00000276ad1ffb68]
Event: 430710.345 Thread 0x00000276be362000 19449       4       org.apache.logging.log4j.core.pattern.NameAbbreviator$MaxElementAbbreviator::abbreviate (14 bytes)
Event: 430710.356 Thread 0x00000276be2dd800 nmethod 19450 0x00000276ad1f9910 code [0x00000276ad1f9a80, 0x00000276ad1fa518]
Event: 430710.356 Thread 0x00000276be2dd800 19451       4       org.apache.logging.log4j.core.pattern.MessagePatternConverter$SimpleMessagePatternConverter::format (43 bytes)
Event: 430710.358 Thread 0x00000276be2de800 nmethod 19448 0x00000276ad204110 code [0x00000276ad2042a0, 0x00000276ad204e58]
Event: 430710.359 Thread 0x00000276be362000 nmethod 19449 0x00000276ad208190 code [0x00000276ad208320, 0x00000276ad208e18]
Event: 430710.359 Thread 0x00000276be2cb800 19452       1       oracle.jdbc.driver.T4CTTIoac::setFormOfUse (6 bytes)
Event: 430710.359 Thread 0x00000276be2cb800 nmethod 19452 0x00000276ad1ff650 code [0x00000276ad1ff7a0, 0x00000276ad1ff8b8]
Event: 430710.360 Thread 0x00000276be2dd800 nmethod 19451 0x00000276ad209a50 code [0x00000276ad209bc0, 0x00000276ad20a178]
Event: 430710.364 Thread 0x00000276be2cb800 19453       1       org.springframework.jdbc.core.PreparedStatementCreatorFactory::access$000 (5 bytes)
Event: 430710.365 Thread 0x00000276be2cb800 nmethod 19453 0x00000276ad203e50 code [0x00000276ad203fa0, 0x00000276ad204098]
Event: 430710.399 Thread 0x00000276be2cb800 19454       3       com.sun.org.apache.xerces.internal.parsers.XML11Configuration::addCommonComponent (27 bytes)
Event: 430710.400 Thread 0x00000276be2cb800 nmethod 19454 0x00000276ad1fd610 code [0x00000276ad1fd7e0, 0x00000276ad1fe150]
Event: 430710.410 Thread 0x00000276be2de800 19455       4       com.oracle.truffle.js.nodes.cast.JSToPrimitiveNodeGen::execute (501 bytes)
Event: 430710.422 Thread 0x00000276be362000 19456   !   4       sun.misc.URLClassPath::check (123 bytes)
Event: 430710.423 Thread 0x00000276be362000 nmethod 19456 0x00000276ac789e50 code [0x00000276ac789f80, 0x00000276ac789ff8]
Event: 430710.423 Thread 0x00000276be2de800 nmethod 19455 0x00000276ad20d8d0 code [0x00000276ad20db60, 0x00000276ad20e7e0]
Event: 430710.429 Thread 0x00000276be2cb800 19457       3       com.sun.org.apache.xml.internal.utils.NodeVector::addElement (104 bytes)
Event: 430710.429 Thread 0x00000276be2cb800 nmethod 19457 0x00000276ad1f7310 code [0x00000276ad1f7480, 0x00000276ad1f78d0]
Event: 430710.431 Thread 0x00000276be2dd800 19458       4       java.lang.Double::<init> (10 bytes)
Event: 430710.431 Thread 0x00000276be2dd800 nmethod 19458 0x00000276aba7bf10 code [0x00000276aba7c040, 0x00000276aba7c098]
Event: 430710.432 Thread 0x00000276be362000 19459       4       com.sun.org.apache.xml.internal.dtm.ref.ExpandedNameTable::initExtendedTypes (63 bytes)
Event: 430710.437 Thread 0x00000276be362000 nmethod 19459 0x00000276ad1f8fd0 code [0x00000276ad1f9140, 0x00000276ad1f9738]
Event: 430710.452 Thread 0x00000276be2de800 19460       4       com.oracle.truffle.js.builtins.StringPrototypeBuiltins$JSStringOperation::toString (33 bytes)
Event: 430710.454 Thread 0x00000276be2de800 nmethod 19460 0x00000276ad1fd090 code [0x00000276ad1fd200, 0x00000276ad1fd368]
Event: 430710.464 Thread 0x00000276be2cb800 19461       3       com.sun.org.apache.xalan.internal.xsltc.trax.TransformerImpl::validOutputProperty (115 bytes)
Event: 430710.464 Thread 0x00000276be2cb800 nmethod 19461 0x00000276ad206dd0 code [0x00000276ad207020, 0x00000276ad207e60]
Event: 430710.480 Thread 0x00000276be2dd800 19462       4       org.apache.camel.util.IntrospectionSupport::findSetterMethods (159 bytes)
Event: 430710.481 Thread 0x00000276be2cb800 19463       1       org.apache.camel.com.github.benmanes.caffeine.cache.Node::getPolicyWeight (2 bytes)
Event: 430710.481 Thread 0x00000276be2cb800 nmethod 19463 0x00000276ad206b10 code [0x00000276ad206c60, 0x00000276ad206d78]
Event: 430710.507 Thread 0x00000276be2cb800 19464       3       org.apache.camel.language.simple.ast.LiteralExpression::<init> (17 bytes)
Event: 430710.507 Thread 0x00000276be2cb800 nmethod 19464 0x00000276ad206310 code [0x00000276ad2064a0, 0x00000276ad2068f8]
Event: 430710.510 Thread 0x00000276be2dd800 nmethod 19462 0x00000276ad212ad0 code [0x00000276ad212da0, 0x00000276ad2146d0]
Event: 430710.514 Thread 0x00000276be2cb800 19465       3       com.oracle.truffle.object.PropertyImpl::set (33 bytes)
Event: 430710.515 Thread 0x00000276be2cb800 nmethod 19465 0x00000276ad20d390 code [0x00000276ad20d500, 0x00000276ad20d7d0]
Event: 430710.523 Thread 0x00000276be2cb800 19466       1       org.apache.camel.support.EventNotifierSupport::isIgnoreExchangeSendingEvents (5 bytes)
Event: 430710.523 Thread 0x00000276be2cb800 nmethod 19466 0x00000276ad206050 code [0x00000276ad2061a0, 0x00000276ad2062b8]
Event: 430710.524 Thread 0x00000276be362000 19467       4       org.apache.camel.language.simple.types.SimpleTokenType::isFunctionStart (16 bytes)
Event: 430710.524 Thread 0x00000276be362000 nmethod 19467 0x00000276aba7fc10 code [0x00000276aba7fd40, 0x00000276aba7fdb8]
Event: 430710.536 Thread 0x00000276be2cb800 19468       3       org.apache.camel.language.simple.SimpleExpressionParser::parseAndCreateAstModel (144 bytes)
Event: 430710.537 Thread 0x00000276be2cb800 nmethod 19468 0x00000276ad20b350 code [0x00000276ad20b600, 0x00000276ad20c9e0]
Event: 430710.541 Thread 0x00000276be2cb800 19469       3       java.util.concurrent.SynchronousQueue$TransferStack::shouldSpin (30 bytes)
Event: 430710.541 Thread 0x00000276be2cb800 nmethod 19469 0x00000276ad20ae10 code [0x00000276ad20af80, 0x00000276ad20b278]
Event: 430838.378 Thread 0x00000276be2cb800 19470       3       oracle.jdbc.driver.PhysicalConnection::isValid (139 bytes)
Event: 430838.378 Thread 0x00000276be2cb800 nmethod 19470 0x00000276ad211cd0 code [0x00000276ad211ec0, 0x00000276ad212840]
Event: 430838.379 Thread 0x00000276be2cb800 19471   !   3       oracle.jdbc.driver.PhysicalConnection::pingDatabase (79 bytes)
Event: 430838.380 Thread 0x00000276be2cb800 nmethod 19471 0x00000276a9b19590 code [0x00000276a9b197a0, 0x00000276a9b1a460]
Event: 430906.339 Thread 0x00000276be2de800 19472       4       sun.nio.ch.SocketChannelImpl::translateAndSetReadyOps (8 bytes)
Event: 430906.341 Thread 0x00000276be2de800 nmethod 19472 0x00000276a9b18fd0 code [0x00000276a9b19120, 0x00000276a9b19318]
Event: 431052.464 Thread 0x00000276be2cb800 19473       3       java.lang.Integer::equals (29 bytes)
Event: 431052.464 Thread 0x00000276be2cb800 nmethod 19473 0x00000276ad217b10 code [0x00000276ad217c80, 0x00000276ad2180f8]
Event: 431457.448 Thread 0x00000276be362000 19474       4       java.util.TimSort::binarySort (223 bytes)
Event: 431457.453 Thread 0x00000276be362000 nmethod 19474 0x00000276ad20fc90 code [0x00000276ad20fe00, 0x00000276ad2103b8]
Event: 432159.160 Thread 0x00000276be2dd800 19475       4       com.hazelcast.internal.networking.nio.NioNetworking$PublishAllTask$$Lambda$1098/1987225982::run (8 bytes)
Event: 432159.162 Thread 0x00000276be2dd800 nmethod 19475 0x00000276aa774550 code [0x00000276aa7746e0, 0x00000276aa774a58]
Event: 432191.180 Thread 0x00000276be362000 19476       4       java.util.concurrent.ConcurrentLinkedQueue::first (65 bytes)
Event: 432191.182 Thread 0x00000276be362000 nmethod 19476 0x00000276ad20a9d0 code [0x00000276ad20ab20, 0x00000276ad20ac58]
Event: 432267.417 Thread 0x00000276be2dd800 19477       4       java.util.TimSort::sort (229 bytes)
Event: 432267.438 Thread 0x00000276be2dd800 nmethod 19477 0x00000276ad21c890 code [0x00000276ad21ca80, 0x00000276ad21dcb0]
Event: 432527.925 Thread 0x00000276be362000 19478       4       oracle.jdbc.driver.PhysicalConnection::isValid (10 bytes)
Event: 432527.949 Thread 0x00000276be362000 nmethod 19478 0x00000276ad21ead0 code [0x00000276ad21eda0, 0x00000276ad221028]
Event: 432627.402 Thread 0x00000276be2cb800 19479   !   3       java.net.SocksSocketImpl::connect (1558 bytes)
Event: 432627.416 Thread 0x00000276be2cb800 nmethod 19479 0x00000276ad222f90 code [0x00000276ad224240, 0x00000276ad234360]
Event: 432671.160 Thread 0x00000276be362000 19480       4       com.hazelcast.internal.networking.nio.NioNetworking$PublishAllTask$$Lambda$1099/432015110::run (8 bytes)
Event: 432671.160 Thread 0x00000276be2de800 19481       4       com.hazelcast.internal.networking.nio.NioOutboundPipeline::publishMetrics (152 bytes)
Event: 432671.163 Thread 0x00000276be362000 nmethod 19480 0x00000276ad2189d0 code [0x00000276ad218b60, 0x00000276ad218ed8]
Event: 432671.163 Thread 0x00000276be2de800 nmethod 19481 0x00000276aa465d10 code [0x00000276aa465ea0, 0x00000276aa466218]
Event: 433729.256 Thread 0x00000276be2dd800 19482       4       java.util.Hashtable$EntrySet::<init> (6 bytes)
Event: 433729.257 Thread 0x00000276be2dd800 nmethod 19482 0x00000276aa774310 code [0x00000276aa774440, 0x00000276aa7744b8]
Event: 434806.335 Thread 0x00000276be362000 19483       4       java.util.concurrent.ConcurrentLinkedQueue::isEmpty (13 bytes)
Event: 434806.336 Thread 0x00000276be362000 nmethod 19483 0x00000276aaac2590 code [0x00000276aaac26e0, 0x00000276aaac2818]
Event: 435027.313 Thread 0x00000276be2dd800 19484       4       com.hazelcast.client.impl.connection.nio.ClientPlainChannelInitializer$1::accept (9 bytes)
Event: 435027.328 Thread 0x00000276be2dd800 nmethod 19484 0x00000276ad2402d0 code [0x00000276ad2405c0, 0x00000276ad241558]
Event: 435471.179 Thread 0x00000276be2de800 19485       4       com.hazelcast.internal.networking.nio.NioInboundPipeline::process (197 bytes)
Event: 435471.180 Thread 0x00000276be362000 19486   !   4       com.hazelcast.client.impl.protocol.util.ClientMessageDecoder::onRead (240 bytes)
Event: 435471.186 Thread 0x00000276be362000 nmethod 19486 0x00000276ad216b10 code [0x00000276ad216ce0, 0x00000276ad217270]
Event: 435471.190 Thread 0x00000276be2de800 nmethod 19485 0x00000276ad21aa50 code [0x00000276ad21ac60, 0x00000276ad21b840]
Event: 435501.359 Thread 0x00000276be2dd800 19487       4       com.hazelcast.client.impl.spi.impl.ClientInvocationServiceImpl::send (123 bytes)
Event: 435501.400 Thread 0x00000276be2dd800 nmethod 19487 0x00000276ad244210 code [0x00000276ad2445c0, 0x00000276ad246ec0]
Event: 437149.021 Thread 0x00000276be2cb800 19488       3       java.security.AccessController::getContext (23 bytes)
Event: 437149.021 Thread 0x00000276be2cb800 nmethod 19488 0x00000276aaacbe50 code [0x00000276aaacbfe0, 0x00000276aaacc360]
Event: 437190.044 Thread 0x00000276be2dd800 19489  s    4       java.lang.Thread::nextThreadID (10 bytes)
Event: 437190.045 Thread 0x00000276be2dd800 nmethod 19489 0x00000276ab9ce250 code [0x00000276ab9ce3a0, 0x00000276ab9ce5d8]
Event: 437190.547 Thread 0x00000276be2cb800 19490       3       java.lang.Thread::init (214 bytes)
Event: 437190.550 Thread 0x00000276be2cb800 nmethod 19490 0x00000276acc9c810 code [0x00000276acc9cb60, 0x00000276acc9ec90]
Event: 437206.705 Thread 0x00000276be2cb800 19491       3       java.security.AccessControlContext::optimize (318 bytes)
Event: 437206.706 Thread 0x00000276be2cb800 nmethod 19491 0x00000276acc999d0 code [0x00000276acc99d20, 0x00000276acc9b960]
Event: 437212.241 Thread 0x00000276be2cb800 19492       3       java.security.AccessControlContext::calculateFields (89 bytes)
Event: 437212.242 Thread 0x00000276be2cb800 nmethod 19492 0x00000276a9b221d0 code [0x00000276a9b22360, 0x00000276a9b22720]
Event: 437609.419 Thread 0x00000276be2dd800 19493   !   4       java.lang.ThreadGroup::addUnstarted (40 bytes)
Event: 437609.420 Thread 0x00000276be2dd800 nmethod 19493 0x00000276aa760390 code [0x00000276aa7604e0, 0x00000276aa7606f8]
Event: 439333.580 Thread 0x00000276be362000 19494       4       sun.nio.cs.ThreadLocalCoders$Cache::forName (108 bytes)
Event: 439333.598 Thread 0x00000276be362000 nmethod 19494 0x00000276abd04b90 code [0x00000276abd04de0, 0x00000276abd05e70]
Event: 439414.125 Thread 0x00000276be2de800 19495       4       java.security.AccessControlContext::optimize (318 bytes)
Event: 439414.138 Thread 0x00000276be2de800 nmethod 19495 0x00000276ab8a4c10 code [0x00000276ab8a4da0, 0x00000276ab8a5778]
Event: 439536.982 Thread 0x00000276be362000 19496       4       java.lang.Thread::init (214 bytes)
Event: 439536.987 Thread 0x00000276be362000 nmethod 19496 0x00000276aac0aa10 code [0x00000276aac0abc0, 0x00000276aac0b428]
Event: 441223.781 Thread 0x00000276be2cb800 19497       3       org.apache.logging.log4j.core.pattern.PlainTextRenderer::render (7 bytes)
Event: 441223.781 Thread 0x00000276be2cb800 nmethod 19497 0x00000276ab161a10 code [0x00000276ab161b80, 0x00000276ab161df0]
Event: 441226.808 Thread 0x00000276be2cb800 19498       3       java.lang.Throwable::getStackTrace (11 bytes)
Event: 441226.808 Thread 0x00000276be2cb800 nmethod 19498 0x00000276ab4c9a10 code [0x00000276ab4c9ba0, 0x00000276ab4c9ee0]

GC Heap History (250 events):
Event: 419832.841 GC heap before
{Heap before GC invocations=2221 (full 4):
 PSYoungGen      total 172544K, used 172016K [0x00000000d5580000, 0x00000000e0000000, 0x0000000100000000)
  eden space 170496K, 100% used [0x00000000d5580000,0x00000000dfc00000,0x00000000dfc00000)
  from space 2048K, 74% used [0x00000000dfe00000,0x00000000dff7c090,0x00000000e0000000)
  to   space 2048K, 0% used [0x00000000dfc00000,0x00000000dfc00000,0x00000000dfe00000)
 ParOldGen       total 673280K, used 73555K [0x0000000080000000, 0x00000000a9180000, 0x00000000d5580000)
  object space 673280K, 10% used [0x0000000080000000,0x00000000847d4c78,0x00000000a9180000)
 Metaspace       used 109803K, capacity 114120K, committed 114304K, reserved 1148928K
  class space    used 13423K, capacity 14396K, committed 14464K, reserved 1048576K
Event: 419832.845 GC heap after
Heap after GC invocations=2221 (full 4):
 PSYoungGen      total 172544K, used 1504K [0x00000000d5580000, 0x00000000e0000000, 0x0000000100000000)
  eden space 170496K, 0% used [0x00000000d5580000,0x00000000d5580000,0x00000000dfc00000)
  from space 2048K, 73% used [0x00000000dfc00000,0x00000000dfd780a0,0x00000000dfe00000)
  to   space 2048K, 0% used [0x00000000dfe00000,0x00000000dfe00000,0x00000000e0000000)
 ParOldGen       total 673280K, used 73555K [0x0000000080000000, 0x00000000a9180000, 0x00000000d5580000)
  object space 673280K, 10% used [0x0000000080000000,0x00000000847d4c78,0x00000000a9180000)
 Metaspace       used 109803K, capacity 114120K, committed 114304K, reserved 1148928K
  class space    used 13423K, capacity 14396K, committed 14464K, reserved 1048576K
}
Event: 420021.157 GC heap before
{Heap before GC invocations=2222 (full 4):
 PSYoungGen      total 172544K, used 172000K [0x00000000d5580000, 0x00000000e0000000, 0x0000000100000000)
  eden space 170496K, 100% used [0x00000000d5580000,0x00000000dfc00000,0x00000000dfc00000)
  from space 2048K, 73% used [0x00000000dfc00000,0x00000000dfd780a0,0x00000000dfe00000)
  to   space 2048K, 0% used [0x00000000dfe00000,0x00000000dfe00000,0x00000000e0000000)
 ParOldGen       total 673280K, used 73555K [0x0000000080000000, 0x00000000a9180000, 0x00000000d5580000)
  object space 673280K, 10% used [0x0000000080000000,0x00000000847d4c78,0x00000000a9180000)
 Metaspace       used 109803K, capacity 114120K, committed 114304K, reserved 1148928K
  class space    used 13423K, capacity 14396K, committed 14464K, reserved 1048576K
Event: 420021.161 GC heap after
Heap after GC invocations=2222 (full 4):
 PSYoungGen      total 172544K, used 1600K [0x00000000d5580000, 0x00000000e0000000, 0x0000000100000000)
  eden space 170496K, 0% used [0x00000000d5580000,0x00000000d5580000,0x00000000dfc00000)
  from space 2048K, 78% used [0x00000000dfe00000,0x00000000dff900c0,0x00000000e0000000)
  to   space 2048K, 0% used [0x00000000dfc00000,0x00000000dfc00000,0x00000000dfe00000)
 ParOldGen       total 673280K, used 73555K [0x0000000080000000, 0x00000000a9180000, 0x00000000d5580000)
  object space 673280K, 10% used [0x0000000080000000,0x00000000847d4c78,0x00000000a9180000)
 Metaspace       used 109803K, capacity 114120K, committed 114304K, reserved 1148928K
  class space    used 13423K, capacity 14396K, committed 14464K, reserved 1048576K
}
Event: 420209.479 GC heap before
{Heap before GC invocations=2223 (full 4):
 PSYoungGen      total 172544K, used 172096K [0x00000000d5580000, 0x00000000e0000000, 0x0000000100000000)
  eden space 170496K, 100% used [0x00000000d5580000,0x00000000dfc00000,0x00000000dfc00000)
  from space 2048K, 78% used [0x00000000dfe00000,0x00000000dff900c0,0x00000000e0000000)
  to   space 2048K, 0% used [0x00000000dfc00000,0x00000000dfc00000,0x00000000dfe00000)
 ParOldGen       total 673280K, used 73555K [0x0000000080000000, 0x00000000a9180000, 0x00000000d5580000)
  object space 673280K, 10% used [0x0000000080000000,0x00000000847d4c78,0x00000000a9180000)
 Metaspace       used 109803K, capacity 114120K, committed 114304K, reserved 1148928K
  class space    used 13423K, capacity 14396K, committed 14464K, reserved 1048576K
Event: 420209.483 GC heap after
Heap after GC invocations=2223 (full 4):
 PSYoungGen      total 172544K, used 1600K [0x00000000d5580000, 0x00000000e0000000, 0x0000000100000000)
  eden space 170496K, 0% used [0x00000000d5580000,0x00000000d5580000,0x00000000dfc00000)
  from space 2048K, 78% used [0x00000000dfc00000,0x00000000dfd900a0,0x00000000dfe00000)
  to   space 2048K, 0% used [0x00000000dfe00000,0x00000000dfe00000,0x00000000e0000000)
 ParOldGen       total 673280K, used 73555K [0x0000000080000000, 0x00000000a9180000, 0x00000000d5580000)
  object space 673280K, 10% used [0x0000000080000000,0x00000000847d4c78,0x00000000a9180000)
 Metaspace       used 109803K, capacity 114120K, committed 114304K, reserved 1148928K
  class space    used 13423K, capacity 14396K, committed 14464K, reserved 1048576K
}
Event: 420398.663 GC heap before
{Heap before GC invocations=2224 (full 4):
 PSYoungGen      total 172544K, used 172096K [0x00000000d5580000, 0x00000000e0000000, 0x0000000100000000)
  eden space 170496K, 100% used [0x00000000d5580000,0x00000000dfc00000,0x00000000dfc00000)
  from space 2048K, 78% used [0x00000000dfc00000,0x00000000dfd900a0,0x00000000dfe00000)
  to   space 2048K, 0% used [0x00000000dfe00000,0x00000000dfe00000,0x00000000e0000000)
 ParOldGen       total 673280K, used 73555K [0x0000000080000000, 0x00000000a9180000, 0x00000000d5580000)
  object space 673280K, 10% used [0x0000000080000000,0x00000000847d4c78,0x00000000a9180000)
 Metaspace       used 109803K, capacity 114120K, committed 114304K, reserved 1148928K
  class space    used 13423K, capacity 14396K, committed 14464K, reserved 1048576K
Event: 420398.667 GC heap after
Heap after GC invocations=2224 (full 4):
 PSYoungGen      total 172544K, used 1472K [0x00000000d5580000, 0x00000000e0000000, 0x0000000100000000)
  eden space 170496K, 0% used [0x00000000d5580000,0x00000000d5580000,0x00000000dfc00000)
  from space 2048K, 71% used [0x00000000dfe00000,0x00000000dff700a0,0x00000000e0000000)
  to   space 2048K, 0% used [0x00000000dfc00000,0x00000000dfc00000,0x00000000dfe00000)
 ParOldGen       total 673280K, used 73555K [0x0000000080000000, 0x00000000a9180000, 0x00000000d5580000)
  object space 673280K, 10% used [0x0000000080000000,0x00000000847d4c78,0x00000000a9180000)
 Metaspace       used 109803K, capacity 114120K, committed 114304K, reserved 1148928K
  class space    used 13423K, capacity 14396K, committed 14464K, reserved 1048576K
}
Event: 420587.329 GC heap before
{Heap before GC invocations=2225 (full 4):
 PSYoungGen      total 172544K, used 171968K [0x00000000d5580000, 0x00000000e0000000, 0x0000000100000000)
  eden space 170496K, 100% used [0x00000000d5580000,0x00000000dfc00000,0x00000000dfc00000)
  from space 2048K, 71% used [0x00000000dfe00000,0x00000000dff700a0,0x00000000e0000000)
  to   space 2048K, 0% used [0x00000000dfc00000,0x00000000dfc00000,0x00000000dfe00000)
 ParOldGen       total 673280K, used 73555K [0x0000000080000000, 0x00000000a9180000, 0x00000000d5580000)
  object space 673280K, 10% used [0x0000000080000000,0x00000000847d4c78,0x00000000a9180000)
 Metaspace       used 109803K, capacity 114120K, committed 114304K, reserved 1148928K
  class space    used 13423K, capacity 14396K, committed 14464K, reserved 1048576K
Event: 420587.333 GC heap after
Heap after GC invocations=2225 (full 4):
 PSYoungGen      total 172544K, used 1584K [0x00000000d5580000, 0x00000000e0000000, 0x0000000100000000)
  eden space 170496K, 0% used [0x00000000d5580000,0x00000000d5580000,0x00000000dfc00000)
  from space 2048K, 77% used [0x00000000dfc00000,0x00000000dfd8c0b0,0x00000000dfe00000)
  to   space 2048K, 0% used [0x00000000dfe00000,0x00000000dfe00000,0x00000000e0000000)
 ParOldGen       total 673280K, used 73555K [0x0000000080000000, 0x00000000a9180000, 0x00000000d5580000)
  object space 673280K, 10% used [0x0000000080000000,0x00000000847d4c78,0x00000000a9180000)
 Metaspace       used 109803K, capacity 114120K, committed 114304K, reserved 1148928K
  class space    used 13423K, capacity 14396K, committed 14464K, reserved 1048576K
}
Event: 420775.985 GC heap before
{Heap before GC invocations=2226 (full 4):
 PSYoungGen      total 172544K, used 172080K [0x00000000d5580000, 0x00000000e0000000, 0x0000000100000000)
  eden space 170496K, 100% used [0x00000000d5580000,0x00000000dfc00000,0x00000000dfc00000)
  from space 2048K, 77% used [0x00000000dfc00000,0x00000000dfd8c0b0,0x00000000dfe00000)
  to   space 2048K, 0% used [0x00000000dfe00000,0x00000000dfe00000,0x00000000e0000000)
 ParOldGen       total 673280K, used 73555K [0x0000000080000000, 0x00000000a9180000, 0x00000000d5580000)
  object space 673280K, 10% used [0x0000000080000000,0x00000000847d4c78,0x00000000a9180000)
 Metaspace       used 109803K, capacity 114120K, committed 114304K, reserved 1148928K
  class space    used 13423K, capacity 14396K, committed 14464K, reserved 1048576K
Event: 420775.989 GC heap after
Heap after GC invocations=2226 (full 4):
 PSYoungGen      total 172544K, used 1504K [0x00000000d5580000, 0x00000000e0000000, 0x0000000100000000)
  eden space 170496K, 0% used [0x00000000d5580000,0x00000000d5580000,0x00000000dfc00000)
  from space 2048K, 73% used [0x00000000dfe00000,0x00000000dff780a0,0x00000000e0000000)
  to   space 2048K, 0% used [0x00000000dfc00000,0x00000000dfc00000,0x00000000dfe00000)
 ParOldGen       total 673280K, used 73555K [0x0000000080000000, 0x00000000a9180000, 0x00000000d5580000)
  object space 673280K, 10% used [0x0000000080000000,0x00000000847d4c78,0x00000000a9180000)
 Metaspace       used 109803K, capacity 114120K, committed 114304K, reserved 1148928K
  class space    used 13423K, capacity 14396K, committed 14464K, reserved 1048576K
}
Event: 420965.055 GC heap before
{Heap before GC invocations=2227 (full 4):
 PSYoungGen      total 172544K, used 172000K [0x00000000d5580000, 0x00000000e0000000, 0x0000000100000000)
  eden space 170496K, 100% used [0x00000000d5580000,0x00000000dfc00000,0x00000000dfc00000)
  from space 2048K, 73% used [0x00000000dfe00000,0x00000000dff780a0,0x00000000e0000000)
  to   space 2048K, 0% used [0x00000000dfc00000,0x00000000dfc00000,0x00000000dfe00000)
 ParOldGen       total 673280K, used 73555K [0x0000000080000000, 0x00000000a9180000, 0x00000000d5580000)
  object space 673280K, 10% used [0x0000000080000000,0x00000000847d4c78,0x00000000a9180000)
 Metaspace       used 109803K, capacity 114120K, committed 114304K, reserved 1148928K
  class space    used 13423K, capacity 14396K, committed 14464K, reserved 1048576K
Event: 420965.059 GC heap after
Heap after GC invocations=2227 (full 4):
 PSYoungGen      total 172544K, used 1552K [0x00000000d5580000, 0x00000000e0000000, 0x0000000100000000)
  eden space 170496K, 0% used [0x00000000d5580000,0x00000000d5580000,0x00000000dfc00000)
  from space 2048K, 75% used [0x00000000dfc00000,0x00000000dfd840b0,0x00000000dfe00000)
  to   space 2048K, 0% used [0x00000000dfe00000,0x00000000dfe00000,0x00000000e0000000)
 ParOldGen       total 673280K, used 73555K [0x0000000080000000, 0x00000000a9180000, 0x00000000d5580000)
  object space 673280K, 10% used [0x0000000080000000,0x00000000847d4c78,0x00000000a9180000)
 Metaspace       used 109803K, capacity 114120K, committed 114304K, reserved 1148928K
  class space    used 13423K, capacity 14396K, committed 14464K, reserved 1048576K
}
Event: 421152.855 GC heap before
{Heap before GC invocations=2228 (full 4):
 PSYoungGen      total 172544K, used 172048K [0x00000000d5580000, 0x00000000e0000000, 0x0000000100000000)
  eden space 170496K, 100% used [0x00000000d5580000,0x00000000dfc00000,0x00000000dfc00000)
  from space 2048K, 75% used [0x00000000dfc00000,0x00000000dfd840b0,0x00000000dfe00000)
  to   space 2048K, 0% used [0x00000000dfe00000,0x00000000dfe00000,0x00000000e0000000)
 ParOldGen       total 673280K, used 73555K [0x0000000080000000, 0x00000000a9180000, 0x00000000d5580000)
  object space 673280K, 10% used [0x0000000080000000,0x00000000847d4c78,0x00000000a9180000)
 Metaspace       used 109803K, capacity 114120K, committed 114304K, reserved 1148928K
  class space    used 13423K, capacity 14396K, committed 14464K, reserved 1048576K
Event: 421152.859 GC heap after
Heap after GC invocations=2228 (full 4):
 PSYoungGen      total 172544K, used 1568K [0x00000000d5580000, 0x00000000e0000000, 0x0000000100000000)
  eden space 170496K, 0% used [0x00000000d5580000,0x00000000d5580000,0x00000000dfc00000)
  from space 2048K, 76% used [0x00000000dfe00000,0x00000000dff880a0,0x00000000e0000000)
  to   space 2048K, 0% used [0x00000000dfc00000,0x00000000dfc00000,0x00000000dfe00000)
 ParOldGen       total 673280K, used 73555K [0x0000000080000000, 0x00000000a9180000, 0x00000000d5580000)
  object space 673280K, 10% used [0x0000000080000000,0x00000000847d4c78,0x00000000a9180000)
 Metaspace       used 109803K, capacity 114120K, committed 114304K, reserved 1148928K
  class space    used 13423K, capacity 14396K, committed 14464K, reserved 1048576K
}
Event: 421336.988 GC heap before
{Heap before GC invocations=2229 (full 4):
 PSYoungGen      total 172544K, used 172064K [0x00000000d5580000, 0x00000000e0000000, 0x0000000100000000)
  eden space 170496K, 100% used [0x00000000d5580000,0x00000000dfc00000,0x00000000dfc00000)
  from space 2048K, 76% used [0x00000000dfe00000,0x00000000dff880a0,0x00000000e0000000)
  to   space 2048K, 0% used [0x00000000dfc00000,0x00000000dfc00000,0x00000000dfe00000)
 ParOldGen       total 673280K, used 73555K [0x0000000080000000, 0x00000000a9180000, 0x00000000d5580000)
  object space 673280K, 10% used [0x0000000080000000,0x00000000847d4c78,0x00000000a9180000)
 Metaspace       used 109803K, capacity 114120K, committed 114304K, reserved 1148928K
  class space    used 13423K, capacity 14396K, committed 14464K, reserved 1048576K
Event: 421336.992 GC heap after
Heap after GC invocations=2229 (full 4):
 PSYoungGen      total 172544K, used 1568K [0x00000000d5580000, 0x00000000e0000000, 0x0000000100000000)
  eden space 170496K, 0% used [0x00000000d5580000,0x00000000d5580000,0x00000000dfc00000)
  from space 2048K, 76% used [0x00000000dfc00000,0x00000000dfd88080,0x00000000dfe00000)
  to   space 2048K, 0% used [0x00000000dfe00000,0x00000000dfe00000,0x00000000e0000000)
 ParOldGen       total 673280K, used 73555K [0x0000000080000000, 0x00000000a9180000, 0x00000000d5580000)
  object space 673280K, 10% used [0x0000000080000000,0x00000000847d4c78,0x00000000a9180000)
 Metaspace       used 109803K, capacity 114120K, committed 114304K, reserved 1148928K
  class space    used 13423K, capacity 14396K, committed 14464K, reserved 1048576K
}
Event: 421524.159 GC heap before
{Heap before GC invocations=2230 (full 4):
 PSYoungGen      total 172544K, used 172064K [0x00000000d5580000, 0x00000000e0000000, 0x0000000100000000)
  eden space 170496K, 100% used [0x00000000d5580000,0x00000000dfc00000,0x00000000dfc00000)
  from space 2048K, 76% used [0x00000000dfc00000,0x00000000dfd88080,0x00000000dfe00000)
  to   space 2048K, 0% used [0x00000000dfe00000,0x00000000dfe00000,0x00000000e0000000)
 ParOldGen       total 673280K, used 73555K [0x0000000080000000, 0x00000000a9180000, 0x00000000d5580000)
  object space 673280K, 10% used [0x0000000080000000,0x00000000847d4c78,0x00000000a9180000)
 Metaspace       used 109803K, capacity 114120K, committed 114304K, reserved 1148928K
  class space    used 13423K, capacity 14396K, committed 14464K, reserved 1048576K
Event: 421524.163 GC heap after
Heap after GC invocations=2230 (full 4):
 PSYoungGen      total 172544K, used 1600K [0x00000000d5580000, 0x00000000e0000000, 0x0000000100000000)
  eden space 170496K, 0% used [0x00000000d5580000,0x00000000d5580000,0x00000000dfc00000)
  from space 2048K, 78% used [0x00000000dfe00000,0x00000000dff90080,0x00000000e0000000)
  to   space 2048K, 0% used [0x00000000dfc00000,0x00000000dfc00000,0x00000000dfe00000)
 ParOldGen       total 673280K, used 73555K [0x0000000080000000, 0x00000000a9180000, 0x00000000d5580000)
  object space 673280K, 10% used [0x0000000080000000,0x00000000847d4c78,0x00000000a9180000)
 Metaspace       used 109803K, capacity 114120K, committed 114304K, reserved 1148928K
  class space    used 13423K, capacity 14396K, committed 14464K, reserved 1048576K
}
Event: 421711.316 GC heap before
{Heap before GC invocations=2231 (full 4):
 PSYoungGen      total 172544K, used 172096K [0x00000000d5580000, 0x00000000e0000000, 0x0000000100000000)
  eden space 170496K, 100% used [0x00000000d5580000,0x00000000dfc00000,0x00000000dfc00000)
  from space 2048K, 78% used [0x00000000dfe00000,0x00000000dff90080,0x00000000e0000000)
  to   space 2048K, 0% used [0x00000000dfc00000,0x00000000dfc00000,0x00000000dfe00000)
 ParOldGen       total 673280K, used 73555K [0x0000000080000000, 0x00000000a9180000, 0x00000000d5580000)
  object space 673280K, 10% used [0x0000000080000000,0x00000000847d4c78,0x00000000a9180000)
 Metaspace       used 109803K, capacity 114120K, committed 114304K, reserved 1148928K
  class space    used 13423K, capacity 14396K, committed 14464K, reserved 1048576K
Event: 421711.320 GC heap after
Heap after GC invocations=2231 (full 4):
 PSYoungGen      total 172544K, used 1616K [0x00000000d5580000, 0x00000000e0000000, 0x0000000100000000)
  eden space 170496K, 0% used [0x00000000d5580000,0x00000000d5580000,0x00000000dfc00000)
  from space 2048K, 78% used [0x00000000dfc00000,0x00000000dfd94090,0x00000000dfe00000)
  to   space 2048K, 0% used [0x00000000dfe00000,0x00000000dfe00000,0x00000000e0000000)
 ParOldGen       total 673280K, used 73555K [0x0000000080000000, 0x00000000a9180000, 0x00000000d5580000)
  object space 673280K, 10% used [0x0000000080000000,0x00000000847d4c78,0x00000000a9180000)
 Metaspace       used 109803K, capacity 114120K, committed 114304K, reserved 1148928K
  class space    used 13423K, capacity 14396K, committed 14464K, reserved 1048576K
}
Event: 421897.865 GC heap before
{Heap before GC invocations=2232 (full 4):
 PSYoungGen      total 172544K, used 172112K [0x00000000d5580000, 0x00000000e0000000, 0x0000000100000000)
  eden space 170496K, 100% used [0x00000000d5580000,0x00000000dfc00000,0x00000000dfc00000)
  from space 2048K, 78% used [0x00000000dfc00000,0x00000000dfd94090,0x00000000dfe00000)
  to   space 2048K, 0% used [0x00000000dfe00000,0x00000000dfe00000,0x00000000e0000000)
 ParOldGen       total 673280K, used 73555K [0x0000000080000000, 0x00000000a9180000, 0x00000000d5580000)
  object space 673280K, 10% used [0x0000000080000000,0x00000000847d4c78,0x00000000a9180000)
 Metaspace       used 109803K, capacity 114120K, committed 114304K, reserved 1148928K
  class space    used 13423K, capacity 14396K, committed 14464K, reserved 1048576K
Event: 421897.869 GC heap after
Heap after GC invocations=2232 (full 4):
 PSYoungGen      total 172544K, used 1552K [0x00000000d5580000, 0x00000000e0000000, 0x0000000100000000)
  eden space 170496K, 0% used [0x00000000d5580000,0x00000000d5580000,0x00000000dfc00000)
  from space 2048K, 75% used [0x00000000dfe00000,0x00000000dff84090,0x00000000e0000000)
  to   space 2048K, 0% used [0x00000000dfc00000,0x00000000dfc00000,0x00000000dfe00000)
 ParOldGen       total 673280K, used 73555K [0x0000000080000000, 0x00000000a9180000, 0x00000000d5580000)
  object space 673280K, 10% used [0x0000000080000000,0x00000000847d4c78,0x00000000a9180000)
 Metaspace       used 109803K, capacity 114120K, committed 114304K, reserved 1148928K
  class space    used 13423K, capacity 14396K, committed 14464K, reserved 1048576K
}
Event: 422086.230 GC heap before
{Heap before GC invocations=2233 (full 4):
 PSYoungGen      total 172544K, used 172048K [0x00000000d5580000, 0x00000000e0000000, 0x0000000100000000)
  eden space 170496K, 100% used [0x00000000d5580000,0x00000000dfc00000,0x00000000dfc00000)
  from space 2048K, 75% used [0x00000000dfe00000,0x00000000dff84090,0x00000000e0000000)
  to   space 2048K, 0% used [0x00000000dfc00000,0x00000000dfc00000,0x00000000dfe00000)
 ParOldGen       total 673280K, used 73555K [0x0000000080000000, 0x00000000a9180000, 0x00000000d5580000)
  object space 673280K, 10% used [0x0000000080000000,0x00000000847d4c78,0x00000000a9180000)
 Metaspace       used 109803K, capacity 114120K, committed 114304K, reserved 1148928K
  class space    used 13423K, capacity 14396K, committed 14464K, reserved 1048576K
Event: 422086.234 GC heap after
Heap after GC invocations=2233 (full 4):
 PSYoungGen      total 172544K, used 1584K [0x00000000d5580000, 0x00000000e0000000, 0x0000000100000000)
  eden space 170496K, 0% used [0x00000000d5580000,0x00000000d5580000,0x00000000dfc00000)
  from space 2048K, 77% used [0x00000000dfc00000,0x00000000dfd8c0b0,0x00000000dfe00000)
  to   space 2048K, 0% used [0x00000000dfe00000,0x00000000dfe00000,0x00000000e0000000)
 ParOldGen       total 673280K, used 73555K [0x0000000080000000, 0x00000000a9180000, 0x00000000d5580000)
  object space 673280K, 10% used [0x0000000080000000,0x00000000847d4c78,0x00000000a9180000)
 Metaspace       used 109803K, capacity 114120K, committed 114304K, reserved 1148928K
  class space    used 13423K, capacity 14396K, committed 14464K, reserved 1048576K
}
Event: 422277.200 GC heap before
{Heap before GC invocations=2234 (full 4):
 PSYoungGen      total 172544K, used 172080K [0x00000000d5580000, 0x00000000e0000000, 0x0000000100000000)
  eden space 170496K, 100% used [0x00000000d5580000,0x00000000dfc00000,0x00000000dfc00000)
  from space 2048K, 77% used [0x00000000dfc00000,0x00000000dfd8c0b0,0x00000000dfe00000)
  to   space 2048K, 0% used [0x00000000dfe00000,0x00000000dfe00000,0x00000000e0000000)
 ParOldGen       total 673280K, used 73555K [0x0000000080000000, 0x00000000a9180000, 0x00000000d5580000)
  object space 673280K, 10% used [0x0000000080000000,0x00000000847d4c78,0x00000000a9180000)
 Metaspace       used 109803K, capacity 114120K, committed 114304K, reserved 1148928K
  class space    used 13423K, capacity 14396K, committed 14464K, reserved 1048576K
Event: 422277.204 GC heap after
Heap after GC invocations=2234 (full 4):
 PSYoungGen      total 172544K, used 1728K [0x00000000d5580000, 0x00000000e0000000, 0x0000000100000000)
  eden space 170496K, 0% used [0x00000000d5580000,0x00000000d5580000,0x00000000dfc00000)
  from space 2048K, 84% used [0x00000000dfe00000,0x00000000dffb00a0,0x00000000e0000000)
  to   space 2048K, 0% used [0x00000000dfc00000,0x00000000dfc00000,0x00000000dfe00000)
 ParOldGen       total 673280K, used 73555K [0x0000000080000000, 0x00000000a9180000, 0x00000000d5580000)
  object space 673280K, 10% used [0x0000000080000000,0x00000000847d4c78,0x00000000a9180000)
 Metaspace       used 109803K, capacity 114120K, committed 114304K, reserved 1148928K
  class space    used 13423K, capacity 14396K, committed 14464K, reserved 1048576K
}
Event: 422466.870 GC heap before
{Heap before GC invocations=2235 (full 4):
 PSYoungGen      total 172544K, used 172224K [0x00000000d5580000, 0x00000000e0000000, 0x0000000100000000)
  eden space 170496K, 100% used [0x00000000d5580000,0x00000000dfc00000,0x00000000dfc00000)
  from space 2048K, 84% used [0x00000000dfe00000,0x00000000dffb00a0,0x00000000e0000000)
  to   space 2048K, 0% used [0x00000000dfc00000,0x00000000dfc00000,0x00000000dfe00000)
 ParOldGen       total 673280K, used 73555K [0x0000000080000000, 0x00000000a9180000, 0x00000000d5580000)
  object space 673280K, 10% used [0x0000000080000000,0x00000000847d4c78,0x00000000a9180000)
 Metaspace       used 109803K, capacity 114120K, committed 114304K, reserved 1148928K
  class space    used 13423K, capacity 14396K, committed 14464K, reserved 1048576K
Event: 422466.874 GC heap after
Heap after GC invocations=2235 (full 4):
 PSYoungGen      total 172544K, used 1584K [0x00000000d5580000, 0x00000000e0000000, 0x0000000100000000)
  eden space 170496K, 0% used [0x00000000d5580000,0x00000000d5580000,0x00000000dfc00000)
  from space 2048K, 77% used [0x00000000dfc00000,0x00000000dfd8c0b0,0x00000000dfe00000)
  to   space 2048K, 0% used [0x00000000dfe00000,0x00000000dfe00000,0x00000000e0000000)
 ParOldGen       total 673280K, used 73555K [0x0000000080000000, 0x00000000a9180000, 0x00000000d5580000)
  object space 673280K, 10% used [0x0000000080000000,0x00000000847d4c78,0x00000000a9180000)
 Metaspace       used 109803K, capacity 114120K, committed 114304K, reserved 1148928K
  class space    used 13423K, capacity 14396K, committed 14464K, reserved 1048576K
}
Event: 422656.050 GC heap before
{Heap before GC invocations=2236 (full 4):
 PSYoungGen      total 172544K, used 172080K [0x00000000d5580000, 0x00000000e0000000, 0x0000000100000000)
  eden space 170496K, 100% used [0x00000000d5580000,0x00000000dfc00000,0x00000000dfc00000)
  from space 2048K, 77% used [0x00000000dfc00000,0x00000000dfd8c0b0,0x00000000dfe00000)
  to   space 2048K, 0% used [0x00000000dfe00000,0x00000000dfe00000,0x00000000e0000000)
 ParOldGen       total 673280K, used 73555K [0x0000000080000000, 0x00000000a9180000, 0x00000000d5580000)
  object space 673280K, 10% used [0x0000000080000000,0x00000000847d4c78,0x00000000a9180000)
 Metaspace       used 109803K, capacity 114120K, committed 114304K, reserved 1148928K
  class space    used 13423K, capacity 14396K, committed 14464K, reserved 1048576K
Event: 422656.054 GC heap after
Heap after GC invocations=2236 (full 4):
 PSYoungGen      total 172544K, used 1584K [0x00000000d5580000, 0x00000000e0000000, 0x0000000100000000)
  eden space 170496K, 0% used [0x00000000d5580000,0x00000000d5580000,0x00000000dfc00000)
  from space 2048K, 77% used [0x00000000dfe00000,0x00000000dff8c0b0,0x00000000e0000000)
  to   space 2048K, 0% used [0x00000000dfc00000,0x00000000dfc00000,0x00000000dfe00000)
 ParOldGen       total 673280K, used 73555K [0x0000000080000000, 0x00000000a9180000, 0x00000000d5580000)
  object space 673280K, 10% used [0x0000000080000000,0x00000000847d4c78,0x00000000a9180000)
 Metaspace       used 109803K, capacity 114120K, committed 114304K, reserved 1148928K
  class space    used 13423K, capacity 14396K, committed 14464K, reserved 1048576K
}
Event: 422842.321 GC heap before
{Heap before GC invocations=2237 (full 4):
 PSYoungGen      total 172544K, used 172080K [0x00000000d5580000, 0x00000000e0000000, 0x0000000100000000)
  eden space 170496K, 100% used [0x00000000d5580000,0x00000000dfc00000,0x00000000dfc00000)
  from space 2048K, 77% used [0x00000000dfe00000,0x00000000dff8c0b0,0x00000000e0000000)
  to   space 2048K, 0% used [0x00000000dfc00000,0x00000000dfc00000,0x00000000dfe00000)
 ParOldGen       total 673280K, used 73555K [0x0000000080000000, 0x00000000a9180000, 0x00000000d5580000)
  object space 673280K, 10% used [0x0000000080000000,0x00000000847d4c78,0x00000000a9180000)
 Metaspace       used 109803K, capacity 114120K, committed 114304K, reserved 1148928K
  class space    used 13423K, capacity 14396K, committed 14464K, reserved 1048576K
Event: 422842.326 GC heap after
Heap after GC invocations=2237 (full 4):
 PSYoungGen      total 172544K, used 1552K [0x00000000d5580000, 0x00000000e0000000, 0x0000000100000000)
  eden space 170496K, 0% used [0x00000000d5580000,0x00000000d5580000,0x00000000dfc00000)
  from space 2048K, 75% used [0x00000000dfc00000,0x00000000dfd84090,0x00000000dfe00000)
  to   space 2048K, 0% used [0x00000000dfe00000,0x00000000dfe00000,0x00000000e0000000)
 ParOldGen       total 673280K, used 73555K [0x0000000080000000, 0x00000000a9180000, 0x00000000d5580000)
  object space 673280K, 10% used [0x0000000080000000,0x00000000847d4c78,0x00000000a9180000)
 Metaspace       used 109803K, capacity 114120K, committed 114304K, reserved 1148928K
  class space    used 13423K, capacity 14396K, committed 14464K, reserved 1048576K
}
Event: 423030.335 GC heap before
{Heap before GC invocations=2238 (full 4):
 PSYoungGen      total 172544K, used 172048K [0x00000000d5580000, 0x00000000e0000000, 0x0000000100000000)
  eden space 170496K, 100% used [0x00000000d5580000,0x00000000dfc00000,0x00000000dfc00000)
  from space 2048K, 75% used [0x00000000dfc00000,0x00000000dfd84090,0x00000000dfe00000)
  to   space 2048K, 0% used [0x00000000dfe00000,0x00000000dfe00000,0x00000000e0000000)
 ParOldGen       total 673280K, used 73555K [0x0000000080000000, 0x00000000a9180000, 0x00000000d5580000)
  object space 673280K, 10% used [0x0000000080000000,0x00000000847d4c78,0x00000000a9180000)
 Metaspace       used 109803K, capacity 114120K, committed 114304K, reserved 1148928K
  class space    used 13423K, capacity 14396K, committed 14464K, reserved 1048576K
Event: 423030.339 GC heap after
Heap after GC invocations=2238 (full 4):
 PSYoungGen      total 172544K, used 1616K [0x00000000d5580000, 0x00000000e0000000, 0x0000000100000000)
  eden space 170496K, 0% used [0x00000000d5580000,0x00000000d5580000,0x00000000dfc00000)
  from space 2048K, 78% used [0x00000000dfe00000,0x00000000dff940b0,0x00000000e0000000)
  to   space 2048K, 0% used [0x00000000dfc00000,0x00000000dfc00000,0x00000000dfe00000)
 ParOldGen       total 673280K, used 73555K [0x0000000080000000, 0x00000000a9180000, 0x00000000d5580000)
  object space 673280K, 10% used [0x0000000080000000,0x00000000847d4c78,0x00000000a9180000)
 Metaspace       used 109803K, capacity 114120K, committed 114304K, reserved 1148928K
  class space    used 13423K, capacity 14396K, committed 14464K, reserved 1048576K
}
Event: 423214.172 GC heap before
{Heap before GC invocations=2239 (full 4):
 PSYoungGen      total 172544K, used 172112K [0x00000000d5580000, 0x00000000e0000000, 0x0000000100000000)
  eden space 170496K, 100% used [0x00000000d5580000,0x00000000dfc00000,0x00000000dfc00000)
  from space 2048K, 78% used [0x00000000dfe00000,0x00000000dff940b0,0x00000000e0000000)
  to   space 2048K, 0% used [0x00000000dfc00000,0x00000000dfc00000,0x00000000dfe00000)
 ParOldGen       total 673280K, used 73555K [0x0000000080000000, 0x00000000a9180000, 0x00000000d5580000)
  object space 673280K, 10% used [0x0000000080000000,0x00000000847d4c78,0x00000000a9180000)
 Metaspace       used 109803K, capacity 114120K, committed 114304K, reserved 1148928K
  class space    used 13423K, capacity 14396K, committed 14464K, reserved 1048576K
Event: 423214.176 GC heap after
Heap after GC invocations=2239 (full 4):
 PSYoungGen      total 172544K, used 1568K [0x00000000d5580000, 0x00000000e0000000, 0x0000000100000000)
  eden space 170496K, 0% used [0x00000000d5580000,0x00000000d5580000,0x00000000dfc00000)
  from space 2048K, 76% used [0x00000000dfc00000,0x00000000dfd880a0,0x00000000dfe00000)
  to   space 2048K, 0% used [0x00000000dfe00000,0x00000000dfe00000,0x00000000e0000000)
 ParOldGen       total 673280K, used 73555K [0x0000000080000000, 0x00000000a9180000, 0x00000000d5580000)
  object space 673280K, 10% used [0x0000000080000000,0x00000000847d4c78,0x00000000a9180000)
 Metaspace       used 109803K, capacity 114120K, committed 114304K, reserved 1148928K
  class space    used 13423K, capacity 14396K, committed 14464K, reserved 1048576K
}
Event: 423399.792 GC heap before
{Heap before GC invocations=2240 (full 4):
 PSYoungGen      total 172544K, used 172064K [0x00000000d5580000, 0x00000000e0000000, 0x0000000100000000)
  eden space 170496K, 100% used [0x00000000d5580000,0x00000000dfc00000,0x00000000dfc00000)
  from space 2048K, 76% used [0x00000000dfc00000,0x00000000dfd880a0,0x00000000dfe00000)
  to   space 2048K, 0% used [0x00000000dfe00000,0x00000000dfe00000,0x00000000e0000000)
 ParOldGen       total 673280K, used 73555K [0x0000000080000000, 0x00000000a9180000, 0x00000000d5580000)
  object space 673280K, 10% used [0x0000000080000000,0x00000000847d4c78,0x00000000a9180000)
 Metaspace       used 109803K, capacity 114120K, committed 114304K, reserved 1148928K
  class space    used 13423K, capacity 14396K, committed 14464K, reserved 1048576K
Event: 423399.796 GC heap after
Heap after GC invocations=2240 (full 4):
 PSYoungGen      total 172544K, used 1520K [0x00000000d5580000, 0x00000000e0000000, 0x0000000100000000)
  eden space 170496K, 0% used [0x00000000d5580000,0x00000000d5580000,0x00000000dfc00000)
  from space 2048K, 74% used [0x00000000dfe00000,0x00000000dff7c090,0x00000000e0000000)
  to   space 2048K, 0% used [0x00000000dfc00000,0x00000000dfc00000,0x00000000dfe00000)
 ParOldGen       total 673280K, used 73555K [0x0000000080000000, 0x00000000a9180000, 0x00000000d5580000)
  object space 673280K, 10% used [0x0000000080000000,0x00000000847d4c78,0x00000000a9180000)
 Metaspace       used 109803K, capacity 114120K, committed 114304K, reserved 1148928K
  class space    used 13423K, capacity 14396K, committed 14464K, reserved 1048576K
}
Event: 423590.030 GC heap before
{Heap before GC invocations=2241 (full 4):
 PSYoungGen      total 172544K, used 172016K [0x00000000d5580000, 0x00000000e0000000, 0x0000000100000000)
  eden space 170496K, 100% used [0x00000000d5580000,0x00000000dfc00000,0x00000000dfc00000)
  from space 2048K, 74% used [0x00000000dfe00000,0x00000000dff7c090,0x00000000e0000000)
  to   space 2048K, 0% used [0x00000000dfc00000,0x00000000dfc00000,0x00000000dfe00000)
 ParOldGen       total 673280K, used 73555K [0x0000000080000000, 0x00000000a9180000, 0x00000000d5580000)
  object space 673280K, 10% used [0x0000000080000000,0x00000000847d4c78,0x00000000a9180000)
 Metaspace       used 109803K, capacity 114120K, committed 114304K, reserved 1148928K
  class space    used 13423K, capacity 14396K, committed 14464K, reserved 1048576K
Event: 423590.034 GC heap after
Heap after GC invocations=2241 (full 4):
 PSYoungGen      total 172544K, used 1712K [0x00000000d5580000, 0x00000000e0000000, 0x0000000100000000)
  eden space 170496K, 0% used [0x00000000d5580000,0x00000000d5580000,0x00000000dfc00000)
  from space 2048K, 83% used [0x00000000dfc00000,0x00000000dfdac0b0,0x00000000dfe00000)
  to   space 2048K, 0% used [0x00000000dfe00000,0x00000000dfe00000,0x00000000e0000000)
 ParOldGen       total 673280K, used 73555K [0x0000000080000000, 0x00000000a9180000, 0x00000000d5580000)
  object space 673280K, 10% used [0x0000000080000000,0x00000000847d4c78,0x00000000a9180000)
 Metaspace       used 109803K, capacity 114120K, committed 114304K, reserved 1148928K
  class space    used 13423K, capacity 14396K, committed 14464K, reserved 1048576K
}
Event: 423777.717 GC heap before
{Heap before GC invocations=2242 (full 4):
 PSYoungGen      total 172544K, used 172208K [0x00000000d5580000, 0x00000000e0000000, 0x0000000100000000)
  eden space 170496K, 100% used [0x00000000d5580000,0x00000000dfc00000,0x00000000dfc00000)
  from space 2048K, 83% used [0x00000000dfc00000,0x00000000dfdac0b0,0x00000000dfe00000)
  to   space 2048K, 0% used [0x00000000dfe00000,0x00000000dfe00000,0x00000000e0000000)
 ParOldGen       total 673280K, used 73555K [0x0000000080000000, 0x00000000a9180000, 0x00000000d5580000)
  object space 673280K, 10% used [0x0000000080000000,0x00000000847d4c78,0x00000000a9180000)
 Metaspace       used 109803K, capacity 114120K, committed 114304K, reserved 1148928K
  class space    used 13423K, capacity 14396K, committed 14464K, reserved 1048576K
Event: 423777.722 GC heap after
Heap after GC invocations=2242 (full 4):
 PSYoungGen      total 172544K, used 1600K [0x00000000d5580000, 0x00000000e0000000, 0x0000000100000000)
  eden space 170496K, 0% used [0x00000000d5580000,0x00000000d5580000,0x00000000dfc00000)
  from space 2048K, 78% used [0x00000000dfe00000,0x00000000dff900a0,0x00000000e0000000)
  to   space 2048K, 0% used [0x00000000dfc00000,0x00000000dfc00000,0x00000000dfe00000)
 ParOldGen       total 673280K, used 73555K [0x0000000080000000, 0x00000000a9180000, 0x00000000d5580000)
  object space 673280K, 10% used [0x0000000080000000,0x00000000847d4c78,0x00000000a9180000)
 Metaspace       used 109803K, capacity 114120K, committed 114304K, reserved 1148928K
  class space    used 13423K, capacity 14396K, committed 14464K, reserved 1048576K
}
Event: 423967.943 GC heap before
{Heap before GC invocations=2243 (full 4):
 PSYoungGen      total 172544K, used 172096K [0x00000000d5580000, 0x00000000e0000000, 0x0000000100000000)
  eden space 170496K, 100% used [0x00000000d5580000,0x00000000dfc00000,0x00000000dfc00000)
  from space 2048K, 78% used [0x00000000dfe00000,0x00000000dff900a0,0x00000000e0000000)
  to   space 2048K, 0% used [0x00000000dfc00000,0x00000000dfc00000,0x00000000dfe00000)
 ParOldGen       total 673280K, used 73555K [0x0000000080000000, 0x00000000a9180000, 0x00000000d5580000)
  object space 673280K, 10% used [0x0000000080000000,0x00000000847d4c78,0x00000000a9180000)
 Metaspace       used 109803K, capacity 114120K, committed 114304K, reserved 1148928K
  class space    used 13423K, capacity 14396K, committed 14464K, reserved 1048576K
Event: 423967.947 GC heap after
Heap after GC invocations=2243 (full 4):
 PSYoungGen      total 172544K, used 1776K [0x00000000d5580000, 0x00000000e0000000, 0x0000000100000000)
  eden space 170496K, 0% used [0x00000000d5580000,0x00000000d5580000,0x00000000dfc00000)
  from space 2048K, 86% used [0x00000000dfc00000,0x00000000dfdbc0b0,0x00000000dfe00000)
  to   space 2048K, 0% used [0x00000000dfe00000,0x00000000dfe00000,0x00000000e0000000)
 ParOldGen       total 673280K, used 73555K [0x0000000080000000, 0x00000000a9180000, 0x00000000d5580000)
  object space 673280K, 10% used [0x0000000080000000,0x00000000847d4c78,0x00000000a9180000)
 Metaspace       used 109803K, capacity 114120K, committed 114304K, reserved 1148928K
  class space    used 13423K, capacity 14396K, committed 14464K, reserved 1048576K
}
Event: 424157.642 GC heap before
{Heap before GC invocations=2244 (full 4):
 PSYoungGen      total 172544K, used 172272K [0x00000000d5580000, 0x00000000e0000000, 0x0000000100000000)
  eden space 170496K, 100% used [0x00000000d5580000,0x00000000dfc00000,0x00000000dfc00000)
  from space 2048K, 86% used [0x00000000dfc00000,0x00000000dfdbc0b0,0x00000000dfe00000)
  to   space 2048K, 0% used [0x00000000dfe00000,0x00000000dfe00000,0x00000000e0000000)
 ParOldGen       total 673280K, used 73555K [0x0000000080000000, 0x00000000a9180000, 0x00000000d5580000)
  object space 673280K, 10% used [0x0000000080000000,0x00000000847d4c78,0x00000000a9180000)
 Metaspace       used 109803K, capacity 114120K, committed 114304K, reserved 1148928K
  class space    used 13423K, capacity 14396K, committed 14464K, reserved 1048576K
Event: 424157.646 GC heap after
Heap after GC invocations=2244 (full 4):
 PSYoungGen      total 172544K, used 1600K [0x00000000d5580000, 0x00000000e0000000, 0x0000000100000000)
  eden space 170496K, 0% used [0x00000000d5580000,0x00000000d5580000,0x00000000dfc00000)
  from space 2048K, 78% used [0x00000000dfe00000,0x00000000dff900a0,0x00000000e0000000)
  to   space 2048K, 0% used [0x00000000dfc00000,0x00000000dfc00000,0x00000000dfe00000)
 ParOldGen       total 673280K, used 73563K [0x0000000080000000, 0x00000000a9180000, 0x00000000d5580000)
  object space 673280K, 10% used [0x0000000080000000,0x00000000847d6c78,0x00000000a9180000)
 Metaspace       used 109803K, capacity 114120K, committed 114304K, reserved 1148928K
  class space    used 13423K, capacity 14396K, committed 14464K, reserved 1048576K
}
Event: 424347.356 GC heap before
{Heap before GC invocations=2245 (full 4):
 PSYoungGen      total 172544K, used 172096K [0x00000000d5580000, 0x00000000e0000000, 0x0000000100000000)
  eden space 170496K, 100% used [0x00000000d5580000,0x00000000dfc00000,0x00000000dfc00000)
  from space 2048K, 78% used [0x00000000dfe00000,0x00000000dff900a0,0x00000000e0000000)
  to   space 2048K, 0% used [0x00000000dfc00000,0x00000000dfc00000,0x00000000dfe00000)
 ParOldGen       total 673280K, used 73563K [0x0000000080000000, 0x00000000a9180000, 0x00000000d5580000)
  object space 673280K, 10% used [0x0000000080000000,0x00000000847d6c78,0x00000000a9180000)
 Metaspace       used 109803K, capacity 114120K, committed 114304K, reserved 1148928K
  class space    used 13423K, capacity 14396K, committed 14464K, reserved 1048576K
Event: 424347.360 GC heap after
Heap after GC invocations=2245 (full 4):
 PSYoungGen      total 172544K, used 1568K [0x00000000d5580000, 0x00000000e0000000, 0x0000000100000000)
  eden space 170496K, 0% used [0x00000000d5580000,0x00000000d5580000,0x00000000dfc00000)
  from space 2048K, 76% used [0x00000000dfc00000,0x00000000dfd880a0,0x00000000dfe00000)
  to   space 2048K, 0% used [0x00000000dfe00000,0x00000000dfe00000,0x00000000e0000000)
 ParOldGen       total 673280K, used 73563K [0x0000000080000000, 0x00000000a9180000, 0x00000000d5580000)
  object space 673280K, 10% used [0x0000000080000000,0x00000000847d6c78,0x00000000a9180000)
 Metaspace       used 109803K, capacity 114120K, committed 114304K, reserved 1148928K
  class space    used 13423K, capacity 14396K, committed 14464K, reserved 1048576K
}
Event: 424533.591 GC heap before
{Heap before GC invocations=2246 (full 4):
 PSYoungGen      total 172544K, used 172064K [0x00000000d5580000, 0x00000000e0000000, 0x0000000100000000)
  eden space 170496K, 100% used [0x00000000d5580000,0x00000000dfc00000,0x00000000dfc00000)
  from space 2048K, 76% used [0x00000000dfc00000,0x00000000dfd880a0,0x00000000dfe00000)
  to   space 2048K, 0% used [0x00000000dfe00000,0x00000000dfe00000,0x00000000e0000000)
 ParOldGen       total 673280K, used 73563K [0x0000000080000000, 0x00000000a9180000, 0x00000000d5580000)
  object space 673280K, 10% used [0x0000000080000000,0x00000000847d6c78,0x00000000a9180000)
 Metaspace       used 109803K, capacity 114120K, committed 114304K, reserved 1148928K
  class space    used 13423K, capacity 14396K, committed 14464K, reserved 1048576K
Event: 424533.595 GC heap after
Heap after GC invocations=2246 (full 4):
 PSYoungGen      total 172544K, used 1552K [0x00000000d5580000, 0x00000000e0000000, 0x0000000100000000)
  eden space 170496K, 0% used [0x00000000d5580000,0x00000000d5580000,0x00000000dfc00000)
  from space 2048K, 75% used [0x00000000dfe00000,0x00000000dff840d0,0x00000000e0000000)
  to   space 2048K, 0% used [0x00000000dfc00000,0x00000000dfc00000,0x00000000dfe00000)
 ParOldGen       total 673280K, used 73563K [0x0000000080000000, 0x00000000a9180000, 0x00000000d5580000)
  object space 673280K, 10% used [0x0000000080000000,0x00000000847d6c78,0x00000000a9180000)
 Metaspace       used 109803K, capacity 114120K, committed 114304K, reserved 1148928K
  class space    used 13423K, capacity 14396K, committed 14464K, reserved 1048576K
}
Event: 424723.938 GC heap before
{Heap before GC invocations=2247 (full 4):
 PSYoungGen      total 172544K, used 172048K [0x00000000d5580000, 0x00000000e0000000, 0x0000000100000000)
  eden space 170496K, 100% used [0x00000000d5580000,0x00000000dfc00000,0x00000000dfc00000)
  from space 2048K, 75% used [0x00000000dfe00000,0x00000000dff840d0,0x00000000e0000000)
  to   space 2048K, 0% used [0x00000000dfc00000,0x00000000dfc00000,0x00000000dfe00000)
 ParOldGen       total 673280K, used 73563K [0x0000000080000000, 0x00000000a9180000, 0x00000000d5580000)
  object space 673280K, 10% used [0x0000000080000000,0x00000000847d6c78,0x00000000a9180000)
 Metaspace       used 109803K, capacity 114120K, committed 114304K, reserved 1148928K
  class space    used 13423K, capacity 14396K, committed 14464K, reserved 1048576K
Event: 424723.942 GC heap after
Heap after GC invocations=2247 (full 4):
 PSYoungGen      total 172544K, used 1632K [0x00000000d5580000, 0x00000000e0000000, 0x0000000100000000)
  eden space 170496K, 0% used [0x00000000d5580000,0x00000000d5580000,0x00000000dfc00000)
  from space 2048K, 79% used [0x00000000dfc00000,0x00000000dfd980a0,0x00000000dfe00000)
  to   space 2048K, 0% used [0x00000000dfe00000,0x00000000dfe00000,0x00000000e0000000)
 ParOldGen       total 673280K, used 73563K [0x0000000080000000, 0x00000000a9180000, 0x00000000d5580000)
  object space 673280K, 10% used [0x0000000080000000,0x00000000847d6c78,0x00000000a9180000)
 Metaspace       used 109803K, capacity 114120K, committed 114304K, reserved 1148928K
  class space    used 13423K, capacity 14396K, committed 14464K, reserved 1048576K
}
Event: 424912.648 GC heap before
{Heap before GC invocations=2248 (full 4):
 PSYoungGen      total 172544K, used 172128K [0x00000000d5580000, 0x00000000e0000000, 0x0000000100000000)
  eden space 170496K, 100% used [0x00000000d5580000,0x00000000dfc00000,0x00000000dfc00000)
  from space 2048K, 79% used [0x00000000dfc00000,0x00000000dfd980a0,0x00000000dfe00000)
  to   space 2048K, 0% used [0x00000000dfe00000,0x00000000dfe00000,0x00000000e0000000)
 ParOldGen       total 673280K, used 73563K [0x0000000080000000, 0x00000000a9180000, 0x00000000d5580000)
  object space 673280K, 10% used [0x0000000080000000,0x00000000847d6c78,0x00000000a9180000)
 Metaspace       used 109803K, capacity 114120K, committed 114304K, reserved 1148928K
  class space    used 13423K, capacity 14396K, committed 14464K, reserved 1048576K
Event: 424912.652 GC heap after
Heap after GC invocations=2248 (full 4):
 PSYoungGen      total 172544K, used 1488K [0x00000000d5580000, 0x00000000e0000000, 0x0000000100000000)
  eden space 170496K, 0% used [0x00000000d5580000,0x00000000d5580000,0x00000000dfc00000)
  from space 2048K, 72% used [0x00000000dfe00000,0x00000000dff74090,0x00000000e0000000)
  to   space 2048K, 0% used [0x00000000dfc00000,0x00000000dfc00000,0x00000000dfe00000)
 ParOldGen       total 673280K, used 73563K [0x0000000080000000, 0x00000000a9180000, 0x00000000d5580000)
  object space 673280K, 10% used [0x0000000080000000,0x00000000847d6c78,0x00000000a9180000)
 Metaspace       used 109803K, capacity 114120K, committed 114304K, reserved 1148928K
  class space    used 13423K, capacity 14396K, committed 14464K, reserved 1048576K
}
Event: 425101.735 GC heap before
{Heap before GC invocations=2249 (full 4):
 PSYoungGen      total 172544K, used 171984K [0x00000000d5580000, 0x00000000e0000000, 0x0000000100000000)
  eden space 170496K, 100% used [0x00000000d5580000,0x00000000dfc00000,0x00000000dfc00000)
  from space 2048K, 72% used [0x00000000dfe00000,0x00000000dff74090,0x00000000e0000000)
  to   space 2048K, 0% used [0x00000000dfc00000,0x00000000dfc00000,0x00000000dfe00000)
 ParOldGen       total 673280K, used 73563K [0x0000000080000000, 0x00000000a9180000, 0x00000000d5580000)
  object space 673280K, 10% used [0x0000000080000000,0x00000000847d6c78,0x00000000a9180000)
 Metaspace       used 109803K, capacity 114120K, committed 114304K, reserved 1148928K
  class space    used 13423K, capacity 14396K, committed 14464K, reserved 1048576K
Event: 425101.739 GC heap after
Heap after GC invocations=2249 (full 4):
 PSYoungGen      total 172544K, used 1600K [0x00000000d5580000, 0x00000000e0000000, 0x0000000100000000)
  eden space 170496K, 0% used [0x00000000d5580000,0x00000000d5580000,0x00000000dfc00000)
  from space 2048K, 78% used [0x00000000dfc00000,0x00000000dfd900a0,0x00000000dfe00000)
  to   space 2048K, 0% used [0x00000000dfe00000,0x00000000dfe00000,0x00000000e0000000)
 ParOldGen       total 673280K, used 73563K [0x0000000080000000, 0x00000000a9180000, 0x00000000d5580000)
  object space 673280K, 10% used [0x0000000080000000,0x00000000847d6c78,0x00000000a9180000)
 Metaspace       used 109803K, capacity 114120K, committed 114304K, reserved 1148928K
  class space    used 13423K, capacity 14396K, committed 14464K, reserved 1048576K
}
Event: 425291.252 GC heap before
{Heap before GC invocations=2250 (full 4):
 PSYoungGen      total 172544K, used 172096K [0x00000000d5580000, 0x00000000e0000000, 0x0000000100000000)
  eden space 170496K, 100% used [0x00000000d5580000,0x00000000dfc00000,0x00000000dfc00000)
  from space 2048K, 78% used [0x00000000dfc00000,0x00000000dfd900a0,0x00000000dfe00000)
  to   space 2048K, 0% used [0x00000000dfe00000,0x00000000dfe00000,0x00000000e0000000)
 ParOldGen       total 673280K, used 73563K [0x0000000080000000, 0x00000000a9180000, 0x00000000d5580000)
  object space 673280K, 10% used [0x0000000080000000,0x00000000847d6c78,0x00000000a9180000)
 Metaspace       used 109803K, capacity 114120K, committed 114304K, reserved 1148928K
  class space    used 13423K, capacity 14396K, committed 14464K, reserved 1048576K
Event: 425291.256 GC heap after
Heap after GC invocations=2250 (full 4):
 PSYoungGen      total 172544K, used 1536K [0x00000000d5580000, 0x00000000e0000000, 0x0000000100000000)
  eden space 170496K, 0% used [0x00000000d5580000,0x00000000d5580000,0x00000000dfc00000)
  from space 2048K, 75% used [0x00000000dfe00000,0x00000000dff80080,0x00000000e0000000)
  to   space 2048K, 0% used [0x00000000dfc00000,0x00000000dfc00000,0x00000000dfe00000)
 ParOldGen       total 673280K, used 73563K [0x0000000080000000, 0x00000000a9180000, 0x00000000d5580000)
  object space 673280K, 10% used [0x0000000080000000,0x00000000847d6c78,0x00000000a9180000)
 Metaspace       used 109803K, capacity 114120K, committed 114304K, reserved 1148928K
  class space    used 13423K, capacity 14396K, committed 14464K, reserved 1048576K
}
Event: 425480.636 GC heap before
{Heap before GC invocations=2251 (full 4):
 PSYoungGen      total 172544K, used 172032K [0x00000000d5580000, 0x00000000e0000000, 0x0000000100000000)
  eden space 170496K, 100% used [0x00000000d5580000,0x00000000dfc00000,0x00000000dfc00000)
  from space 2048K, 75% used [0x00000000dfe00000,0x00000000dff80080,0x00000000e0000000)
  to   space 2048K, 0% used [0x00000000dfc00000,0x00000000dfc00000,0x00000000dfe00000)
 ParOldGen       total 673280K, used 73563K [0x0000000080000000, 0x00000000a9180000, 0x00000000d5580000)
  object space 673280K, 10% used [0x0000000080000000,0x00000000847d6c78,0x00000000a9180000)
 Metaspace       used 109803K, capacity 114120K, committed 114304K, reserved 1148928K
  class space    used 13423K, capacity 14396K, committed 14464K, reserved 1048576K
Event: 425480.640 GC heap after
Heap after GC invocations=2251 (full 4):
 PSYoungGen      total 172544K, used 1696K [0x00000000d5580000, 0x00000000e0000000, 0x0000000100000000)
  eden space 170496K, 0% used [0x00000000d5580000,0x00000000d5580000,0x00000000dfc00000)
  from space 2048K, 82% used [0x00000000dfc00000,0x00000000dfda80a0,0x00000000dfe00000)
  to   space 2048K, 0% used [0x00000000dfe00000,0x00000000dfe00000,0x00000000e0000000)
 ParOldGen       total 673280K, used 73563K [0x0000000080000000, 0x00000000a9180000, 0x00000000d5580000)
  object space 673280K, 10% used [0x0000000080000000,0x00000000847d6c78,0x00000000a9180000)
 Metaspace       used 109803K, capacity 114120K, committed 114304K, reserved 1148928K
  class space    used 13423K, capacity 14396K, committed 14464K, reserved 1048576K
}
Event: 425670.182 GC heap before
{Heap before GC invocations=2252 (full 4):
 PSYoungGen      total 172544K, used 172192K [0x00000000d5580000, 0x00000000e0000000, 0x0000000100000000)
  eden space 170496K, 100% used [0x00000000d5580000,0x00000000dfc00000,0x00000000dfc00000)
  from space 2048K, 82% used [0x00000000dfc00000,0x00000000dfda80a0,0x00000000dfe00000)
  to   space 2048K, 0% used [0x00000000dfe00000,0x00000000dfe00000,0x00000000e0000000)
 ParOldGen       total 673280K, used 73563K [0x0000000080000000, 0x00000000a9180000, 0x00000000d5580000)
  object space 673280K, 10% used [0x0000000080000000,0x00000000847d6c78,0x00000000a9180000)
 Metaspace       used 109803K, capacity 114120K, committed 114304K, reserved 1148928K
  class space    used 13423K, capacity 14396K, committed 14464K, reserved 1048576K
Event: 425670.186 GC heap after
Heap after GC invocations=2252 (full 4):
 PSYoungGen      total 172544K, used 1552K [0x00000000d5580000, 0x00000000e0000000, 0x0000000100000000)
  eden space 170496K, 0% used [0x00000000d5580000,0x00000000d5580000,0x00000000dfc00000)
  from space 2048K, 75% used [0x00000000dfe00000,0x00000000dff840b0,0x00000000e0000000)
  to   space 2048K, 0% used [0x00000000dfc00000,0x00000000dfc00000,0x00000000dfe00000)
 ParOldGen       total 673280K, used 73563K [0x0000000080000000, 0x00000000a9180000, 0x00000000d5580000)
  object space 673280K, 10% used [0x0000000080000000,0x00000000847d6c78,0x00000000a9180000)
 Metaspace       used 109803K, capacity 114120K, committed 114304K, reserved 1148928K
  class space    used 13423K, capacity 14396K, committed 14464K, reserved 1048576K
}
Event: 425860.205 GC heap before
{Heap before GC invocations=2253 (full 4):
 PSYoungGen      total 172544K, used 172048K [0x00000000d5580000, 0x00000000e0000000, 0x0000000100000000)
  eden space 170496K, 100% used [0x00000000d5580000,0x00000000dfc00000,0x00000000dfc00000)
  from space 2048K, 75% used [0x00000000dfe00000,0x00000000dff840b0,0x00000000e0000000)
  to   space 2048K, 0% used [0x00000000dfc00000,0x00000000dfc00000,0x00000000dfe00000)
 ParOldGen       total 673280K, used 73563K [0x0000000080000000, 0x00000000a9180000, 0x00000000d5580000)
  object space 673280K, 10% used [0x0000000080000000,0x00000000847d6c78,0x00000000a9180000)
 Metaspace       used 109803K, capacity 114120K, committed 114304K, reserved 1148928K
  class space    used 13423K, capacity 14396K, committed 14464K, reserved 1048576K
Event: 425860.209 GC heap after
Heap after GC invocations=2253 (full 4):
 PSYoungGen      total 172544K, used 1536K [0x00000000d5580000, 0x00000000e0000000, 0x0000000100000000)
  eden space 170496K, 0% used [0x00000000d5580000,0x00000000d5580000,0x00000000dfc00000)
  from space 2048K, 75% used [0x00000000dfc00000,0x00000000dfd800a0,0x00000000dfe00000)
  to   space 2048K, 0% used [0x00000000dfe00000,0x00000000dfe00000,0x00000000e0000000)
 ParOldGen       total 673280K, used 73563K [0x0000000080000000, 0x00000000a9180000, 0x00000000d5580000)
  object space 673280K, 10% used [0x0000000080000000,0x00000000847d6c78,0x00000000a9180000)
 Metaspace       used 109803K, capacity 114120K, committed 114304K, reserved 1148928K
  class space    used 13423K, capacity 14396K, committed 14464K, reserved 1048576K
}
Event: 426050.147 GC heap before
{Heap before GC invocations=2254 (full 4):
 PSYoungGen      total 172544K, used 172032K [0x00000000d5580000, 0x00000000e0000000, 0x0000000100000000)
  eden space 170496K, 100% used [0x00000000d5580000,0x00000000dfc00000,0x00000000dfc00000)
  from space 2048K, 75% used [0x00000000dfc00000,0x00000000dfd800a0,0x00000000dfe00000)
  to   space 2048K, 0% used [0x00000000dfe00000,0x00000000dfe00000,0x00000000e0000000)
 ParOldGen       total 673280K, used 73563K [0x0000000080000000, 0x00000000a9180000, 0x00000000d5580000)
  object space 673280K, 10% used [0x0000000080000000,0x00000000847d6c78,0x00000000a9180000)
 Metaspace       used 109803K, capacity 114120K, committed 114304K, reserved 1148928K
  class space    used 13423K, capacity 14396K, committed 14464K, reserved 1048576K
Event: 426050.151 GC heap after
Heap after GC invocations=2254 (full 4):
 PSYoungGen      total 172544K, used 1616K [0x00000000d5580000, 0x00000000e0000000, 0x0000000100000000)
  eden space 170496K, 0% used [0x00000000d5580000,0x00000000d5580000,0x00000000dfc00000)
  from space 2048K, 78% used [0x00000000dfe00000,0x00000000dff940b0,0x00000000e0000000)
  to   space 2048K, 0% used [0x00000000dfc00000,0x00000000dfc00000,0x00000000dfe00000)
 ParOldGen       total 673280K, used 73563K [0x0000000080000000, 0x00000000a9180000, 0x00000000d5580000)
  object space 673280K, 10% used [0x0000000080000000,0x00000000847d6c78,0x00000000a9180000)
 Metaspace       used 109803K, capacity 114120K, committed 114304K, reserved 1148928K
  class space    used 13423K, capacity 14396K, committed 14464K, reserved 1048576K
}
Event: 426239.356 GC heap before
{Heap before GC invocations=2255 (full 4):
 PSYoungGen      total 172544K, used 172112K [0x00000000d5580000, 0x00000000e0000000, 0x0000000100000000)
  eden space 170496K, 100% used [0x00000000d5580000,0x00000000dfc00000,0x00000000dfc00000)
  from space 2048K, 78% used [0x00000000dfe00000,0x00000000dff940b0,0x00000000e0000000)
  to   space 2048K, 0% used [0x00000000dfc00000,0x00000000dfc00000,0x00000000dfe00000)
 ParOldGen       total 673280K, used 73563K [0x0000000080000000, 0x00000000a9180000, 0x00000000d5580000)
  object space 673280K, 10% used [0x0000000080000000,0x00000000847d6c78,0x00000000a9180000)
 Metaspace       used 109803K, capacity 114120K, committed 114304K, reserved 1148928K
  class space    used 13423K, capacity 14396K, committed 14464K, reserved 1048576K
Event: 426239.360 GC heap after
Heap after GC invocations=2255 (full 4):
 PSYoungGen      total 172544K, used 1584K [0x00000000d5580000, 0x00000000e0000000, 0x0000000100000000)
  eden space 170496K, 0% used [0x00000000d5580000,0x00000000d5580000,0x00000000dfc00000)
  from space 2048K, 77% used [0x00000000dfc00000,0x00000000dfd8c0b0,0x00000000dfe00000)
  to   space 2048K, 0% used [0x00000000dfe00000,0x00000000dfe00000,0x00000000e0000000)
 ParOldGen       total 673280K, used 73563K [0x0000000080000000, 0x00000000a9180000, 0x00000000d5580000)
  object space 673280K, 10% used [0x0000000080000000,0x00000000847d6c78,0x00000000a9180000)
 Metaspace       used 109803K, capacity 114120K, committed 114304K, reserved 1148928K
  class space    used 13423K, capacity 14396K, committed 14464K, reserved 1048576K
}
Event: 426428.283 GC heap before
{Heap before GC invocations=2256 (full 4):
 PSYoungGen      total 172544K, used 172080K [0x00000000d5580000, 0x00000000e0000000, 0x0000000100000000)
  eden space 170496K, 100% used [0x00000000d5580000,0x00000000dfc00000,0x00000000dfc00000)
  from space 2048K, 77% used [0x00000000dfc00000,0x00000000dfd8c0b0,0x00000000dfe00000)
  to   space 2048K, 0% used [0x00000000dfe00000,0x00000000dfe00000,0x00000000e0000000)
 ParOldGen       total 673280K, used 73563K [0x0000000080000000, 0x00000000a9180000, 0x00000000d5580000)
  object space 673280K, 10% used [0x0000000080000000,0x00000000847d6c78,0x00000000a9180000)
 Metaspace       used 109803K, capacity 114120K, committed 114304K, reserved 1148928K
  class space    used 13423K, capacity 14396K, committed 14464K, reserved 1048576K
Event: 426428.287 GC heap after
Heap after GC invocations=2256 (full 4):
 PSYoungGen      total 172544K, used 1584K [0x00000000d5580000, 0x00000000e0000000, 0x0000000100000000)
  eden space 170496K, 0% used [0x00000000d5580000,0x00000000d5580000,0x00000000dfc00000)
  from space 2048K, 77% used [0x00000000dfe00000,0x00000000dff8c090,0x00000000e0000000)
  to   space 2048K, 0% used [0x00000000dfc00000,0x00000000dfc00000,0x00000000dfe00000)
 ParOldGen       total 673280K, used 73563K [0x0000000080000000, 0x00000000a9180000, 0x00000000d5580000)
  object space 673280K, 10% used [0x0000000080000000,0x00000000847d6c78,0x00000000a9180000)
 Metaspace       used 109803K, capacity 114120K, committed 114304K, reserved 1148928K
  class space    used 13423K, capacity 14396K, committed 14464K, reserved 1048576K
}
Event: 426617.593 GC heap before
{Heap before GC invocations=2257 (full 4):
 PSYoungGen      total 172544K, used 172080K [0x00000000d5580000, 0x00000000e0000000, 0x0000000100000000)
  eden space 170496K, 100% used [0x00000000d5580000,0x00000000dfc00000,0x00000000dfc00000)
  from space 2048K, 77% used [0x00000000dfe00000,0x00000000dff8c090,0x00000000e0000000)
  to   space 2048K, 0% used [0x00000000dfc00000,0x00000000dfc00000,0x00000000dfe00000)
 ParOldGen       total 673280K, used 73563K [0x0000000080000000, 0x00000000a9180000, 0x00000000d5580000)
  object space 673280K, 10% used [0x0000000080000000,0x00000000847d6c78,0x00000000a9180000)
 Metaspace       used 109803K, capacity 114120K, committed 114304K, reserved 1148928K
  class space    used 13423K, capacity 14396K, committed 14464K, reserved 1048576K
Event: 426617.597 GC heap after
Heap after GC invocations=2257 (full 4):
 PSYoungGen      total 172544K, used 1568K [0x00000000d5580000, 0x00000000e0000000, 0x0000000100000000)
  eden space 170496K, 0% used [0x00000000d5580000,0x00000000d5580000,0x00000000dfc00000)
  from space 2048K, 76% used [0x00000000dfc00000,0x00000000dfd880a0,0x00000000dfe00000)
  to   space 2048K, 0% used [0x00000000dfe00000,0x00000000dfe00000,0x00000000e0000000)
 ParOldGen       total 673280K, used 73563K [0x0000000080000000, 0x00000000a9180000, 0x00000000d5580000)
  object space 673280K, 10% used [0x0000000080000000,0x00000000847d6c78,0x00000000a9180000)
 Metaspace       used 109803K, capacity 114120K, committed 114304K, reserved 1148928K
  class space    used 13423K, capacity 14396K, committed 14464K, reserved 1048576K
}
Event: 426805.444 GC heap before
{Heap before GC invocations=2258 (full 4):
 PSYoungGen      total 172544K, used 172064K [0x00000000d5580000, 0x00000000e0000000, 0x0000000100000000)
  eden space 170496K, 100% used [0x00000000d5580000,0x00000000dfc00000,0x00000000dfc00000)
  from space 2048K, 76% used [0x00000000dfc00000,0x00000000dfd880a0,0x00000000dfe00000)
  to   space 2048K, 0% used [0x00000000dfe00000,0x00000000dfe00000,0x00000000e0000000)
 ParOldGen       total 673280K, used 73563K [0x0000000080000000, 0x00000000a9180000, 0x00000000d5580000)
  object space 673280K, 10% used [0x0000000080000000,0x00000000847d6c78,0x00000000a9180000)
 Metaspace       used 109803K, capacity 114120K, committed 114304K, reserved 1148928K
  class space    used 13423K, capacity 14396K, committed 14464K, reserved 1048576K
Event: 426805.448 GC heap after
Heap after GC invocations=2258 (full 4):
 PSYoungGen      total 172544K, used 1520K [0x00000000d5580000, 0x00000000e0000000, 0x0000000100000000)
  eden space 170496K, 0% used [0x00000000d5580000,0x00000000d5580000,0x00000000dfc00000)
  from space 2048K, 74% used [0x00000000dfe00000,0x00000000dff7c090,0x00000000e0000000)
  to   space 2048K, 0% used [0x00000000dfc00000,0x00000000dfc00000,0x00000000dfe00000)
 ParOldGen       total 673280K, used 73563K [0x0000000080000000, 0x00000000a9180000, 0x00000000d5580000)
  object space 673280K, 10% used [0x0000000080000000,0x00000000847d6c78,0x00000000a9180000)
 Metaspace       used 109803K, capacity 114120K, committed 114304K, reserved 1148928K
  class space    used 13423K, capacity 14396K, committed 14464K, reserved 1048576K
}
Event: 426994.418 GC heap before
{Heap before GC invocations=2259 (full 4):
 PSYoungGen      total 172544K, used 172016K [0x00000000d5580000, 0x00000000e0000000, 0x0000000100000000)
  eden space 170496K, 100% used [0x00000000d5580000,0x00000000dfc00000,0x00000000dfc00000)
  from space 2048K, 74% used [0x00000000dfe00000,0x00000000dff7c090,0x00000000e0000000)
  to   space 2048K, 0% used [0x00000000dfc00000,0x00000000dfc00000,0x00000000dfe00000)
 ParOldGen       total 673280K, used 73563K [0x0000000080000000, 0x00000000a9180000, 0x00000000d5580000)
  object space 673280K, 10% used [0x0000000080000000,0x00000000847d6c78,0x00000000a9180000)
 Metaspace       used 109803K, capacity 114120K, committed 114304K, reserved 1148928K
  class space    used 13423K, capacity 14396K, committed 14464K, reserved 1048576K
Event: 426994.423 GC heap after
Heap after GC invocations=2259 (full 4):
 PSYoungGen      total 172544K, used 1552K [0x00000000d5580000, 0x00000000e0000000, 0x0000000100000000)
  eden space 170496K, 0% used [0x00000000d5580000,0x00000000d5580000,0x00000000dfc00000)
  from space 2048K, 75% used [0x00000000dfc00000,0x00000000dfd840b0,0x00000000dfe00000)
  to   space 2048K, 0% used [0x00000000dfe00000,0x00000000dfe00000,0x00000000e0000000)
 ParOldGen       total 673280K, used 73563K [0x0000000080000000, 0x00000000a9180000, 0x00000000d5580000)
  object space 673280K, 10% used [0x0000000080000000,0x00000000847d6c78,0x00000000a9180000)
 Metaspace       used 109803K, capacity 114120K, committed 114304K, reserved 1148928K
  class space    used 13423K, capacity 14396K, committed 14464K, reserved 1048576K
}
Event: 427184.124 GC heap before
{Heap before GC invocations=2260 (full 4):
 PSYoungGen      total 172544K, used 172048K [0x00000000d5580000, 0x00000000e0000000, 0x0000000100000000)
  eden space 170496K, 100% used [0x00000000d5580000,0x00000000dfc00000,0x00000000dfc00000)
  from space 2048K, 75% used [0x00000000dfc00000,0x00000000dfd840b0,0x00000000dfe00000)
  to   space 2048K, 0% used [0x00000000dfe00000,0x00000000dfe00000,0x00000000e0000000)
 ParOldGen       total 673280K, used 73563K [0x0000000080000000, 0x00000000a9180000, 0x00000000d5580000)
  object space 673280K, 10% used [0x0000000080000000,0x00000000847d6c78,0x00000000a9180000)
 Metaspace       used 109803K, capacity 114120K, committed 114304K, reserved 1148928K
  class space    used 13423K, capacity 14396K, committed 14464K, reserved 1048576K
Event: 427184.128 GC heap after
Heap after GC invocations=2260 (full 4):
 PSYoungGen      total 172544K, used 1632K [0x00000000d5580000, 0x00000000e0000000, 0x0000000100000000)
  eden space 170496K, 0% used [0x00000000d5580000,0x00000000d5580000,0x00000000dfc00000)
  from space 2048K, 79% used [0x00000000dfe00000,0x00000000dff980a0,0x00000000e0000000)
  to   space 2048K, 0% used [0x00000000dfc00000,0x00000000dfc00000,0x00000000dfe00000)
 ParOldGen       total 673280K, used 73563K [0x0000000080000000, 0x00000000a9180000, 0x00000000d5580000)
  object space 673280K, 10% used [0x0000000080000000,0x00000000847d6c78,0x00000000a9180000)
 Metaspace       used 109803K, capacity 114120K, committed 114304K, reserved 1148928K
  class space    used 13423K, capacity 14396K, committed 14464K, reserved 1048576K
}
Event: 427373.582 GC heap before
{Heap before GC invocations=2261 (full 4):
 PSYoungGen      total 172544K, used 172128K [0x00000000d5580000, 0x00000000e0000000, 0x0000000100000000)
  eden space 170496K, 100% used [0x00000000d5580000,0x00000000dfc00000,0x00000000dfc00000)
  from space 2048K, 79% used [0x00000000dfe00000,0x00000000dff980a0,0x00000000e0000000)
  to   space 2048K, 0% used [0x00000000dfc00000,0x00000000dfc00000,0x00000000dfe00000)
 ParOldGen       total 673280K, used 73563K [0x0000000080000000, 0x00000000a9180000, 0x00000000d5580000)
  object space 673280K, 10% used [0x0000000080000000,0x00000000847d6c78,0x00000000a9180000)
 Metaspace       used 109803K, capacity 114120K, committed 114304K, reserved 1148928K
  class space    used 13423K, capacity 14396K, committed 14464K, reserved 1048576K
Event: 427373.586 GC heap after
Heap after GC invocations=2261 (full 4):
 PSYoungGen      total 172544K, used 1568K [0x00000000d5580000, 0x00000000e0000000, 0x0000000100000000)
  eden space 170496K, 0% used [0x00000000d5580000,0x00000000d5580000,0x00000000dfc00000)
  from space 2048K, 76% used [0x00000000dfc00000,0x00000000dfd880a0,0x00000000dfe00000)
  to   space 2048K, 0% used [0x00000000dfe00000,0x00000000dfe00000,0x00000000e0000000)
 ParOldGen       total 673280K, used 73563K [0x0000000080000000, 0x00000000a9180000, 0x00000000d5580000)
  object space 673280K, 10% used [0x0000000080000000,0x00000000847d6c78,0x00000000a9180000)
 Metaspace       used 109803K, capacity 114120K, committed 114304K, reserved 1148928K
  class space    used 13423K, capacity 14396K, committed 14464K, reserved 1048576K
}
Event: 427563.449 GC heap before
{Heap before GC invocations=2262 (full 4):
 PSYoungGen      total 172544K, used 172064K [0x00000000d5580000, 0x00000000e0000000, 0x0000000100000000)
  eden space 170496K, 100% used [0x00000000d5580000,0x00000000dfc00000,0x00000000dfc00000)
  from space 2048K, 76% used [0x00000000dfc00000,0x00000000dfd880a0,0x00000000dfe00000)
  to   space 2048K, 0% used [0x00000000dfe00000,0x00000000dfe00000,0x00000000e0000000)
 ParOldGen       total 673280K, used 73563K [0x0000000080000000, 0x00000000a9180000, 0x00000000d5580000)
  object space 673280K, 10% used [0x0000000080000000,0x00000000847d6c78,0x00000000a9180000)
 Metaspace       used 109803K, capacity 114120K, committed 114304K, reserved 1148928K
  class space    used 13423K, capacity 14396K, committed 14464K, reserved 1048576K
Event: 427563.453 GC heap after
Heap after GC invocations=2262 (full 4):
 PSYoungGen      total 172544K, used 1600K [0x00000000d5580000, 0x00000000e0000000, 0x0000000100000000)
  eden space 170496K, 0% used [0x00000000d5580000,0x00000000d5580000,0x00000000dfc00000)
  from space 2048K, 78% used [0x00000000dfe00000,0x00000000dff900a0,0x00000000e0000000)
  to   space 2048K, 0% used [0x00000000dfc00000,0x00000000dfc00000,0x00000000dfe00000)
 ParOldGen       total 673280K, used 73563K [0x0000000080000000, 0x00000000a9180000, 0x00000000d5580000)
  object space 673280K, 10% used [0x0000000080000000,0x00000000847d6c78,0x00000000a9180000)
 Metaspace       used 109803K, capacity 114120K, committed 114304K, reserved 1148928K
  class space    used 13423K, capacity 14396K, committed 14464K, reserved 1048576K
}
Event: 427752.564 GC heap before
{Heap before GC invocations=2263 (full 4):
 PSYoungGen      total 172544K, used 172096K [0x00000000d5580000, 0x00000000e0000000, 0x0000000100000000)
  eden space 170496K, 100% used [0x00000000d5580000,0x00000000dfc00000,0x00000000dfc00000)
  from space 2048K, 78% used [0x00000000dfe00000,0x00000000dff900a0,0x00000000e0000000)
  to   space 2048K, 0% used [0x00000000dfc00000,0x00000000dfc00000,0x00000000dfe00000)
 ParOldGen       total 673280K, used 73563K [0x0000000080000000, 0x00000000a9180000, 0x00000000d5580000)
  object space 673280K, 10% used [0x0000000080000000,0x00000000847d6c78,0x00000000a9180000)
 Metaspace       used 109803K, capacity 114120K, committed 114304K, reserved 1148928K
  class space    used 13423K, capacity 14396K, committed 14464K, reserved 1048576K
Event: 427752.568 GC heap after
Heap after GC invocations=2263 (full 4):
 PSYoungGen      total 172544K, used 1504K [0x00000000d5580000, 0x00000000e0000000, 0x0000000100000000)
  eden space 170496K, 0% used [0x00000000d5580000,0x00000000d5580000,0x00000000dfc00000)
  from space 2048K, 73% used [0x00000000dfc00000,0x00000000dfd780a0,0x00000000dfe00000)
  to   space 2048K, 0% used [0x00000000dfe00000,0x00000000dfe00000,0x00000000e0000000)
 ParOldGen       total 673280K, used 73563K [0x0000000080000000, 0x00000000a9180000, 0x00000000d5580000)
  object space 673280K, 10% used [0x0000000080000000,0x00000000847d6c78,0x00000000a9180000)
 Metaspace       used 109803K, capacity 114120K, committed 114304K, reserved 1148928K
  class space    used 13423K, capacity 14396K, committed 14464K, reserved 1048576K
}
Event: 427942.682 GC heap before
{Heap before GC invocations=2264 (full 4):
 PSYoungGen      total 172544K, used 172000K [0x00000000d5580000, 0x00000000e0000000, 0x0000000100000000)
  eden space 170496K, 100% used [0x00000000d5580000,0x00000000dfc00000,0x00000000dfc00000)
  from space 2048K, 73% used [0x00000000dfc00000,0x00000000dfd780a0,0x00000000dfe00000)
  to   space 2048K, 0% used [0x00000000dfe00000,0x00000000dfe00000,0x00000000e0000000)
 ParOldGen       total 673280K, used 73563K [0x0000000080000000, 0x00000000a9180000, 0x00000000d5580000)
  object space 673280K, 10% used [0x0000000080000000,0x00000000847d6c78,0x00000000a9180000)
 Metaspace       used 109803K, capacity 114120K, committed 114304K, reserved 1148928K
  class space    used 13423K, capacity 14396K, committed 14464K, reserved 1048576K
Event: 427942.686 GC heap after
Heap after GC invocations=2264 (full 4):
 PSYoungGen      total 172544K, used 1600K [0x00000000d5580000, 0x00000000e0000000, 0x0000000100000000)
  eden space 170496K, 0% used [0x00000000d5580000,0x00000000d5580000,0x00000000dfc00000)
  from space 2048K, 78% used [0x00000000dfe00000,0x00000000dff900a0,0x00000000e0000000)
  to   space 2048K, 0% used [0x00000000dfc00000,0x00000000dfc00000,0x00000000dfe00000)
 ParOldGen       total 673280K, used 73563K [0x0000000080000000, 0x00000000a9180000, 0x00000000d5580000)
  object space 673280K, 10% used [0x0000000080000000,0x00000000847d6c78,0x00000000a9180000)
 Metaspace       used 109803K, capacity 114120K, committed 114304K, reserved 1148928K
  class space    used 13423K, capacity 14396K, committed 14464K, reserved 1048576K
}
Event: 428128.801 GC heap before
{Heap before GC invocations=2265 (full 4):
 PSYoungGen      total 172544K, used 172096K [0x00000000d5580000, 0x00000000e0000000, 0x0000000100000000)
  eden space 170496K, 100% used [0x00000000d5580000,0x00000000dfc00000,0x00000000dfc00000)
  from space 2048K, 78% used [0x00000000dfe00000,0x00000000dff900a0,0x00000000e0000000)
  to   space 2048K, 0% used [0x00000000dfc00000,0x00000000dfc00000,0x00000000dfe00000)
 ParOldGen       total 673280K, used 73563K [0x0000000080000000, 0x00000000a9180000, 0x00000000d5580000)
  object space 673280K, 10% used [0x0000000080000000,0x00000000847d6c78,0x00000000a9180000)
 Metaspace       used 109803K, capacity 114120K, committed 114304K, reserved 1148928K
  class space    used 13423K, capacity 14396K, committed 14464K, reserved 1048576K
Event: 428128.805 GC heap after
Heap after GC invocations=2265 (full 4):
 PSYoungGen      total 172544K, used 1600K [0x00000000d5580000, 0x00000000e0000000, 0x0000000100000000)
  eden space 170496K, 0% used [0x00000000d5580000,0x00000000d5580000,0x00000000dfc00000)
  from space 2048K, 78% used [0x00000000dfc00000,0x00000000dfd900a0,0x00000000dfe00000)
  to   space 2048K, 0% used [0x00000000dfe00000,0x00000000dfe00000,0x00000000e0000000)
 ParOldGen       total 673280K, used 73563K [0x0000000080000000, 0x00000000a9180000, 0x00000000d5580000)
  object space 673280K, 10% used [0x0000000080000000,0x00000000847d6c78,0x00000000a9180000)
 Metaspace       used 109803K, capacity 114120K, committed 114304K, reserved 1148928K
  class space    used 13423K, capacity 14396K, committed 14464K, reserved 1048576K
}
Event: 428317.894 GC heap before
{Heap before GC invocations=2266 (full 4):
 PSYoungGen      total 172544K, used 172096K [0x00000000d5580000, 0x00000000e0000000, 0x0000000100000000)
  eden space 170496K, 100% used [0x00000000d5580000,0x00000000dfc00000,0x00000000dfc00000)
  from space 2048K, 78% used [0x00000000dfc00000,0x00000000dfd900a0,0x00000000dfe00000)
  to   space 2048K, 0% used [0x00000000dfe00000,0x00000000dfe00000,0x00000000e0000000)
 ParOldGen       total 673280K, used 73563K [0x0000000080000000, 0x00000000a9180000, 0x00000000d5580000)
  object space 673280K, 10% used [0x0000000080000000,0x00000000847d6c78,0x00000000a9180000)
 Metaspace       used 109803K, capacity 114120K, committed 114304K, reserved 1148928K
  class space    used 13423K, capacity 14396K, committed 14464K, reserved 1048576K
Event: 428317.898 GC heap after
Heap after GC invocations=2266 (full 4):
 PSYoungGen      total 172544K, used 1568K [0x00000000d5580000, 0x00000000e0000000, 0x0000000100000000)
  eden space 170496K, 0% used [0x00000000d5580000,0x00000000d5580000,0x00000000dfc00000)
  from space 2048K, 76% used [0x00000000dfe00000,0x00000000dff880a0,0x00000000e0000000)
  to   space 2048K, 0% used [0x00000000dfc00000,0x00000000dfc00000,0x00000000dfe00000)
 ParOldGen       total 673280K, used 73563K [0x0000000080000000, 0x00000000a9180000, 0x00000000d5580000)
  object space 673280K, 10% used [0x0000000080000000,0x00000000847d6c78,0x00000000a9180000)
 Metaspace       used 109803K, capacity 114120K, committed 114304K, reserved 1148928K
  class space    used 13423K, capacity 14396K, committed 14464K, reserved 1048576K
}
Event: 428503.224 GC heap before
{Heap before GC invocations=2267 (full 4):
 PSYoungGen      total 172544K, used 172064K [0x00000000d5580000, 0x00000000e0000000, 0x0000000100000000)
  eden space 170496K, 100% used [0x00000000d5580000,0x00000000dfc00000,0x00000000dfc00000)
  from space 2048K, 76% used [0x00000000dfe00000,0x00000000dff880a0,0x00000000e0000000)
  to   space 2048K, 0% used [0x00000000dfc00000,0x00000000dfc00000,0x00000000dfe00000)
 ParOldGen       total 673280K, used 73563K [0x0000000080000000, 0x00000000a9180000, 0x00000000d5580000)
  object space 673280K, 10% used [0x0000000080000000,0x00000000847d6c78,0x00000000a9180000)
 Metaspace       used 109803K, capacity 114120K, committed 114304K, reserved 1148928K
  class space    used 13423K, capacity 14396K, committed 14464K, reserved 1048576K
Event: 428503.228 GC heap after
Heap after GC invocations=2267 (full 4):
 PSYoungGen      total 172544K, used 1616K [0x00000000d5580000, 0x00000000e0000000, 0x0000000100000000)
  eden space 170496K, 0% used [0x00000000d5580000,0x00000000d5580000,0x00000000dfc00000)
  from space 2048K, 78% used [0x00000000dfc00000,0x00000000dfd94090,0x00000000dfe00000)
  to   space 2048K, 0% used [0x00000000dfe00000,0x00000000dfe00000,0x00000000e0000000)
 ParOldGen       total 673280K, used 73563K [0x0000000080000000, 0x00000000a9180000, 0x00000000d5580000)
  object space 673280K, 10% used [0x0000000080000000,0x00000000847d6c78,0x00000000a9180000)
 Metaspace       used 109803K, capacity 114120K, committed 114304K, reserved 1148928K
  class space    used 13423K, capacity 14396K, committed 14464K, reserved 1048576K
}
Event: 428691.050 GC heap before
{Heap before GC invocations=2268 (full 4):
 PSYoungGen      total 172544K, used 172112K [0x00000000d5580000, 0x00000000e0000000, 0x0000000100000000)
  eden space 170496K, 100% used [0x00000000d5580000,0x00000000dfc00000,0x00000000dfc00000)
  from space 2048K, 78% used [0x00000000dfc00000,0x00000000dfd94090,0x00000000dfe00000)
  to   space 2048K, 0% used [0x00000000dfe00000,0x00000000dfe00000,0x00000000e0000000)
 ParOldGen       total 673280K, used 73563K [0x0000000080000000, 0x00000000a9180000, 0x00000000d5580000)
  object space 673280K, 10% used [0x0000000080000000,0x00000000847d6c78,0x00000000a9180000)
 Metaspace       used 109803K, capacity 114120K, committed 114304K, reserved 1148928K
  class space    used 13423K, capacity 14396K, committed 14464K, reserved 1048576K
Event: 428691.054 GC heap after
Heap after GC invocations=2268 (full 4):
 PSYoungGen      total 172544K, used 1552K [0x00000000d5580000, 0x00000000e0000000, 0x0000000100000000)
  eden space 170496K, 0% used [0x00000000d5580000,0x00000000d5580000,0x00000000dfc00000)
  from space 2048K, 75% used [0x00000000dfe00000,0x00000000dff84090,0x00000000e0000000)
  to   space 2048K, 0% used [0x00000000dfc00000,0x00000000dfc00000,0x00000000dfe00000)
 ParOldGen       total 673280K, used 73563K [0x0000000080000000, 0x00000000a9180000, 0x00000000d5580000)
  object space 673280K, 10% used [0x0000000080000000,0x00000000847d6c78,0x00000000a9180000)
 Metaspace       used 109803K, capacity 114120K, committed 114304K, reserved 1148928K
  class space    used 13423K, capacity 14396K, committed 14464K, reserved 1048576K
}
Event: 428881.327 GC heap before
{Heap before GC invocations=2269 (full 4):
 PSYoungGen      total 172544K, used 172048K [0x00000000d5580000, 0x00000000e0000000, 0x0000000100000000)
  eden space 170496K, 100% used [0x00000000d5580000,0x00000000dfc00000,0x00000000dfc00000)
  from space 2048K, 75% used [0x00000000dfe00000,0x00000000dff84090,0x00000000e0000000)
  to   space 2048K, 0% used [0x00000000dfc00000,0x00000000dfc00000,0x00000000dfe00000)
 ParOldGen       total 673280K, used 73563K [0x0000000080000000, 0x00000000a9180000, 0x00000000d5580000)
  object space 673280K, 10% used [0x0000000080000000,0x00000000847d6c78,0x00000000a9180000)
 Metaspace       used 109803K, capacity 114120K, committed 114304K, reserved 1148928K
  class space    used 13423K, capacity 14396K, committed 14464K, reserved 1048576K
Event: 428881.331 GC heap after
Heap after GC invocations=2269 (full 4):
 PSYoungGen      total 172544K, used 1632K [0x00000000d5580000, 0x00000000e0000000, 0x0000000100000000)
  eden space 170496K, 0% used [0x00000000d5580000,0x00000000d5580000,0x00000000dfc00000)
  from space 2048K, 79% used [0x00000000dfc00000,0x00000000dfd980a0,0x00000000dfe00000)
  to   space 2048K, 0% used [0x00000000dfe00000,0x00000000dfe00000,0x00000000e0000000)
 ParOldGen       total 673280K, used 73563K [0x0000000080000000, 0x00000000a9180000, 0x00000000d5580000)
  object space 673280K, 10% used [0x0000000080000000,0x00000000847d6c78,0x00000000a9180000)
 Metaspace       used 109803K, capacity 114120K, committed 114304K, reserved 1148928K
  class space    used 13423K, capacity 14396K, committed 14464K, reserved 1048576K
}
Event: 429069.548 GC heap before
{Heap before GC invocations=2270 (full 4):
 PSYoungGen      total 172544K, used 172128K [0x00000000d5580000, 0x00000000e0000000, 0x0000000100000000)
  eden space 170496K, 100% used [0x00000000d5580000,0x00000000dfc00000,0x00000000dfc00000)
  from space 2048K, 79% used [0x00000000dfc00000,0x00000000dfd980a0,0x00000000dfe00000)
  to   space 2048K, 0% used [0x00000000dfe00000,0x00000000dfe00000,0x00000000e0000000)
 ParOldGen       total 673280K, used 73563K [0x0000000080000000, 0x00000000a9180000, 0x00000000d5580000)
  object space 673280K, 10% used [0x0000000080000000,0x00000000847d6c78,0x00000000a9180000)
 Metaspace       used 109803K, capacity 114120K, committed 114304K, reserved 1148928K
  class space    used 13423K, capacity 14396K, committed 14464K, reserved 1048576K
Event: 429069.552 GC heap after
Heap after GC invocations=2270 (full 4):
 PSYoungGen      total 172544K, used 1536K [0x00000000d5580000, 0x00000000e0000000, 0x0000000100000000)
  eden space 170496K, 0% used [0x00000000d5580000,0x00000000d5580000,0x00000000dfc00000)
  from space 2048K, 75% used [0x00000000dfe00000,0x00000000dff800a0,0x00000000e0000000)
  to   space 2048K, 0% used [0x00000000dfc00000,0x00000000dfc00000,0x00000000dfe00000)
 ParOldGen       total 673280K, used 73563K [0x0000000080000000, 0x00000000a9180000, 0x00000000d5580000)
  object space 673280K, 10% used [0x0000000080000000,0x00000000847d6c78,0x00000000a9180000)
 Metaspace       used 109803K, capacity 114120K, committed 114304K, reserved 1148928K
  class space    used 13423K, capacity 14396K, committed 14464K, reserved 1048576K
}
Event: 429258.757 GC heap before
{Heap before GC invocations=2271 (full 4):
 PSYoungGen      total 172544K, used 172032K [0x00000000d5580000, 0x00000000e0000000, 0x0000000100000000)
  eden space 170496K, 100% used [0x00000000d5580000,0x00000000dfc00000,0x00000000dfc00000)
  from space 2048K, 75% used [0x00000000dfe00000,0x00000000dff800a0,0x00000000e0000000)
  to   space 2048K, 0% used [0x00000000dfc00000,0x00000000dfc00000,0x00000000dfe00000)
 ParOldGen       total 673280K, used 73563K [0x0000000080000000, 0x00000000a9180000, 0x00000000d5580000)
  object space 673280K, 10% used [0x0000000080000000,0x00000000847d6c78,0x00000000a9180000)
 Metaspace       used 109803K, capacity 114120K, committed 114304K, reserved 1148928K
  class space    used 13423K, capacity 14396K, committed 14464K, reserved 1048576K
Event: 429258.761 GC heap after
Heap after GC invocations=2271 (full 4):
 PSYoungGen      total 172544K, used 1584K [0x00000000d5580000, 0x00000000e0000000, 0x0000000100000000)
  eden space 170496K, 0% used [0x00000000d5580000,0x00000000d5580000,0x00000000dfc00000)
  from space 2048K, 77% used [0x00000000dfc00000,0x00000000dfd8c0b0,0x00000000dfe00000)
  to   space 2048K, 0% used [0x00000000dfe00000,0x00000000dfe00000,0x00000000e0000000)
 ParOldGen       total 673280K, used 73563K [0x0000000080000000, 0x00000000a9180000, 0x00000000d5580000)
  object space 673280K, 10% used [0x0000000080000000,0x00000000847d6c78,0x00000000a9180000)
 Metaspace       used 109803K, capacity 114120K, committed 114304K, reserved 1148928K
  class space    used 13423K, capacity 14396K, committed 14464K, reserved 1048576K
}
Event: 429448.291 GC heap before
{Heap before GC invocations=2272 (full 4):
 PSYoungGen      total 172544K, used 172080K [0x00000000d5580000, 0x00000000e0000000, 0x0000000100000000)
  eden space 170496K, 100% used [0x00000000d5580000,0x00000000dfc00000,0x00000000dfc00000)
  from space 2048K, 77% used [0x00000000dfc00000,0x00000000dfd8c0b0,0x00000000dfe00000)
  to   space 2048K, 0% used [0x00000000dfe00000,0x00000000dfe00000,0x00000000e0000000)
 ParOldGen       total 673280K, used 73563K [0x0000000080000000, 0x00000000a9180000, 0x00000000d5580000)
  object space 673280K, 10% used [0x0000000080000000,0x00000000847d6c78,0x00000000a9180000)
 Metaspace       used 109803K, capacity 114120K, committed 114304K, reserved 1148928K
  class space    used 13423K, capacity 14396K, committed 14464K, reserved 1048576K
Event: 429448.296 GC heap after
Heap after GC invocations=2272 (full 4):
 PSYoungGen      total 172544K, used 1616K [0x00000000d5580000, 0x00000000e0000000, 0x0000000100000000)
  eden space 170496K, 0% used [0x00000000d5580000,0x00000000d5580000,0x00000000dfc00000)
  from space 2048K, 78% used [0x00000000dfe00000,0x00000000dff940b0,0x00000000e0000000)
  to   space 2048K, 0% used [0x00000000dfc00000,0x00000000dfc00000,0x00000000dfe00000)
 ParOldGen       total 673280K, used 73563K [0x0000000080000000, 0x00000000a9180000, 0x00000000d5580000)
  object space 673280K, 10% used [0x0000000080000000,0x00000000847d6c78,0x00000000a9180000)
 Metaspace       used 109803K, capacity 114120K, committed 114304K, reserved 1148928K
  class space    used 13423K, capacity 14396K, committed 14464K, reserved 1048576K
}
Event: 429638.782 GC heap before
{Heap before GC invocations=2273 (full 4):
 PSYoungGen      total 172544K, used 172112K [0x00000000d5580000, 0x00000000e0000000, 0x0000000100000000)
  eden space 170496K, 100% used [0x00000000d5580000,0x00000000dfc00000,0x00000000dfc00000)
  from space 2048K, 78% used [0x00000000dfe00000,0x00000000dff940b0,0x00000000e0000000)
  to   space 2048K, 0% used [0x00000000dfc00000,0x00000000dfc00000,0x00000000dfe00000)
 ParOldGen       total 673280K, used 73563K [0x0000000080000000, 0x00000000a9180000, 0x00000000d5580000)
  object space 673280K, 10% used [0x0000000080000000,0x00000000847d6c78,0x00000000a9180000)
 Metaspace       used 109803K, capacity 114120K, committed 114304K, reserved 1148928K
  class space    used 13423K, capacity 14396K, committed 14464K, reserved 1048576K
Event: 429638.786 GC heap after
Heap after GC invocations=2273 (full 4):
 PSYoungGen      total 172544K, used 1600K [0x00000000d5580000, 0x00000000e0000000, 0x0000000100000000)
  eden space 170496K, 0% used [0x00000000d5580000,0x00000000d5580000,0x00000000dfc00000)
  from space 2048K, 78% used [0x00000000dfc00000,0x00000000dfd90080,0x00000000dfe00000)
  to   space 2048K, 0% used [0x00000000dfe00000,0x00000000dfe00000,0x00000000e0000000)
 ParOldGen       total 673280K, used 73563K [0x0000000080000000, 0x00000000a9180000, 0x00000000d5580000)
  object space 673280K, 10% used [0x0000000080000000,0x00000000847d6c78,0x00000000a9180000)
 Metaspace       used 109803K, capacity 114120K, committed 114304K, reserved 1148928K
  class space    used 13423K, capacity 14396K, committed 14464K, reserved 1048576K
}
Event: 429830.335 GC heap before
{Heap before GC invocations=2274 (full 4):
 PSYoungGen      total 172544K, used 172096K [0x00000000d5580000, 0x00000000e0000000, 0x0000000100000000)
  eden space 170496K, 100% used [0x00000000d5580000,0x00000000dfc00000,0x00000000dfc00000)
  from space 2048K, 78% used [0x00000000dfc00000,0x00000000dfd90080,0x00000000dfe00000)
  to   space 2048K, 0% used [0x00000000dfe00000,0x00000000dfe00000,0x00000000e0000000)
 ParOldGen       total 673280K, used 73563K [0x0000000080000000, 0x00000000a9180000, 0x00000000d5580000)
  object space 673280K, 10% used [0x0000000080000000,0x00000000847d6c78,0x00000000a9180000)
 Metaspace       used 109803K, capacity 114120K, committed 114304K, reserved 1148928K
  class space    used 13423K, capacity 14396K, committed 14464K, reserved 1048576K
Event: 429830.338 GC heap after
Heap after GC invocations=2274 (full 4):
 PSYoungGen      total 172544K, used 1552K [0x00000000d5580000, 0x00000000e0000000, 0x0000000100000000)
  eden space 170496K, 0% used [0x00000000d5580000,0x00000000d5580000,0x00000000dfc00000)
  from space 2048K, 75% used [0x00000000dfe00000,0x00000000dff840b0,0x00000000e0000000)
  to   space 2048K, 0% used [0x00000000dfc00000,0x00000000dfc00000,0x00000000dfe00000)
 ParOldGen       total 673280K, used 73563K [0x0000000080000000, 0x00000000a9180000, 0x00000000d5580000)
  object space 673280K, 10% used [0x0000000080000000,0x00000000847d6c78,0x00000000a9180000)
 Metaspace       used 109803K, capacity 114120K, committed 114304K, reserved 1148928K
  class space    used 13423K, capacity 14396K, committed 14464K, reserved 1048576K
}
Event: 429914.885 GC heap before
{Heap before GC invocations=2275 (full 4):
 PSYoungGen      total 172544K, used 172048K [0x00000000d5580000, 0x00000000e0000000, 0x0000000100000000)
  eden space 170496K, 100% used [0x00000000d5580000,0x00000000dfc00000,0x00000000dfc00000)
  from space 2048K, 75% used [0x00000000dfe00000,0x00000000dff840b0,0x00000000e0000000)
  to   space 2048K, 0% used [0x00000000dfc00000,0x00000000dfc00000,0x00000000dfe00000)
 ParOldGen       total 673280K, used 73563K [0x0000000080000000, 0x00000000a9180000, 0x00000000d5580000)
  object space 673280K, 10% used [0x0000000080000000,0x00000000847d6c78,0x00000000a9180000)
 Metaspace       used 109812K, capacity 114184K, committed 114304K, reserved 1148928K
  class space    used 13423K, capacity 14396K, committed 14464K, reserved 1048576K
Event: 429914.888 GC heap after
Heap after GC invocations=2275 (full 4):
 PSYoungGen      total 172544K, used 1696K [0x00000000d5580000, 0x00000000e0000000, 0x0000000100000000)
  eden space 170496K, 0% used [0x00000000d5580000,0x00000000d5580000,0x00000000dfc00000)
  from space 2048K, 82% used [0x00000000dfc00000,0x00000000dfda80b0,0x00000000dfe00000)
  to   space 2048K, 0% used [0x00000000dfe00000,0x00000000dfe00000,0x00000000e0000000)
 ParOldGen       total 673280K, used 73563K [0x0000000080000000, 0x00000000a9180000, 0x00000000d5580000)
  object space 673280K, 10% used [0x0000000080000000,0x00000000847d6c78,0x00000000a9180000)
 Metaspace       used 109812K, capacity 114184K, committed 114304K, reserved 1148928K
  class space    used 13423K, capacity 14396K, committed 14464K, reserved 1048576K
}
Event: 429917.003 GC heap before
{Heap before GC invocations=2276 (full 4):
 PSYoungGen      total 172544K, used 172192K [0x00000000d5580000, 0x00000000e0000000, 0x0000000100000000)
  eden space 170496K, 100% used [0x00000000d5580000,0x00000000dfc00000,0x00000000dfc00000)
  from space 2048K, 82% used [0x00000000dfc00000,0x00000000dfda80b0,0x00000000dfe00000)
  to   space 2048K, 0% used [0x00000000dfe00000,0x00000000dfe00000,0x00000000e0000000)
 ParOldGen       total 673280K, used 73563K [0x0000000080000000, 0x00000000a9180000, 0x00000000d5580000)
  object space 673280K, 10% used [0x0000000080000000,0x00000000847d6c78,0x00000000a9180000)
 Metaspace       used 109812K, capacity 114184K, committed 114304K, reserved 1148928K
  class space    used 13423K, capacity 14396K, committed 14464K, reserved 1048576K
Event: 429917.007 GC heap after
Heap after GC invocations=2276 (full 4):
 PSYoungGen      total 172544K, used 1424K [0x00000000d5580000, 0x00000000e0000000, 0x0000000100000000)
  eden space 170496K, 0% used [0x00000000d5580000,0x00000000d5580000,0x00000000dfc00000)
  from space 2048K, 69% used [0x00000000dfe00000,0x00000000dff64060,0x00000000e0000000)
  to   space 2048K, 0% used [0x00000000dfc00000,0x00000000dfc00000,0x00000000dfe00000)
 ParOldGen       total 673280K, used 73563K [0x0000000080000000, 0x00000000a9180000, 0x00000000d5580000)
  object space 673280K, 10% used [0x0000000080000000,0x00000000847d6c78,0x00000000a9180000)
 Metaspace       used 109812K, capacity 114184K, committed 114304K, reserved 1148928K
  class space    used 13423K, capacity 14396K, committed 14464K, reserved 1048576K
}
Event: 429919.140 GC heap before
{Heap before GC invocations=2277 (full 4):
 PSYoungGen      total 172544K, used 171920K [0x00000000d5580000, 0x00000000e0000000, 0x0000000100000000)
  eden space 170496K, 100% used [0x00000000d5580000,0x00000000dfc00000,0x00000000dfc00000)
  from space 2048K, 69% used [0x00000000dfe00000,0x00000000dff64060,0x00000000e0000000)
  to   space 2048K, 0% used [0x00000000dfc00000,0x00000000dfc00000,0x00000000dfe00000)
 ParOldGen       total 673280K, used 73563K [0x0000000080000000, 0x00000000a9180000, 0x00000000d5580000)
  object space 673280K, 10% used [0x0000000080000000,0x00000000847d6c78,0x00000000a9180000)
 Metaspace       used 109812K, capacity 114184K, committed 114304K, reserved 1148928K
  class space    used 13423K, capacity 14396K, committed 14464K, reserved 1048576K
Event: 429919.144 GC heap after
Heap after GC invocations=2277 (full 4):
 PSYoungGen      total 172544K, used 1360K [0x00000000d5580000, 0x00000000e0000000, 0x0000000100000000)
  eden space 170496K, 0% used [0x00000000d5580000,0x00000000d5580000,0x00000000dfc00000)
  from space 2048K, 66% used [0x00000000dfc00000,0x00000000dfd54060,0x00000000dfe00000)
  to   space 2048K, 0% used [0x00000000dfe00000,0x00000000dfe00000,0x00000000e0000000)
 ParOldGen       total 673280K, used 73563K [0x0000000080000000, 0x00000000a9180000, 0x00000000d5580000)
  object space 673280K, 10% used [0x0000000080000000,0x00000000847d6c78,0x00000000a9180000)
 Metaspace       used 109812K, capacity 114184K, committed 114304K, reserved 1148928K
  class space    used 13423K, capacity 14396K, committed 14464K, reserved 1048576K
}
Event: 429921.231 GC heap before
{Heap before GC invocations=2278 (full 4):
 PSYoungGen      total 172544K, used 171856K [0x00000000d5580000, 0x00000000e0000000, 0x0000000100000000)
  eden space 170496K, 100% used [0x00000000d5580000,0x00000000dfc00000,0x00000000dfc00000)
  from space 2048K, 66% used [0x00000000dfc00000,0x00000000dfd54060,0x00000000dfe00000)
  to   space 2048K, 0% used [0x00000000dfe00000,0x00000000dfe00000,0x00000000e0000000)
 ParOldGen       total 673280K, used 73563K [0x0000000080000000, 0x00000000a9180000, 0x00000000d5580000)
  object space 673280K, 10% used [0x0000000080000000,0x00000000847d6c78,0x00000000a9180000)
 Metaspace       used 109812K, capacity 114184K, committed 114304K, reserved 1148928K
  class space    used 13423K, capacity 14396K, committed 14464K, reserved 1048576K
Event: 429921.234 GC heap after
Heap after GC invocations=2278 (full 4):
 PSYoungGen      total 172544K, used 1392K [0x00000000d5580000, 0x00000000e0000000, 0x0000000100000000)
  eden space 170496K, 0% used [0x00000000d5580000,0x00000000d5580000,0x00000000dfc00000)
  from space 2048K, 67% used [0x00000000dfe00000,0x00000000dff5c060,0x00000000e0000000)
  to   space 2048K, 0% used [0x00000000dfc00000,0x00000000dfc00000,0x00000000dfe00000)
 ParOldGen       total 673280K, used 73563K [0x0000000080000000, 0x00000000a9180000, 0x00000000d5580000)
  object space 673280K, 10% used [0x0000000080000000,0x00000000847d6c78,0x00000000a9180000)
 Metaspace       used 109812K, capacity 114184K, committed 114304K, reserved 1148928K
  class space    used 13423K, capacity 14396K, committed 14464K, reserved 1048576K
}
Event: 429959.855 GC heap before
{Heap before GC invocations=2279 (full 4):
 PSYoungGen      total 172544K, used 171888K [0x00000000d5580000, 0x00000000e0000000, 0x0000000100000000)
  eden space 170496K, 100% used [0x00000000d5580000,0x00000000dfc00000,0x00000000dfc00000)
  from space 2048K, 67% used [0x00000000dfe00000,0x00000000dff5c060,0x00000000e0000000)
  to   space 2048K, 0% used [0x00000000dfc00000,0x00000000dfc00000,0x00000000dfe00000)
 ParOldGen       total 673280K, used 73563K [0x0000000080000000, 0x00000000a9180000, 0x00000000d5580000)
  object space 673280K, 10% used [0x0000000080000000,0x00000000847d6c78,0x00000000a9180000)
 Metaspace       used 110138K, capacity 114470K, committed 114560K, reserved 1148928K
  class space    used 13428K, capacity 14397K, committed 14464K, reserved 1048576K
Event: 429959.859 GC heap after
Heap after GC invocations=2279 (full 4):
 PSYoungGen      total 172544K, used 1616K [0x00000000d5580000, 0x00000000e0000000, 0x0000000100000000)
  eden space 170496K, 0% used [0x00000000d5580000,0x00000000d5580000,0x00000000dfc00000)
  from space 2048K, 78% used [0x00000000dfc00000,0x00000000dfd940a0,0x00000000dfe00000)
  to   space 2048K, 0% used [0x00000000dfe00000,0x00000000dfe00000,0x00000000e0000000)
 ParOldGen       total 673280K, used 73571K [0x0000000080000000, 0x00000000a9180000, 0x00000000d5580000)
  object space 673280K, 10% used [0x0000000080000000,0x00000000847d8c78,0x00000000a9180000)
 Metaspace       used 110138K, capacity 114470K, committed 114560K, reserved 1148928K
  class space    used 13428K, capacity 14397K, committed 14464K, reserved 1048576K
}
Event: 430140.054 GC heap before
{Heap before GC invocations=2280 (full 4):
 PSYoungGen      total 172544K, used 172112K [0x00000000d5580000, 0x00000000e0000000, 0x0000000100000000)
  eden space 170496K, 100% used [0x00000000d5580000,0x00000000dfc00000,0x00000000dfc00000)
  from space 2048K, 78% used [0x00000000dfc00000,0x00000000dfd940a0,0x00000000dfe00000)
  to   space 2048K, 0% used [0x00000000dfe00000,0x00000000dfe00000,0x00000000e0000000)
 ParOldGen       total 673280K, used 73571K [0x0000000080000000, 0x00000000a9180000, 0x00000000d5580000)
  object space 673280K, 10% used [0x0000000080000000,0x00000000847d8c78,0x00000000a9180000)
 Metaspace       used 110138K, capacity 114470K, committed 114560K, reserved 1148928K
  class space    used 13428K, capacity 14397K, committed 14464K, reserved 1048576K
Event: 430140.060 GC heap after
Heap after GC invocations=2280 (full 4):
 PSYoungGen      total 172544K, used 2032K [0x00000000d5580000, 0x00000000e0000000, 0x0000000100000000)
  eden space 170496K, 0% used [0x00000000d5580000,0x00000000d5580000,0x00000000dfc00000)
  from space 2048K, 99% used [0x00000000dfe00000,0x00000000dfffc0e0,0x00000000e0000000)
  to   space 2048K, 0% used [0x00000000dfc00000,0x00000000dfc00000,0x00000000dfe00000)
 ParOldGen       total 673280K, used 73639K [0x0000000080000000, 0x00000000a9180000, 0x00000000d5580000)
  object space 673280K, 10% used [0x0000000080000000,0x00000000847e9cb8,0x00000000a9180000)
 Metaspace       used 110138K, capacity 114470K, committed 114560K, reserved 1148928K
  class space    used 13428K, capacity 14397K, committed 14464K, reserved 1048576K
}
Event: 430318.162 GC heap before
{Heap before GC invocations=2281 (full 4):
 PSYoungGen      total 172544K, used 172528K [0x00000000d5580000, 0x00000000e0000000, 0x0000000100000000)
  eden space 170496K, 100% used [0x00000000d5580000,0x00000000dfc00000,0x00000000dfc00000)
  from space 2048K, 99% used [0x00000000dfe00000,0x00000000dfffc0e0,0x00000000e0000000)
  to   space 2048K, 0% used [0x00000000dfc00000,0x00000000dfc00000,0x00000000dfe00000)
 ParOldGen       total 673280K, used 73639K [0x0000000080000000, 0x00000000a9180000, 0x00000000d5580000)
  object space 673280K, 10% used [0x0000000080000000,0x00000000847e9cb8,0x00000000a9180000)
 Metaspace       used 110138K, capacity 114470K, committed 114560K, reserved 1148928K
  class space    used 13428K, capacity 14397K, committed 14464K, reserved 1048576K
Event: 430318.166 GC heap after
Heap after GC invocations=2281 (full 4):
 PSYoungGen      total 172544K, used 2032K [0x00000000d5580000, 0x00000000e0000000, 0x0000000100000000)
  eden space 170496K, 0% used [0x00000000d5580000,0x00000000d5580000,0x00000000dfc00000)
  from space 2048K, 99% used [0x00000000dfc00000,0x00000000dfdfc0e0,0x00000000dfe00000)
  to   space 2048K, 0% used [0x00000000dfe00000,0x00000000dfe00000,0x00000000e0000000)
 ParOldGen       total 673280K, used 73803K [0x0000000080000000, 0x00000000a9180000, 0x00000000d5580000)
  object space 673280K, 10% used [0x0000000080000000,0x0000000084812d58,0x00000000a9180000)
 Metaspace       used 110138K, capacity 114470K, committed 114560K, reserved 1148928K
  class space    used 13428K, capacity 14397K, committed 14464K, reserved 1048576K
}
Event: 430503.922 GC heap before
{Heap before GC invocations=2282 (full 4):
 PSYoungGen      total 172544K, used 172528K [0x00000000d5580000, 0x00000000e0000000, 0x0000000100000000)
  eden space 170496K, 100% used [0x00000000d5580000,0x00000000dfc00000,0x00000000dfc00000)
  from space 2048K, 99% used [0x00000000dfc00000,0x00000000dfdfc0e0,0x00000000dfe00000)
  to   space 2048K, 0% used [0x00000000dfe00000,0x00000000dfe00000,0x00000000e0000000)
 ParOldGen       total 673280K, used 73803K [0x0000000080000000, 0x00000000a9180000, 0x00000000d5580000)
  object space 673280K, 10% used [0x0000000080000000,0x0000000084812d58,0x00000000a9180000)
 Metaspace       used 110138K, capacity 114470K, committed 114560K, reserved 1148928K
  class space    used 13428K, capacity 14397K, committed 14464K, reserved 1048576K
Event: 430503.926 GC heap after
Heap after GC invocations=2282 (full 4):
 PSYoungGen      total 171520K, used 2032K [0x00000000d5580000, 0x00000000e0000000, 0x0000000100000000)
  eden space 169472K, 0% used [0x00000000d5580000,0x00000000d5580000,0x00000000dfb00000)
  from space 2048K, 99% used [0x00000000dfe00000,0x00000000dfffc0e0,0x00000000e0000000)
  to   space 2560K, 0% used [0x00000000dfb00000,0x00000000dfb00000,0x00000000dfd80000)
 ParOldGen       total 673280K, used 73983K [0x0000000080000000, 0x00000000a9180000, 0x00000000d5580000)
  object space 673280K, 10% used [0x0000000080000000,0x000000008483fe38,0x00000000a9180000)
 Metaspace       used 110138K, capacity 114470K, committed 114560K, reserved 1148928K
  class space    used 13428K, capacity 14397K, committed 14464K, reserved 1048576K
}
Event: 430689.229 GC heap before
{Heap before GC invocations=2283 (full 4):
 PSYoungGen      total 171520K, used 171504K [0x00000000d5580000, 0x00000000e0000000, 0x0000000100000000)
  eden space 169472K, 100% used [0x00000000d5580000,0x00000000dfb00000,0x00000000dfb00000)
  from space 2048K, 99% used [0x00000000dfe00000,0x00000000dfffc0e0,0x00000000e0000000)
  to   space 2560K, 0% used [0x00000000dfb00000,0x00000000dfb00000,0x00000000dfd80000)
 ParOldGen       total 673280K, used 73983K [0x0000000080000000, 0x00000000a9180000, 0x00000000d5580000)
  object space 673280K, 10% used [0x0000000080000000,0x000000008483fe38,0x00000000a9180000)
 Metaspace       used 110138K, capacity 114470K, committed 114560K, reserved 1148928K
  class space    used 13428K, capacity 14397K, committed 14464K, reserved 1048576K
Event: 430689.233 GC heap after
Heap after GC invocations=2283 (full 4):
 PSYoungGen      total 172032K, used 2160K [0x00000000d5580000, 0x00000000e0000000, 0x0000000100000000)
  eden space 169472K, 0% used [0x00000000d5580000,0x00000000d5580000,0x00000000dfb00000)
  from space 2560K, 84% used [0x00000000dfb00000,0x00000000dfd1c110,0x00000000dfd80000)
  to   space 2560K, 0% used [0x00000000dfd80000,0x00000000dfd80000,0x00000000e0000000)
 ParOldGen       total 673280K, used 74063K [0x0000000080000000, 0x00000000a9180000, 0x00000000d5580000)
  object space 673280K, 11% used [0x0000000080000000,0x0000000084853e58,0x00000000a9180000)
 Metaspace       used 110138K, capacity 114470K, committed 114560K, reserved 1148928K
  class space    used 13428K, capacity 14397K, committed 14464K, reserved 1048576K
}
Event: 430702.648 GC heap before
{Heap before GC invocations=2284 (full 4):
 PSYoungGen      total 172032K, used 171632K [0x00000000d5580000, 0x00000000e0000000, 0x0000000100000000)
  eden space 169472K, 100% used [0x00000000d5580000,0x00000000dfb00000,0x00000000dfb00000)
  from space 2560K, 84% used [0x00000000dfb00000,0x00000000dfd1c110,0x00000000dfd80000)
  to   space 2560K, 0% used [0x00000000dfd80000,0x00000000dfd80000,0x00000000e0000000)
 ParOldGen       total 673280K, used 74063K [0x0000000080000000, 0x00000000a9180000, 0x00000000d5580000)
  object space 673280K, 11% used [0x0000000080000000,0x0000000084853e58,0x00000000a9180000)
 Metaspace       used 110144K, capacity 114470K, committed 114560K, reserved 1148928K
  class space    used 13428K, capacity 14397K, committed 14464K, reserved 1048576K
Event: 430702.652 GC heap after
Heap after GC invocations=2284 (full 4):
 PSYoungGen      total 172032K, used 2288K [0x00000000d5580000, 0x00000000e0000000, 0x0000000100000000)
  eden space 169472K, 0% used [0x00000000d5580000,0x00000000d5580000,0x00000000dfb00000)
  from space 2560K, 89% used [0x00000000dfd80000,0x00000000dffbc0d0,0x00000000e0000000)
  to   space 2560K, 0% used [0x00000000dfb00000,0x00000000dfb00000,0x00000000dfd80000)
 ParOldGen       total 673280K, used 74063K [0x0000000080000000, 0x00000000a9180000, 0x00000000d5580000)
  object space 673280K, 11% used [0x0000000080000000,0x0000000084853e58,0x00000000a9180000)
 Metaspace       used 110144K, capacity 114470K, committed 114560K, reserved 1148928K
  class space    used 13428K, capacity 14397K, committed 14464K, reserved 1048576K
}
Event: 430704.779 GC heap before
{Heap before GC invocations=2285 (full 4):
 PSYoungGen      total 172032K, used 171760K [0x00000000d5580000, 0x00000000e0000000, 0x0000000100000000)
  eden space 169472K, 100% used [0x00000000d5580000,0x00000000dfb00000,0x00000000dfb00000)
  from space 2560K, 89% used [0x00000000dfd80000,0x00000000dffbc0d0,0x00000000e0000000)
  to   space 2560K, 0% used [0x00000000dfb00000,0x00000000dfb00000,0x00000000dfd80000)
 ParOldGen       total 673280K, used 74063K [0x0000000080000000, 0x00000000a9180000, 0x00000000d5580000)
  object space 673280K, 11% used [0x0000000080000000,0x0000000084853e58,0x00000000a9180000)
 Metaspace       used 110144K, capacity 114470K, committed 114560K, reserved 1148928K
  class space    used 13428K, capacity 14397K, committed 14464K, reserved 1048576K
Event: 430704.783 GC heap after
Heap after GC invocations=2285 (full 4):
 PSYoungGen      total 172032K, used 2160K [0x00000000d5580000, 0x00000000e0000000, 0x0000000100000000)
  eden space 169472K, 0% used [0x00000000d5580000,0x00000000d5580000,0x00000000dfb00000)
  from space 2560K, 84% used [0x00000000dfb00000,0x00000000dfd1c0d0,0x00000000dfd80000)
  to   space 2560K, 0% used [0x00000000dfd80000,0x00000000dfd80000,0x00000000e0000000)
 ParOldGen       total 673280K, used 74063K [0x0000000080000000, 0x00000000a9180000, 0x00000000d5580000)
  object space 673280K, 11% used [0x0000000080000000,0x0000000084853e58,0x00000000a9180000)
 Metaspace       used 110144K, capacity 114470K, committed 114560K, reserved 1148928K
  class space    used 13428K, capacity 14397K, committed 14464K, reserved 1048576K
}
Event: 430706.880 GC heap before
{Heap before GC invocations=2286 (full 4):
 PSYoungGen      total 172032K, used 171632K [0x00000000d5580000, 0x00000000e0000000, 0x0000000100000000)
  eden space 169472K, 100% used [0x00000000d5580000,0x00000000dfb00000,0x00000000dfb00000)
  from space 2560K, 84% used [0x00000000dfb00000,0x00000000dfd1c0d0,0x00000000dfd80000)
  to   space 2560K, 0% used [0x00000000dfd80000,0x00000000dfd80000,0x00000000e0000000)
 ParOldGen       total 673280K, used 74063K [0x0000000080000000, 0x00000000a9180000, 0x00000000d5580000)
  object space 673280K, 11% used [0x0000000080000000,0x0000000084853e58,0x00000000a9180000)
 Metaspace       used 110144K, capacity 114470K, committed 114560K, reserved 1148928K
  class space    used 13428K, capacity 14397K, committed 14464K, reserved 1048576K
Event: 430706.884 GC heap after
Heap after GC invocations=2286 (full 4):
 PSYoungGen      total 171008K, used 2192K [0x00000000d5580000, 0x00000000e0000000, 0x0000000100000000)
  eden space 168448K, 0% used [0x00000000d5580000,0x00000000d5580000,0x00000000dfa00000)
  from space 2560K, 85% used [0x00000000dfd80000,0x00000000dffa40d0,0x00000000e0000000)
  to   space 3072K, 0% used [0x00000000dfa00000,0x00000000dfa00000,0x00000000dfd00000)
 ParOldGen       total 673280K, used 74063K [0x0000000080000000, 0x00000000a9180000, 0x00000000d5580000)
  object space 673280K, 11% used [0x0000000080000000,0x0000000084853e58,0x00000000a9180000)
 Metaspace       used 110144K, capacity 114470K, committed 114560K, reserved 1148928K
  class space    used 13428K, capacity 14397K, committed 14464K, reserved 1048576K
}
Event: 430708.650 GC heap before
{Heap before GC invocations=2287 (full 4):
 PSYoungGen      total 171008K, used 170640K [0x00000000d5580000, 0x00000000e0000000, 0x0000000100000000)
  eden space 168448K, 100% used [0x00000000d5580000,0x00000000dfa00000,0x00000000dfa00000)
  from space 2560K, 85% used [0x00000000dfd80000,0x00000000dffa40d0,0x00000000e0000000)
  to   space 3072K, 0% used [0x00000000dfa00000,0x00000000dfa00000,0x00000000dfd00000)
 ParOldGen       total 673280K, used 74063K [0x0000000080000000, 0x00000000a9180000, 0x00000000d5580000)
  object space 673280K, 11% used [0x0000000080000000,0x0000000084853e58,0x00000000a9180000)
 Metaspace       used 110189K, capacity 114546K, committed 114816K, reserved 1148928K
  class space    used 13429K, capacity 14399K, committed 14464K, reserved 1048576K
Event: 430708.655 GC heap after
Heap after GC invocations=2287 (full 4):
 PSYoungGen      total 171520K, used 3040K [0x00000000d5580000, 0x00000000e0000000, 0x0000000100000000)
  eden space 168448K, 0% used [0x00000000d5580000,0x00000000d5580000,0x00000000dfa00000)
  from space 3072K, 98% used [0x00000000dfa00000,0x00000000dfcf81e0,0x00000000dfd00000)
  to   space 3072K, 0% used [0x00000000dfd00000,0x00000000dfd00000,0x00000000e0000000)
 ParOldGen       total 673280K, used 74355K [0x0000000080000000, 0x00000000a9180000, 0x00000000d5580000)
  object space 673280K, 11% used [0x0000000080000000,0x000000008489ced8,0x00000000a9180000)
 Metaspace       used 110189K, capacity 114546K, committed 114816K, reserved 1148928K
  class space    used 13429K, capacity 14399K, committed 14464K, reserved 1048576K
}
Event: 430709.321 GC heap before
{Heap before GC invocations=2288 (full 4):
 PSYoungGen      total 171520K, used 171488K [0x00000000d5580000, 0x00000000e0000000, 0x0000000100000000)
  eden space 168448K, 100% used [0x00000000d5580000,0x00000000dfa00000,0x00000000dfa00000)
  from space 3072K, 98% used [0x00000000dfa00000,0x00000000dfcf81e0,0x00000000dfd00000)
  to   space 3072K, 0% used [0x00000000dfd00000,0x00000000dfd00000,0x00000000e0000000)
 ParOldGen       total 673280K, used 74355K [0x0000000080000000, 0x00000000a9180000, 0x00000000d5580000)
  object space 673280K, 11% used [0x0000000080000000,0x000000008489ced8,0x00000000a9180000)
 Metaspace       used 110394K, capacity 114782K, committed 115072K, reserved 1150976K
  class space    used 13431K, capacity 14401K, committed 14464K, reserved 1048576K
Event: 430709.326 GC heap after
Heap after GC invocations=2288 (full 4):
 PSYoungGen      total 170496K, used 3008K [0x00000000d5580000, 0x00000000e0000000, 0x0000000100000000)
  eden space 167424K, 0% used [0x00000000d5580000,0x00000000d5580000,0x00000000df900000)
  from space 3072K, 97% used [0x00000000dfd00000,0x00000000dfff00b0,0x00000000e0000000)
  to   space 3584K, 0% used [0x00000000df900000,0x00000000df900000,0x00000000dfc80000)
 ParOldGen       total 673280K, used 74443K [0x0000000080000000, 0x00000000a9180000, 0x00000000d5580000)
  object space 673280K, 11% used [0x0000000080000000,0x00000000848b2ef8,0x00000000a9180000)
 Metaspace       used 110394K, capacity 114782K, committed 115072K, reserved 1150976K
  class space    used 13431K, capacity 14401K, committed 14464K, reserved 1048576K
}
Event: 430710.038 GC heap before
{Heap before GC invocations=2289 (full 4):
 PSYoungGen      total 170496K, used 170432K [0x00000000d5580000, 0x00000000e0000000, 0x0000000100000000)
  eden space 167424K, 100% used [0x00000000d5580000,0x00000000df900000,0x00000000df900000)
  from space 3072K, 97% used [0x00000000dfd00000,0x00000000dfff00b0,0x00000000e0000000)
  to   space 3584K, 0% used [0x00000000df900000,0x00000000df900000,0x00000000dfc80000)
 ParOldGen       total 673280K, used 74443K [0x0000000080000000, 0x00000000a9180000, 0x00000000d5580000)
  object space 673280K, 11% used [0x0000000080000000,0x00000000848b2ef8,0x00000000a9180000)
 Metaspace       used 110583K, capacity 115006K, committed 115072K, reserved 1150976K
  class space    used 13433K, capacity 14403K, committed 14464K, reserved 1048576K
Event: 430710.042 GC heap after
Heap after GC invocations=2289 (full 4):
 PSYoungGen      total 171008K, used 3216K [0x00000000d5580000, 0x00000000e0000000, 0x0000000100000000)
  eden space 167424K, 0% used [0x00000000d5580000,0x00000000d5580000,0x00000000df900000)
  from space 3584K, 89% used [0x00000000df900000,0x00000000dfc24110,0x00000000dfc80000)
  to   space 3584K, 0% used [0x00000000dfc80000,0x00000000dfc80000,0x00000000e0000000)
 ParOldGen       total 673280K, used 74451K [0x0000000080000000, 0x00000000a9180000, 0x00000000d5580000)
  object space 673280K, 11% used [0x0000000080000000,0x00000000848b4ef8,0x00000000a9180000)
 Metaspace       used 110583K, capacity 115006K, committed 115072K, reserved 1150976K
  class space    used 13433K, capacity 14403K, committed 14464K, reserved 1048576K
}
Event: 430801.735 GC heap before
{Heap before GC invocations=2290 (full 4):
 PSYoungGen      total 171008K, used 170640K [0x00000000d5580000, 0x00000000e0000000, 0x0000000100000000)
  eden space 167424K, 100% used [0x00000000d5580000,0x00000000df900000,0x00000000df900000)
  from space 3584K, 89% used [0x00000000df900000,0x00000000dfc24110,0x00000000dfc80000)
  to   space 3584K, 0% used [0x00000000dfc80000,0x00000000dfc80000,0x00000000e0000000)
 ParOldGen       total 673280K, used 74451K [0x0000000080000000, 0x00000000a9180000, 0x00000000d5580000)
  object space 673280K, 11% used [0x0000000080000000,0x00000000848b4ef8,0x00000000a9180000)
 Metaspace       used 110648K, capacity 115070K, committed 115328K, reserved 1150976K
  class space    used 13433K, capacity 14403K, committed 14464K, reserved 1048576K
Event: 430801.740 GC heap after
Heap after GC invocations=2290 (full 4):
 PSYoungGen      total 169984K, used 2912K [0x00000000d5580000, 0x00000000e0000000, 0x0000000100000000)
  eden space 166400K, 0% used [0x00000000d5580000,0x00000000d5580000,0x00000000df800000)
  from space 3584K, 81% used [0x00000000dfc80000,0x00000000dff58110,0x00000000e0000000)
  to   space 4096K, 0% used [0x00000000df800000,0x00000000df800000,0x00000000dfc00000)
 ParOldGen       total 673280K, used 74563K [0x0000000080000000, 0x00000000a9180000, 0x00000000d5580000)
  object space 673280K, 11% used [0x0000000080000000,0x00000000848d0f48,0x00000000a9180000)
 Metaspace       used 110648K, capacity 115070K, committed 115328K, reserved 1150976K
  class space    used 13433K, capacity 14403K, committed 14464K, reserved 1048576K
}
Event: 430983.727 GC heap before
{Heap before GC invocations=2291 (full 4):
 PSYoungGen      total 169984K, used 169312K [0x00000000d5580000, 0x00000000e0000000, 0x0000000100000000)
  eden space 166400K, 100% used [0x00000000d5580000,0x00000000df800000,0x00000000df800000)
  from space 3584K, 81% used [0x00000000dfc80000,0x00000000dff58110,0x00000000e0000000)
  to   space 4096K, 0% used [0x00000000df800000,0x00000000df800000,0x00000000dfc00000)
 ParOldGen       total 673280K, used 74563K [0x0000000080000000, 0x00000000a9180000, 0x00000000d5580000)
  object space 673280K, 11% used [0x0000000080000000,0x00000000848d0f48,0x00000000a9180000)
 Metaspace       used 110648K, capacity 115070K, committed 115328K, reserved 1150976K
  class space    used 13433K, capacity 14403K, committed 14464K, reserved 1048576K
Event: 430983.732 GC heap after
Heap after GC invocations=2291 (full 4):
 PSYoungGen      total 170496K, used 3264K [0x00000000d5580000, 0x00000000e0000000, 0x0000000100000000)
  eden space 166400K, 0% used [0x00000000d5580000,0x00000000d5580000,0x00000000df800000)
  from space 4096K, 79% used [0x00000000df800000,0x00000000dfb30160,0x00000000dfc00000)
  to   space 4096K, 0% used [0x00000000dfc00000,0x00000000dfc00000,0x00000000e0000000)
 ParOldGen       total 673280K, used 74563K [0x0000000080000000, 0x00000000a9180000, 0x00000000d5580000)
  object space 673280K, 11% used [0x0000000080000000,0x00000000848d0f48,0x00000000a9180000)
 Metaspace       used 110648K, capacity 115070K, committed 115328K, reserved 1150976K
  class space    used 13433K, capacity 14403K, committed 14464K, reserved 1048576K
}
Event: 431167.612 GC heap before
{Heap before GC invocations=2292 (full 4):
 PSYoungGen      total 170496K, used 169664K [0x00000000d5580000, 0x00000000e0000000, 0x0000000100000000)
  eden space 166400K, 100% used [0x00000000d5580000,0x00000000df800000,0x00000000df800000)
  from space 4096K, 79% used [0x00000000df800000,0x00000000dfb30160,0x00000000dfc00000)
  to   space 4096K, 0% used [0x00000000dfc00000,0x00000000dfc00000,0x00000000e0000000)
 ParOldGen       total 673280K, used 74563K [0x0000000080000000, 0x00000000a9180000, 0x00000000d5580000)
  object space 673280K, 11% used [0x0000000080000000,0x00000000848d0f48,0x00000000a9180000)
 Metaspace       used 110648K, capacity 115070K, committed 115328K, reserved 1150976K
  class space    used 13433K, capacity 14403K, committed 14464K, reserved 1048576K
Event: 431167.616 GC heap after
Heap after GC invocations=2292 (full 4):
 PSYoungGen      total 169472K, used 3264K [0x00000000d5580000, 0x00000000e0000000, 0x0000000100000000)
  eden space 165376K, 0% used [0x00000000d5580000,0x00000000d5580000,0x00000000df700000)
  from space 4096K, 79% used [0x00000000dfc00000,0x00000000dff300f0,0x00000000e0000000)
  to   space 4608K, 0% used [0x00000000df700000,0x00000000df700000,0x00000000dfb80000)
 ParOldGen       total 673280K, used 74563K [0x0000000080000000, 0x00000000a9180000, 0x00000000d5580000)
  object space 673280K, 11% used [0x0000000080000000,0x00000000848d0f48,0x00000000a9180000)
 Metaspace       used 110648K, capacity 115070K, committed 115328K, reserved 1150976K
  class space    used 13433K, capacity 14403K, committed 14464K, reserved 1048576K
}
Event: 431348.921 GC heap before
{Heap before GC invocations=2293 (full 4):
 PSYoungGen      total 169472K, used 168640K [0x00000000d5580000, 0x00000000e0000000, 0x0000000100000000)
  eden space 165376K, 100% used [0x00000000d5580000,0x00000000df700000,0x00000000df700000)
  from space 4096K, 79% used [0x00000000dfc00000,0x00000000dff300f0,0x00000000e0000000)
  to   space 4608K, 0% used [0x00000000df700000,0x00000000df700000,0x00000000dfb80000)
 ParOldGen       total 673280K, used 74563K [0x0000000080000000, 0x00000000a9180000, 0x00000000d5580000)
  object space 673280K, 11% used [0x0000000080000000,0x00000000848d0f48,0x00000000a9180000)
 Metaspace       used 110648K, capacity 115070K, committed 115328K, reserved 1150976K
  class space    used 13433K, capacity 14403K, committed 14464K, reserved 1048576K
Event: 431348.925 GC heap after
Heap after GC invocations=2293 (full 4):
 PSYoungGen      total 169984K, used 3216K [0x00000000d5580000, 0x00000000e0000000, 0x0000000100000000)
  eden space 165376K, 0% used [0x00000000d5580000,0x00000000d5580000,0x00000000df700000)
  from space 4608K, 69% used [0x00000000df700000,0x00000000dfa24120,0x00000000dfb80000)
  to   space 4608K, 0% used [0x00000000dfb80000,0x00000000dfb80000,0x00000000e0000000)
 ParOldGen       total 673280K, used 74563K [0x0000000080000000, 0x00000000a9180000, 0x00000000d5580000)
  object space 673280K, 11% used [0x0000000080000000,0x00000000848d0f48,0x00000000a9180000)
 Metaspace       used 110648K, capacity 115070K, committed 115328K, reserved 1150976K
  class space    used 13433K, capacity 14403K, committed 14464K, reserved 1048576K
}
Event: 431532.442 GC heap before
{Heap before GC invocations=2294 (full 4):
 PSYoungGen      total 169984K, used 168592K [0x00000000d5580000, 0x00000000e0000000, 0x0000000100000000)
  eden space 165376K, 100% used [0x00000000d5580000,0x00000000df700000,0x00000000df700000)
  from space 4608K, 69% used [0x00000000df700000,0x00000000dfa24120,0x00000000dfb80000)
  to   space 4608K, 0% used [0x00000000dfb80000,0x00000000dfb80000,0x00000000e0000000)
 ParOldGen       total 673280K, used 74563K [0x0000000080000000, 0x00000000a9180000, 0x00000000d5580000)
  object space 673280K, 11% used [0x0000000080000000,0x00000000848d0f48,0x00000000a9180000)
 Metaspace       used 110648K, capacity 115070K, committed 115328K, reserved 1150976K
  class space    used 13433K, capacity 14403K, committed 14464K, reserved 1048576K
Event: 431532.447 GC heap after
Heap after GC invocations=2294 (full 4):
 PSYoungGen      total 169984K, used 2912K [0x00000000d5580000, 0x00000000e0000000, 0x0000000100000000)
  eden space 165376K, 0% used [0x00000000d5580000,0x00000000d5580000,0x00000000df700000)
  from space 4608K, 63% used [0x00000000dfb80000,0x00000000dfe58100,0x00000000e0000000)
  to   space 4608K, 0% used [0x00000000df700000,0x00000000df700000,0x00000000dfb80000)
 ParOldGen       total 673280K, used 74907K [0x0000000080000000, 0x00000000a9180000, 0x00000000d5580000)
  object space 673280K, 11% used [0x0000000080000000,0x0000000084926fa8,0x00000000a9180000)
 Metaspace       used 110648K, capacity 115070K, committed 115328K, reserved 1150976K
  class space    used 13433K, capacity 14403K, committed 14464K, reserved 1048576K
}
Event: 431715.808 GC heap before
{Heap before GC invocations=2295 (full 4):
 PSYoungGen      total 169984K, used 168288K [0x00000000d5580000, 0x00000000e0000000, 0x0000000100000000)
  eden space 165376K, 100% used [0x00000000d5580000,0x00000000df700000,0x00000000df700000)
  from space 4608K, 63% used [0x00000000dfb80000,0x00000000dfe58100,0x00000000e0000000)
  to   space 4608K, 0% used [0x00000000df700000,0x00000000df700000,0x00000000dfb80000)
 ParOldGen       total 673280K, used 74907K [0x0000000080000000, 0x00000000a9180000, 0x00000000d5580000)
  object space 673280K, 11% used [0x0000000080000000,0x0000000084926fa8,0x00000000a9180000)
 Metaspace       used 110648K, capacity 115070K, committed 115328K, reserved 1150976K
  class space    used 13433K, capacity 14403K, committed 14464K, reserved 1048576K
Event: 431715.813 GC heap after
Heap after GC invocations=2295 (full 4):
 PSYoungGen      total 169984K, used 3008K [0x00000000d5580000, 0x00000000e0000000, 0x0000000100000000)
  eden space 165376K, 0% used [0x00000000d5580000,0x00000000d5580000,0x00000000df700000)
  from space 4608K, 65% used [0x00000000df700000,0x00000000df9f0120,0x00000000dfb80000)
  to   space 4608K, 0% used [0x00000000dfb80000,0x00000000dfb80000,0x00000000e0000000)
 ParOldGen       total 673280K, used 75024K [0x0000000080000000, 0x00000000a9180000, 0x00000000d5580000)
  object space 673280K, 11% used [0x0000000080000000,0x0000000084944018,0x00000000a9180000)
 Metaspace       used 110648K, capacity 115070K, committed 115328K, reserved 1150976K
  class space    used 13433K, capacity 14403K, committed 14464K, reserved 1048576K
}
Event: 431903.567 GC heap before
{Heap before GC invocations=2296 (full 4):
 PSYoungGen      total 169984K, used 168384K [0x00000000d5580000, 0x00000000e0000000, 0x0000000100000000)
  eden space 165376K, 100% used [0x00000000d5580000,0x00000000df700000,0x00000000df700000)
  from space 4608K, 65% used [0x00000000df700000,0x00000000df9f0120,0x00000000dfb80000)
  to   space 4608K, 0% used [0x00000000dfb80000,0x00000000dfb80000,0x00000000e0000000)
 ParOldGen       total 673280K, used 75024K [0x0000000080000000, 0x00000000a9180000, 0x00000000d5580000)
  object space 673280K, 11% used [0x0000000080000000,0x0000000084944018,0x00000000a9180000)
 Metaspace       used 110648K, capacity 115070K, committed 115328K, reserved 1150976K
  class space    used 13433K, capacity 14403K, committed 14464K, reserved 1048576K
Event: 431903.571 GC heap after
Heap after GC invocations=2296 (full 4):
 PSYoungGen      total 170496K, used 2656K [0x00000000d5580000, 0x00000000e0000000, 0x0000000100000000)
  eden space 165888K, 0% used [0x00000000d5580000,0x00000000d5580000,0x00000000df780000)
  from space 4608K, 57% used [0x00000000dfb80000,0x00000000dfe18100,0x00000000e0000000)
  to   space 4096K, 0% used [0x00000000df780000,0x00000000df780000,0x00000000dfb80000)
 ParOldGen       total 673280K, used 75392K [0x0000000080000000, 0x00000000a9180000, 0x00000000d5580000)
  object space 673280K, 11% used [0x0000000080000000,0x00000000849a00d8,0x00000000a9180000)
 Metaspace       used 110648K, capacity 115070K, committed 115328K, reserved 1150976K
  class space    used 13433K, capacity 14403K, committed 14464K, reserved 1048576K
}
Event: 432086.146 GC heap before
{Heap before GC invocations=2297 (full 4):
 PSYoungGen      total 170496K, used 168544K [0x00000000d5580000, 0x00000000e0000000, 0x0000000100000000)
  eden space 165888K, 100% used [0x00000000d5580000,0x00000000df780000,0x00000000df780000)
  from space 4608K, 57% used [0x00000000dfb80000,0x00000000dfe18100,0x00000000e0000000)
  to   space 4096K, 0% used [0x00000000df780000,0x00000000df780000,0x00000000dfb80000)
 ParOldGen       total 673280K, used 75392K [0x0000000080000000, 0x00000000a9180000, 0x00000000d5580000)
  object space 673280K, 11% used [0x0000000080000000,0x00000000849a00d8,0x00000000a9180000)
 Metaspace       used 110648K, capacity 115070K, committed 115328K, reserved 1150976K
  class space    used 13433K, capacity 14403K, committed 14464K, reserved 1048576K
Event: 432086.151 GC heap after
Heap after GC invocations=2297 (full 4):
 PSYoungGen      total 169984K, used 2832K [0x00000000d5580000, 0x00000000e0000000, 0x0000000100000000)
  eden space 165888K, 0% used [0x00000000d5580000,0x00000000d5580000,0x00000000df780000)
  from space 4096K, 69% used [0x00000000df780000,0x00000000dfa440f0,0x00000000dfb80000)
  to   space 4096K, 0% used [0x00000000dfc00000,0x00000000dfc00000,0x00000000e0000000)
 ParOldGen       total 673280K, used 75512K [0x0000000080000000, 0x00000000a9180000, 0x00000000d5580000)
  object space 673280K, 11% used [0x0000000080000000,0x00000000849be128,0x00000000a9180000)
 Metaspace       used 110648K, capacity 115070K, committed 115328K, reserved 1150976K
  class space    used 13433K, capacity 14403K, committed 14464K, reserved 1048576K
}
Event: 432274.146 GC heap before
{Heap before GC invocations=2298 (full 4):
 PSYoungGen      total 169984K, used 168720K [0x00000000d5580000, 0x00000000e0000000, 0x0000000100000000)
  eden space 165888K, 100% used [0x00000000d5580000,0x00000000df780000,0x00000000df780000)
  from space 4096K, 69% used [0x00000000df780000,0x00000000dfa440f0,0x00000000dfb80000)
  to   space 4096K, 0% used [0x00000000dfc00000,0x00000000dfc00000,0x00000000e0000000)
 ParOldGen       total 673280K, used 75512K [0x0000000080000000, 0x00000000a9180000, 0x00000000d5580000)
  object space 673280K, 11% used [0x0000000080000000,0x00000000849be128,0x00000000a9180000)
 Metaspace       used 110648K, capacity 115070K, committed 115328K, reserved 1150976K
  class space    used 13433K, capacity 14403K, committed 14464K, reserved 1048576K
Event: 432274.151 GC heap after
Heap after GC invocations=2298 (full 4):
 PSYoungGen      total 170496K, used 2976K [0x00000000d5580000, 0x00000000e0000000, 0x0000000100000000)
  eden space 166400K, 0% used [0x00000000d5580000,0x00000000d5580000,0x00000000df800000)
  from space 4096K, 72% used [0x00000000dfc00000,0x00000000dfee8120,0x00000000e0000000)
  to   space 4096K, 0% used [0x00000000df800000,0x00000000df800000,0x00000000dfc00000)
 ParOldGen       total 673280K, used 75528K [0x0000000080000000, 0x00000000a9180000, 0x00000000d5580000)
  object space 673280K, 11% used [0x0000000080000000,0x00000000849c2128,0x00000000a9180000)
 Metaspace       used 110648K, capacity 115070K, committed 115328K, reserved 1150976K
  class space    used 13433K, capacity 14403K, committed 14464K, reserved 1048576K
}
Event: 432462.412 GC heap before
{Heap before GC invocations=2299 (full 4):
 PSYoungGen      total 170496K, used 169376K [0x00000000d5580000, 0x00000000e0000000, 0x0000000100000000)
  eden space 166400K, 100% used [0x00000000d5580000,0x00000000df800000,0x00000000df800000)
  from space 4096K, 72% used [0x00000000dfc00000,0x00000000dfee8120,0x00000000e0000000)
  to   space 4096K, 0% used [0x00000000df800000,0x00000000df800000,0x00000000dfc00000)
 ParOldGen       total 673280K, used 75528K [0x0000000080000000, 0x00000000a9180000, 0x00000000d5580000)
  object space 673280K, 11% used [0x0000000080000000,0x00000000849c2128,0x00000000a9180000)
 Metaspace       used 110648K, capacity 115070K, committed 115328K, reserved 1150976K
  class space    used 13433K, capacity 14403K, committed 14464K, reserved 1048576K
Event: 432462.416 GC heap after
Heap after GC invocations=2299 (full 4):
 PSYoungGen      total 170496K, used 2752K [0x00000000d5580000, 0x00000000e0000000, 0x0000000100000000)
  eden space 166400K, 0% used [0x00000000d5580000,0x00000000d5580000,0x00000000df800000)
  from space 4096K, 67% used [0x00000000df800000,0x00000000dfab00e0,0x00000000dfc00000)
  to   space 4096K, 0% used [0x00000000dfc00000,0x00000000dfc00000,0x00000000e0000000)
 ParOldGen       total 673280K, used 75820K [0x0000000080000000, 0x00000000a9180000, 0x00000000d5580000)
  object space 673280K, 11% used [0x0000000080000000,0x0000000084a0b188,0x00000000a9180000)
 Metaspace       used 110648K, capacity 115070K, committed 115328K, reserved 1150976K
  class space    used 13433K, capacity 14403K, committed 14464K, reserved 1048576K
}
Event: 432649.090 GC heap before
{Heap before GC invocations=2300 (full 4):
 PSYoungGen      total 170496K, used 169152K [0x00000000d5580000, 0x00000000e0000000, 0x0000000100000000)
  eden space 166400K, 100% used [0x00000000d5580000,0x00000000df800000,0x00000000df800000)
  from space 4096K, 67% used [0x00000000df800000,0x00000000dfab00e0,0x00000000dfc00000)
  to   space 4096K, 0% used [0x00000000dfc00000,0x00000000dfc00000,0x00000000e0000000)
 ParOldGen       total 673280K, used 75820K [0x0000000080000000, 0x00000000a9180000, 0x00000000d5580000)
  object space 673280K, 11% used [0x0000000080000000,0x0000000084a0b188,0x00000000a9180000)
 Metaspace       used 110649K, capacity 115070K, committed 115328K, reserved 1150976K
  class space    used 13433K, capacity 14403K, committed 14464K, reserved 1048576K
Event: 432649.094 GC heap after
Heap after GC invocations=2300 (full 4):
 PSYoungGen      total 170496K, used 2832K [0x00000000d5580000, 0x00000000e0000000, 0x0000000100000000)
  eden space 166400K, 0% used [0x00000000d5580000,0x00000000d5580000,0x00000000df800000)
  from space 4096K, 69% used [0x00000000dfc00000,0x00000000dfec40f0,0x00000000e0000000)
  to   space 4096K, 0% used [0x00000000df800000,0x00000000df800000,0x00000000dfc00000)
 ParOldGen       total 673280K, used 75828K [0x0000000080000000, 0x00000000a9180000, 0x00000000d5580000)
  object space 673280K, 11% used [0x0000000080000000,0x0000000084a0d188,0x00000000a9180000)
 Metaspace       used 110649K, capacity 115070K, committed 115328K, reserved 1150976K
  class space    used 13433K, capacity 14403K, committed 14464K, reserved 1048576K
}
Event: 432837.394 GC heap before
{Heap before GC invocations=2301 (full 4):
 PSYoungGen      total 170496K, used 169232K [0x00000000d5580000, 0x00000000e0000000, 0x0000000100000000)
  eden space 166400K, 100% used [0x00000000d5580000,0x00000000df800000,0x00000000df800000)
  from space 4096K, 69% used [0x00000000dfc00000,0x00000000dfec40f0,0x00000000e0000000)
  to   space 4096K, 0% used [0x00000000df800000,0x00000000df800000,0x00000000dfc00000)
 ParOldGen       total 673280K, used 75828K [0x0000000080000000, 0x00000000a9180000, 0x00000000d5580000)
  object space 673280K, 11% used [0x0000000080000000,0x0000000084a0d188,0x00000000a9180000)
 Metaspace       used 110649K, capacity 115070K, committed 115328K, reserved 1150976K
  class space    used 13433K, capacity 14403K, committed 14464K, reserved 1048576K
Event: 432837.398 GC heap after
Heap after GC invocations=2301 (full 4):
 PSYoungGen      total 170496K, used 2672K [0x00000000d5580000, 0x00000000e0000000, 0x0000000100000000)
  eden space 166400K, 0% used [0x00000000d5580000,0x00000000d5580000,0x00000000df800000)
  from space 4096K, 65% used [0x00000000df800000,0x00000000dfa9c0f0,0x00000000dfc00000)
  to   space 4096K, 0% used [0x00000000dfc00000,0x00000000dfc00000,0x00000000e0000000)
 ParOldGen       total 673280K, used 75828K [0x0000000080000000, 0x00000000a9180000, 0x00000000d5580000)
  object space 673280K, 11% used [0x0000000080000000,0x0000000084a0d188,0x00000000a9180000)
 Metaspace       used 110649K, capacity 115070K, committed 115328K, reserved 1150976K
  class space    used 13433K, capacity 14403K, committed 14464K, reserved 1048576K
}
Event: 433027.242 GC heap before
{Heap before GC invocations=2302 (full 4):
 PSYoungGen      total 170496K, used 169072K [0x00000000d5580000, 0x00000000e0000000, 0x0000000100000000)
  eden space 166400K, 100% used [0x00000000d5580000,0x00000000df800000,0x00000000df800000)
  from space 4096K, 65% used [0x00000000df800000,0x00000000dfa9c0f0,0x00000000dfc00000)
  to   space 4096K, 0% used [0x00000000dfc00000,0x00000000dfc00000,0x00000000e0000000)
 ParOldGen       total 673280K, used 75828K [0x0000000080000000, 0x00000000a9180000, 0x00000000d5580000)
  object space 673280K, 11% used [0x0000000080000000,0x0000000084a0d188,0x00000000a9180000)
 Metaspace       used 110649K, capacity 115070K, committed 115328K, reserved 1150976K
  class space    used 13433K, capacity 14403K, committed 14464K, reserved 1048576K
Event: 433027.247 GC heap after
Heap after GC invocations=2302 (full 4):
 PSYoungGen      total 170496K, used 2496K [0x00000000d5580000, 0x00000000e0000000, 0x0000000100000000)
  eden space 166400K, 0% used [0x00000000d5580000,0x00000000d5580000,0x00000000df800000)
  from space 4096K, 60% used [0x00000000dfc00000,0x00000000dfe700a0,0x00000000e0000000)
  to   space 4096K, 0% used [0x00000000df800000,0x00000000df800000,0x00000000dfc00000)
 ParOldGen       total 673280K, used 76232K [0x0000000080000000, 0x00000000a9180000, 0x00000000d5580000)
  object space 673280K, 11% used [0x0000000080000000,0x0000000084a72298,0x00000000a9180000)
 Metaspace       used 110649K, capacity 115070K, committed 115328K, reserved 1150976K
  class space    used 13433K, capacity 14403K, committed 14464K, reserved 1048576K
}
Event: 433213.827 GC heap before
{Heap before GC invocations=2303 (full 4):
 PSYoungGen      total 170496K, used 168896K [0x00000000d5580000, 0x00000000e0000000, 0x0000000100000000)
  eden space 166400K, 100% used [0x00000000d5580000,0x00000000df800000,0x00000000df800000)
  from space 4096K, 60% used [0x00000000dfc00000,0x00000000dfe700a0,0x00000000e0000000)
  to   space 4096K, 0% used [0x00000000df800000,0x00000000df800000,0x00000000dfc00000)
 ParOldGen       total 673280K, used 76232K [0x0000000080000000, 0x00000000a9180000, 0x00000000d5580000)
  object space 673280K, 11% used [0x0000000080000000,0x0000000084a72298,0x00000000a9180000)
 Metaspace       used 110649K, capacity 115070K, committed 115328K, reserved 1150976K
  class space    used 13433K, capacity 14403K, committed 14464K, reserved 1048576K
Event: 433213.832 GC heap after
Heap after GC invocations=2303 (full 4):
 PSYoungGen      total 170496K, used 2320K [0x00000000d5580000, 0x00000000e0000000, 0x0000000100000000)
  eden space 166400K, 0% used [0x00000000d5580000,0x00000000d5580000,0x00000000df800000)
  from space 4096K, 56% used [0x00000000df800000,0x00000000dfa440b0,0x00000000dfc00000)
  to   space 4096K, 0% used [0x00000000dfc00000,0x00000000dfc00000,0x00000000e0000000)
 ParOldGen       total 673280K, used 76368K [0x0000000080000000, 0x00000000a9180000, 0x00000000d5580000)
  object space 673280K, 11% used [0x0000000080000000,0x0000000084a942b8,0x00000000a9180000)
 Metaspace       used 110649K, capacity 115070K, committed 115328K, reserved 1150976K
  class space    used 13433K, capacity 14403K, committed 14464K, reserved 1048576K
}
Event: 433400.164 GC heap before
{Heap before GC invocations=2304 (full 4):
 PSYoungGen      total 170496K, used 168720K [0x00000000d5580000, 0x00000000e0000000, 0x0000000100000000)
  eden space 166400K, 100% used [0x00000000d5580000,0x00000000df800000,0x00000000df800000)
  from space 4096K, 56% used [0x00000000df800000,0x00000000dfa440b0,0x00000000dfc00000)
  to   space 4096K, 0% used [0x00000000dfc00000,0x00000000dfc00000,0x00000000e0000000)
 ParOldGen       total 673280K, used 76368K [0x0000000080000000, 0x00000000a9180000, 0x00000000d5580000)
  object space 673280K, 11% used [0x0000000080000000,0x0000000084a942b8,0x00000000a9180000)
 Metaspace       used 110649K, capacity 115070K, committed 115328K, reserved 1150976K
  class space    used 13433K, capacity 14403K, committed 14464K, reserved 1048576K
Event: 433400.169 GC heap after
Heap after GC invocations=2304 (full 4):
 PSYoungGen      total 170496K, used 1760K [0x00000000d5580000, 0x00000000e0000000, 0x0000000100000000)
  eden space 166400K, 0% used [0x00000000d5580000,0x00000000d5580000,0x00000000df800000)
  from space 4096K, 42% used [0x00000000dfc00000,0x00000000dfdb80a0,0x00000000e0000000)
  to   space 4096K, 0% used [0x00000000df800000,0x00000000df800000,0x00000000dfc00000)
 ParOldGen       total 673280K, used 76892K [0x0000000080000000, 0x00000000a9180000, 0x00000000d5580000)
  object space 673280K, 11% used [0x0000000080000000,0x0000000084b172e8,0x00000000a9180000)
 Metaspace       used 110649K, capacity 115070K, committed 115328K, reserved 1150976K
  class space    used 13433K, capacity 14403K, committed 14464K, reserved 1048576K
}
Event: 433586.722 GC heap before
{Heap before GC invocations=2305 (full 4):
 PSYoungGen      total 170496K, used 168160K [0x00000000d5580000, 0x00000000e0000000, 0x0000000100000000)
  eden space 166400K, 100% used [0x00000000d5580000,0x00000000df800000,0x00000000df800000)
  from space 4096K, 42% used [0x00000000dfc00000,0x00000000dfdb80a0,0x00000000e0000000)
  to   space 4096K, 0% used [0x00000000df800000,0x00000000df800000,0x00000000dfc00000)
 ParOldGen       total 673280K, used 76892K [0x0000000080000000, 0x00000000a9180000, 0x00000000d5580000)
  object space 673280K, 11% used [0x0000000080000000,0x0000000084b172e8,0x00000000a9180000)
 Metaspace       used 110649K, capacity 115070K, committed 115328K, reserved 1150976K
  class space    used 13433K, capacity 14403K, committed 14464K, reserved 1048576K
Event: 433586.726 GC heap after
Heap after GC invocations=2305 (full 4):
 PSYoungGen      total 170496K, used 1632K [0x00000000d5580000, 0x00000000e0000000, 0x0000000100000000)
  eden space 166400K, 0% used [0x00000000d5580000,0x00000000d5580000,0x00000000df800000)
  from space 4096K, 39% used [0x00000000df800000,0x00000000df9980a0,0x00000000dfc00000)
  to   space 4096K, 0% used [0x00000000dfc00000,0x00000000dfc00000,0x00000000e0000000)
 ParOldGen       total 673280K, used 77116K [0x0000000080000000, 0x00000000a9180000, 0x00000000d5580000)
  object space 673280K, 11% used [0x0000000080000000,0x0000000084b4f308,0x00000000a9180000)
 Metaspace       used 110649K, capacity 115070K, committed 115328K, reserved 1150976K
  class space    used 13433K, capacity 14403K, committed 14464K, reserved 1048576K
}
Event: 433769.706 GC heap before
{Heap before GC invocations=2306 (full 4):
 PSYoungGen      total 170496K, used 168032K [0x00000000d5580000, 0x00000000e0000000, 0x0000000100000000)
  eden space 166400K, 100% used [0x00000000d5580000,0x00000000df800000,0x00000000df800000)
  from space 4096K, 39% used [0x00000000df800000,0x00000000df9980a0,0x00000000dfc00000)
  to   space 4096K, 0% used [0x00000000dfc00000,0x00000000dfc00000,0x00000000e0000000)
 ParOldGen       total 673280K, used 77116K [0x0000000080000000, 0x00000000a9180000, 0x00000000d5580000)
  object space 673280K, 11% used [0x0000000080000000,0x0000000084b4f308,0x00000000a9180000)
 Metaspace       used 110649K, capacity 115070K, committed 115328K, reserved 1150976K
  class space    used 13434K, capacity 14403K, committed 14464K, reserved 1048576K
Event: 433769.710 GC heap after
Heap after GC invocations=2306 (full 4):
 PSYoungGen      total 170496K, used 1648K [0x00000000d5580000, 0x00000000e0000000, 0x0000000100000000)
  eden space 166400K, 0% used [0x00000000d5580000,0x00000000d5580000,0x00000000df800000)
  from space 4096K, 40% used [0x00000000dfc00000,0x00000000dfd9c0d0,0x00000000e0000000)
  to   space 4096K, 0% used [0x00000000df800000,0x00000000df800000,0x00000000dfc00000)
 ParOldGen       total 673280K, used 77164K [0x0000000080000000, 0x00000000a9180000, 0x00000000d5580000)
  object space 673280K, 11% used [0x0000000080000000,0x0000000084b5b308,0x00000000a9180000)
 Metaspace       used 110649K, capacity 115070K, committed 115328K, reserved 1150976K
  class space    used 13434K, capacity 14403K, committed 14464K, reserved 1048576K
}
Event: 433955.381 GC heap before
{Heap before GC invocations=2307 (full 4):
 PSYoungGen      total 170496K, used 168048K [0x00000000d5580000, 0x00000000e0000000, 0x0000000100000000)
  eden space 166400K, 100% used [0x00000000d5580000,0x00000000df800000,0x00000000df800000)
  from space 4096K, 40% used [0x00000000dfc00000,0x00000000dfd9c0d0,0x00000000e0000000)
  to   space 4096K, 0% used [0x00000000df800000,0x00000000df800000,0x00000000dfc00000)
 ParOldGen       total 673280K, used 77164K [0x0000000080000000, 0x00000000a9180000, 0x00000000d5580000)
  object space 673280K, 11% used [0x0000000080000000,0x0000000084b5b308,0x00000000a9180000)
 Metaspace       used 110649K, capacity 115070K, committed 115328K, reserved 1150976K
  class space    used 13434K, capacity 14403K, committed 14464K, reserved 1048576K
Event: 433955.385 GC heap after
Heap after GC invocations=2307 (full 4):
 PSYoungGen      total 170496K, used 1616K [0x00000000d5580000, 0x00000000e0000000, 0x0000000100000000)
  eden space 166400K, 0% used [0x00000000d5580000,0x00000000d5580000,0x00000000df800000)
  from space 4096K, 39% used [0x00000000df800000,0x00000000df994090,0x00000000dfc00000)
  to   space 4096K, 0% used [0x00000000dfc00000,0x00000000dfc00000,0x00000000e0000000)
 ParOldGen       total 673280K, used 77172K [0x0000000080000000, 0x00000000a9180000, 0x00000000d5580000)
  object space 673280K, 11% used [0x0000000080000000,0x0000000084b5d308,0x00000000a9180000)
 Metaspace       used 110649K, capacity 115070K, committed 115328K, reserved 1150976K
  class space    used 13434K, capacity 14403K, committed 14464K, reserved 1048576K
}
Event: 434142.346 GC heap before
{Heap before GC invocations=2308 (full 4):
 PSYoungGen      total 170496K, used 168016K [0x00000000d5580000, 0x00000000e0000000, 0x0000000100000000)
  eden space 166400K, 100% used [0x00000000d5580000,0x00000000df800000,0x00000000df800000)
  from space 4096K, 39% used [0x00000000df800000,0x00000000df994090,0x00000000dfc00000)
  to   space 4096K, 0% used [0x00000000dfc00000,0x00000000dfc00000,0x00000000e0000000)
 ParOldGen       total 673280K, used 77172K [0x0000000080000000, 0x00000000a9180000, 0x00000000d5580000)
  object space 673280K, 11% used [0x0000000080000000,0x0000000084b5d308,0x00000000a9180000)
 Metaspace       used 110649K, capacity 115070K, committed 115328K, reserved 1150976K
  class space    used 13434K, capacity 14403K, committed 14464K, reserved 1048576K
Event: 434142.350 GC heap after
Heap after GC invocations=2308 (full 4):
 PSYoungGen      total 170496K, used 1600K [0x00000000d5580000, 0x00000000e0000000, 0x0000000100000000)
  eden space 166400K, 0% used [0x00000000d5580000,0x00000000d5580000,0x00000000df800000)
  from space 4096K, 39% used [0x00000000dfc00000,0x00000000dfd900a0,0x00000000e0000000)
  to   space 4096K, 0% used [0x00000000df800000,0x00000000df800000,0x00000000dfc00000)
 ParOldGen       total 673280K, used 77220K [0x0000000080000000, 0x00000000a9180000, 0x00000000d5580000)
  object space 673280K, 11% used [0x0000000080000000,0x0000000084b69308,0x00000000a9180000)
 Metaspace       used 110649K, capacity 115070K, committed 115328K, reserved 1150976K
  class space    used 13434K, capacity 14403K, committed 14464K, reserved 1048576K
}
Event: 434328.159 GC heap before
{Heap before GC invocations=2309 (full 4):
 PSYoungGen      total 170496K, used 168000K [0x00000000d5580000, 0x00000000e0000000, 0x0000000100000000)
  eden space 166400K, 100% used [0x00000000d5580000,0x00000000df800000,0x00000000df800000)
  from space 4096K, 39% used [0x00000000dfc00000,0x00000000dfd900a0,0x00000000e0000000)
  to   space 4096K, 0% used [0x00000000df800000,0x00000000df800000,0x00000000dfc00000)
 ParOldGen       total 673280K, used 77220K [0x0000000080000000, 0x00000000a9180000, 0x00000000d5580000)
  object space 673280K, 11% used [0x0000000080000000,0x0000000084b69308,0x00000000a9180000)
 Metaspace       used 110649K, capacity 115070K, committed 115328K, reserved 1150976K
  class space    used 13434K, capacity 14403K, committed 14464K, reserved 1048576K
Event: 434328.163 GC heap after
Heap after GC invocations=2309 (full 4):
 PSYoungGen      total 170496K, used 1712K [0x00000000d5580000, 0x00000000e0000000, 0x0000000100000000)
  eden space 166400K, 0% used [0x00000000d5580000,0x00000000d5580000,0x00000000df800000)
  from space 4096K, 41% used [0x00000000df800000,0x00000000df9ac090,0x00000000dfc00000)
  to   space 4096K, 0% used [0x00000000dfc00000,0x00000000dfc00000,0x00000000e0000000)
 ParOldGen       total 673280K, used 77236K [0x0000000080000000, 0x00000000a9180000, 0x00000000d5580000)
  object space 673280K, 11% used [0x0000000080000000,0x0000000084b6d308,0x00000000a9180000)
 Metaspace       used 110649K, capacity 115070K, committed 115328K, reserved 1150976K
  class space    used 13434K, capacity 14403K, committed 14464K, reserved 1048576K
}
Event: 434517.156 GC heap before
{Heap before GC invocations=2310 (full 4):
 PSYoungGen      total 170496K, used 168112K [0x00000000d5580000, 0x00000000e0000000, 0x0000000100000000)
  eden space 166400K, 100% used [0x00000000d5580000,0x00000000df800000,0x00000000df800000)
  from space 4096K, 41% used [0x00000000df800000,0x00000000df9ac090,0x00000000dfc00000)
  to   space 4096K, 0% used [0x00000000dfc00000,0x00000000dfc00000,0x00000000e0000000)
 ParOldGen       total 673280K, used 77236K [0x0000000080000000, 0x00000000a9180000, 0x00000000d5580000)
  object space 673280K, 11% used [0x0000000080000000,0x0000000084b6d308,0x00000000a9180000)
 Metaspace       used 110649K, capacity 115070K, committed 115328K, reserved 1150976K
  class space    used 13434K, capacity 14403K, committed 14464K, reserved 1048576K
Event: 434517.160 GC heap after
Heap after GC invocations=2310 (full 4):
 PSYoungGen      total 171008K, used 1632K [0x00000000d5580000, 0x00000000e0000000, 0x0000000100000000)
  eden space 166912K, 0% used [0x00000000d5580000,0x00000000d5580000,0x00000000df880000)
  from space 4096K, 39% used [0x00000000dfc00000,0x00000000dfd980a0,0x00000000e0000000)
  to   space 3584K, 0% used [0x00000000df880000,0x00000000df880000,0x00000000dfc00000)
 ParOldGen       total 673280K, used 77292K [0x0000000080000000, 0x00000000a9180000, 0x00000000d5580000)
  object space 673280K, 11% used [0x0000000080000000,0x0000000084b7b308,0x00000000a9180000)
 Metaspace       used 110649K, capacity 115070K, committed 115328K, reserved 1150976K
  class space    used 13434K, capacity 14403K, committed 14464K, reserved 1048576K
}
Event: 434702.904 GC heap before
{Heap before GC invocations=2311 (full 4):
 PSYoungGen      total 171008K, used 168544K [0x00000000d5580000, 0x00000000e0000000, 0x0000000100000000)
  eden space 166912K, 100% used [0x00000000d5580000,0x00000000df880000,0x00000000df880000)
  from space 4096K, 39% used [0x00000000dfc00000,0x00000000dfd980a0,0x00000000e0000000)
  to   space 3584K, 0% used [0x00000000df880000,0x00000000df880000,0x00000000dfc00000)
 ParOldGen       total 673280K, used 77292K [0x0000000080000000, 0x00000000a9180000, 0x00000000d5580000)
  object space 673280K, 11% used [0x0000000080000000,0x0000000084b7b308,0x00000000a9180000)
 Metaspace       used 110649K, capacity 115070K, committed 115328K, reserved 1150976K
  class space    used 13434K, capacity 14403K, committed 14464K, reserved 1048576K
Event: 434702.907 GC heap after
Heap after GC invocations=2311 (full 4):
 PSYoungGen      total 170496K, used 1664K [0x00000000d5580000, 0x00000000e0000000, 0x0000000100000000)
  eden space 166912K, 0% used [0x00000000d5580000,0x00000000d5580000,0x00000000df880000)
  from space 3584K, 46% used [0x00000000df880000,0x00000000dfa200c0,0x00000000dfc00000)
  to   space 3584K, 0% used [0x00000000dfc80000,0x00000000dfc80000,0x00000000e0000000)
 ParOldGen       total 673280K, used 77300K [0x0000000080000000, 0x00000000a9180000, 0x00000000d5580000)
  object space 673280K, 11% used [0x0000000080000000,0x0000000084b7d308,0x00000000a9180000)
 Metaspace       used 110649K, capacity 115070K, committed 115328K, reserved 1150976K
  class space    used 13434K, capacity 14403K, committed 14464K, reserved 1048576K
}
Event: 434891.939 GC heap before
{Heap before GC invocations=2312 (full 4):
 PSYoungGen      total 170496K, used 168576K [0x00000000d5580000, 0x00000000e0000000, 0x0000000100000000)
  eden space 166912K, 100% used [0x00000000d5580000,0x00000000df880000,0x00000000df880000)
  from space 3584K, 46% used [0x00000000df880000,0x00000000dfa200c0,0x00000000dfc00000)
  to   space 3584K, 0% used [0x00000000dfc80000,0x00000000dfc80000,0x00000000e0000000)
 ParOldGen       total 673280K, used 77300K [0x0000000080000000, 0x00000000a9180000, 0x00000000d5580000)
  object space 673280K, 11% used [0x0000000080000000,0x0000000084b7d308,0x00000000a9180000)
 Metaspace       used 110649K, capacity 115070K, committed 115328K, reserved 1150976K
  class space    used 13434K, capacity 14403K, committed 14464K, reserved 1048576K
Event: 434891.944 GC heap after
Heap after GC invocations=2312 (full 4):
 PSYoungGen      total 171008K, used 1616K [0x00000000d5580000, 0x00000000e0000000, 0x0000000100000000)
  eden space 167424K, 0% used [0x00000000d5580000,0x00000000d5580000,0x00000000df900000)
  from space 3584K, 45% used [0x00000000dfc80000,0x00000000dfe14090,0x00000000e0000000)
  to   space 3584K, 0% used [0x00000000df900000,0x00000000df900000,0x00000000dfc80000)
 ParOldGen       total 673280K, used 77348K [0x0000000080000000, 0x00000000a9180000, 0x00000000d5580000)
  object space 673280K, 11% used [0x0000000080000000,0x0000000084b89308,0x00000000a9180000)
 Metaspace       used 110649K, capacity 115070K, committed 115328K, reserved 1150976K
  class space    used 13434K, capacity 14403K, committed 14464K, reserved 1048576K
}
Event: 435080.295 GC heap before
{Heap before GC invocations=2313 (full 4):
 PSYoungGen      total 171008K, used 169040K [0x00000000d5580000, 0x00000000e0000000, 0x0000000100000000)
  eden space 167424K, 100% used [0x00000000d5580000,0x00000000df900000,0x00000000df900000)
  from space 3584K, 45% used [0x00000000dfc80000,0x00000000dfe14090,0x00000000e0000000)
  to   space 3584K, 0% used [0x00000000df900000,0x00000000df900000,0x00000000dfc80000)
 ParOldGen       total 673280K, used 77348K [0x0000000080000000, 0x00000000a9180000, 0x00000000d5580000)
  object space 673280K, 11% used [0x0000000080000000,0x0000000084b89308,0x00000000a9180000)
 Metaspace       used 110649K, capacity 115070K, committed 115328K, reserved 1150976K
  class space    used 13434K, capacity 14403K, committed 14464K, reserved 1048576K
Event: 435080.299 GC heap after
Heap after GC invocations=2313 (full 4):
 PSYoungGen      total 171008K, used 1680K [0x00000000d5580000, 0x00000000e0000000, 0x0000000100000000)
  eden space 167424K, 0% used [0x00000000d5580000,0x00000000d5580000,0x00000000df900000)
  from space 3584K, 46% used [0x00000000df900000,0x00000000dfaa40b0,0x00000000dfc80000)
  to   space 3584K, 0% used [0x00000000dfc80000,0x00000000dfc80000,0x00000000e0000000)
 ParOldGen       total 673280K, used 77388K [0x0000000080000000, 0x00000000a9180000, 0x00000000d5580000)
  object space 673280K, 11% used [0x0000000080000000,0x0000000084b93308,0x00000000a9180000)
 Metaspace       used 110649K, capacity 115070K, committed 115328K, reserved 1150976K
  class space    used 13434K, capacity 14403K, committed 14464K, reserved 1048576K
}
Event: 435267.825 GC heap before
{Heap before GC invocations=2314 (full 4):
 PSYoungGen      total 171008K, used 169104K [0x00000000d5580000, 0x00000000e0000000, 0x0000000100000000)
  eden space 167424K, 100% used [0x00000000d5580000,0x00000000df900000,0x00000000df900000)
  from space 3584K, 46% used [0x00000000df900000,0x00000000dfaa40b0,0x00000000dfc80000)
  to   space 3584K, 0% used [0x00000000dfc80000,0x00000000dfc80000,0x00000000e0000000)
 ParOldGen       total 673280K, used 77388K [0x0000000080000000, 0x00000000a9180000, 0x00000000d5580000)
  object space 673280K, 11% used [0x0000000080000000,0x0000000084b93308,0x00000000a9180000)
 Metaspace       used 110649K, capacity 115070K, committed 115328K, reserved 1150976K
  class space    used 13434K, capacity 14403K, committed 14464K, reserved 1048576K
Event: 435267.829 GC heap after
Heap after GC invocations=2314 (full 4):
 PSYoungGen      total 171008K, used 1680K [0x00000000d5580000, 0x00000000e0000000, 0x0000000100000000)
  eden space 167424K, 0% used [0x00000000d5580000,0x00000000d5580000,0x00000000df900000)
  from space 3584K, 46% used [0x00000000dfc80000,0x00000000dfe24090,0x00000000e0000000)
  to   space 3584K, 0% used [0x00000000df900000,0x00000000df900000,0x00000000dfc80000)
 ParOldGen       total 673280K, used 77404K [0x0000000080000000, 0x00000000a9180000, 0x00000000d5580000)
  object space 673280K, 11% used [0x0000000080000000,0x0000000084b97308,0x00000000a9180000)
 Metaspace       used 110649K, capacity 115070K, committed 115328K, reserved 1150976K
  class space    used 13434K, capacity 14403K, committed 14464K, reserved 1048576K
}
Event: 435455.312 GC heap before
{Heap before GC invocations=2315 (full 4):
 PSYoungGen      total 171008K, used 169104K [0x00000000d5580000, 0x00000000e0000000, 0x0000000100000000)
  eden space 167424K, 100% used [0x00000000d5580000,0x00000000df900000,0x00000000df900000)
  from space 3584K, 46% used [0x00000000dfc80000,0x00000000dfe24090,0x00000000e0000000)
  to   space 3584K, 0% used [0x00000000df900000,0x00000000df900000,0x00000000dfc80000)
 ParOldGen       total 673280K, used 77404K [0x0000000080000000, 0x00000000a9180000, 0x00000000d5580000)
  object space 673280K, 11% used [0x0000000080000000,0x0000000084b97308,0x00000000a9180000)
 Metaspace       used 110649K, capacity 115070K, committed 115328K, reserved 1150976K
  class space    used 13434K, capacity 14403K, committed 14464K, reserved 1048576K
Event: 435455.316 GC heap after
Heap after GC invocations=2315 (full 4):
 PSYoungGen      total 171008K, used 1568K [0x00000000d5580000, 0x00000000e0000000, 0x0000000100000000)
  eden space 167424K, 0% used [0x00000000d5580000,0x00000000d5580000,0x00000000df900000)
  from space 3584K, 43% used [0x00000000df900000,0x00000000dfa880a0,0x00000000dfc80000)
  to   space 3584K, 0% used [0x00000000dfc80000,0x00000000dfc80000,0x00000000e0000000)
 ParOldGen       total 673280K, used 77436K [0x0000000080000000, 0x00000000a9180000, 0x00000000d5580000)
  object space 673280K, 11% used [0x0000000080000000,0x0000000084b9f308,0x00000000a9180000)
 Metaspace       used 110649K, capacity 115070K, committed 115328K, reserved 1150976K
  class space    used 13434K, capacity 14403K, committed 14464K, reserved 1048576K
}
Event: 435639.477 GC heap before
{Heap before GC invocations=2316 (full 4):
 PSYoungGen      total 171008K, used 168992K [0x00000000d5580000, 0x00000000e0000000, 0x0000000100000000)
  eden space 167424K, 100% used [0x00000000d5580000,0x00000000df900000,0x00000000df900000)
  from space 3584K, 43% used [0x00000000df900000,0x00000000dfa880a0,0x00000000dfc80000)
  to   space 3584K, 0% used [0x00000000dfc80000,0x00000000dfc80000,0x00000000e0000000)
 ParOldGen       total 673280K, used 77436K [0x0000000080000000, 0x00000000a9180000, 0x00000000d5580000)
  object space 673280K, 11% used [0x0000000080000000,0x0000000084b9f308,0x00000000a9180000)
 Metaspace       used 110649K, capacity 115070K, committed 115328K, reserved 1150976K
  class space    used 13434K, capacity 14403K, committed 14464K, reserved 1048576K
Event: 435639.481 GC heap after
Heap after GC invocations=2316 (full 4):
 PSYoungGen      total 171008K, used 1552K [0x00000000d5580000, 0x00000000e0000000, 0x0000000100000000)
  eden space 167424K, 0% used [0x00000000d5580000,0x00000000d5580000,0x00000000df900000)
  from space 3584K, 43% used [0x00000000dfc80000,0x00000000dfe04090,0x00000000e0000000)
  to   space 3584K, 0% used [0x00000000df900000,0x00000000df900000,0x00000000dfc80000)
 ParOldGen       total 673280K, used 77452K [0x0000000080000000, 0x00000000a9180000, 0x00000000d5580000)
  object space 673280K, 11% used [0x0000000080000000,0x0000000084ba3308,0x00000000a9180000)
 Metaspace       used 110649K, capacity 115070K, committed 115328K, reserved 1150976K
  class space    used 13434K, capacity 14403K, committed 14464K, reserved 1048576K
}
Event: 435825.607 GC heap before
{Heap before GC invocations=2317 (full 4):
 PSYoungGen      total 171008K, used 168976K [0x00000000d5580000, 0x00000000e0000000, 0x0000000100000000)
  eden space 167424K, 100% used [0x00000000d5580000,0x00000000df900000,0x00000000df900000)
  from space 3584K, 43% used [0x00000000dfc80000,0x00000000dfe04090,0x00000000e0000000)
  to   space 3584K, 0% used [0x00000000df900000,0x00000000df900000,0x00000000dfc80000)
 ParOldGen       total 673280K, used 77452K [0x0000000080000000, 0x00000000a9180000, 0x00000000d5580000)
  object space 673280K, 11% used [0x0000000080000000,0x0000000084ba3308,0x00000000a9180000)
 Metaspace       used 110649K, capacity 115070K, committed 115328K, reserved 1150976K
  class space    used 13434K, capacity 14403K, committed 14464K, reserved 1048576K
Event: 435825.611 GC heap after
Heap after GC invocations=2317 (full 4):
 PSYoungGen      total 171008K, used 1648K [0x00000000d5580000, 0x00000000e0000000, 0x0000000100000000)
  eden space 167424K, 0% used [0x00000000d5580000,0x00000000d5580000,0x00000000df900000)
  from space 3584K, 45% used [0x00000000df900000,0x00000000dfa9c0b0,0x00000000dfc80000)
  to   space 3584K, 0% used [0x00000000dfc80000,0x00000000dfc80000,0x00000000e0000000)
 ParOldGen       total 673280K, used 77468K [0x0000000080000000, 0x00000000a9180000, 0x00000000d5580000)
  object space 673280K, 11% used [0x0000000080000000,0x0000000084ba7308,0x00000000a9180000)
 Metaspace       used 110649K, capacity 115070K, committed 115328K, reserved 1150976K
  class space    used 13434K, capacity 14403K, committed 14464K, reserved 1048576K
}
Event: 436013.297 GC heap before
{Heap before GC invocations=2318 (full 4):
 PSYoungGen      total 171008K, used 169072K [0x00000000d5580000, 0x00000000e0000000, 0x0000000100000000)
  eden space 167424K, 99% used [0x00000000d5580000,0x00000000df8ffff0,0x00000000df900000)
  from space 3584K, 45% used [0x00000000df900000,0x00000000dfa9c0b0,0x00000000dfc80000)
  to   space 3584K, 0% used [0x00000000dfc80000,0x00000000dfc80000,0x00000000e0000000)
 ParOldGen       total 673280K, used 77468K [0x0000000080000000, 0x00000000a9180000, 0x00000000d5580000)
  object space 673280K, 11% used [0x0000000080000000,0x0000000084ba7308,0x00000000a9180000)
 Metaspace       used 110649K, capacity 115070K, committed 115328K, reserved 1150976K
  class space    used 13434K, capacity 14403K, committed 14464K, reserved 1048576K
Event: 436013.301 GC heap after
Heap after GC invocations=2318 (full 4):
 PSYoungGen      total 171520K, used 1536K [0x00000000d5580000, 0x00000000e0000000, 0x0000000100000000)
  eden space 167936K, 0% used [0x00000000d5580000,0x00000000d5580000,0x00000000df980000)
  from space 3584K, 42% used [0x00000000dfc80000,0x00000000dfe000a0,0x00000000e0000000)
  to   space 3072K, 0% used [0x00000000df980000,0x00000000df980000,0x00000000dfc80000)
 ParOldGen       total 673280K, used 77492K [0x0000000080000000, 0x00000000a9180000, 0x00000000d5580000)
  object space 673280K, 11% used [0x0000000080000000,0x0000000084bad308,0x00000000a9180000)
 Metaspace       used 110649K, capacity 115070K, committed 115328K, reserved 1150976K
  class space    used 13434K, capacity 14403K, committed 14464K, reserved 1048576K
}
Event: 436200.159 GC heap before
{Heap before GC invocations=2319 (full 4):
 PSYoungGen      total 171520K, used 169472K [0x00000000d5580000, 0x00000000e0000000, 0x0000000100000000)
  eden space 167936K, 100% used [0x00000000d5580000,0x00000000df980000,0x00000000df980000)
  from space 3584K, 42% used [0x00000000dfc80000,0x00000000dfe000a0,0x00000000e0000000)
  to   space 3072K, 0% used [0x00000000df980000,0x00000000df980000,0x00000000dfc80000)
 ParOldGen       total 673280K, used 77492K [0x0000000080000000, 0x00000000a9180000, 0x00000000d5580000)
  object space 673280K, 11% used [0x0000000080000000,0x0000000084bad308,0x00000000a9180000)
 Metaspace       used 110649K, capacity 115070K, committed 115328K, reserved 1150976K
  class space    used 13434K, capacity 14403K, committed 14464K, reserved 1048576K
Event: 436200.163 GC heap after
Heap after GC invocations=2319 (full 4):
 PSYoungGen      total 171008K, used 1712K [0x00000000d5580000, 0x00000000e0000000, 0x0000000100000000)
  eden space 167936K, 0% used [0x00000000d5580000,0x00000000d5580000,0x00000000df980000)
  from space 3072K, 55% used [0x00000000df980000,0x00000000dfb2c0b0,0x00000000dfc80000)
  to   space 3072K, 0% used [0x00000000dfd00000,0x00000000dfd00000,0x00000000e0000000)
 ParOldGen       total 673280K, used 77508K [0x0000000080000000, 0x00000000a9180000, 0x00000000d5580000)
  object space 673280K, 11% used [0x0000000080000000,0x0000000084bb1308,0x00000000a9180000)
 Metaspace       used 110649K, capacity 115070K, committed 115328K, reserved 1150976K
  class space    used 13434K, capacity 14403K, committed 14464K, reserved 1048576K
}
Event: 436389.503 GC heap before
{Heap before GC invocations=2320 (full 4):
 PSYoungGen      total 171008K, used 169648K [0x00000000d5580000, 0x00000000e0000000, 0x0000000100000000)
  eden space 167936K, 100% used [0x00000000d5580000,0x00000000df980000,0x00000000df980000)
  from space 3072K, 55% used [0x00000000df980000,0x00000000dfb2c0b0,0x00000000dfc80000)
  to   space 3072K, 0% used [0x00000000dfd00000,0x00000000dfd00000,0x00000000e0000000)
 ParOldGen       total 673280K, used 77508K [0x0000000080000000, 0x00000000a9180000, 0x00000000d5580000)
  object space 673280K, 11% used [0x0000000080000000,0x0000000084bb1308,0x00000000a9180000)
 Metaspace       used 110649K, capacity 115070K, committed 115328K, reserved 1150976K
  class space    used 13434K, capacity 14403K, committed 14464K, reserved 1048576K
Event: 436389.507 GC heap after
Heap after GC invocations=2320 (full 4):
 PSYoungGen      total 171520K, used 1824K [0x00000000d5580000, 0x00000000e0000000, 0x0000000100000000)
  eden space 168448K, 0% used [0x00000000d5580000,0x00000000d5580000,0x00000000dfa00000)
  from space 3072K, 59% used [0x00000000dfd00000,0x00000000dfec80a0,0x00000000e0000000)
  to   space 3072K, 0% used [0x00000000dfa00000,0x00000000dfa00000,0x00000000dfd00000)
 ParOldGen       total 673280K, used 77524K [0x0000000080000000, 0x00000000a9180000, 0x00000000d5580000)
  object space 673280K, 11% used [0x0000000080000000,0x0000000084bb5308,0x00000000a9180000)
 Metaspace       used 110649K, capacity 115070K, committed 115328K, reserved 1150976K
  class space    used 13434K, capacity 14403K, committed 14464K, reserved 1048576K
}
Event: 436578.160 GC heap before
{Heap before GC invocations=2321 (full 4):
 PSYoungGen      total 171520K, used 170272K [0x00000000d5580000, 0x00000000e0000000, 0x0000000100000000)
  eden space 168448K, 100% used [0x00000000d5580000,0x00000000dfa00000,0x00000000dfa00000)
  from space 3072K, 59% used [0x00000000dfd00000,0x00000000dfec80a0,0x00000000e0000000)
  to   space 3072K, 0% used [0x00000000dfa00000,0x00000000dfa00000,0x00000000dfd00000)
 ParOldGen       total 673280K, used 77524K [0x0000000080000000, 0x00000000a9180000, 0x00000000d5580000)
  object space 673280K, 11% used [0x0000000080000000,0x0000000084bb5308,0x00000000a9180000)
 Metaspace       used 110649K, capacity 115070K, committed 115328K, reserved 1150976K
  class space    used 13434K, capacity 14403K, committed 14464K, reserved 1048576K
Event: 436578.164 GC heap after
Heap after GC invocations=2321 (full 4):
 PSYoungGen      total 171520K, used 1616K [0x00000000d5580000, 0x00000000e0000000, 0x0000000100000000)
  eden space 168448K, 0% used [0x00000000d5580000,0x00000000d5580000,0x00000000dfa00000)
  from space 3072K, 52% used [0x00000000dfa00000,0x00000000dfb940b0,0x00000000dfd00000)
  to   space 3072K, 0% used [0x00000000dfd00000,0x00000000dfd00000,0x00000000e0000000)
 ParOldGen       total 673280K, used 77548K [0x0000000080000000, 0x00000000a9180000, 0x00000000d5580000)
  object space 673280K, 11% used [0x0000000080000000,0x0000000084bbb308,0x00000000a9180000)
 Metaspace       used 110649K, capacity 115070K, committed 115328K, reserved 1150976K
  class space    used 13434K, capacity 14403K, committed 14464K, reserved 1048576K
}
Event: 436767.269 GC heap before
{Heap before GC invocations=2322 (full 4):
 PSYoungGen      total 171520K, used 170064K [0x00000000d5580000, 0x00000000e0000000, 0x0000000100000000)
  eden space 168448K, 100% used [0x00000000d5580000,0x00000000dfa00000,0x00000000dfa00000)
  from space 3072K, 52% used [0x00000000dfa00000,0x00000000dfb940b0,0x00000000dfd00000)
  to   space 3072K, 0% used [0x00000000dfd00000,0x00000000dfd00000,0x00000000e0000000)
 ParOldGen       total 673280K, used 77548K [0x0000000080000000, 0x00000000a9180000, 0x00000000d5580000)
  object space 673280K, 11% used [0x0000000080000000,0x0000000084bbb308,0x00000000a9180000)
 Metaspace       used 110649K, capacity 115070K, committed 115328K, reserved 1150976K
  class space    used 13434K, capacity 14403K, committed 14464K, reserved 1048576K
Event: 436767.273 GC heap after
Heap after GC invocations=2322 (full 4):
 PSYoungGen      total 171520K, used 1600K [0x00000000d5580000, 0x00000000e0000000, 0x0000000100000000)
  eden space 168448K, 0% used [0x00000000d5580000,0x00000000d5580000,0x00000000dfa00000)
  from space 3072K, 52% used [0x00000000dfd00000,0x00000000dfe900a0,0x00000000e0000000)
  to   space 3072K, 0% used [0x00000000dfa00000,0x00000000dfa00000,0x00000000dfd00000)
 ParOldGen       total 673280K, used 77556K [0x0000000080000000, 0x00000000a9180000, 0x00000000d5580000)
  object space 673280K, 11% used [0x0000000080000000,0x0000000084bbd308,0x00000000a9180000)
 Metaspace       used 110649K, capacity 115070K, committed 115328K, reserved 1150976K
  class space    used 13434K, capacity 14403K, committed 14464K, reserved 1048576K
}
Event: 436957.538 GC heap before
{Heap before GC invocations=2323 (full 4):
 PSYoungGen      total 171520K, used 170048K [0x00000000d5580000, 0x00000000e0000000, 0x0000000100000000)
  eden space 168448K, 100% used [0x00000000d5580000,0x00000000dfa00000,0x00000000dfa00000)
  from space 3072K, 52% used [0x00000000dfd00000,0x00000000dfe900a0,0x00000000e0000000)
  to   space 3072K, 0% used [0x00000000dfa00000,0x00000000dfa00000,0x00000000dfd00000)
 ParOldGen       total 673280K, used 77556K [0x0000000080000000, 0x00000000a9180000, 0x00000000d5580000)
  object space 673280K, 11% used [0x0000000080000000,0x0000000084bbd308,0x00000000a9180000)
 Metaspace       used 110649K, capacity 115070K, committed 115328K, reserved 1150976K
  class space    used 13434K, capacity 14403K, committed 14464K, reserved 1048576K
Event: 436957.542 GC heap after
Heap after GC invocations=2323 (full 4):
 PSYoungGen      total 171520K, used 1840K [0x00000000d5580000, 0x00000000e0000000, 0x0000000100000000)
  eden space 168448K, 0% used [0x00000000d5580000,0x00000000d5580000,0x00000000dfa00000)
  from space 3072K, 59% used [0x00000000dfa00000,0x00000000dfbcc0b0,0x00000000dfd00000)
  to   space 3072K, 0% used [0x00000000dfd00000,0x00000000dfd00000,0x00000000e0000000)
 ParOldGen       total 673280K, used 77572K [0x0000000080000000, 0x00000000a9180000, 0x00000000d5580000)
  object space 673280K, 11% used [0x0000000080000000,0x0000000084bc1308,0x00000000a9180000)
 Metaspace       used 110649K, capacity 115070K, committed 115328K, reserved 1150976K
  class space    used 13434K, capacity 14403K, committed 14464K, reserved 1048576K
}
Event: 437142.966 GC heap before
{Heap before GC invocations=2324 (full 4):
 PSYoungGen      total 171520K, used 170288K [0x00000000d5580000, 0x00000000e0000000, 0x0000000100000000)
  eden space 168448K, 100% used [0x00000000d5580000,0x00000000dfa00000,0x00000000dfa00000)
  from space 3072K, 59% used [0x00000000dfa00000,0x00000000dfbcc0b0,0x00000000dfd00000)
  to   space 3072K, 0% used [0x00000000dfd00000,0x00000000dfd00000,0x00000000e0000000)
 ParOldGen       total 673280K, used 77572K [0x0000000080000000, 0x00000000a9180000, 0x00000000d5580000)
  object space 673280K, 11% used [0x0000000080000000,0x0000000084bc1308,0x00000000a9180000)
 Metaspace       used 110649K, capacity 115070K, committed 115328K, reserved 1150976K
  class space    used 13434K, capacity 14403K, committed 14464K, reserved 1048576K
Event: 437142.970 GC heap after
Heap after GC invocations=2324 (full 4):
 PSYoungGen      total 172032K, used 1680K [0x00000000d5580000, 0x00000000e0000000, 0x0000000100000000)
  eden space 168960K, 0% used [0x00000000d5580000,0x00000000d5580000,0x00000000dfa80000)
  from space 3072K, 54% used [0x00000000dfd00000,0x00000000dfea40b0,0x00000000e0000000)
  to   space 2560K, 0% used [0x00000000dfa80000,0x00000000dfa80000,0x00000000dfd00000)
 ParOldGen       total 673280K, used 77588K [0x0000000080000000, 0x00000000a9180000, 0x00000000d5580000)
  object space 673280K, 11% used [0x0000000080000000,0x0000000084bc5308,0x00000000a9180000)
 Metaspace       used 110649K, capacity 115070K, committed 115328K, reserved 1150976K
  class space    used 13434K, capacity 14403K, committed 14464K, reserved 1048576K
}
Event: 437330.962 GC heap before
{Heap before GC invocations=2325 (full 4):
 PSYoungGen      total 172032K, used 170640K [0x00000000d5580000, 0x00000000e0000000, 0x0000000100000000)
  eden space 168960K, 100% used [0x00000000d5580000,0x00000000dfa80000,0x00000000dfa80000)
  from space 3072K, 54% used [0x00000000dfd00000,0x00000000dfea40b0,0x00000000e0000000)
  to   space 2560K, 0% used [0x00000000dfa80000,0x00000000dfa80000,0x00000000dfd00000)
 ParOldGen       total 673280K, used 77588K [0x0000000080000000, 0x00000000a9180000, 0x00000000d5580000)
  object space 673280K, 11% used [0x0000000080000000,0x0000000084bc5308,0x00000000a9180000)
 Metaspace       used 110649K, capacity 115070K, committed 115328K, reserved 1150976K
  class space    used 13434K, capacity 14403K, committed 14464K, reserved 1048576K
Event: 437330.966 GC heap after
Heap after GC invocations=2325 (full 4):
 PSYoungGen      total 171520K, used 1632K [0x00000000d5580000, 0x00000000e0000000, 0x0000000100000000)
  eden space 168960K, 0% used [0x00000000d5580000,0x00000000d5580000,0x00000000dfa80000)
  from space 2560K, 63% used [0x00000000dfa80000,0x00000000dfc180a0,0x00000000dfd00000)
  to   space 2560K, 0% used [0x00000000dfd80000,0x00000000dfd80000,0x00000000e0000000)
 ParOldGen       total 673280K, used 77612K [0x0000000080000000, 0x00000000a9180000, 0x00000000d5580000)
  object space 673280K, 11% used [0x0000000080000000,0x0000000084bcb308,0x00000000a9180000)
 Metaspace       used 110649K, capacity 115070K, committed 115328K, reserved 1150976K
  class space    used 13434K, capacity 14403K, committed 14464K, reserved 1048576K
}
Event: 437515.357 GC heap before
{Heap before GC invocations=2326 (full 4):
 PSYoungGen      total 171520K, used 170592K [0x00000000d5580000, 0x00000000e0000000, 0x0000000100000000)
  eden space 168960K, 100% used [0x00000000d5580000,0x00000000dfa80000,0x00000000dfa80000)
  from space 2560K, 63% used [0x00000000dfa80000,0x00000000dfc180a0,0x00000000dfd00000)
  to   space 2560K, 0% used [0x00000000dfd80000,0x00000000dfd80000,0x00000000e0000000)
 ParOldGen       total 673280K, used 77612K [0x0000000080000000, 0x00000000a9180000, 0x00000000d5580000)
  object space 673280K, 11% used [0x0000000080000000,0x0000000084bcb308,0x00000000a9180000)
 Metaspace       used 110649K, capacity 115070K, committed 115328K, reserved 1150976K
  class space    used 13434K, capacity 14403K, committed 14464K, reserved 1048576K
Event: 437515.362 GC heap after
Heap after GC invocations=2326 (full 4):
 PSYoungGen      total 172032K, used 1600K [0x00000000d5580000, 0x00000000e0000000, 0x0000000100000000)
  eden space 169472K, 0% used [0x00000000d5580000,0x00000000d5580000,0x00000000dfb00000)
  from space 2560K, 62% used [0x00000000dfd80000,0x00000000dff100a0,0x00000000e0000000)
  to   space 2560K, 0% used [0x00000000dfb00000,0x00000000dfb00000,0x00000000dfd80000)
 ParOldGen       total 673280K, used 77628K [0x0000000080000000, 0x00000000a9180000, 0x00000000d5580000)
  object space 673280K, 11% used [0x0000000080000000,0x0000000084bcf308,0x00000000a9180000)
 Metaspace       used 110649K, capacity 115070K, committed 115328K, reserved 1150976K
  class space    used 13434K, capacity 14403K, committed 14464K, reserved 1048576K
}
Event: 437702.764 GC heap before
{Heap before GC invocations=2327 (full 4):
 PSYoungGen      total 172032K, used 171072K [0x00000000d5580000, 0x00000000e0000000, 0x0000000100000000)
  eden space 169472K, 100% used [0x00000000d5580000,0x00000000dfb00000,0x00000000dfb00000)
  from space 2560K, 62% used [0x00000000dfd80000,0x00000000dff100a0,0x00000000e0000000)
  to   space 2560K, 0% used [0x00000000dfb00000,0x00000000dfb00000,0x00000000dfd80000)
 ParOldGen       total 673280K, used 77628K [0x0000000080000000, 0x00000000a9180000, 0x00000000d5580000)
  object space 673280K, 11% used [0x0000000080000000,0x0000000084bcf308,0x00000000a9180000)
 Metaspace       used 110649K, capacity 115070K, committed 115328K, reserved 1150976K
  class space    used 13434K, capacity 14403K, committed 14464K, reserved 1048576K
Event: 437702.769 GC heap after
Heap after GC invocations=2327 (full 4):
 PSYoungGen      total 172032K, used 1664K [0x00000000d5580000, 0x00000000e0000000, 0x0000000100000000)
  eden space 169472K, 0% used [0x00000000d5580000,0x00000000d5580000,0x00000000dfb00000)
  from space 2560K, 65% used [0x00000000dfb00000,0x00000000dfca00a0,0x00000000dfd80000)
  to   space 2560K, 0% used [0x00000000dfd80000,0x00000000dfd80000,0x00000000e0000000)
 ParOldGen       total 673280K, used 77644K [0x0000000080000000, 0x00000000a9180000, 0x00000000d5580000)
  object space 673280K, 11% used [0x0000000080000000,0x0000000084bd3308,0x00000000a9180000)
 Metaspace       used 110649K, capacity 115070K, committed 115328K, reserved 1150976K
  class space    used 13434K, capacity 14403K, committed 14464K, reserved 1048576K
}
Event: 437891.180 GC heap before
{Heap before GC invocations=2328 (full 4):
 PSYoungGen      total 172032K, used 171136K [0x00000000d5580000, 0x00000000e0000000, 0x0000000100000000)
  eden space 169472K, 100% used [0x00000000d5580000,0x00000000dfb00000,0x00000000dfb00000)
  from space 2560K, 65% used [0x00000000dfb00000,0x00000000dfca00a0,0x00000000dfd80000)
  to   space 2560K, 0% used [0x00000000dfd80000,0x00000000dfd80000,0x00000000e0000000)
 ParOldGen       total 673280K, used 77644K [0x0000000080000000, 0x00000000a9180000, 0x00000000d5580000)
  object space 673280K, 11% used [0x0000000080000000,0x0000000084bd3308,0x00000000a9180000)
 Metaspace       used 110649K, capacity 115070K, committed 115328K, reserved 1150976K
  class space    used 13434K, capacity 14403K, committed 14464K, reserved 1048576K
Event: 437891.184 GC heap after
Heap after GC invocations=2328 (full 4):
 PSYoungGen      total 172032K, used 1632K [0x00000000d5580000, 0x00000000e0000000, 0x0000000100000000)
  eden space 169472K, 0% used [0x00000000d5580000,0x00000000d5580000,0x00000000dfb00000)
  from space 2560K, 63% used [0x00000000dfd80000,0x00000000dff180a0,0x00000000e0000000)
  to   space 2560K, 0% used [0x00000000dfb00000,0x00000000dfb00000,0x00000000dfd80000)
 ParOldGen       total 673280K, used 77660K [0x0000000080000000, 0x00000000a9180000, 0x00000000d5580000)
  object space 673280K, 11% used [0x0000000080000000,0x0000000084bd7308,0x00000000a9180000)
 Metaspace       used 110649K, capacity 115070K, committed 115328K, reserved 1150976K
  class space    used 13434K, capacity 14403K, committed 14464K, reserved 1048576K
}
Event: 438078.268 GC heap before
{Heap before GC invocations=2329 (full 4):
 PSYoungGen      total 172032K, used 171104K [0x00000000d5580000, 0x00000000e0000000, 0x0000000100000000)
  eden space 169472K, 100% used [0x00000000d5580000,0x00000000dfb00000,0x00000000dfb00000)
  from space 2560K, 63% used [0x00000000dfd80000,0x00000000dff180a0,0x00000000e0000000)
  to   space 2560K, 0% used [0x00000000dfb00000,0x00000000dfb00000,0x00000000dfd80000)
 ParOldGen       total 673280K, used 77660K [0x0000000080000000, 0x00000000a9180000, 0x00000000d5580000)
  object space 673280K, 11% used [0x0000000080000000,0x0000000084bd7308,0x00000000a9180000)
 Metaspace       used 110649K, capacity 115070K, committed 115328K, reserved 1150976K
  class space    used 13434K, capacity 14403K, committed 14464K, reserved 1048576K
Event: 438078.272 GC heap after
Heap after GC invocations=2329 (full 4):
 PSYoungGen      total 172032K, used 1648K [0x00000000d5580000, 0x00000000e0000000, 0x0000000100000000)
  eden space 169472K, 0% used [0x00000000d5580000,0x00000000d5580000,0x00000000dfb00000)
  from space 2560K, 64% used [0x00000000dfb00000,0x00000000dfc9c0b0,0x00000000dfd80000)
  to   space 2560K, 0% used [0x00000000dfd80000,0x00000000dfd80000,0x00000000e0000000)
 ParOldGen       total 673280K, used 77676K [0x0000000080000000, 0x00000000a9180000, 0x00000000d5580000)
  object space 673280K, 11% used [0x0000000080000000,0x0000000084bdb308,0x00000000a9180000)
 Metaspace       used 110649K, capacity 115070K, committed 115328K, reserved 1150976K
  class space    used 13434K, capacity 14403K, committed 14464K, reserved 1048576K
}
Event: 438265.875 GC heap before
{Heap before GC invocations=2330 (full 4):
 PSYoungGen      total 172032K, used 171120K [0x00000000d5580000, 0x00000000e0000000, 0x0000000100000000)
  eden space 169472K, 100% used [0x00000000d5580000,0x00000000dfb00000,0x00000000dfb00000)
  from space 2560K, 64% used [0x00000000dfb00000,0x00000000dfc9c0b0,0x00000000dfd80000)
  to   space 2560K, 0% used [0x00000000dfd80000,0x00000000dfd80000,0x00000000e0000000)
 ParOldGen       total 673280K, used 77676K [0x0000000080000000, 0x00000000a9180000, 0x00000000d5580000)
  object space 673280K, 11% used [0x0000000080000000,0x0000000084bdb308,0x00000000a9180000)
 Metaspace       used 110649K, capacity 115070K, committed 115328K, reserved 1150976K
  class space    used 13434K, capacity 14403K, committed 14464K, reserved 1048576K
Event: 438265.879 GC heap after
Heap after GC invocations=2330 (full 4):
 PSYoungGen      total 172032K, used 1600K [0x00000000d5580000, 0x00000000e0000000, 0x0000000100000000)
  eden space 169472K, 0% used [0x00000000d5580000,0x00000000d5580000,0x00000000dfb00000)
  from space 2560K, 62% used [0x00000000dfd80000,0x00000000dff100a0,0x00000000e0000000)
  to   space 2560K, 0% used [0x00000000dfb00000,0x00000000dfb00000,0x00000000dfd80000)
 ParOldGen       total 673280K, used 77692K [0x0000000080000000, 0x00000000a9180000, 0x00000000d5580000)
  object space 673280K, 11% used [0x0000000080000000,0x0000000084bdf308,0x00000000a9180000)
 Metaspace       used 110649K, capacity 115070K, committed 115328K, reserved 1150976K
  class space    used 13434K, capacity 14403K, committed 14464K, reserved 1048576K
}
Event: 438453.696 GC heap before
{Heap before GC invocations=2331 (full 4):
 PSYoungGen      total 172032K, used 171072K [0x00000000d5580000, 0x00000000e0000000, 0x0000000100000000)
  eden space 169472K, 100% used [0x00000000d5580000,0x00000000dfb00000,0x00000000dfb00000)
  from space 2560K, 62% used [0x00000000dfd80000,0x00000000dff100a0,0x00000000e0000000)
  to   space 2560K, 0% used [0x00000000dfb00000,0x00000000dfb00000,0x00000000dfd80000)
 ParOldGen       total 673280K, used 77692K [0x0000000080000000, 0x00000000a9180000, 0x00000000d5580000)
  object space 673280K, 11% used [0x0000000080000000,0x0000000084bdf308,0x00000000a9180000)
 Metaspace       used 110649K, capacity 115070K, committed 115328K, reserved 1150976K
  class space    used 13434K, capacity 14403K, committed 14464K, reserved 1048576K
Event: 438453.700 GC heap after
Heap after GC invocations=2331 (full 4):
 PSYoungGen      total 172032K, used 1680K [0x00000000d5580000, 0x00000000e0000000, 0x0000000100000000)
  eden space 169472K, 0% used [0x00000000d5580000,0x00000000d5580000,0x00000000dfb00000)
  from space 2560K, 65% used [0x00000000dfb00000,0x00000000dfca40b0,0x00000000dfd80000)
  to   space 2560K, 0% used [0x00000000dfd80000,0x00000000dfd80000,0x00000000e0000000)
 ParOldGen       total 673280K, used 77700K [0x0000000080000000, 0x00000000a9180000, 0x00000000d5580000)
  object space 673280K, 11% used [0x0000000080000000,0x0000000084be1308,0x00000000a9180000)
 Metaspace       used 110649K, capacity 115070K, committed 115328K, reserved 1150976K
  class space    used 13434K, capacity 14403K, committed 14464K, reserved 1048576K
}
Event: 438642.204 GC heap before
{Heap before GC invocations=2332 (full 4):
 PSYoungGen      total 172032K, used 171152K [0x00000000d5580000, 0x00000000e0000000, 0x0000000100000000)
  eden space 169472K, 100% used [0x00000000d5580000,0x00000000dfb00000,0x00000000dfb00000)
  from space 2560K, 65% used [0x00000000dfb00000,0x00000000dfca40b0,0x00000000dfd80000)
  to   space 2560K, 0% used [0x00000000dfd80000,0x00000000dfd80000,0x00000000e0000000)
 ParOldGen       total 673280K, used 77700K [0x0000000080000000, 0x00000000a9180000, 0x00000000d5580000)
  object space 673280K, 11% used [0x0000000080000000,0x0000000084be1308,0x00000000a9180000)
 Metaspace       used 110649K, capacity 115070K, committed 115328K, reserved 1150976K
  class space    used 13434K, capacity 14403K, committed 14464K, reserved 1048576K
Event: 438642.208 GC heap after
Heap after GC invocations=2332 (full 4):
 PSYoungGen      total 172032K, used 1616K [0x00000000d5580000, 0x00000000e0000000, 0x0000000100000000)
  eden space 169472K, 0% used [0x00000000d5580000,0x00000000d5580000,0x00000000dfb00000)
  from space 2560K, 63% used [0x00000000dfd80000,0x00000000dff140b0,0x00000000e0000000)
  to   space 2560K, 0% used [0x00000000dfb00000,0x00000000dfb00000,0x00000000dfd80000)
 ParOldGen       total 673280K, used 77716K [0x0000000080000000, 0x00000000a9180000, 0x00000000d5580000)
  object space 673280K, 11% used [0x0000000080000000,0x0000000084be5308,0x00000000a9180000)
 Metaspace       used 110649K, capacity 115070K, committed 115328K, reserved 1150976K
  class space    used 13434K, capacity 14403K, committed 14464K, reserved 1048576K
}
Event: 438829.975 GC heap before
{Heap before GC invocations=2333 (full 4):
 PSYoungGen      total 172032K, used 171088K [0x00000000d5580000, 0x00000000e0000000, 0x0000000100000000)
  eden space 169472K, 100% used [0x00000000d5580000,0x00000000dfb00000,0x00000000dfb00000)
  from space 2560K, 63% used [0x00000000dfd80000,0x00000000dff140b0,0x00000000e0000000)
  to   space 2560K, 0% used [0x00000000dfb00000,0x00000000dfb00000,0x00000000dfd80000)
 ParOldGen       total 673280K, used 77716K [0x0000000080000000, 0x00000000a9180000, 0x00000000d5580000)
  object space 673280K, 11% used [0x0000000080000000,0x0000000084be5308,0x00000000a9180000)
 Metaspace       used 110649K, capacity 115070K, committed 115328K, reserved 1150976K
  class space    used 13434K, capacity 14403K, committed 14464K, reserved 1048576K
Event: 438829.979 GC heap after
Heap after GC invocations=2333 (full 4):
 PSYoungGen      total 172032K, used 1616K [0x00000000d5580000, 0x00000000e0000000, 0x0000000100000000)
  eden space 169472K, 0% used [0x00000000d5580000,0x00000000d5580000,0x00000000dfb00000)
  from space 2560K, 63% used [0x00000000dfb00000,0x00000000dfc940b0,0x00000000dfd80000)
  to   space 2560K, 0% used [0x00000000dfd80000,0x00000000dfd80000,0x00000000e0000000)
 ParOldGen       total 673280K, used 77732K [0x0000000080000000, 0x00000000a9180000, 0x00000000d5580000)
  object space 673280K, 11% used [0x0000000080000000,0x0000000084be9308,0x00000000a9180000)
 Metaspace       used 110649K, capacity 115070K, committed 115328K, reserved 1150976K
  class space    used 13434K, capacity 14403K, committed 14464K, reserved 1048576K
}
Event: 439018.045 GC heap before
{Heap before GC invocations=2334 (full 4):
 PSYoungGen      total 172032K, used 171088K [0x00000000d5580000, 0x00000000e0000000, 0x0000000100000000)
  eden space 169472K, 100% used [0x00000000d5580000,0x00000000dfb00000,0x00000000dfb00000)
  from space 2560K, 63% used [0x00000000dfb00000,0x00000000dfc940b0,0x00000000dfd80000)
  to   space 2560K, 0% used [0x00000000dfd80000,0x00000000dfd80000,0x00000000e0000000)
 ParOldGen       total 673280K, used 77732K [0x0000000080000000, 0x00000000a9180000, 0x00000000d5580000)
  object space 673280K, 11% used [0x0000000080000000,0x0000000084be9308,0x00000000a9180000)
 Metaspace       used 110649K, capacity 115070K, committed 115328K, reserved 1150976K
  class space    used 13434K, capacity 14403K, committed 14464K, reserved 1048576K
Event: 439018.050 GC heap after
Heap after GC invocations=2334 (full 4):
 PSYoungGen      total 172032K, used 1648K [0x00000000d5580000, 0x00000000e0000000, 0x0000000100000000)
  eden space 169472K, 0% used [0x00000000d5580000,0x00000000d5580000,0x00000000dfb00000)
  from space 2560K, 64% used [0x00000000dfd80000,0x00000000dff1c0b0,0x00000000e0000000)
  to   space 2560K, 0% used [0x00000000dfb00000,0x00000000dfb00000,0x00000000dfd80000)
 ParOldGen       total 673280K, used 77748K [0x0000000080000000, 0x00000000a9180000, 0x00000000d5580000)
  object space 673280K, 11% used [0x0000000080000000,0x0000000084bed308,0x00000000a9180000)
 Metaspace       used 110649K, capacity 115070K, committed 115328K, reserved 1150976K
  class space    used 13434K, capacity 14403K, committed 14464K, reserved 1048576K
}
Event: 439202.146 GC heap before
{Heap before GC invocations=2335 (full 4):
 PSYoungGen      total 172032K, used 171120K [0x00000000d5580000, 0x00000000e0000000, 0x0000000100000000)
  eden space 169472K, 100% used [0x00000000d5580000,0x00000000dfb00000,0x00000000dfb00000)
  from space 2560K, 64% used [0x00000000dfd80000,0x00000000dff1c0b0,0x00000000e0000000)
  to   space 2560K, 0% used [0x00000000dfb00000,0x00000000dfb00000,0x00000000dfd80000)
 ParOldGen       total 673280K, used 77748K [0x0000000080000000, 0x00000000a9180000, 0x00000000d5580000)
  object space 673280K, 11% used [0x0000000080000000,0x0000000084bed308,0x00000000a9180000)
 Metaspace       used 110649K, capacity 115070K, committed 115328K, reserved 1150976K
  class space    used 13434K, capacity 14403K, committed 14464K, reserved 1048576K
Event: 439202.150 GC heap after
Heap after GC invocations=2335 (full 4):
 PSYoungGen      total 172032K, used 1600K [0x00000000d5580000, 0x00000000e0000000, 0x0000000100000000)
  eden space 169472K, 0% used [0x00000000d5580000,0x00000000d5580000,0x00000000dfb00000)
  from space 2560K, 62% used [0x00000000dfb00000,0x00000000dfc900a0,0x00000000dfd80000)
  to   space 2560K, 0% used [0x00000000dfd80000,0x00000000dfd80000,0x00000000e0000000)
 ParOldGen       total 673280K, used 77764K [0x0000000080000000, 0x00000000a9180000, 0x00000000d5580000)
  object space 673280K, 11% used [0x0000000080000000,0x0000000084bf1308,0x00000000a9180000)
 Metaspace       used 110649K, capacity 115070K, committed 115328K, reserved 1150976K
  class space    used 13434K, capacity 14403K, committed 14464K, reserved 1048576K
}
Event: 439390.446 GC heap before
{Heap before GC invocations=2336 (full 4):
 PSYoungGen      total 172032K, used 171072K [0x00000000d5580000, 0x00000000e0000000, 0x0000000100000000)
  eden space 169472K, 100% used [0x00000000d5580000,0x00000000dfb00000,0x00000000dfb00000)
  from space 2560K, 62% used [0x00000000dfb00000,0x00000000dfc900a0,0x00000000dfd80000)
  to   space 2560K, 0% used [0x00000000dfd80000,0x00000000dfd80000,0x00000000e0000000)
 ParOldGen       total 673280K, used 77764K [0x0000000080000000, 0x00000000a9180000, 0x00000000d5580000)
  object space 673280K, 11% used [0x0000000080000000,0x0000000084bf1308,0x00000000a9180000)
 Metaspace       used 110649K, capacity 115070K, committed 115328K, reserved 1150976K
  class space    used 13434K, capacity 14403K, committed 14464K, reserved 1048576K
Event: 439390.450 GC heap after
Heap after GC invocations=2336 (full 4):
 PSYoungGen      total 172032K, used 1552K [0x00000000d5580000, 0x00000000e0000000, 0x0000000100000000)
  eden space 169472K, 0% used [0x00000000d5580000,0x00000000d5580000,0x00000000dfb00000)
  from space 2560K, 60% used [0x00000000dfd80000,0x00000000dff04090,0x00000000e0000000)
  to   space 2560K, 0% used [0x00000000dfb00000,0x00000000dfb00000,0x00000000dfd80000)
 ParOldGen       total 673280K, used 77772K [0x0000000080000000, 0x00000000a9180000, 0x00000000d5580000)
  object space 673280K, 11% used [0x0000000080000000,0x0000000084bf3308,0x00000000a9180000)
 Metaspace       used 110649K, capacity 115070K, committed 115328K, reserved 1150976K
  class space    used 13434K, capacity 14403K, committed 14464K, reserved 1048576K
}
Event: 439576.794 GC heap before
{Heap before GC invocations=2337 (full 4):
 PSYoungGen      total 172032K, used 171024K [0x00000000d5580000, 0x00000000e0000000, 0x0000000100000000)
  eden space 169472K, 100% used [0x00000000d5580000,0x00000000dfb00000,0x00000000dfb00000)
  from space 2560K, 60% used [0x00000000dfd80000,0x00000000dff04090,0x00000000e0000000)
  to   space 2560K, 0% used [0x00000000dfb00000,0x00000000dfb00000,0x00000000dfd80000)
 ParOldGen       total 673280K, used 77772K [0x0000000080000000, 0x00000000a9180000, 0x00000000d5580000)
  object space 673280K, 11% used [0x0000000080000000,0x0000000084bf3308,0x00000000a9180000)
 Metaspace       used 110649K, capacity 115070K, committed 115328K, reserved 1150976K
  class space    used 13434K, capacity 14403K, committed 14464K, reserved 1048576K
Event: 439576.799 GC heap after
Heap after GC invocations=2337 (full 4):
 PSYoungGen      total 172032K, used 1744K [0x00000000d5580000, 0x00000000e0000000, 0x0000000100000000)
  eden space 169472K, 0% used [0x00000000d5580000,0x00000000d5580000,0x00000000dfb00000)
  from space 2560K, 68% used [0x00000000dfb00000,0x00000000dfcb40b0,0x00000000dfd80000)
  to   space 2048K, 0% used [0x00000000dfe00000,0x00000000dfe00000,0x00000000e0000000)
 ParOldGen       total 673280K, used 77788K [0x0000000080000000, 0x00000000a9180000, 0x00000000d5580000)
  object space 673280K, 11% used [0x0000000080000000,0x0000000084bf7308,0x00000000a9180000)
 Metaspace       used 110649K, capacity 115070K, committed 115328K, reserved 1150976K
  class space    used 13434K, capacity 14403K, committed 14464K, reserved 1048576K
}
Event: 439764.027 GC heap before
{Heap before GC invocations=2338 (full 4):
 PSYoungGen      total 172032K, used 171216K [0x00000000d5580000, 0x00000000e0000000, 0x0000000100000000)
  eden space 169472K, 100% used [0x00000000d5580000,0x00000000dfb00000,0x00000000dfb00000)
  from space 2560K, 68% used [0x00000000dfb00000,0x00000000dfcb40b0,0x00000000dfd80000)
  to   space 2048K, 0% used [0x00000000dfe00000,0x00000000dfe00000,0x00000000e0000000)
 ParOldGen       total 673280K, used 77788K [0x0000000080000000, 0x00000000a9180000, 0x00000000d5580000)
  object space 673280K, 11% used [0x0000000080000000,0x0000000084bf7308,0x00000000a9180000)
 Metaspace       used 110649K, capacity 115070K, committed 115328K, reserved 1150976K
  class space    used 13434K, capacity 14403K, committed 14464K, reserved 1048576K
Event: 439764.031 GC heap after
Heap after GC invocations=2338 (full 4):
 PSYoungGen      total 172544K, used 1632K [0x00000000d5580000, 0x00000000e0000000, 0x0000000100000000)
  eden space 170496K, 0% used [0x00000000d5580000,0x00000000d5580000,0x00000000dfc00000)
  from space 2048K, 79% used [0x00000000dfe00000,0x00000000dff980a0,0x00000000e0000000)
  to   space 2048K, 0% used [0x00000000dfc00000,0x00000000dfc00000,0x00000000dfe00000)
 ParOldGen       total 673280K, used 77804K [0x0000000080000000, 0x00000000a9180000, 0x00000000d5580000)
  object space 673280K, 11% used [0x0000000080000000,0x0000000084bfb308,0x00000000a9180000)
 Metaspace       used 110649K, capacity 115070K, committed 115328K, reserved 1150976K
  class space    used 13434K, capacity 14403K, committed 14464K, reserved 1048576K
}
Event: 439952.159 GC heap before
{Heap before GC invocations=2339 (full 4):
 PSYoungGen      total 172544K, used 172128K [0x00000000d5580000, 0x00000000e0000000, 0x0000000100000000)
  eden space 170496K, 100% used [0x00000000d5580000,0x00000000dfc00000,0x00000000dfc00000)
  from space 2048K, 79% used [0x00000000dfe00000,0x00000000dff980a0,0x00000000e0000000)
  to   space 2048K, 0% used [0x00000000dfc00000,0x00000000dfc00000,0x00000000dfe00000)
 ParOldGen       total 673280K, used 77804K [0x0000000080000000, 0x00000000a9180000, 0x00000000d5580000)
  object space 673280K, 11% used [0x0000000080000000,0x0000000084bfb308,0x00000000a9180000)
 Metaspace       used 110649K, capacity 115070K, committed 115328K, reserved 1150976K
  class space    used 13434K, capacity 14403K, committed 14464K, reserved 1048576K
Event: 439952.163 GC heap after
Heap after GC invocations=2339 (full 4):
 PSYoungGen      total 172544K, used 1664K [0x00000000d5580000, 0x00000000e0000000, 0x0000000100000000)
  eden space 170496K, 0% used [0x00000000d5580000,0x00000000d5580000,0x00000000dfc00000)
  from space 2048K, 81% used [0x00000000dfc00000,0x00000000dfda00a0,0x00000000dfe00000)
  to   space 2048K, 0% used [0x00000000dfe00000,0x00000000dfe00000,0x00000000e0000000)
 ParOldGen       total 673280K, used 77820K [0x0000000080000000, 0x00000000a9180000, 0x00000000d5580000)
  object space 673280K, 11% used [0x0000000080000000,0x0000000084bff308,0x00000000a9180000)
 Metaspace       used 110649K, capacity 115070K, committed 115328K, reserved 1150976K
  class space    used 13434K, capacity 14403K, committed 14464K, reserved 1048576K
}
Event: 440142.142 GC heap before
{Heap before GC invocations=2340 (full 4):
 PSYoungGen      total 172544K, used 172160K [0x00000000d5580000, 0x00000000e0000000, 0x0000000100000000)
  eden space 170496K, 100% used [0x00000000d5580000,0x00000000dfc00000,0x00000000dfc00000)
  from space 2048K, 81% used [0x00000000dfc00000,0x00000000dfda00a0,0x00000000dfe00000)
  to   space 2048K, 0% used [0x00000000dfe00000,0x00000000dfe00000,0x00000000e0000000)
 ParOldGen       total 673280K, used 77820K [0x0000000080000000, 0x00000000a9180000, 0x00000000d5580000)
  object space 673280K, 11% used [0x0000000080000000,0x0000000084bff308,0x00000000a9180000)
 Metaspace       used 110649K, capacity 115070K, committed 115328K, reserved 1150976K
  class space    used 13434K, capacity 14403K, committed 14464K, reserved 1048576K
Event: 440142.146 GC heap after
Heap after GC invocations=2340 (full 4):
 PSYoungGen      total 172544K, used 1584K [0x00000000d5580000, 0x00000000e0000000, 0x0000000100000000)
  eden space 170496K, 0% used [0x00000000d5580000,0x00000000d5580000,0x00000000dfc00000)
  from space 2048K, 77% used [0x00000000dfe00000,0x00000000dff8c0b0,0x00000000e0000000)
  to   space 2048K, 0% used [0x00000000dfc00000,0x00000000dfc00000,0x00000000dfe00000)
 ParOldGen       total 673280K, used 77852K [0x0000000080000000, 0x00000000a9180000, 0x00000000d5580000)
  object space 673280K, 11% used [0x0000000080000000,0x0000000084c07308,0x00000000a9180000)
 Metaspace       used 110649K, capacity 115070K, committed 115328K, reserved 1150976K
  class space    used 13434K, capacity 14403K, committed 14464K, reserved 1048576K
}
Event: 440330.842 GC heap before
{Heap before GC invocations=2341 (full 4):
 PSYoungGen      total 172544K, used 172080K [0x00000000d5580000, 0x00000000e0000000, 0x0000000100000000)
  eden space 170496K, 100% used [0x00000000d5580000,0x00000000dfc00000,0x00000000dfc00000)
  from space 2048K, 77% used [0x00000000dfe00000,0x00000000dff8c0b0,0x00000000e0000000)
  to   space 2048K, 0% used [0x00000000dfc00000,0x00000000dfc00000,0x00000000dfe00000)
 ParOldGen       total 673280K, used 77852K [0x0000000080000000, 0x00000000a9180000, 0x00000000d5580000)
  object space 673280K, 11% used [0x0000000080000000,0x0000000084c07308,0x00000000a9180000)
 Metaspace       used 110649K, capacity 115070K, committed 115328K, reserved 1150976K
  class space    used 13434K, capacity 14403K, committed 14464K, reserved 1048576K
Event: 440330.846 GC heap after
Heap after GC invocations=2341 (full 4):
 PSYoungGen      total 172544K, used 1680K [0x00000000d5580000, 0x00000000e0000000, 0x0000000100000000)
  eden space 170496K, 0% used [0x00000000d5580000,0x00000000d5580000,0x00000000dfc00000)
  from space 2048K, 82% used [0x00000000dfc00000,0x00000000dfda40b0,0x00000000dfe00000)
  to   space 2048K, 0% used [0x00000000dfe00000,0x00000000dfe00000,0x00000000e0000000)
 ParOldGen       total 673280K, used 77868K [0x0000000080000000, 0x00000000a9180000, 0x00000000d5580000)
  object space 673280K, 11% used [0x0000000080000000,0x0000000084c0b308,0x00000000a9180000)
 Metaspace       used 110649K, capacity 115070K, committed 115328K, reserved 1150976K
  class space    used 13434K, capacity 14403K, committed 14464K, reserved 1048576K
}
Event: 440519.736 GC heap before
{Heap before GC invocations=2342 (full 4):
 PSYoungGen      total 172544K, used 172176K [0x00000000d5580000, 0x00000000e0000000, 0x0000000100000000)
  eden space 170496K, 100% used [0x00000000d5580000,0x00000000dfc00000,0x00000000dfc00000)
  from space 2048K, 82% used [0x00000000dfc00000,0x00000000dfda40b0,0x00000000dfe00000)
  to   space 2048K, 0% used [0x00000000dfe00000,0x00000000dfe00000,0x00000000e0000000)
 ParOldGen       total 673280K, used 77868K [0x0000000080000000, 0x00000000a9180000, 0x00000000d5580000)
  object space 673280K, 11% used [0x0000000080000000,0x0000000084c0b308,0x00000000a9180000)
 Metaspace       used 110649K, capacity 115070K, committed 115328K, reserved 1150976K
  class space    used 13434K, capacity 14403K, committed 14464K, reserved 1048576K
Event: 440519.741 GC heap after
Heap after GC invocations=2342 (full 4):
 PSYoungGen      total 172544K, used 1680K [0x00000000d5580000, 0x00000000e0000000, 0x0000000100000000)
  eden space 170496K, 0% used [0x00000000d5580000,0x00000000d5580000,0x00000000dfc00000)
  from space 2048K, 82% used [0x00000000dfe00000,0x00000000dffa40b0,0x00000000e0000000)
  to   space 2048K, 0% used [0x00000000dfc00000,0x00000000dfc00000,0x00000000dfe00000)
 ParOldGen       total 673280K, used 77884K [0x0000000080000000, 0x00000000a9180000, 0x00000000d5580000)
  object space 673280K, 11% used [0x0000000080000000,0x0000000084c0f308,0x00000000a9180000)
 Metaspace       used 110649K, capacity 115070K, committed 115328K, reserved 1150976K
  class space    used 13434K, capacity 14403K, committed 14464K, reserved 1048576K
}
Event: 440708.855 GC heap before
{Heap before GC invocations=2343 (full 4):
 PSYoungGen      total 172544K, used 172176K [0x00000000d5580000, 0x00000000e0000000, 0x0000000100000000)
  eden space 170496K, 100% used [0x00000000d5580000,0x00000000dfc00000,0x00000000dfc00000)
  from space 2048K, 82% used [0x00000000dfe00000,0x00000000dffa40b0,0x00000000e0000000)
  to   space 2048K, 0% used [0x00000000dfc00000,0x00000000dfc00000,0x00000000dfe00000)
 ParOldGen       total 673280K, used 77884K [0x0000000080000000, 0x00000000a9180000, 0x00000000d5580000)
  object space 673280K, 11% used [0x0000000080000000,0x0000000084c0f308,0x00000000a9180000)
 Metaspace       used 110649K, capacity 115070K, committed 115328K, reserved 1150976K
  class space    used 13434K, capacity 14403K, committed 14464K, reserved 1048576K
Event: 440708.859 GC heap after
Heap after GC invocations=2343 (full 4):
 PSYoungGen      total 172544K, used 1568K [0x00000000d5580000, 0x00000000e0000000, 0x0000000100000000)
  eden space 170496K, 0% used [0x00000000d5580000,0x00000000d5580000,0x00000000dfc00000)
  from space 2048K, 76% used [0x00000000dfc00000,0x00000000dfd880a0,0x00000000dfe00000)
  to   space 2048K, 0% used [0x00000000dfe00000,0x00000000dfe00000,0x00000000e0000000)
 ParOldGen       total 673280K, used 77892K [0x0000000080000000, 0x00000000a9180000, 0x00000000d5580000)
  object space 673280K, 11% used [0x0000000080000000,0x0000000084c11308,0x00000000a9180000)
 Metaspace       used 110649K, capacity 115070K, committed 115328K, reserved 1150976K
  class space    used 13434K, capacity 14403K, committed 14464K, reserved 1048576K
}
Event: 440894.737 GC heap before
{Heap before GC invocations=2344 (full 4):
 PSYoungGen      total 172544K, used 172064K [0x00000000d5580000, 0x00000000e0000000, 0x0000000100000000)
  eden space 170496K, 100% used [0x00000000d5580000,0x00000000dfc00000,0x00000000dfc00000)
  from space 2048K, 76% used [0x00000000dfc00000,0x00000000dfd880a0,0x00000000dfe00000)
  to   space 2048K, 0% used [0x00000000dfe00000,0x00000000dfe00000,0x00000000e0000000)
 ParOldGen       total 673280K, used 77892K [0x0000000080000000, 0x00000000a9180000, 0x00000000d5580000)
  object space 673280K, 11% used [0x0000000080000000,0x0000000084c11308,0x00000000a9180000)
 Metaspace       used 110649K, capacity 115070K, committed 115328K, reserved 1150976K
  class space    used 13434K, capacity 14403K, committed 14464K, reserved 1048576K
Event: 440894.741 GC heap after
Heap after GC invocations=2344 (full 4):
 PSYoungGen      total 172544K, used 1632K [0x00000000d5580000, 0x00000000e0000000, 0x0000000100000000)
  eden space 170496K, 0% used [0x00000000d5580000,0x00000000d5580000,0x00000000dfc00000)
  from space 2048K, 79% used [0x00000000dfe00000,0x00000000dff980a0,0x00000000e0000000)
  to   space 2048K, 0% used [0x00000000dfc00000,0x00000000dfc00000,0x00000000dfe00000)
 ParOldGen       total 673280K, used 77916K [0x0000000080000000, 0x00000000a9180000, 0x00000000d5580000)
  object space 673280K, 11% used [0x0000000080000000,0x0000000084c17308,0x00000000a9180000)
 Metaspace       used 110649K, capacity 115070K, committed 115328K, reserved 1150976K
  class space    used 13434K, capacity 14403K, committed 14464K, reserved 1048576K
}
Event: 441086.155 GC heap before
{Heap before GC invocations=2345 (full 4):
 PSYoungGen      total 172544K, used 172128K [0x00000000d5580000, 0x00000000e0000000, 0x0000000100000000)
  eden space 170496K, 100% used [0x00000000d5580000,0x00000000dfc00000,0x00000000dfc00000)
  from space 2048K, 79% used [0x00000000dfe00000,0x00000000dff980a0,0x00000000e0000000)
  to   space 2048K, 0% used [0x00000000dfc00000,0x00000000dfc00000,0x00000000dfe00000)
 ParOldGen       total 673280K, used 77916K [0x0000000080000000, 0x00000000a9180000, 0x00000000d5580000)
  object space 673280K, 11% used [0x0000000080000000,0x0000000084c17308,0x00000000a9180000)
 Metaspace       used 110649K, capacity 115070K, committed 115328K, reserved 1150976K
  class space    used 13434K, capacity 14403K, committed 14464K, reserved 1048576K
Event: 441086.159 GC heap after
Heap after GC invocations=2345 (full 4):
 PSYoungGen      total 172544K, used 1600K [0x00000000d5580000, 0x00000000e0000000, 0x0000000100000000)
  eden space 170496K, 0% used [0x00000000d5580000,0x00000000d5580000,0x00000000dfc00000)
  from space 2048K, 78% used [0x00000000dfc00000,0x00000000dfd900a0,0x00000000dfe00000)
  to   space 2048K, 0% used [0x00000000dfe00000,0x00000000dfe00000,0x00000000e0000000)
 ParOldGen       total 673280K, used 77924K [0x0000000080000000, 0x00000000a9180000, 0x00000000d5580000)
  object space 673280K, 11% used [0x0000000080000000,0x0000000084c19308,0x00000000a9180000)
 Metaspace       used 110649K, capacity 115070K, committed 115328K, reserved 1150976K
  class space    used 13434K, capacity 14403K, committed 14464K, reserved 1048576K
}

Deoptimization events (250 events):
Event: 3107.621 Thread 0x00000276c82dc000 Uncommon trap: reason=null_check action=make_not_entrant pc=0x00000276ab6498b8 method=org.apache.camel.util.ObjectHelper.isOverridingMethod(Ljava/lang/Class;Ljava/lang/reflect/Method;Ljava/lang/reflect/Method;Z)Z @ 94
Event: 3107.632 Thread 0x00000276c82dc000 Uncommon trap: reason=unstable_if action=reinterpret pc=0x00000276abe478f8 method=org.apache.camel.util.ObjectHelper.isOverridingMethod(Ljava/lang/Class;Ljava/lang/reflect/Method;Ljava/lang/reflect/Method;Z)Z @ 67
Event: 3107.650 Thread 0x00000276c82dc000 Uncommon trap: reason=unstable_if action=reinterpret pc=0x00000276abdc3aa0 method=org.apache.camel.component.sql.DefaultSqlPrepareStatementStrategy$NamedQueryParser.next()Ljava/lang/String; @ 7
Event: 3107.652 Thread 0x00000276c82dc000 Uncommon trap: reason=class_check action=maybe_recompile pc=0x00000276abdd7870 method=org.springframework.jdbc.core.JdbcTemplate.getSql(Ljava/lang/Object;)Ljava/lang/String; @ 1
Event: 3107.653 Thread 0x00000276c82dc000 Uncommon trap: reason=unstable_if action=reinterpret pc=0x00000276abd9970c method=org.springframework.jdbc.core.JdbcTemplate.applyStatementSettings(Ljava/sql/Statement;)V @ 24
Event: 3107.659 Thread 0x00000276c82dc000 Uncommon trap: reason=unstable_if action=reinterpret pc=0x00000276abe05aac method=oracle.jdbc.driver.PhysicalConnection.addStatement(Loracle/jdbc/driver/OracleStatement;)V @ 47
Event: 3107.664 Thread 0x00000276c82dc000 Uncommon trap: reason=unstable_if action=reinterpret pc=0x00000276a9eeb6e0 method=oracle.jdbc.driver.OraclePreparedStatement.processCompletedBindRow(IZ)V @ 4
Event: 3107.664 Thread 0x00000276c82dc000 Uncommon trap: reason=unstable_if action=reinterpret pc=0x00000276abd94540 method=oracle.jdbc.driver.T4CPreparedStatement.doOall8(ZZZZZI)V @ 312
Event: 3107.664 Thread 0x00000276c82dc000 Uncommon trap: reason=unstable_if action=reinterpret pc=0x00000276abdca0b4 method=oracle.jdbc.driver.T4C8Oall.setOptions(ZZZZ)J @ 392
Event: 3107.664 Thread 0x00000276c82dc000 Uncommon trap: reason=unstable_if action=reinterpret pc=0x00000276abe50f00 method=oracle.jdbc.driver.T4CConnection.enterMarshalling()V @ 30
Event: 3107.665 Thread 0x00000276c82dc000 Uncommon trap: reason=unloaded action=reinterpret pc=0x00000276aabd1698 method=oracle.jdbc.driver.T4CTTIdcb.fillupAccessors([Loracle/jdbc/driver/Accessor;[Loracle/jdbc/driver/Accessor;IILoracle/jdbc/driver/T4C8TTIuds;Ljava/lang/String;J)J @ 2098
Event: 3107.666 Thread 0x00000276c82dc000 Uncommon trap: reason=unstable_if action=reinterpret pc=0x00000276abe2d334 method=oracle.jdbc.driver.T4C8Oall.processError()V @ 41
Event: 3107.666 Thread 0x00000276c82dc000 Uncommon trap: reason=unstable_if action=reinterpret pc=0x00000276ab6081ac method=oracle.jdbc.driver.T4CPreparedStatement.executeForDescribe()V @ 277
Event: 3107.666 Thread 0x00000276c82dc000 Uncommon trap: reason=unstable_if action=reinterpret pc=0x00000276aa77595c method=oracle.jdbc.driver.Accessor.setCapacity(I)V @ 4
Event: 3107.666 Thread 0x00000276c82dc000 Uncommon trap: reason=unstable_if action=reinterpret pc=0x00000276abdcaa30 method=oracle.jdbc.driver.T4CMAREngine.marshalCHR([BII)V @ 1
Event: 3107.667 Thread 0x00000276c82dc000 Uncommon trap: reason=unstable_if action=reinterpret pc=0x00000276abbe67ec method=oracle.jdbc.driver.T4C8Oall.readRPA()V @ 80
Event: 3107.669 Thread 0x00000276c82dc000 Uncommon trap: reason=unstable_if action=reinterpret pc=0x00000276abdc27b8 method=org.springframework.jdbc.core.RowMapperResultSetExtractor.extractData(Ljava/sql/ResultSet;)Ljava/util/List; @ 37
Event: 3107.669 Thread 0x00000276c82dc000 Uncommon trap: reason=unstable_if action=reinterpret pc=0x00000276abd8eeb8 method=oracle.jdbc.driver.DynamicByteArray.free()V @ 17
Event: 3107.701 Thread 0x00000276c82dc000 Uncommon trap: reason=class_check action=maybe_recompile pc=0x00000276ab81aac0 method=oracle.jdbc.driver.OracleStatement.setWrapper(Ljava/lang/Object;)V @ 2
Event: 3107.717 Thread 0x00000276c82dc000 Uncommon trap: reason=unstable_if action=reinterpret pc=0x00000276aab29fa0 method=java.math.BigInteger.valueOf(J)Ljava/math/BigInteger; @ 3
Event: 3107.717 Thread 0x00000276c82dc000 Uncommon trap: reason=unstable_if action=reinterpret pc=0x00000276ab954d10 method=oracle.jdbc.driver.OracleSql.handleODBC(Loracle/jdbc/driver/OracleSql$ParseMode;)V @ 4
Event: 3107.719 Thread 0x00000276c82dc000 Uncommon trap: reason=unstable_if action=reinterpret pc=0x00000276ab9a34d0 method=oracle.jdbc.driver.OracleStatement.checkValidRowsStatus()V @ 86
Event: 3107.720 Thread 0x00000276c82dc000 Uncommon trap: reason=class_check action=maybe_recompile pc=0x00000276abd8b838 method=org.springframework.jdbc.core.JdbcTemplate.handleWarnings(Ljava/sql/Statement;)V @ 20
Event: 3107.720 Thread 0x00000276c82dc000 Uncommon trap: reason=class_check action=maybe_recompile pc=0x00000276aa30aaf4 method=oracle.jdbc.driver.OracleStatementWrapper.getWarnings()Ljava/sql/SQLWarning; @ 4
Event: 3107.720 Thread 0x00000276c82dc000 Uncommon trap: reason=unstable_if action=reinterpret pc=0x00000276ab8e0708 method=oracle.jdbc.driver.DynamicByteArray.free()V @ 17
Event: 3107.728 Thread 0x00000276c82dc000 Uncommon trap: reason=unstable_if action=reinterpret pc=0x00000276a9aeea54 method=org.springframework.util.ConcurrentReferenceHashMap$Segment.restructureIfNecessary(Z)V @ 41
Event: 3107.728 Thread 0x00000276c82dc000 Uncommon trap: reason=unstable_if action=reinterpret pc=0x00000276aa1de888 method=org.springframework.util.ConcurrentReferenceHashMap$Segment.restructureIfNecessary(Z)V @ 41
Event: 3107.729 Thread 0x00000276c82dc000 Uncommon trap: reason=unstable_if action=reinterpret pc=0x00000276aae069e0 method=org.springframework.util.ConcurrentReferenceHashMap$Segment.restructureIfNecessary(Z)V @ 41
Event: 3107.737 Thread 0x00000276c82dd000 Uncommon trap: reason=unstable_if action=reinterpret pc=0x00000276aaf35104 method=java.security.AccessControlContext.combine([Ljava/security/ProtectionDomain;[Ljava/security/ProtectionDomain;)[Ljava/security/ProtectionDomain; @ 151
Event: 3107.738 Thread 0x00000276c82dd000 Uncommon trap: reason=unstable_if action=reinterpret pc=0x00000276ab85be00 method=java.security.AccessControlContext.combine([Ljava/security/ProtectionDomain;[Ljava/security/ProtectionDomain;)[Ljava/security/ProtectionDomain; @ 151
Event: 3107.750 Thread 0x00000276c82dc000 Uncommon trap: reason=null_check action=make_not_entrant pc=0x00000276a9afe49c method=java.lang.Class.reflectionData()Ljava/lang/Class$ReflectionData; @ 24
Event: 3107.757 Thread 0x00000276c82dc000 Uncommon trap: reason=bimorphic action=maybe_recompile pc=0x00000276ab85aa2c method=java.util.HashMap.removeNode(ILjava/lang/Object;Ljava/lang/Object;ZZ)Ljava/util/HashMap$Node; @ 283
Event: 3107.757 Thread 0x00000276c82dc000 Uncommon trap: reason=bimorphic action=maybe_recompile pc=0x00000276ab85aa2c method=java.util.HashMap.removeNode(ILjava/lang/Object;Ljava/lang/Object;ZZ)Ljava/util/HashMap$Node; @ 283
Event: 3107.765 Thread 0x00000276c82dc000 Uncommon trap: reason=unstable_if action=reinterpret pc=0x00000276aab2a63c method=java.util.IdentityHashMap.put(Ljava/lang/Object;Ljava/lang/Object;)Ljava/lang/Object; @ 38
Event: 3107.765 Thread 0x00000276c82dc000 Uncommon trap: reason=unstable_if action=reinterpret pc=0x00000276abc3ff50 method=java.util.Collections$SetFromMap.add(Ljava/lang/Object;)Z @ 13
Event: 3107.769 Thread 0x00000276c82dc000 Uncommon trap: reason=unstable_if action=reinterpret pc=0x00000276a9bcc47c method=java.lang.String.replace(CC)Ljava/lang/String; @ 2
Event: 3116.001 Thread 0x00000276c82dc000 Uncommon trap: reason=null_check action=make_not_entrant pc=0x00000276abeb80f8 method=org.apache.camel.impl.converter.BaseTypeConverterRegistry.doConvertTo(Ljava/lang/Class;Lorg/apache/camel/Exchange;Ljava/lang/Object;Z)Ljava/lang/Object; @ 97
Event: 3116.011 Thread 0x00000276c82dc000 Uncommon trap: reason=bimorphic action=maybe_recompile pc=0x00000276aba7d91c method=javax.crypto.Mac.doFinal()[B @ 25
Event: 3116.031 Thread 0x00000276c82dc000 Uncommon trap: reason=unstable_if action=reinterpret pc=0x00000276a9b643ec method=java.util.concurrent.locks.ReentrantLock$Sync.nonfairTryAcquire(I)Z @ 34
Event: 3116.032 Thread 0x00000276c82dc000 Uncommon trap: reason=unstable_if action=reinterpret pc=0x00000276ab5a518c method=java.util.concurrent.locks.ReentrantLock$Sync.tryRelease(I)Z @ 28
Event: 3116.037 Thread 0x00000276c82dc000 Uncommon trap: reason=unstable_if action=reinterpret pc=0x00000276a9c7ed00 method=java.util.concurrent.locks.ReentrantLock$Sync.tryRelease(I)Z @ 28
Event: 3116.209 Thread 0x00000276c82dc000 Uncommon trap: reason=null_check action=make_not_entrant pc=0x00000276ab7fc36c method=com.oracle.truffle.api.nodes.NodeClassImpl.isCloneableField(Ljava/lang/Object;)Z @ 22
Event: 3116.266 Thread 0x00000276c82dc000 Uncommon trap: reason=class_check action=maybe_recompile pc=0x00000276ab81aac0 method=oracle.jdbc.driver.OracleStatement.setWrapper(Ljava/lang/Object;)V @ 2
Event: 3116.287 Thread 0x00000276c82dc000 Uncommon trap: reason=class_check action=maybe_recompile pc=0x00000276ab81aac0 method=oracle.jdbc.driver.OracleStatement.setWrapper(Ljava/lang/Object;)V @ 2
Event: 3116.288 Thread 0x00000276c82dc000 Uncommon trap: reason=unstable_if action=reinterpret pc=0x00000276aaaca2f8 method=oracle.jdbc.driver.Accessor.initForDataAccess(IILjava/lang/String;)V @ 1
Event: 3116.292 Thread 0x00000276c82dc000 Uncommon trap: reason=unstable_if action=reinterpret pc=0x00000276aac39234 method=oracle.jdbc.driver.T4CTTIoac.unmarshal()V @ 194
Event: 3116.293 Thread 0x00000276c82dc000 Uncommon trap: reason=class_check action=maybe_recompile pc=0x00000276aaf16a68 method=oracle.jdbc.driver.T4CTTIdcb.receiveCommon([Loracle/jdbc/driver/Accessor;Z)[Loracle/jdbc/driver/Accessor; @ 428
Event: 3116.293 Thread 0x00000276c82dc000 Uncommon trap: reason=class_check action=maybe_recompile pc=0x00000276aaf16a68 method=oracle.jdbc.driver.T4CTTIdcb.receiveCommon([Loracle/jdbc/driver/Accessor;Z)[Loracle/jdbc/driver/Accessor; @ 428
Event: 3116.294 Thread 0x00000276c82dc000 Uncommon trap: reason=class_check action=maybe_recompile pc=0x00000276aaedd284 method=oracle.jdbc.driver.InsensitiveScrollableResultSet.doneFetchingRows(Z)V @ 22
Event: 3116.294 Thread 0x00000276c82dc000 Uncommon trap: reason=class_check action=maybe_recompile pc=0x00000276abab03cc method=oracle.jdbc.driver.InsensitiveScrollableResultSet.close()V @ 41
Event: 3116.294 Thread 0x00000276c82dc000 Uncommon trap: reason=class_check action=maybe_recompile pc=0x00000276aaedd284 method=oracle.jdbc.driver.InsensitiveScrollableResultSet.doneFetchingRows(Z)V @ 22
Event: 3116.294 Thread 0x00000276c82dc000 Uncommon trap: reason=class_check action=maybe_recompile pc=0x00000276abab03cc method=oracle.jdbc.driver.InsensitiveScrollableResultSet.close()V @ 41
Event: 3116.301 Thread 0x00000276c82dc000 Uncommon trap: reason=class_check action=maybe_recompile pc=0x00000276ab81aac0 method=oracle.jdbc.driver.OracleStatement.setWrapper(Ljava/lang/Object;)V @ 2
Event: 3116.303 Thread 0x00000276c82dc000 Uncommon trap: reason=unstable_if action=reinterpret pc=0x00000276a9c69b20 method=oracle.jdbc.driver.T4CTTIoac.unmarshal()V @ 194
Event: 3116.303 Thread 0x00000276c82dc000 Uncommon trap: reason=class_check action=maybe_recompile pc=0x00000276aaf16a68 method=oracle.jdbc.driver.T4CTTIdcb.receiveCommon([Loracle/jdbc/driver/Accessor;Z)[Loracle/jdbc/driver/Accessor; @ 428
Event: 3116.303 Thread 0x00000276c82dc000 Uncommon trap: reason=class_check action=maybe_recompile pc=0x00000276aaf16a68 method=oracle.jdbc.driver.T4CTTIdcb.receiveCommon([Loracle/jdbc/driver/Accessor;Z)[Loracle/jdbc/driver/Accessor; @ 428
Event: 3116.303 Thread 0x00000276c82dc000 Uncommon trap: reason=class_check action=maybe_recompile pc=0x00000276aaedd284 method=oracle.jdbc.driver.InsensitiveScrollableResultSet.doneFetchingRows(Z)V @ 22
Event: 3116.303 Thread 0x00000276c82dc000 Uncommon trap: reason=class_check action=maybe_recompile pc=0x00000276abab03cc method=oracle.jdbc.driver.InsensitiveScrollableResultSet.close()V @ 41
Event: 3116.303 Thread 0x00000276c82dc000 Uncommon trap: reason=class_check action=maybe_recompile pc=0x00000276aaedd284 method=oracle.jdbc.driver.InsensitiveScrollableResultSet.doneFetchingRows(Z)V @ 22
Event: 3116.303 Thread 0x00000276c82dc000 Uncommon trap: reason=class_check action=maybe_recompile pc=0x00000276abab03cc method=oracle.jdbc.driver.InsensitiveScrollableResultSet.close()V @ 41
Event: 3116.313 Thread 0x00000276c82dc000 Uncommon trap: reason=class_check action=maybe_recompile pc=0x00000276abd8b838 method=org.springframework.jdbc.core.JdbcTemplate.handleWarnings(Ljava/sql/Statement;)V @ 20
Event: 3116.315 Thread 0x00000276c82dc000 Uncommon trap: reason=unstable_if action=reinterpret pc=0x00000276abb1f37c method=java.nio.DirectByteBuffer.put([BII)Ljava/nio/ByteBuffer; @ 8
Event: 3116.319 Thread 0x00000276c6606000 Uncommon trap: reason=class_check action=maybe_recompile pc=0x00000276abef1980 method=org.apache.camel.impl.converter.BaseTypeConverterRegistry.doConvertTo(Ljava/lang/Class;Lorg/apache/camel/Exchange;Ljava/lang/Object;Z)Ljava/lang/Object; @ 397
Event: 3116.322 Thread 0x00000276c6606000 Uncommon trap: reason=class_check action=maybe_recompile pc=0x00000276abef1980 method=org.apache.camel.impl.converter.BaseTypeConverterRegistry.doConvertTo(Ljava/lang/Class;Lorg/apache/camel/Exchange;Ljava/lang/Object;Z)Ljava/lang/Object; @ 397
Event: 3116.328 Thread 0x00000276c6606000 Uncommon trap: reason=class_check action=maybe_recompile pc=0x00000276abef1980 method=org.apache.camel.impl.converter.BaseTypeConverterRegistry.doConvertTo(Ljava/lang/Class;Lorg/apache/camel/Exchange;Ljava/lang/Object;Z)Ljava/lang/Object; @ 397
Event: 3116.331 Thread 0x00000276c6606000 Uncommon trap: reason=class_check action=maybe_recompile pc=0x00000276abef1980 method=org.apache.camel.impl.converter.BaseTypeConverterRegistry.doConvertTo(Ljava/lang/Class;Lorg/apache/camel/Exchange;Ljava/lang/Object;Z)Ljava/lang/Object; @ 397
Event: 3116.352 Thread 0x00000276c6606000 Uncommon trap: reason=unstable_if action=reinterpret pc=0x00000276a9b0b9ec method=java.lang.invoke.MethodHandleNatives.refKindIsField(B)Z @ 23
Event: 3116.352 Thread 0x00000276c6606000 Uncommon trap: reason=unstable_if action=reinterpret pc=0x00000276abee75f4 method=jdk.internal.org.objectweb.asm.MethodWriter.visitVarInsn(II)V @ 134
Event: 3116.375 Thread 0x00000276c6606000 Uncommon trap: reason=unstable_if action=reinterpret pc=0x00000276aa3625c8 method=jdk.internal.org.objectweb.asm.Item.isEqualTo(Ljdk/internal/org/objectweb/asm/Item;)Z @ 345
Event: 3116.488 Thread 0x00000276c6606000 Uncommon trap: reason=bimorphic action=maybe_recompile pc=0x00000276ab85aa2c method=java.util.HashMap.removeNode(ILjava/lang/Object;Ljava/lang/Object;ZZ)Ljava/util/HashMap$Node; @ 283
Event: 3116.525 Thread 0x00000276c6606000 Uncommon trap: reason=bimorphic action=maybe_recompile pc=0x00000276ab85aa2c method=java.util.HashMap.removeNode(ILjava/lang/Object;Ljava/lang/Object;ZZ)Ljava/util/HashMap$Node; @ 283
Event: 3117.354 Thread 0x00000276c6606000 Uncommon trap: reason=unstable_if action=reinterpret pc=0x00000276ab7d2e58 method=com.oracle.truffle.api.nodes.NodeUtil.adoptChildrenHelper(Lcom/oracle/truffle/api/nodes/Node;)V @ 148
Event: 3117.536 Thread 0x00000276c6606000 Uncommon trap: reason=unstable_if action=reinterpret pc=0x00000276ac0db9f8 method=com.oracle.truffle.js.nodes.access.PropertyGetNode.getValueOrDefault(Ljava/lang/Object;Ljava/lang/Object;Ljava/lang/Object;)Ljava/lang/Object; @ 19
Event: 3117.631 Thread 0x00000276c6606000 Uncommon trap: reason=unstable_if action=reinterpret pc=0x00000276ac14ddb4 method=com.oracle.truffle.js.nodes.access.JSWriteCurrentFrameSlotNodeGen.executeVoid(Lcom/oracle/truffle/api/frame/VirtualFrame;)V @ 58
Event: 3117.631 Thread 0x00000276c6606000 Uncommon trap: reason=unstable_if action=reinterpret pc=0x00000276ac0c3168 method=com.oracle.truffle.js.nodes.access.JSReadCurrentFrameSlotNodeGen.execute(Lcom/oracle/truffle/api/frame/VirtualFrame;)Ljava/lang/Object; @ 64
Event: 3117.649 Thread 0x00000276c6606000 Uncommon trap: reason=unstable_if action=reinterpret pc=0x00000276ac04e720 method=com.oracle.truffle.js.runtime.JSRuntime.isForeignObject(Lcom/oracle/truffle/api/interop/TruffleObject;)Z @ 18
Event: 3117.832 Thread 0x00000276c6606000 Uncommon trap: reason=bimorphic action=maybe_recompile pc=0x00000276a9ab8c6c method=javax.crypto.Mac.update([B)V @ 33
Event: 3117.832 Thread 0x00000276c6606000 Uncommon trap: reason=bimorphic action=maybe_recompile pc=0x00000276aba7d91c method=javax.crypto.Mac.doFinal()[B @ 25
Event: 3117.833 Thread 0x00000276c6606000 Uncommon trap: reason=bimorphic action=maybe_recompile pc=0x00000276a9ab8c6c method=javax.crypto.Mac.update([B)V @ 33
Event: 3117.833 Thread 0x00000276c6606000 Uncommon trap: reason=bimorphic action=maybe_recompile pc=0x00000276aba7d91c method=javax.crypto.Mac.doFinal()[B @ 25
Event: 3117.834 Thread 0x00000276c6606000 Uncommon trap: reason=bimorphic action=maybe_recompile pc=0x00000276a9ab8c6c method=javax.crypto.Mac.update([B)V @ 33
Event: 3117.834 Thread 0x00000276c6606000 Uncommon trap: reason=bimorphic action=maybe_recompile pc=0x00000276aba7d91c method=javax.crypto.Mac.doFinal()[B @ 25
Event: 3117.853 Thread 0x00000276c6606000 Uncommon trap: reason=unstable_if action=reinterpret pc=0x00000276ab7cbcec method=oracle.jdbc.driver.OraclePreparedStatement.cleanOldTempLobs()V @ 4
Event: 3117.861 Thread 0x00000276c6606000 Uncommon trap: reason=unstable_if action=reinterpret pc=0x00000276abd820a4 method=oracle.jdbc.driver.T4CMAREngine.unmarshalDALC([BI)I @ 7
Event: 3117.864 Thread 0x00000276c6606000 Uncommon trap: reason=class_check action=maybe_recompile pc=0x00000276ab651a34 method=java.util.Collections$UnmodifiableMap$UnmodifiableEntrySet$UnmodifiableEntry.<init>(Ljava/util/Map$Entry;)V @ 9
Event: 3117.864 Thread 0x00000276c6606000 Uncommon trap: reason=class_check action=maybe_recompile pc=0x00000276ab651a34 method=java.util.Collections$UnmodifiableMap$UnmodifiableEntrySet$UnmodifiableEntry.<init>(Ljava/util/Map$Entry;)V @ 9
Event: 3117.864 Thread 0x00000276c6606000 Uncommon trap: reason=class_check action=maybe_recompile pc=0x00000276ab651a34 method=java.util.Collections$UnmodifiableMap$UnmodifiableEntrySet$UnmodifiableEntry.<init>(Ljava/util/Map$Entry;)V @ 9
Event: 3117.864 Thread 0x00000276c6606000 Uncommon trap: reason=class_check action=maybe_recompile pc=0x00000276ab651a34 method=java.util.Collections$UnmodifiableMap$UnmodifiableEntrySet$UnmodifiableEntry.<init>(Ljava/util/Map$Entry;)V @ 9
Event: 3117.899 Thread 0x00000276c6606000 Uncommon trap: reason=class_check action=maybe_recompile pc=0x00000276abd18f4c method=java.util.concurrent.ThreadPoolExecutor.getTask()Ljava/lang/Runnable; @ 149
Event: 3117.900 Thread 0x00000276c1542800 Uncommon trap: reason=unstable_if action=reinterpret pc=0x00000276ab380d6c method=java.util.concurrent.locks.AbstractQueuedSynchronizer.doReleaseShared()V @ 6
Event: 3117.900 Thread 0x00000276c1542800 Uncommon trap: reason=unstable_if action=reinterpret pc=0x00000276abd18fd8 method=java.util.concurrent.ThreadPoolExecutor.getTask()Ljava/lang/Runnable; @ 62
Event: 3117.916 Thread 0x00000276c82dc000 Uncommon trap: reason=unstable_if action=reinterpret pc=0x00000276ac2662c8 method=com.sun.org.apache.xalan.internal.xsltc.trax.DOM2TO.parse(Lorg/w3c/dom/Node;)V @ 316
Event: 3117.918 Thread 0x00000276c82dc000 Uncommon trap: reason=unstable_if action=reinterpret pc=0x00000276abaed278 method=sun.nio.cs.SingleByte$Encoder.encodeArrayLoop(Ljava/nio/CharBuffer;Ljava/nio/ByteBuffer;)Ljava/nio/charset/CoderResult; @ 70
Event: 3118.003 Thread 0x00000276c82dc000 Uncommon trap: reason=unstable_if action=reinterpret pc=0x00000276ac200f3c method=com.oracle.truffle.js.nodes.JSTypesGen.asImplicitString(ILjava/lang/Object;)Ljava/lang/String; @ 49
Event: 3118.026 Thread 0x00000276c82dc000 Uncommon trap: reason=bimorphic action=maybe_recompile pc=0x00000276a9ab8c6c method=javax.crypto.Mac.update([B)V @ 33
Event: 3118.038 Thread 0x00000276c82dc000 Uncommon trap: reason=unstable_if action=reinterpret pc=0x00000276ab284610 method=oracle.jdbc.driver.T4CConnection.enterMarshalling()V @ 30
Event: 3118.047 Thread 0x00000276c82dc000 Uncommon trap: reason=class_check action=maybe_recompile pc=0x00000276abd8b838 method=org.springframework.jdbc.core.JdbcTemplate.handleWarnings(Ljava/sql/Statement;)V @ 20
Event: 3118.054 Thread 0x00000276c82dc000 Uncommon trap: reason=unstable_if action=reinterpret pc=0x00000276a9c1e1a0 method=org.springframework.jdbc.support.JdbcUtils.closeResultSet(Ljava/sql/ResultSet;)V @ 1
Event: 3118.095 Thread 0x00000276c82da800 Uncommon trap: reason=unstable_if action=reinterpret pc=0x00000276abdc7f80 method=org.apache.camel.impl.ScheduledPollConsumer.doRun()V @ 339
Event: 5317.972 Thread 0x00000276c82db800 Uncommon trap: reason=unstable_if action=reinterpret pc=0x00000276abb92ddc method=java.util.TaskQueue.heapify()V @ 9
Event: 6246.921 Thread 0x00000276c1887000 Uncommon trap: reason=unstable_if action=reinterpret pc=0x00000276ab9a0478 method=java.util.concurrent.ScheduledThreadPoolExecutor$ScheduledFutureTask.compareTo(Ljava/util/concurrent/Delayed;)I @ 40
Event: 6255.921 Thread 0x00000276c1887000 Uncommon trap: reason=unstable_if action=reinterpret pc=0x00000276aa426b88 method=java.util.concurrent.ScheduledThreadPoolExecutor$ScheduledFutureTask.compareTo(Ljava/util/concurrent/Delayed;)I @ 40
Event: 7947.135 Thread 0x00000276c82db800 Uncommon trap: reason=unstable_if action=reinterpret pc=0x00000276ab733d1c method=java.math.BigInteger.stripLeadingZeroBytes([B)[I @ 13
Event: 12176.343 Thread 0x00000276c1545800 Uncommon trap: reason=class_check action=maybe_recompile pc=0x00000276a9fb1f24 method=java.util.stream.AbstractPipeline.wrapAndCopyInto(Ljava/util/stream/Sink;Ljava/util/Spliterator;)Ljava/util/stream/Sink; @ 6
Event: 12176.343 Thread 0x00000276c1545800 Uncommon trap: reason=class_check action=maybe_recompile pc=0x00000276a9fb1f24 method=java.util.stream.AbstractPipeline.wrapAndCopyInto(Ljava/util/stream/Sink;Ljava/util/Spliterator;)Ljava/util/stream/Sink; @ 6
Event: 12181.344 Thread 0x00000276c1541000 Uncommon trap: reason=class_check action=maybe_recompile pc=0x00000276a9fb1f24 method=java.util.stream.AbstractPipeline.wrapAndCopyInto(Ljava/util/stream/Sink;Ljava/util/Spliterator;)Ljava/util/stream/Sink; @ 6
Event: 12181.344 Thread 0x00000276c1541000 Uncommon trap: reason=class_check action=maybe_recompile pc=0x00000276a9fb1f24 method=java.util.stream.AbstractPipeline.wrapAndCopyInto(Ljava/util/stream/Sink;Ljava/util/Spliterator;)Ljava/util/stream/Sink; @ 6
Event: 12506.967 Thread 0x00000276c82db800 Uncommon trap: reason=loop_limit_check action=maybe_recompile pc=0x00000276ac726c94 method=sun.net.www.MessageHeader.set(Ljava/lang/String;Ljava/lang/String;)V @ 12
Event: 16466.832 Thread 0x00000276c82de000 Uncommon trap: reason=unstable_if action=reinterpret pc=0x00000276abac2f3c method=java.math.MutableBigInteger.compare(Ljava/math/MutableBigInteger;)I @ 81
Event: 16466.832 Thread 0x00000276c82de000 Uncommon trap: reason=unstable_if action=reinterpret pc=0x00000276aad4060c method=java.math.MutableBigInteger.divideOneWord(ILjava/math/MutableBigInteger;)I @ 12
Event: 16466.833 Thread 0x00000276c82de000 Uncommon trap: reason=unstable_if action=reinterpret pc=0x00000276ab8a53f8 method=java.math.MutableBigInteger.compare(Ljava/math/MutableBigInteger;)I @ 81
Event: 20891.663 Thread 0x00000276c82d8000 Uncommon trap: reason=null_check action=make_not_entrant pc=0x00000276ab929290 method=org.apache.camel.impl.DefaultMessage.getHeader(Ljava/lang/String;Ljava/lang/Object;Ljava/lang/Class;)Ljava/lang/Object; @ 29
Event: 23046.970 Thread 0x00000276c82da800 Uncommon trap: reason=unstable_if action=reinterpret pc=0x00000276aac396e8 method=com.zaxxer.hikari.pool.HikariPool.getConnection(J)Ljava/sql/Connection; @ 49
Event: 23046.971 Thread 0x00000276c82da800 Uncommon trap: reason=unstable_if action=reinterpret pc=0x00000276a9f0a250 method=java.util.concurrent.FutureTask.isDone()Z @ 4
Event: 26692.196 Thread 0x00000276c82da800 Uncommon trap: reason=unstable_if action=reinterpret pc=0x00000276a9c69880 method=com.zaxxer.hikari.pool.HikariPool.getConnection(J)Ljava/sql/Connection; @ 49
Event: 26692.197 Thread 0x00000276c82df800 Uncommon trap: reason=unstable_if action=reinterpret pc=0x00000276ab95c64c method=java.nio.Bits.tryReserveMemory(JI)Z @ 29
Event: 35550.661 Thread 0x00000276c82da800 Uncommon trap: reason=unstable_if action=reinterpret pc=0x00000276ab993d48 method=java.util.TaskQueue.fixUp(I)V @ 28
Event: 35550.661 Thread 0x00000276c82da800 Uncommon trap: reason=unstable_if action=reinterpret pc=0x00000276ab297260 method=java.util.TaskQueue.fixDown(I)V @ 21
Event: 35550.661 Thread 0x00000276c82db800 Uncommon trap: reason=unstable_if action=reinterpret pc=0x00000276abc43f34 method=java.util.TaskQueue.fixUp(I)V @ 28
Event: 42025.947 Thread 0x00000276c82d2800 Uncommon trap: reason=null_check action=make_not_entrant pc=0x00000276ac91d3b4 method=org.apache.camel.component.bean.MethodInfo$1.doProceed(Lorg/apache/camel/AsyncCallback;)Z @ 303
Event: 56996.356 Thread 0x00000276c153f000 Uncommon trap: reason=unstable_if action=reinterpret pc=0x00000276ac8c212c method=com.hazelcast.internal.metrics.impl.MetricsCompressor.reset(II)V @ 101
Event: 79495.287 Thread 0x00000276c82da800 Uncommon trap: reason=null_check action=make_not_entrant pc=0x00000276aab605e8 method=java.lang.Class.reflectionData()Ljava/lang/Class$ReflectionData; @ 24
Event: 79495.291 Thread 0x00000276c82da800 Uncommon trap: reason=unstable_if action=reinterpret pc=0x00000276ab526cd0 method=org.apache.logging.log4j.core.impl.Log4jLogEvent.<init>(Ljava/lang/String;Lorg/apache/logging/log4j/Marker;Ljava/lang/String;Lorg/apache/logging/log4j/Level;Lorg/apache/logg
Event: 79495.292 Thread 0x00000276c82da800 Uncommon trap: reason=unstable_if action=reinterpret pc=0x00000276ab8bbf8c method=java.util.regex.Pattern.append(II)V @ 6
Event: 79495.297 Thread 0x00000276c82da800 Uncommon trap: reason=class_check action=maybe_recompile pc=0x00000276a9b19564 method=org.apache.logging.log4j.spi.AbstractLogger.logIfEnabled(Ljava/lang/String;Lorg/apache/logging/log4j/Level;Lorg/apache/logging/log4j/Marker;Ljava/lang/String;Ljava/lang/
Event: 79495.297 Thread 0x00000276c82da800 Uncommon trap: reason=class_check action=maybe_recompile pc=0x00000276a9b19564 method=org.apache.logging.log4j.spi.AbstractLogger.logIfEnabled(Ljava/lang/String;Lorg/apache/logging/log4j/Level;Lorg/apache/logging/log4j/Marker;Ljava/lang/String;Ljava/lang/
Event: 79495.299 Thread 0x00000276c82da800 Uncommon trap: reason=null_check action=make_not_entrant pc=0x00000276ac56a6a4 method=org.apache.camel.impl.DefaultExchange.getProperty(Ljava/lang/String;Ljava/lang/Object;Ljava/lang/Class;)Ljava/lang/Object; @ 29
Event: 79495.299 Thread 0x00000276c82de000 Uncommon trap: reason=unstable_if action=reinterpret pc=0x00000276abf052a0 method=org.apache.camel.impl.DefaultUnitOfWork.<init>(Lorg/apache/camel/Exchange;Lorg/slf4j/Logger;)V @ 240
Event: 79495.300 Thread 0x00000276c82de000 Uncommon trap: reason=null_check action=make_not_entrant pc=0x00000276aad38cf4 method=java.lang.Class.reflectionData()Ljava/lang/Class$ReflectionData; @ 24
Event: 79495.318 Thread 0x00000276c82de000 Uncommon trap: reason=null_check action=make_not_entrant pc=0x00000276ac998c1c method=com.hazelcast.internal.serialization.impl.bufferpool.BufferPoolThreadLocal.get()Lcom/hazelcast/internal/serialization/impl/bufferpool/BufferPool; @ 7
Event: 79495.327 Thread 0x00000276c82de000 Uncommon trap: reason=class_check action=maybe_recompile pc=0x00000276abd8b838 method=org.springframework.jdbc.core.JdbcTemplate.handleWarnings(Ljava/sql/Statement;)V @ 20
Event: 79495.329 Thread 0x00000276c82de000 Uncommon trap: reason=unstable_if action=reinterpret pc=0x00000276ac3f1fe8 method=org.apache.camel.util.UnitOfWorkHelper.beforeRouteSynchronizations(Lorg/apache/camel/Route;Lorg/apache/camel/Exchange;Ljava/util/List;Lorg/slf4j/Logger;)V @ 1
Event: 79495.329 Thread 0x00000276c82de000 Uncommon trap: reason=class_check action=maybe_recompile pc=0x00000276ac968eac method=org.apache.camel.processor.LogProcessor.process(Lorg/apache/camel/Exchange;Lorg/apache/camel/AsyncCallback;)Z @ 17
Event: 79495.330 Thread 0x00000276c82de000 Uncommon trap: reason=class_check action=maybe_recompile pc=0x00000276ac968eac method=org.apache.camel.processor.LogProcessor.process(Lorg/apache/camel/Exchange;Lorg/apache/camel/AsyncCallback;)Z @ 17
Event: 79495.336 Thread 0x00000276c82de000 Uncommon trap: reason=null_check action=make_not_entrant pc=0x00000276aa318b58 method=java.lang.Class.reflectionData()Ljava/lang/Class$ReflectionData; @ 24
Event: 79503.326 Thread 0x00000276c82de000 Uncommon trap: reason=null_check action=make_not_entrant pc=0x00000276a9ac5920 method=java.lang.Class.reflectionData()Ljava/lang/Class$ReflectionData; @ 24
Event: 79503.328 Thread 0x00000276c82de000 Uncommon trap: reason=unstable_if action=reinterpret pc=0x00000276abc324cc method=org.apache.camel.component.bean.MethodInfo$ParameterExpression.evaluate(Lorg/apache/camel/Exchange;Ljava/lang/Class;)Ljava/lang/Object; @ 102
Event: 79503.329 Thread 0x00000276c82de000 Uncommon trap: reason=bimorphic action=maybe_recompile pc=0x00000276ac9306cc method=org.apache.camel.util.ObjectHelper.asString([Ljava/lang/Object;)Ljava/lang/String; @ 71
Event: 79503.346 Thread 0x00000276c82de000 Uncommon trap: reason=null_check action=make_not_entrant pc=0x00000276ac1a2ab0 method=com.sun.org.apache.xml.internal.serializer.ToStream.characters([CII)V @ 268
Event: 79503.347 Thread 0x00000276c82de000 Uncommon trap: reason=unstable_if action=reinterpret pc=0x00000276ac9309e8 method=org.apache.camel.component.bean.MethodInfo$1.doProceed(Lorg/apache/camel/AsyncCallback;)Z @ 347
Event: 79503.347 Thread 0x00000276c82de000 Uncommon trap: reason=unstable_if action=reinterpret pc=0x00000276ac07b458 method=com.sun.org.apache.xml.internal.serializer.ToStream.shouldIndent()Z @ 4
Event: 79503.367 Thread 0x00000276c1542800 Uncommon trap: reason=class_check action=maybe_recompile pc=0x00000276ac968eac method=org.apache.camel.processor.LogProcessor.process(Lorg/apache/camel/Exchange;Lorg/apache/camel/AsyncCallback;)Z @ 17
Event: 79503.417 Thread 0x00000276c1542800 Uncommon trap: reason=null_check action=make_not_entrant pc=0x00000276ac97a3b8 method=org.apache.camel.processor.CamelInternalProcessor$UnitOfWorkProcessorAdvice.after(Lorg/apache/camel/Exchange;Ljava/lang/Object;)V @ 3
Event: 79503.796 Thread 0x00000276c1542800 Uncommon trap: reason=unstable_if action=reinterpret pc=0x00000276ac080968 method=com.oracle.truffle.regex.tregex.nodes.nfa.TRegexNFAExecutorNode.findNextStates(Lcom/oracle/truffle/regex/tregex/nodes/nfa/TRegexNFAExecutorLocals;)V @ 36
Event: 79503.796 Thread 0x00000276c1542800 Uncommon trap: reason=unstable_if action=reinterpret pc=0x00000276ac30eed8 method=com.oracle.truffle.js.nodes.access.JSReadCurrentFrameSlotNodeGen.execute(Lcom/oracle/truffle/api/frame/VirtualFrame;)Ljava/lang/Object; @ 21
Event: 79503.946 Thread 0x00000276c1542800 Uncommon trap: reason=unstable_if action=reinterpret pc=0x00000276ab7bd9e8 method=com.oracle.truffle.api.nodes.Node.insert(Lcom/oracle/truffle/api/nodes/Node;)Lcom/oracle/truffle/api/nodes/Node; @ 4
Event: 79503.948 Thread 0x00000276c1542800 Uncommon trap: reason=unstable_if action=reinterpret pc=0x00000276ab7d6ce0 method=com.oracle.truffle.api.nodes.NodeUtil.adoptChildrenHelper(Lcom/oracle/truffle/api/nodes/Node;)V @ 132
Event: 79504.069 Thread 0x00000276c1542800 Uncommon trap: reason=class_check action=maybe_recompile pc=0x00000276ac968eac method=org.apache.camel.processor.LogProcessor.process(Lorg/apache/camel/Exchange;Lorg/apache/camel/AsyncCallback;)Z @ 17
Event: 79504.206 Thread 0x00000276c1542800 Uncommon trap: reason=unstable_if action=reinterpret pc=0x00000276ab50a024 method=com.oracle.truffle.js.nodes.interop.ImportValueNodeGen.executeWithTarget(Ljava/lang/Object;)Ljava/lang/Object; @ 194
Event: 79504.207 Thread 0x00000276c1542800 Uncommon trap: reason=unstable_if action=reinterpret pc=0x00000276acb43bf0 method=com.oracle.truffle.js.nodes.interop.ExportValueNodeGen.execute(Ljava/lang/Object;Ljava/lang/Object;Z)Ljava/lang/Object; @ 516
Event: 79504.300 Thread 0x00000276c1542800 Uncommon trap: reason=loop_limit_check action=maybe_recompile pc=0x00000276aa017280 method=org.apache.camel.processor.CamelInternalProcessor$InternalCallback.done(Z)V @ 19
Event: 79504.301 Thread 0x00000276c1542800 Uncommon trap: reason=loop_limit_check action=maybe_recompile pc=0x00000276ac85f334 method=org.apache.camel.processor.CamelInternalProcessor$InternalCallback.done(Z)V @ 19
Event: 79504.468 Thread 0x00000276c82de000 Uncommon trap: reason=loop_limit_check action=maybe_recompile pc=0x00000276ac85f334 method=org.apache.camel.processor.CamelInternalProcessor$InternalCallback.done(Z)V @ 19
Event: 79806.826 Thread 0x00000276c1546800 Uncommon trap: reason=unstable_if action=reinterpret pc=0x00000276aaab54dc method=oracle.jdbc.driver.BlockSource$ThreadedCachingBlockSource.releaseUnusedBlocks()V @ 88
Event: 86409.398 Thread 0x00000276c82e0000 Uncommon trap: reason=unstable_if action=reinterpret pc=0x00000276acce94f0 method=sun.security.ssl.ServerHello$T13ServerHelloConsumer.consume(Lsun/security/ssl/ConnectionContext;Lsun/security/ssl/SSLHandshake$HandshakeMessage;)V @ 95
Event: 86409.400 Thread 0x00000276c82e0000 Uncommon trap: reason=unstable_if action=reinterpret pc=0x00000276ac4b6d88 method=com.sun.crypto.provider.GaloisCounterMode.increment32([B)V @ 39
Event: 86409.400 Thread 0x00000276c82e0000 Uncommon trap: reason=unstable_if action=reinterpret pc=0x00000276abb8a8cc method=sun.security.util.MemoryCache.get(Ljava/lang/Object;)Ljava/lang/Object; @ 30
Event: 86409.401 Thread 0x00000276c82e0000 Uncommon trap: reason=unstable_if action=reinterpret pc=0x00000276ab2d8fe8 method=java.math.BigInteger.oddModPow(Ljava/math/BigInteger;Ljava/math/BigInteger;)Ljava/math/BigInteger; @ 101
Event: 86409.401 Thread 0x00000276c82e0000 Uncommon trap: reason=unstable_if action=reinterpret pc=0x00000276ac651724 method=java.math.MutableBigInteger.unsignedLongCompare(JJ)Z @ 11
Event: 86409.401 Thread 0x00000276c82e0000 Uncommon trap: reason=unstable_if action=reinterpret pc=0x00000276ab0f2d98 method=java.math.BigInteger.squareToLen([II[I)[I @ 11
Event: 86409.401 Thread 0x00000276c82e0000 Uncommon trap: reason=unstable_if action=reinterpret pc=0x00000276ab90b120 method=java.math.BigInteger.intArrayCmpToLen([I[II)I @ 32
Event: 86409.401 Thread 0x00000276c82e0000 Uncommon trap: reason=unstable_if action=reinterpret pc=0x00000276ac9a2654 method=sun.security.ssl.Finished$T13FinishedConsumer.onConsumeFinished(Lsun/security/ssl/ClientHandshakeContext;Ljava/nio/ByteBuffer;)V @ 4
Event: 86409.401 Thread 0x00000276c82e0000 Uncommon trap: reason=unstable_if action=reinterpret pc=0x00000276abf97ba0 method=sun.security.ssl.SSLSessionImpl.setContext(Lsun/security/ssl/SSLSessionContextImpl;)V @ 4
Event: 86409.402 Thread 0x00000276c82e0000 Uncommon trap: reason=unstable_if action=reinterpret pc=0x00000276ab71b500 method=sun.security.util.MemoryCache.put(Ljava/lang/Object;Ljava/lang/Object;)V @ 72
Event: 88614.315 Thread 0x00000276c82db800 Uncommon trap: reason=unstable_if action=reinterpret pc=0x00000276aa19a708 method=sun.security.util.MemoryCache.emptyQueue()V @ 30
Event: 122901.065 Thread 0x00000276c1545800 Uncommon trap: reason=unstable_if action=reinterpret pc=0x00000276ab92abb8 method=java.util.concurrent.locks.AbstractQueuedSynchronizer$ConditionObject.doSignal(Ljava/util/concurrent/locks/AbstractQueuedSynchronizer$Node;)V @ 39
Event: 172292.202 Thread 0x00000276c82df800 Uncommon trap: reason=array_check action=maybe_recompile pc=0x00000276ac397e90 method=oracle.jdbc.driver.T4CTTIkvarr.unmarshal()V @ 49
Event: 172329.190 Thread 0x00000276c82df800 Uncommon trap: reason=array_check action=maybe_recompile pc=0x00000276ac397e90 method=oracle.jdbc.driver.T4CTTIkvarr.unmarshal()V @ 49
Event: 172411.447 Thread 0x00000276c82df800 Uncommon trap: reason=array_check action=maybe_recompile pc=0x00000276ac397e90 method=oracle.jdbc.driver.T4CTTIkvarr.unmarshal()V @ 49
Event: 172429.400 Thread 0x00000276c82df800 Uncommon trap: reason=array_check action=maybe_recompile pc=0x00000276ac397e90 method=oracle.jdbc.driver.T4CTTIkvarr.unmarshal()V @ 49
Event: 213479.621 Thread 0x00000276c82df800 Uncommon trap: reason=loop_limit_check action=maybe_recompile pc=0x00000276abaa5a88 method=java.util.concurrent.ConcurrentSkipListMap.doPut(Ljava/lang/Object;Ljava/lang/Object;Z)Ljava/lang/Object; @ 376
Event: 373377.965 Thread 0x00000276c82d6800 Uncommon trap: reason=unstable_if action=reinterpret pc=0x00000276abd2f2e8 method=java.util.Timer.purge()I @ 54
Event: 429913.722 Thread 0x00000276c82da800 Uncommon trap: reason=null_check action=make_not_entrant pc=0x00000276acc9acac method=org.apache.camel.impl.converter.BaseTypeConverterRegistry.doLookup(Ljava/lang/Class;Ljava/lang/Class;Z)Lorg/apache/camel/TypeConverter; @ 191
Event: 429913.723 Thread 0x00000276c82da800 Uncommon trap: reason=class_check action=maybe_recompile pc=0x00000276a9b19564 method=org.apache.logging.log4j.spi.AbstractLogger.logIfEnabled(Ljava/lang/String;Lorg/apache/logging/log4j/Level;Lorg/apache/logging/log4j/Marker;Ljava/lang/String;Ljava/lang/
Event: 429913.723 Thread 0x00000276c82da800 Uncommon trap: reason=class_check action=maybe_recompile pc=0x00000276a9b19564 method=org.apache.logging.log4j.spi.AbstractLogger.logIfEnabled(Ljava/lang/String;Lorg/apache/logging/log4j/Level;Lorg/apache/logging/log4j/Marker;Ljava/lang/String;Ljava/lang/
Event: 429913.727 Thread 0x00000276c82d6800 Uncommon trap: reason=null_check action=make_not_entrant pc=0x00000276acbf3348 method=org.apache.camel.impl.converter.BaseTypeConverterRegistry.doLookup(Ljava/lang/Class;Ljava/lang/Class;Z)Lorg/apache/camel/TypeConverter; @ 191
Event: 429922.304 Thread 0x00000276c31ee800 Uncommon trap: reason=unstable_if action=reinterpret pc=0x00000276acbfd330 method=com.oracle.truffle.js.nodes.access.JSReadCurrentFrameSlotNodeGen.execute(Lcom/oracle/truffle/api/frame/VirtualFrame;)Ljava/lang/Object; @ 49
Event: 429922.306 Thread 0x00000276c31ee800 Uncommon trap: reason=predicate action=maybe_recompile pc=0x00000276ac263fe4 method=java.util.TimSort.binarySort([Ljava/lang/Object;IIILjava/util/Comparator;)V @ 37
Event: 429922.307 Thread 0x00000276c31ee800 Uncommon trap: reason=predicate action=maybe_recompile pc=0x00000276ac145518 method=java.util.TimSort.binarySort([Ljava/lang/Object;IIILjava/util/Comparator;)V @ 37
Event: 429922.312 Thread 0x00000276c31ee800 Uncommon trap: reason=unstable_if action=reinterpret pc=0x00000276ab42d158 method=com.oracle.truffle.regex.tregex.nodes.dfa.DFAStateNode.canDoIndexOf()Z @ 11
Event: 429922.316 Thread 0x00000276c31ee800 Uncommon trap: reason=class_check action=maybe_recompile pc=0x00000276aaa5136c method=com.oracle.truffle.regex.tregex.nodes.dfa.TRegexDFAExecutorNode.match([Lcom/oracle/truffle/regex/tregex/matchers/CharMatcher;II)Z @ 10
Event: 429922.316 Thread 0x00000276c31ee800 Uncommon trap: reason=class_check action=maybe_recompile pc=0x00000276aaa5136c method=com.oracle.truffle.regex.tregex.nodes.dfa.TRegexDFAExecutorNode.match([Lcom/oracle/truffle/regex/tregex/matchers/CharMatcher;II)Z @ 10
Event: 429922.318 Thread 0x00000276c31ee800 Uncommon trap: reason=unstable_if action=reinterpret pc=0x00000276acb146b4 method=com.oracle.truffle.regex.tregex.nodes.TRegexExecutorNode.inputHasNext(Lcom/oracle/truffle/regex/tregex/nodes/TRegexExecutorLocals;IZ)Z @ 1
Event: 429922.318 Thread 0x00000276c31ee800 Uncommon trap: reason=unstable_if action=reinterpret pc=0x00000276acb2d1d8 method=com.oracle.truffle.regex.tregex.nodes.TRegexExecutorNode.inputIncRaw(IIZ)I @ 19
Event: 429922.318 Thread 0x00000276c31ee800 Uncommon trap: reason=unstable_if action=reinterpret pc=0x00000276acb35120 method=com.oracle.truffle.regex.tregex.nodes.TRegexExecutorNode.inputReadRaw(Lcom/oracle/truffle/regex/tregex/nodes/TRegexExecutorLocals;IZ)I @ 30
Event: 429922.318 Thread 0x00000276c31ee800 Uncommon trap: reason=class_check action=maybe_recompile pc=0x00000276aaa5136c method=com.oracle.truffle.regex.tregex.nodes.dfa.TRegexDFAExecutorNode.match([Lcom/oracle/truffle/regex/tregex/matchers/CharMatcher;II)Z @ 10
Event: 429922.318 Thread 0x00000276c31ee800 Uncommon trap: reason=class_check action=maybe_recompile pc=0x00000276acdd3e38 method=com.oracle.truffle.regex.tregex.nodes.dfa.TRegexDFAExecutorNode.execTransition(Lcom/oracle/truffle/regex/tregex/nodes/dfa/TRegexDFAExecutorLocals;Lcom/oracle/truffle/reg
Event: 429922.319 Thread 0x00000276c31ee800 Uncommon trap: reason=unstable_if action=reinterpret pc=0x00000276abbe317c method=com.oracle.truffle.regex.tregex.nodes.TRegexExecutorNode.inputHasNext(Lcom/oracle/truffle/regex/tregex/nodes/TRegexExecutorLocals;IZ)Z @ 1
Event: 429922.319 Thread 0x00000276c31ee800 Uncommon trap: reason=unstable_if action=reinterpret pc=0x00000276acb13c94 method=com.oracle.truffle.regex.tregex.nodes.TRegexExecutorNode.inputIncRaw(IIZ)I @ 19
Event: 429922.319 Thread 0x00000276c31ee800 Uncommon trap: reason=unstable_if action=reinterpret pc=0x00000276acb3e32c method=com.oracle.truffle.regex.tregex.nodes.TRegexExecutorNode.inputReadRaw(Lcom/oracle/truffle/regex/tregex/nodes/TRegexExecutorLocals;IZ)I @ 30
Event: 429922.319 Thread 0x00000276c31ee800 Uncommon trap: reason=class_check action=maybe_recompile pc=0x00000276acdd3e38 method=com.oracle.truffle.regex.tregex.nodes.dfa.TRegexDFAExecutorNode.execTransition(Lcom/oracle/truffle/regex/tregex/nodes/dfa/TRegexDFAExecutorLocals;Lcom/oracle/truffle/reg
Event: 429922.319 Thread 0x00000276c31ee800 Uncommon trap: reason=unstable_if action=reinterpret pc=0x00000276ab987eb8 method=com.oracle.truffle.regex.tregex.nodes.TRegexExecutorNode.inputIncRaw(IIZ)I @ 19
Event: 429922.319 Thread 0x00000276c31ee800 Uncommon trap: reason=class_check action=maybe_recompile pc=0x00000276aaa5136c method=com.oracle.truffle.regex.tregex.nodes.dfa.TRegexDFAExecutorNode.match([Lcom/oracle/truffle/regex/tregex/matchers/CharMatcher;II)Z @ 10
Event: 429922.319 Thread 0x00000276c31ee800 Uncommon trap: reason=class_check action=maybe_recompile pc=0x00000276acdd3e38 method=com.oracle.truffle.regex.tregex.nodes.dfa.TRegexDFAExecutorNode.execTransition(Lcom/oracle/truffle/regex/tregex/nodes/dfa/TRegexDFAExecutorLocals;Lcom/oracle/truffle/reg
Event: 429922.319 Thread 0x00000276c31ee800 Uncommon trap: reason=speculate_class_check action=maybe_recompile pc=0x00000276aab27d38 method=com.oracle.truffle.regex.tregex.nodes.dfa.DFAStateNode.checkFinalState(Lcom/oracle/truffle/regex/tregex/nodes/dfa/TRegexDFAExecutorLocals;Lcom/oracle/truffle/r
Event: 429922.319 Thread 0x00000276c31ee800 Uncommon trap: reason=class_check action=maybe_recompile pc=0x00000276acdd3e38 method=com.oracle.truffle.regex.tregex.nodes.dfa.TRegexDFAExecutorNode.execTransition(Lcom/oracle/truffle/regex/tregex/nodes/dfa/TRegexDFAExecutorLocals;Lcom/oracle/truffle/reg
Event: 429922.319 Thread 0x00000276c31ee800 Uncommon trap: reason=speculate_class_check action=maybe_recompile pc=0x00000276aab27d38 method=com.oracle.truffle.regex.tregex.nodes.dfa.DFAStateNode.checkFinalState(Lcom/oracle/truffle/regex/tregex/nodes/dfa/TRegexDFAExecutorLocals;Lcom/oracle/truffle/r
Event: 429922.319 Thread 0x00000276c31ee800 Uncommon trap: reason=speculate_class_check action=maybe_recompile pc=0x00000276aab27d38 method=com.oracle.truffle.regex.tregex.nodes.dfa.DFAStateNode.checkFinalState(Lcom/oracle/truffle/regex/tregex/nodes/dfa/TRegexDFAExecutorLocals;Lcom/oracle/truffle/r
Event: 429922.319 Thread 0x00000276c31ee800 Uncommon trap: reason=speculate_class_check action=maybe_recompile pc=0x00000276aab27d38 method=com.oracle.truffle.regex.tregex.nodes.dfa.DFAStateNode.checkFinalState(Lcom/oracle/truffle/regex/tregex/nodes/dfa/TRegexDFAExecutorLocals;Lcom/oracle/truffle/r
Event: 429922.433 Thread 0x00000276c31ee800 Uncommon trap: reason=unstable_if action=reinterpret pc=0x00000276ac354d68 method=java.lang.ThreadGroup.add(Ljava/lang/Thread;)V @ 46
Event: 430708.717 Thread 0x00000276c31f1000 Uncommon trap: reason=unstable_if action=reinterpret pc=0x00000276ab123d80 method=java.net.InetSocketAddress$InetSocketAddressHolder.getHostString()Ljava/lang/String; @ 29
Event: 430708.717 Thread 0x00000276c31f1000 Uncommon trap: reason=class_check action=maybe_recompile pc=0x00000276acb43c70 method=java.net.AbstractPlainSocketImpl.doConnect(Ljava/net/InetAddress;II)V @ 26
Event: 430709.042 Thread 0x00000276c31f1000 Uncommon trap: reason=unstable_if action=reinterpret pc=0x00000276abae1430 method=com.hazelcast.internal.networking.nio.NioOutboundPipeline.write(Lcom/hazelcast/internal/networking/OutboundFrame;)V @ 49
Event: 430709.042 Thread 0x00000276c31ee000 Uncommon trap: reason=unstable_if action=reinterpret pc=0x00000276abae168c method=java.util.concurrent.ConcurrentLinkedQueue.first()Ljava/util/concurrent/ConcurrentLinkedQueue$Node; @ 32
Event: 430709.042 Thread 0x00000276c153d800 Uncommon trap: reason=unstable_if action=reinterpret pc=0x00000276ac69ab68 method=com.hazelcast.internal.util.ConcurrencyDetection$EnabledConcurrencyDetection.isDetected()Z @ 13
Event: 430709.042 Thread 0x00000276c153e800 Uncommon trap: reason=bimorphic action=maybe_recompile pc=0x00000276abb9eb54 method=com.hazelcast.internal.networking.nio.NioThread.processTaskQueue()Z @ 30
Event: 430709.042 Thread 0x00000276c153d800 Uncommon trap: reason=unstable_if action=reinterpret pc=0x00000276aac5be4c method=com.hazelcast.internal.util.ConcurrencyDetection$EnabledConcurrencyDetection.isDetected()Z @ 13
Event: 430709.043 Thread 0x00000276c31ee000 Uncommon trap: reason=unstable_if action=reinterpret pc=0x00000276ac6d5dc4 method=com.hazelcast.internal.util.ConcurrencyDetection$EnabledConcurrencyDetection.isDetected()Z @ 13
Event: 430709.043 Thread 0x00000276c153e800 Uncommon trap: reason=unstable_if action=reinterpret pc=0x00000276a9d5fd04 method=sun.nio.ch.SocketChannelImpl.translateReadyOps(IILsun/nio/ch/SelectionKeyImpl;)Z @ 73
Event: 430709.043 Thread 0x00000276c153e800 Uncommon trap: reason=class_check action=maybe_recompile pc=0x00000276aba90b20 method=com.hazelcast.internal.networking.nio.NioThread.processSelectionKey(Ljava/nio/channels/SelectionKey;)V @ 4
Event: 430709.043 Thread 0x00000276c153e800 Uncommon trap: reason=unstable_if action=reinterpret pc=0x00000276ac6d7550 method=com.hazelcast.internal.networking.nio.NioPipeline.unregisterOp(I)V @ 11
Event: 430709.044 Thread 0x00000276c153e800 Uncommon trap: reason=class_check action=maybe_recompile pc=0x00000276aaaa801c method=com.hazelcast.internal.networking.nio.NioThread.processSelectionKey(Ljava/nio/channels/SelectionKey;)V @ 4
Event: 430709.044 Thread 0x00000276c153e800 Uncommon trap: reason=unstable_if action=reinterpret pc=0x00000276ab853660 method=com.hazelcast.internal.networking.nio.NioPipeline.unregisterOp(I)V @ 11
Event: 430709.045 Thread 0x00000276c153e800 Uncommon trap: reason=class_check action=maybe_recompile pc=0x00000276aaaa801c method=com.hazelcast.internal.networking.nio.NioThread.processSelectionKey(Ljava/nio/channels/SelectionKey;)V @ 4
Event: 430709.045 Thread 0x00000276c153e800 Uncommon trap: reason=class_check action=maybe_recompile pc=0x00000276aaaa801c method=com.hazelcast.internal.networking.nio.NioThread.processSelectionKey(Ljava/nio/channels/SelectionKey;)V @ 4
Event: 430709.045 Thread 0x00000276c153e800 Uncommon trap: reason=class_check action=maybe_recompile pc=0x00000276ac697b5c method=com.hazelcast.internal.networking.nio.NioThread.processSelectionKey(Ljava/nio/channels/SelectionKey;)V @ 4
Event: 430709.052 Thread 0x00000276c153e800 Uncommon trap: reason=unstable_if action=reinterpret pc=0x00000276ac31e0f8 method=java.util.concurrent.ConcurrentLinkedQueue.first()Ljava/util/concurrent/ConcurrentLinkedQueue$Node; @ 32
Event: 430709.052 Thread 0x00000276c153e800 Uncommon trap: reason=bimorphic action=maybe_recompile pc=0x00000276abb9eb54 method=com.hazelcast.internal.networking.nio.NioThread.processTaskQueue()Z @ 30
Event: 430709.053 Thread 0x00000276c153e800 Uncommon trap: reason=unstable_if action=reinterpret pc=0x00000276abd5c274 method=java.util.concurrent.ConcurrentLinkedQueue.first()Ljava/util/concurrent/ConcurrentLinkedQueue$Node; @ 32
Event: 430709.053 Thread 0x00000276c153e800 Uncommon trap: reason=bimorphic action=maybe_recompile pc=0x00000276abb9eb54 method=com.hazelcast.internal.networking.nio.NioThread.processTaskQueue()Z @ 30
Event: 430709.056 Thread 0x00000276c153e800 Uncommon trap: reason=bimorphic action=maybe_recompile pc=0x00000276abb9eb54 method=com.hazelcast.internal.networking.nio.NioThread.processTaskQueue()Z @ 30
Event: 430709.185 Thread 0x00000276c31ee000 Uncommon trap: reason=unstable_if action=reinterpret pc=0x00000276abb1ee48 method=java.util.concurrent.ConcurrentLinkedQueue.offer(Ljava/lang/Object;)Z @ 40
Event: 430709.252 Thread 0x00000276c153e800 Uncommon trap: reason=class_check action=maybe_recompile pc=0x00000276aba90b20 method=com.hazelcast.internal.networking.nio.NioThread.processSelectionKey(Ljava/nio/channels/SelectionKey;)V @ 4
Event: 430709.318 Thread 0x00000276c31f1000 Uncommon trap: reason=unstable_if action=reinterpret pc=0x00000276aca15a70 method=com.oracle.truffle.js.nodes.access.PropertyCacheNode.specialize(Ljava/lang/Object;Ljava/lang/Object;)Lcom/oracle/truffle/js/nodes/access/PropertyCacheNode$CacheNode; @ 67
Event: 430709.337 Thread 0x00000276c31f1000 Uncommon trap: reason=unstable_if action=reinterpret pc=0x00000276ad05fda8 method=com.oracle.truffle.regex.tregex.nodes.dfa.TRegexDFAExecutorNode.execute(Lcom/oracle/truffle/regex/tregex/nodes/TRegexExecutorLocals;Z)Ljava/lang/Object; @ 1614
Event: 430709.374 Thread 0x00000276c31f7000 Uncommon trap: reason=unstable_if action=reinterpret pc=0x00000276ac4c1ef4 method=com.hazelcast.spi.impl.AbstractInvocationFuture.get()Ljava/lang/Object; @ 31
Event: 430709.375 Thread 0x00000276c31f9800 Uncommon trap: reason=unstable_if action=reinterpret pc=0x00000276a9efa440 method=com.hazelcast.spi.impl.AbstractInvocationFuture.get()Ljava/lang/Object; @ 31
Event: 430709.615 Thread 0x00000276c31f7000 Uncommon trap: reason=bimorphic action=maybe_recompile pc=0x00000276ab0553c8 method=org.graalvm.collections.EconomicMapImpl.compareKeys(Ljava/lang/Object;Ljava/lang/Object;)Z @ 36
Event: 430709.615 Thread 0x00000276c31f7000 Uncommon trap: reason=unstable_if action=reinterpret pc=0x00000276aa66a848 method=java.lang.Integer.equals(Ljava/lang/Object;)Z @ 18
Event: 430709.615 Thread 0x00000276c31f7000 Uncommon trap: reason=bimorphic action=maybe_recompile pc=0x00000276ab0553c8 method=org.graalvm.collections.EconomicMapImpl.compareKeys(Ljava/lang/Object;Ljava/lang/Object;)Z @ 36
Event: 430709.615 Thread 0x00000276c31f7000 Uncommon trap: reason=bimorphic action=maybe_recompile pc=0x00000276ab0553c8 method=org.graalvm.collections.EconomicMapImpl.compareKeys(Ljava/lang/Object;Ljava/lang/Object;)Z @ 36
Event: 430709.615 Thread 0x00000276c31f7000 Uncommon trap: reason=bimorphic action=maybe_recompile pc=0x00000276ab0553c8 method=org.graalvm.collections.EconomicMapImpl.compareKeys(Ljava/lang/Object;Ljava/lang/Object;)Z @ 36
Event: 430709.897 Thread 0x00000276c31f8800 Uncommon trap: reason=unstable_if action=reinterpret pc=0x00000276acf87e50 method=com.oracle.truffle.js.nodes.access.PropertyGetNodeFactory$GetPropertyFromJSObjectNodeGen.executeWithJSObject(Lcom/oracle/truffle/api/object/DynamicObject;Ljava/lang/Object;L
Event: 430709.898 Thread 0x00000276c31f6000 Uncommon trap: reason=unstable_if action=reinterpret pc=0x00000276acf6fe38 method=com.oracle.truffle.js.nodes.access.PropertyGetNodeFactory$GetPropertyFromJSObjectNodeGen.executeWithJSObject(Lcom/oracle/truffle/api/object/DynamicObject;Ljava/lang/Object;L
Event: 430710.077 Thread 0x00000276c31f6000 Uncommon trap: reason=unstable_if action=reinterpret pc=0x00000276abc23128 method=oracle.jdbc.driver.T4CMAREngineNIO.prepareForMarshall(I)V @ 18
Event: 430710.077 Thread 0x00000276c31f6000 Uncommon trap: reason=unstable_if action=reinterpret pc=0x00000276ab274780 method=oracle.jdbc.driver.T4CMAREngineNIO.prepareForMarshall(I)V @ 18
Event: 430710.103 Thread 0x00000276c31f7800 Uncommon trap: reason=bimorphic action=maybe_recompile pc=0x00000276ad19be30 method=com.oracle.truffle.regex.tregex.nodes.dfa.TRegexDFAExecutorNode.match([Lcom/oracle/truffle/regex/tregex/matchers/CharMatcher;II)Z @ 10
Event: 430710.103 Thread 0x00000276c31f7800 Uncommon trap: reason=bimorphic action=maybe_recompile pc=0x00000276ad19be30 method=com.oracle.truffle.regex.tregex.nodes.dfa.TRegexDFAExecutorNode.match([Lcom/oracle/truffle/regex/tregex/matchers/CharMatcher;II)Z @ 10
Event: 430710.105 Thread 0x00000276c31f7800 Uncommon trap: reason=bimorphic action=maybe_recompile pc=0x00000276ad19be30 method=com.oracle.truffle.regex.tregex.nodes.dfa.TRegexDFAExecutorNode.match([Lcom/oracle/truffle/regex/tregex/matchers/CharMatcher;II)Z @ 10
Event: 430710.114 Thread 0x00000276c31f7800 Uncommon trap: reason=bimorphic action=maybe_recompile pc=0x00000276ad19be30 method=com.oracle.truffle.regex.tregex.nodes.dfa.TRegexDFAExecutorNode.match([Lcom/oracle/truffle/regex/tregex/matchers/CharMatcher;II)Z @ 10
Event: 430710.120 Thread 0x00000276c31f7800 Uncommon trap: reason=bimorphic action=maybe_recompile pc=0x00000276ace46338 method=com.oracle.truffle.regex.tregex.nodes.dfa.TRegexDFAExecutorNode.match([Lcom/oracle/truffle/regex/tregex/matchers/CharMatcher;II)Z @ 10
Event: 430710.210 Thread 0x00000276c31f7800 Uncommon trap: reason=predicate action=maybe_recompile pc=0x00000276abb7ac2c method=java.util.TimSort.reverseRange([Ljava/lang/Object;II)V @ 8
Event: 437130.411 Thread 0x00000276c31ef800 Uncommon trap: reason=unstable_if action=reinterpret pc=0x00000276aaa38474 method=java.lang.Thread.init(Ljava/lang/ThreadGroup;Ljava/lang/Runnable;Ljava/lang/String;JLjava/security/AccessControlContext;Z)V @ 30
Event: 437130.411 Thread 0x00000276c31ef800 Uncommon trap: reason=unstable_if action=reinterpret pc=0x00000276ac4c89d0 method=java.security.AccessControlContext.optimize()Ljava/security/AccessControlContext; @ 49
Event: 437130.411 Thread 0x00000276c31ef800 Uncommon trap: reason=unstable_if action=reinterpret pc=0x00000276a9ba97a4 method=java.security.AccessControlContext.calculateFields(Ljava/security/AccessControlContext;Ljava/security/AccessControlContext;[Ljava/security/Permission;)V @ 21
Event: 437130.411 Thread 0x00000276c31ef800 Uncommon trap: reason=unstable_if action=reinterpret pc=0x00000276aaa4de38 method=java.lang.ThreadGroup.add(Ljava/lang/Thread;)V @ 46
Event: 437150.410 Thread 0x00000276c31ef800 Uncommon trap: reason=unstable_if action=reinterpret pc=0x00000276aadfb8c0 method=java.security.AccessControlContext.optimize()Ljava/security/AccessControlContext; @ 49
Event: 441223.774 Thread 0x00000276c82da800 Uncommon trap: reason=unstable_if action=reinterpret pc=0x00000276ac4ff080 method=org.apache.camel.impl.ScheduledPollConsumer.doRun()V @ 511
Event: 441223.778 Thread 0x00000276c82da800 Uncommon trap: reason=unstable_if action=reinterpret pc=0x00000276aa87d7e8 method=java.lang.Package.getPackage(Ljava/lang/Class;)Ljava/lang/Package; @ 30
Event: 441223.781 Thread 0x00000276c82da800 Uncommon trap: reason=unstable_if action=reinterpret pc=0x00000276ab543118 method=java.lang.Throwable.getOurStackTrace()[Ljava/lang/StackTraceElement; @ 7

Classes redefined (0 events):
No events

Internal exceptions (250 events):
Event: 2.055 Thread 0x00000276a890f000 Exception <a 'java/lang/NoSuchMethodError': java.lang.Object.lambda$or$2(Ljava/util/function/BiPredicate;Ljava/lang/Object;Ljava/lang/Object;)Z> (0x00000000d7f38050) thrown at [C:\cygwin64\tmp\ojdkbuild\lookaside\java-1.8.0-openjdk\hotspot\src\share\vm\in
Event: 2.056 Thread 0x00000276a890f000 Exception <a 'java/lang/NoSuchMethodError': java.lang.Object.lambda$chars$0()Ljava/util/Spliterator$OfInt;> (0x00000000d7f48980) thrown at [C:\cygwin64\tmp\ojdkbuild\lookaside\java-1.8.0-openjdk\hotspot\src\share\vm\interpreter\linkResolver.cpp, line 620]
Event: 2.090 Thread 0x00000276a890f000 Exception <a 'java/lang/NoSuchMethodError': java.lang.Object.lambda$comparing$77a9974f$1(Ljava/util/function/Function;Ljava/lang/Object;Ljava/lang/Object;)I> (0x00000000d8222078) thrown at [C:\cygwin64\tmp\ojdkbuild\lookaside\java-1.8.0-openjdk\hotspot\sr
Event: 2.132 Thread 0x00000276a890f000 Exception <a 'java/lang/NoSuchMethodError': java.lang.Object.lambda$from$1(Ljava/util/function/Supplier;Lorg/springframework/boot/BootstrapContext;)Ljava/lang/Object;> (0x00000000d8604ee8) thrown at [C:\cygwin64\tmp\ojdkbuild\lookaside\java-1.8.0-openjdk\
Event: 2.136 Thread 0x00000276a890f000 Exception <a 'java/lang/ClassNotFoundException': sun/net/www/protocol/e/Handler> (0x00000000d8644638) thrown at [C:\cygwin64\tmp\ojdkbuild\lookaside\java-1.8.0-openjdk\hotspot\src\share\vm\classfile\systemDictionary.cpp, line 217]
Event: 2.162 Thread 0x00000276a890f000 Exception <a 'java/lang/NoSuchMethodError': java.lang.Object.lambda$and$0(Ljava/util/function/Predicate;Ljava/lang/Object;)Z> (0x00000000d87f3aa8) thrown at [C:\cygwin64\tmp\ojdkbuild\lookaside\java-1.8.0-openjdk\hotspot\src\share\vm\interpreter\linkResol
Event: 2.178 Thread 0x00000276a890f000 Exception <a 'java/lang/ClassNotFoundException': sun/net/www/protocol/e/Handler> (0x00000000d88d9a68) thrown at [C:\cygwin64\tmp\ojdkbuild\lookaside\java-1.8.0-openjdk\hotspot\src\share\vm\classfile\systemDictionary.cpp, line 217]
Event: 2.179 Thread 0x00000276a890f000 Exception <a 'java/lang/ClassNotFoundException': sun/net/www/protocol/e/Handler> (0x00000000d88ec778) thrown at [C:\cygwin64\tmp\ojdkbuild\lookaside\java-1.8.0-openjdk\hotspot\src\share\vm\classfile\systemDictionary.cpp, line 217]
Event: 2.346 Thread 0x00000276a890f000 Exception <a 'java/lang/NoSuchMethodError': java.lang.Object.lambda$getAnnotationTypes$0(Lorg/springframework/core/annotation/MergedAnnotation;)Ljava/lang/String;> (0x00000000dad288e8) thrown at [C:\cygwin64\tmp\ojdkbuild\lookaside\java-1.8.0-openjdk\hots
Event: 2.349 Thread 0x00000276a890f000 Exception <a 'java/lang/NoSuchMethodError': java.lang.Object.lambda$getMetaAnnotationTypes$1(Lorg/springframework/core/annotation/MergedAnnotation;)Ljava/lang/String;> (0x00000000dad4dbc8) thrown at [C:\cygwin64\tmp\ojdkbuild\lookaside\java-1.8.0-openjdk\
Event: 2.423 Thread 0x00000276a890f000 Exception <a 'java/lang/ClassNotFoundException': java/lang/ObjectCustomizer> (0x00000000dc3bffa8) thrown at [C:\cygwin64\tmp\ojdkbuild\lookaside\java-1.8.0-openjdk\hotspot\src\share\vm\classfile\systemDictionary.cpp, line 217]
Event: 2.424 Thread 0x00000276a890f000 Exception <a 'java/lang/ClassNotFoundException': org/springframework/context/annotation/ConfigurationClassPostProcessorCustomizer> (0x00000000dc3e92c8) thrown at [C:\cygwin64\tmp\ojdkbuild\lookaside\java-1.8.0-openjdk\hotspot\src\share\vm\classfile\system
Event: 2.426 Thread 0x00000276a890f000 Exception <a 'java/lang/ClassNotFoundException': org/springframework/beans/factory/support/BeanDefinitionRegistryPostProcessorCustomizer> (0x00000000dc43e4f8) thrown at [C:\cygwin64\tmp\ojdkbuild\lookaside\java-1.8.0-openjdk\hotspot\src\share\vm\classfile
Event: 2.427 Thread 0x00000276a890f000 Exception <a 'java/lang/ClassNotFoundException': org/springframework/beans/factory/config/BeanFactoryPostProcessorCustomizer> (0x00000000dc463050) thrown at [C:\cygwin64\tmp\ojdkbuild\lookaside\java-1.8.0-openjdk\hotspot\src\share\vm\classfile\systemDicti
Event: 2.427 Thread 0x00000276a890f000 Exception <a 'java/lang/ClassNotFoundException': org/springframework/core/PriorityOrderedCustomizer> (0x00000000dc47dcc8) thrown at [C:\cygwin64\tmp\ojdkbuild\lookaside\java-1.8.0-openjdk\hotspot\src\share\vm\classfile\systemDictionary.cpp, line 217]
Event: 2.427 Thread 0x00000276a890f000 Exception <a 'java/lang/ClassNotFoundException': org/springframework/core/OrderedCustomizer> (0x00000000dc8a9eb0) thrown at [C:\cygwin64\tmp\ojdkbuild\lookaside\java-1.8.0-openjdk\hotspot\src\share\vm\classfile\systemDictionary.cpp, line 217]
Event: 2.427 Thread 0x00000276a890f000 Exception <a 'java/lang/ClassNotFoundException': org/springframework/context/ResourceLoaderAwareCustomizer> (0x00000000dc8c7630) thrown at [C:\cygwin64\tmp\ojdkbuild\lookaside\java-1.8.0-openjdk\hotspot\src\share\vm\classfile\systemDictionary.cpp, line 21
Event: 2.428 Thread 0x00000276a890f000 Exception <a 'java/lang/ClassNotFoundException': org/springframework/beans/factory/AwareCustomizer> (0x00000000dc8e2918) thrown at [C:\cygwin64\tmp\ojdkbuild\lookaside\java-1.8.0-openjdk\hotspot\src\share\vm\classfile\systemDictionary.cpp, line 217]
Event: 2.428 Thread 0x00000276a890f000 Exception <a 'java/lang/ClassNotFoundException': org/springframework/context/ApplicationStartupAwareCustomizer> (0x00000000dc901010) thrown at [C:\cygwin64\tmp\ojdkbuild\lookaside\java-1.8.0-openjdk\hotspot\src\share\vm\classfile\systemDictionary.cpp, lin
Event: 2.428 Thread 0x00000276a890f000 Exception <a 'java/lang/ClassNotFoundException': org/springframework/beans/factory/AwareCustomizer> (0x00000000dc91c7f8) thrown at [C:\cygwin64\tmp\ojdkbuild\lookaside\java-1.8.0-openjdk\hotspot\src\share\vm\classfile\systemDictionary.cpp, line 217]
Event: 2.428 Thread 0x00000276a890f000 Exception <a 'java/lang/ClassNotFoundException': org/springframework/beans/factory/BeanClassLoaderAwareCustomizer> (0x00000000dc93bfd0) thrown at [C:\cygwin64\tmp\ojdkbuild\lookaside\java-1.8.0-openjdk\hotspot\src\share\vm\classfile\systemDictionary.cpp, 
Event: 2.429 Thread 0x00000276a890f000 Exception <a 'java/lang/ClassNotFoundException': org/springframework/beans/factory/AwareCustomizer> (0x00000000dc957348) thrown at [C:\cygwin64\tmp\ojdkbuild\lookaside\java-1.8.0-openjdk\hotspot\src\share\vm\classfile\systemDictionary.cpp, line 217]
Event: 2.429 Thread 0x00000276a890f000 Exception <a 'java/lang/ClassNotFoundException': org/springframework/context/EnvironmentAwareCustomizer> (0x00000000dc972ec0) thrown at [C:\cygwin64\tmp\ojdkbuild\lookaside\java-1.8.0-openjdk\hotspot\src\share\vm\classfile\systemDictionary.cpp, line 217]
Event: 2.429 Thread 0x00000276a890f000 Exception <a 'java/lang/ClassNotFoundException': org/springframework/beans/factory/AwareCustomizer> (0x00000000dc98e118) thrown at [C:\cygwin64\tmp\ojdkbuild\lookaside\java-1.8.0-openjdk\hotspot\src\share\vm\classfile\systemDictionary.cpp, line 217]
Event: 2.614 Thread 0x00000276a890f000 Exception <a 'java/lang/NoSuchMethodError': java.lang.Object.lambda$or$2(Ljava/util/function/Predicate;Ljava/lang/Object;)Z> (0x00000000d584c578) thrown at [C:\cygwin64\tmp\ojdkbuild\lookaside\java-1.8.0-openjdk\hotspot\src\share\vm\interpreter\linkResolv
Event: 2.694 Thread 0x00000276a890f000 Exception <a 'java/lang/IncompatibleClassChangeError': Found class java.lang.Object, but interface was expected> (0x00000000d71a8180) thrown at [C:\cygwin64\tmp\ojdkbuild\lookaside\java-1.8.0-openjdk\hotspot\src\share\vm\interpreter\linkResolver.cpp, line
Event: 2.718 Thread 0x00000276a890f000 Exception <a 'java/lang/NoSuchMethodError': java.lang.Object.lambda$getAllAnnotationAttributes$0(Lorg/springframework/util/MultiValueMap;)Lorg/springframework/util/MultiValueMap;> (0x00000000d7656a98) thrown at [C:\cygwin64\tmp\ojdkbuild\lookaside\java-1.
Event: 2.719 Thread 0x00000276a890f000 Exception <a 'java/lang/NoSuchMethodError': java.lang.Object.lambda$identity$2(Ljava/lang/Object;)Ljava/lang/Object;> (0x00000000d766ac90) thrown at [C:\cygwin64\tmp\ojdkbuild\lookaside\java-1.8.0-openjdk\hotspot\src\share\vm\interpreter\linkResolver.cpp,
Event: 3.333 Thread 0x00000276a890f000 Exception <a 'java/lang/ClassNotFoundException': com/sun/org/glassfish/hk2/osgiresourcelocator/ServiceLoader> (0x00000000dcd0e318) thrown at [C:\cygwin64\tmp\ojdkbuild\lookaside\java-1.8.0-openjdk\hotspot\src\share\vm\classfile\systemDictionary.cpp, line 
Event: 3.484 Thread 0x00000276a890f000 Exception <a 'java/lang/NullPointerException'> (0x00000000d654dc18) thrown at [C:\cygwin64\tmp\ojdkbuild\lookaside\java-1.8.0-openjdk\hotspot\src\share\vm\interpreter\linkResolver.cpp, line 1287]
Event: 4.622 Thread 0x00000276a890f000 Exception <a 'java/lang/NoClassDefFoundError': org/flywaydb/core/Flyway> (0x00000000df257cc0) thrown at [C:\cygwin64\tmp\ojdkbuild\lookaside\java-1.8.0-openjdk\hotspot\src\share\vm\classfile\systemDictionary.cpp, line 206]
Event: 4.622 Thread 0x00000276a890f000 Exception <a 'java/lang/NoClassDefFoundError': liquibase/integration/spring/SpringLiquibase> (0x00000000df263a20) thrown at [C:\cygwin64\tmp\ojdkbuild\lookaside\java-1.8.0-openjdk\hotspot\src\share\vm\classfile\systemDictionary.cpp, line 206]
Event: 4.649 Thread 0x00000276a890f000 Exception <a 'java/lang/NoClassDefFoundError': org/jooq/DSLContext> (0x00000000df59a968) thrown at [C:\cygwin64\tmp\ojdkbuild\lookaside\java-1.8.0-openjdk\hotspot\src\share\vm\classfile\systemDictionary.cpp, line 206]
Event: 4.650 Thread 0x00000276a890f000 Exception <a 'java/lang/NoClassDefFoundError': javax/persistence/EntityManagerFactory> (0x00000000df5a6620) thrown at [C:\cygwin64\tmp\ojdkbuild\lookaside\java-1.8.0-openjdk\hotspot\src\share\vm\classfile\systemDictionary.cpp, line 206]
Event: 4.650 Thread 0x00000276a890f000 Exception <a 'java/lang/NoClassDefFoundError': org/springframework/batch/core/repository/JobRepository> (0x00000000df5b4348) thrown at [C:\cygwin64\tmp\ojdkbuild\lookaside\java-1.8.0-openjdk\hotspot\src\share\vm\classfile\systemDictionary.cpp, line 206]
Event: 4.650 Thread 0x00000276a890f000 Exception <a 'java/lang/NoClassDefFoundError': org/springframework/scheduling/quartz/SchedulerFactoryBean> (0x00000000df5c2358) thrown at [C:\cygwin64\tmp\ojdkbuild\lookaside\java-1.8.0-openjdk\hotspot\src\share\vm\classfile\systemDictionary.cpp, line 206
Event: 4.650 Thread 0x00000276a890f000 Exception <a 'java/lang/NoClassDefFoundError': org/springframework/session/jdbc/JdbcIndexedSessionRepository> (0x00000000df5d1030) thrown at [C:\cygwin64\tmp\ojdkbuild\lookaside\java-1.8.0-openjdk\hotspot\src\share\vm\classfile\systemDictionary.cpp, line 
Event: 4.687 Thread 0x00000276a890f000 Exception <a 'java/lang/NoSuchMethodError': java.lang.Object.lambda$byAnnotation$0(Ljava/lang/Class;Ljava/lang/Class;)Z> (0x00000000df8f5178) thrown at [C:\cygwin64\tmp\ojdkbuild\lookaside\java-1.8.0-openjdk\hotspot\src\share\vm\interpreter\linkResolver.c
Event: 4.712 Thread 0x00000276a890f000 Exception <a 'java/lang/ClassNotFoundException': java/lang/ObjectCustomizer> (0x00000000dfb0bef0) thrown at [C:\cygwin64\tmp\ojdkbuild\lookaside\java-1.8.0-openjdk\hotspot\src\share\vm\classfile\systemDictionary.cpp, line 217]
Event: 4.713 Thread 0x00000276a890f000 Exception <a 'java/lang/ClassNotFoundException': org/springframework/aop/framework/ProxyConfigCustomizer> (0x00000000dfb2c7d8) thrown at [C:\cygwin64\tmp\ojdkbuild\lookaside\java-1.8.0-openjdk\hotspot\src\share\vm\classfile\systemDictionary.cpp, line 217]
Event: 4.713 Thread 0x00000276a890f000 Exception <a 'java/lang/ClassNotFoundException': org/springframework/aop/framework/ProxyProcessorSupportCustomizer> (0x00000000dfb592f8) thrown at [C:\cygwin64\tmp\ojdkbuild\lookaside\java-1.8.0-openjdk\hotspot\src\share\vm\classfile\systemDictionary.cpp,
Event: 4.714 Thread 0x00000276a890f000 Exception <a 'java/lang/ClassNotFoundException': org/springframework/aop/framework/autoproxy/AbstractAutoProxyCreatorCustomizer> (0x00000000dfb83a88) thrown at [C:\cygwin64\tmp\ojdkbuild\lookaside\java-1.8.0-openjdk\hotspot\src\share\vm\classfile\systemDi
Event: 4.715 Thread 0x00000276a890f000 Exception <a 'java/lang/ClassNotFoundException': org/springframework/aop/framework/autoproxy/AbstractAdvisorAutoProxyCreatorCustomizer> (0x00000000dfbbf6e0) thrown at [C:\cygwin64\tmp\ojdkbuild\lookaside\java-1.8.0-openjdk\hotspot\src\share\vm\classfile\s
Event: 4.716 Thread 0x00000276a890f000 Exception <a 'java/lang/ClassNotFoundException': org/springframework/aop/framework/autoproxy/InfrastructureAdvisorAutoProxyCreatorCustomizer> (0x00000000dfbee260) thrown at [C:\cygwin64\tmp\ojdkbuild\lookaside\java-1.8.0-openjdk\hotspot\src\share\vm\class
Event: 4.718 Thread 0x00000276a890f000 Exception <a 'java/lang/ClassNotFoundException': org/springframework/beans/factory/config/SmartInstantiationAwareBeanPostProcessorCustomizer> (0x00000000dfc359d8) thrown at [C:\cygwin64\tmp\ojdkbuild\lookaside\java-1.8.0-openjdk\hotspot\src\share\vm\class
Event: 4.719 Thread 0x00000276a890f000 Exception <a 'java/lang/ClassNotFoundException': org/springframework/beans/factory/config/InstantiationAwareBeanPostProcessorCustomizer> (0x00000000dfc60a60) thrown at [C:\cygwin64\tmp\ojdkbuild\lookaside\java-1.8.0-openjdk\hotspot\src\share\vm\classfile\
Event: 4.719 Thread 0x00000276a890f000 Exception <a 'java/lang/ClassNotFoundException': org/springframework/beans/factory/config/BeanPostProcessorCustomizer> (0x00000000dfc85e50) thrown at [C:\cygwin64\tmp\ojdkbuild\lookaside\java-1.8.0-openjdk\hotspot\src\share\vm\classfile\systemDictionary.c
Event: 4.720 Thread 0x00000276a890f000 Exception <a 'java/lang/ClassNotFoundException': org/springframework/beans/factory/BeanFactoryAwareCustomizer> (0x00000000dfca5a58) thrown at [C:\cygwin64\tmp\ojdkbuild\lookaside\java-1.8.0-openjdk\hotspot\src\share\vm\classfile\systemDictionary.cpp, line
Event: 4.720 Thread 0x00000276a890f000 Exception <a 'java/lang/ClassNotFoundException': org/springframework/beans/factory/AwareCustomizer> (0x00000000dfcc1320) thrown at [C:\cygwin64\tmp\ojdkbuild\lookaside\java-1.8.0-openjdk\hotspot\src\share\vm\classfile\systemDictionary.cpp, line 217]
Event: 4.720 Thread 0x00000276a890f000 Exception <a 'java/lang/ClassNotFoundException': org/springframework/core/OrderedCustomizer> (0x00000000dfcd85b8) thrown at [C:\cygwin64\tmp\ojdkbuild\lookaside\java-1.8.0-openjdk\hotspot\src\share\vm\classfile\systemDictionary.cpp, line 217]
Event: 4.721 Thread 0x00000276a890f000 Exception <a 'java/lang/ClassNotFoundException': org/springframework/beans/factory/BeanClassLoaderAwareCustomizer> (0x00000000dfcf8a98) thrown at [C:\cygwin64\tmp\ojdkbuild\lookaside\java-1.8.0-openjdk\hotspot\src\share\vm\classfile\systemDictionary.cpp, 
Event: 4.721 Thread 0x00000276a890f000 Exception <a 'java/lang/ClassNotFoundException': org/springframework/beans/factory/AwareCustomizer> (0x00000000dfd13e00) thrown at [C:\cygwin64\tmp\ojdkbuild\lookaside\java-1.8.0-openjdk\hotspot\src\share\vm\classfile\systemDictionary.cpp, line 217]
Event: 4.722 Thread 0x00000276a890f000 Exception <a 'java/lang/ClassNotFoundException': org/springframework/aop/framework/AopInfrastructureBeanCustomizer> (0x00000000dfd335f8) thrown at [C:\cygwin64\tmp\ojdkbuild\lookaside\java-1.8.0-openjdk\hotspot\src\share\vm\classfile\systemDictionary.cpp,
Event: 4.725 Thread 0x00000276a890f000 Exception <a 'java/lang/ClassNotFoundException': java/lang/ObjectCustomizer> (0x00000000dfd70cf0) thrown at [C:\cygwin64\tmp\ojdkbuild\lookaside\java-1.8.0-openjdk\hotspot\src\share\vm\classfile\systemDictionary.cpp, line 217]
Event: 4.726 Thread 0x00000276a890f000 Exception <a 'java/lang/ClassNotFoundException': org/springframework/ws/config/annotation/WsConfigurationSupportCustomizer> (0x00000000dfd96ae0) thrown at [C:\cygwin64\tmp\ojdkbuild\lookaside\java-1.8.0-openjdk\hotspot\src\share\vm\classfile\systemDiction
Event: 4.726 Thread 0x00000276a890f000 Exception <a 'java/lang/ClassNotFoundException': org/springframework/ws/config/annotation/DelegatingWsConfigurationCustomizer> (0x00000000dfdbf2e0) thrown at [C:\cygwin64\tmp\ojdkbuild\lookaside\java-1.8.0-openjdk\hotspot\src\share\vm\classfile\systemDict
Event: 4.727 Thread 0x00000276a890f000 Exception <a 'java/lang/ClassNotFoundException': org/springframework/ws/config/annotation/DelegatingWsConfiguration$$EnhancerBySpringCGLIB$$6c88133fCustomizer> (0x00000000dfdf1fa8) thrown at [C:\cygwin64\tmp\ojdkbuild\lookaside\java-1.8.0-openjdk\hotspot\
Event: 4.728 Thread 0x00000276a890f000 Exception <a 'java/lang/ClassNotFoundException': org/springframework/context/annotation/ConfigurationClassEnhancer$EnhancedConfigurationCustomizer> (0x00000000dfe304c8) thrown at [C:\cygwin64\tmp\ojdkbuild\lookaside\java-1.8.0-openjdk\hotspot\src\share\vm
Event: 4.728 Thread 0x00000276a890f000 Exception <a 'java/lang/ClassNotFoundException': org/springframework/beans/factory/BeanFactoryAwareCustomizer> (0x00000000dfe4e8f8) thrown at [C:\cygwin64\tmp\ojdkbuild\lookaside\java-1.8.0-openjdk\hotspot\src\share\vm\classfile\systemDictionary.cpp, line
Event: 4.728 Thread 0x00000276a890f000 Exception <a 'java/lang/ClassNotFoundException': org/springframework/beans/factory/AwareCustomizer> (0x00000000dfe6a098) thrown at [C:\cygwin64\tmp\ojdkbuild\lookaside\java-1.8.0-openjdk\hotspot\src\share\vm\classfile\systemDictionary.cpp, line 217]
Event: 4.728 Thread 0x00000276a890f000 Implicit null exception at 0x00000276a9d6c24c to 0x00000276a9d6c2c1
Event: 4.775 Thread 0x00000276a890f000 Exception <a 'java/lang/ClassNotFoundException': java/lang/ObjectCustomizer> (0x00000000e0372e20) thrown at [C:\cygwin64\tmp\ojdkbuild\lookaside\java-1.8.0-openjdk\hotspot\src\share\vm\classfile\systemDictionary.cpp, line 217]
Event: 4.775 Thread 0x00000276a890f000 Exception <a 'java/lang/ClassNotFoundException': org/apache/camel/spring/CamelBeanPostProcessorCustomizer> (0x00000000e0399c40) thrown at [C:\cygwin64\tmp\ojdkbuild\lookaside\java-1.8.0-openjdk\hotspot\src\share\vm\classfile\systemDictionary.cpp, line 217
Event: 4.776 Thread 0x00000276a890f000 Exception <a 'java/lang/ClassNotFoundException': org/springframework/beans/factory/config/BeanPostProcessorCustomizer> (0x00000000e03c96b0) thrown at [C:\cygwin64\tmp\ojdkbuild\lookaside\java-1.8.0-openjdk\hotspot\src\share\vm\classfile\systemDictionary.c
Event: 4.776 Thread 0x00000276a890f000 Exception <a 'java/lang/ClassNotFoundException': org/springframework/context/ApplicationContextAwareCustomizer> (0x00000000e03e9528) thrown at [C:\cygwin64\tmp\ojdkbuild\lookaside\java-1.8.0-openjdk\hotspot\src\share\vm\classfile\systemDictionary.cpp, lin
Event: 4.776 Thread 0x00000276a890f000 Exception <a 'java/lang/ClassNotFoundException': org/springframework/beans/factory/AwareCustomizer> (0x00000000e0404dc8) thrown at [C:\cygwin64\tmp\ojdkbuild\lookaside\java-1.8.0-openjdk\hotspot\src\share\vm\classfile\systemDictionary.cpp, line 217]
Event: 4.779 Thread 0x00000276a890f000 Exception <a 'java/lang/ClassNotFoundException': java/lang/ObjectCustomizer> (0x00000000e0424188) thrown at [C:\cygwin64\tmp\ojdkbuild\lookaside\java-1.8.0-openjdk\hotspot\src\share\vm\classfile\systemDictionary.cpp, line 217]
Event: 4.779 Thread 0x00000276a890f000 Exception <a 'java/lang/ClassNotFoundException': org/springframework/transaction/annotation/AbstractTransactionManagementConfigurationCustomizer> (0x00000000e0452508) thrown at [C:\cygwin64\tmp\ojdkbuild\lookaside\java-1.8.0-openjdk\hotspot\src\share\vm\c
Event: 4.779 Thread 0x00000276a890f000 Exception <a 'java/lang/ClassNotFoundException': org/springframework/transaction/annotation/ProxyTransactionManagementConfigurationCustomizer> (0x00000000e047ecc0) thrown at [C:\cygwin64\tmp\ojdkbuild\lookaside\java-1.8.0-openjdk\hotspot\src\share\vm\clas
Event: 4.780 Thread 0x00000276a890f000 Exception <a 'java/lang/ClassNotFoundException': org/springframework/context/annotation/ImportAwareCustomizer> (0x00000000e04a5eb8) thrown at [C:\cygwin64\tmp\ojdkbuild\lookaside\java-1.8.0-openjdk\hotspot\src\share\vm\classfile\systemDictionary.cpp, line
Event: 4.780 Thread 0x00000276a890f000 Exception <a 'java/lang/ClassNotFoundException': org/springframework/beans/factory/AwareCustomizer> (0x00000000e04c1bc8) thrown at [C:\cygwin64\tmp\ojdkbuild\lookaside\java-1.8.0-openjdk\hotspot\src\share\vm\classfile\systemDictionary.cpp, line 217]
Event: 4.907 Thread 0x00000276a890f000 Exception <a 'java/lang/IncompatibleClassChangeError': Found class java.lang.Object, but interface was expected> (0x00000000e12865d8) thrown at [C:\cygwin64\tmp\ojdkbuild\lookaside\java-1.8.0-openjdk\hotspot\src\share\vm\interpreter\linkResolver.cpp, line
Event: 5.012 Thread 0x00000276a890f000 Implicit null exception at 0x00000276a9fa92c8 to 0x00000276a9fa9939
Event: 5.270 Thread 0x00000276a890f000 Exception <a 'java/io/FileNotFoundException'> (0x00000000d764ef70) thrown at [C:\cygwin64\tmp\ojdkbuild\lookaside\java-1.8.0-openjdk\hotspot\src\share\vm\prims\jni.cpp, line 710]
Event: 5.349 Thread 0x00000276a890f000 Exception <a 'java/io/FileNotFoundException'> (0x00000000d7ed9340) thrown at [C:\cygwin64\tmp\ojdkbuild\lookaside\java-1.8.0-openjdk\hotspot\src\share\vm\prims\jni.cpp, line 710]
Event: 5.373 Thread 0x00000276a890f000 Exception <a 'java/lang/ClassNotFoundException': java/lang/ObjectCustomizer> (0x00000000d82dfd58) thrown at [C:\cygwin64\tmp\ojdkbuild\lookaside\java-1.8.0-openjdk\hotspot\src\share\vm\classfile\systemDictionary.cpp, line 217]
Event: 5.374 Thread 0x00000276a890f000 Exception <a 'java/lang/ClassNotFoundException': com/zaxxer/hikari/HikariConfigCustomizer> (0x00000000d82fb0f0) thrown at [C:\cygwin64\tmp\ojdkbuild\lookaside\java-1.8.0-openjdk\hotspot\src\share\vm\classfile\systemDictionary.cpp, line 217]
Event: 5.375 Thread 0x00000276a890f000 Exception <a 'java/lang/ClassNotFoundException': com/zaxxer/hikari/HikariDataSourceCustomizer> (0x00000000d835c9a0) thrown at [C:\cygwin64\tmp\ojdkbuild\lookaside\java-1.8.0-openjdk\hotspot\src\share\vm\classfile\systemDictionary.cpp, line 217]
Event: 5.378 Thread 0x00000276a890f000 Exception <a 'java/lang/ClassNotFoundException': javax/sql/DataSourceCustomizer> (0x00000000d83ca340) thrown at [C:\cygwin64\tmp\ojdkbuild\lookaside\java-1.8.0-openjdk\hotspot\src\share\vm\classfile\systemDictionary.cpp, line 217]
Event: 5.378 Thread 0x00000276a890f000 Exception <a 'java/lang/ClassNotFoundException': javax/sql/CommonDataSourceCustomizer> (0x00000000d83d9718) thrown at [C:\cygwin64\tmp\ojdkbuild\lookaside\java-1.8.0-openjdk\hotspot\src\share\vm\classfile\systemDictionary.cpp, line 217]
Event: 5.379 Thread 0x00000276a890f000 Exception <a 'java/lang/ClassNotFoundException': java/sql/WrapperCustomizer> (0x00000000d83e8888) thrown at [C:\cygwin64\tmp\ojdkbuild\lookaside\java-1.8.0-openjdk\hotspot\src\share\vm\classfile\systemDictionary.cpp, line 217]
Event: 5.379 Thread 0x00000276a890f000 Exception <a 'java/lang/ClassNotFoundException': com/zaxxer/hikari/HikariConfigMXBeanCustomizer> (0x00000000d8403b20) thrown at [C:\cygwin64\tmp\ojdkbuild\lookaside\java-1.8.0-openjdk\hotspot\src\share\vm\classfile\systemDictionary.cpp, line 217]
Event: 5.605 Thread 0x00000276a890f000 Exception <a 'java/lang/NoClassDefFoundError': oracle/security/pki/OraclePKIProvider> (0x00000000d57cf120) thrown at [C:\cygwin64\tmp\ojdkbuild\lookaside\java-1.8.0-openjdk\hotspot\src\share\vm\classfile\systemDictionary.cpp, line 206]
Event: 6.264 Thread 0x00000276a890f000 Exception <a 'java/lang/ClassNotFoundException': java/lang/ObjectCustomizer> (0x00000000dc152370) thrown at [C:\cygwin64\tmp\ojdkbuild\lookaside\java-1.8.0-openjdk\hotspot\src\share\vm\classfile\systemDictionary.cpp, line 217]
Event: 6.265 Thread 0x00000276a890f000 Exception <a 'java/lang/ClassNotFoundException': org/apache/camel/model/IdentifiedTypeCustomizer> (0x00000000dc182698) thrown at [C:\cygwin64\tmp\ojdkbuild\lookaside\java-1.8.0-openjdk\hotspot\src\share\vm\classfile\systemDictionary.cpp, line 217]
Event: 6.265 Thread 0x00000276a890f000 Exception <a 'java/lang/ClassNotFoundException': org/apache/camel/spring/CamelRouteContextFactoryBeanCustomizer> (0x00000000dc1aa9e8) thrown at [C:\cygwin64\tmp\ojdkbuild\lookaside\java-1.8.0-openjdk\hotspot\src\share\vm\classfile\systemDictionary.cpp, li
Event: 6.266 Thread 0x00000276a890f000 Exception <a 'java/lang/ClassNotFoundException': org/springframework/beans/factory/FactoryBeanCustomizer> (0x00000000dc1dd078) thrown at [C:\cygwin64\tmp\ojdkbuild\lookaside\java-1.8.0-openjdk\hotspot\src\share\vm\classfile\systemDictionary.cpp, line 217]
Event: 6.270 Thread 0x00000276a890f000 Exception <a 'java/lang/ClassNotFoundException': java/lang/ObjectCustomizer> (0x00000000dc244e00) thrown at [C:\cygwin64\tmp\ojdkbuild\lookaside\java-1.8.0-openjdk\hotspot\src\share\vm\classfile\systemDictionary.cpp, line 217]
Event: 6.271 Thread 0x00000276a890f000 Exception <a 'java/lang/ClassNotFoundException': org/apache/camel/model/IdentifiedTypeCustomizer> (0x00000000dc274688) thrown at [C:\cygwin64\tmp\ojdkbuild\lookaside\java-1.8.0-openjdk\hotspot\src\share\vm\classfile\systemDictionary.cpp, line 217]
Event: 6.271 Thread 0x00000276a890f000 Exception <a 'java/lang/ClassNotFoundException': org/apache/camel/core/xml/AbstractCamelContextFactoryBeanCustomizer> (0x00000000dc29e878) thrown at [C:\cygwin64\tmp\ojdkbuild\lookaside\java-1.8.0-openjdk\hotspot\src\share\vm\classfile\systemDictionary.cp
Event: 6.273 Thread 0x00000276a890f000 Exception <a 'java/lang/ClassNotFoundException': org/apache/camel/spring/CamelContextFactoryBeanCustomizer> (0x00000000dc319f20) thrown at [C:\cygwin64\tmp\ojdkbuild\lookaside\java-1.8.0-openjdk\hotspot\src\share\vm\classfile\systemDictionary.cpp, line 21
Event: 6.282 Thread 0x00000276a890f000 Exception <a 'java/lang/ClassNotFoundException': org/springframework/beans/factory/FactoryBeanCustomizer> (0x00000000dc4d1b48) thrown at [C:\cygwin64\tmp\ojdkbuild\lookaside\java-1.8.0-openjdk\hotspot\src\share\vm\classfile\systemDictionary.cpp, line 217]
Event: 6.282 Thread 0x00000276a890f000 Exception <a 'java/lang/ClassNotFoundException': org/springframework/beans/factory/InitializingBeanCustomizer> (0x00000000dc4f3208) thrown at [C:\cygwin64\tmp\ojdkbuild\lookaside\java-1.8.0-openjdk\hotspot\src\share\vm\classfile\systemDictionary.cpp, line
Event: 6.283 Thread 0x00000276a890f000 Exception <a 'java/lang/ClassNotFoundException': org/springframework/beans/factory/DisposableBeanCustomizer> (0x00000000dc510910) thrown at [C:\cygwin64\tmp\ojdkbuild\lookaside\java-1.8.0-openjdk\hotspot\src\share\vm\classfile\systemDictionary.cpp, line 2
Event: 6.283 Thread 0x00000276a890f000 Exception <a 'java/lang/ClassNotFoundException': org/springframework/context/ApplicationContextAwareCustomizer> (0x00000000dc52f920) thrown at [C:\cygwin64\tmp\ojdkbuild\lookaside\java-1.8.0-openjdk\hotspot\src\share\vm\classfile\systemDictionary.cpp, lin
Event: 6.283 Thread 0x00000276a890f000 Exception <a 'java/lang/ClassNotFoundException': org/springframework/beans/factory/AwareCustomizer> (0x00000000dc54b220) thrown at [C:\cygwin64\tmp\ojdkbuild\lookaside\java-1.8.0-openjdk\hotspot\src\share\vm\classfile\systemDictionary.cpp, line 217]
Event: 6.283 Thread 0x00000276a890f000 Exception <a 'java/lang/ClassNotFoundException': org/springframework/context/LifecycleCustomizer> (0x00000000dc564b10) thrown at [C:\cygwin64\tmp\ojdkbuild\lookaside\java-1.8.0-openjdk\hotspot\src\share\vm\classfile\systemDictionary.cpp, line 217]
Event: 6.283 Thread 0x00000276a890f000 Exception <a 'java/lang/ClassNotFoundException': org/springframework/context/PhasedCustomizer> (0x00000000dc57ee60) thrown at [C:\cygwin64\tmp\ojdkbuild\lookaside\java-1.8.0-openjdk\hotspot\src\share\vm\classfile\systemDictionary.cpp, line 217]
Event: 6.284 Thread 0x00000276a890f000 Exception <a 'java/lang/ClassNotFoundException': org/springframework/context/ApplicationListenerCustomizer> (0x00000000dc59c6e8) thrown at [C:\cygwin64\tmp\ojdkbuild\lookaside\java-1.8.0-openjdk\hotspot\src\share\vm\classfile\systemDictionary.cpp, line 21
Event: 6.284 Thread 0x00000276a890f000 Exception <a 'java/lang/ClassNotFoundException': java/util/EventListenerCustomizer> (0x00000000dc5aa8c8) thrown at [C:\cygwin64\tmp\ojdkbuild\lookaside\java-1.8.0-openjdk\hotspot\src\share\vm\classfile\systemDictionary.cpp, line 217]
Event: 6.284 Thread 0x00000276a890f000 Exception <a 'java/lang/ClassNotFoundException': org/springframework/core/OrderedCustomizer> (0x00000000dc5c1a68) thrown at [C:\cygwin64\tmp\ojdkbuild\lookaside\java-1.8.0-openjdk\hotspot\src\share\vm\classfile\systemDictionary.cpp, line 217]
Event: 6.285 Thread 0x00000276a890f000 Exception <a 'java/lang/ClassNotFoundException': org/apache/camel/model/RouteContainerCustomizer> (0x00000000dc5ee810) thrown at [C:\cygwin64\tmp\ojdkbuild\lookaside\java-1.8.0-openjdk\hotspot\src\share\vm\classfile\systemDictionary.cpp, line 217]
Event: 6.285 Thread 0x00000276a890f000 Exception <a 'java/lang/ClassNotFoundException': org/apache/camel/model/rest/RestContainerCustomizer> (0x00000000dc622398) thrown at [C:\cygwin64\tmp\ojdkbuild\lookaside\java-1.8.0-openjdk\hotspot\src\share\vm\classfile\systemDictionary.cpp, line 217]
Event: 6.522 Thread 0x00000276a890f000 Exception <a 'java/lang/NoSuchMethodError': java.lang.Object.lambda$negate$1(Ljava/lang/Object;)Z> (0x00000000de67da38) thrown at [C:\cygwin64\tmp\ojdkbuild\lookaside\java-1.8.0-openjdk\hotspot\src\share\vm\interpreter\linkResolver.cpp, line 620]
Event: 6.558 Thread 0x00000276a890f000 Exception <a 'java/lang/ClassNotFoundException': java/lang/ObjectCustomizer> (0x00000000decdb990) thrown at [C:\cygwin64\tmp\ojdkbuild\lookaside\java-1.8.0-openjdk\hotspot\src\share\vm\classfile\systemDictionary.cpp, line 217]
Event: 6.558 Thread 0x00000276a890f000 Exception <a 'java/lang/ClassNotFoundException': ai/pelican/camel/authentication/AuthenticationConfigurationManagerCustomizer> (0x00000000ded02a28) thrown at [C:\cygwin64\tmp\ojdkbuild\lookaside\java-1.8.0-openjdk\hotspot\src\share\vm\classfile\systemDict
Event: 7.150 Thread 0x00000276a890f000 Exception <a 'java/lang/ClassNotFoundException': java/lang/ObjectCustomizer> (0x00000000e1a42590) thrown at [C:\cygwin64\tmp\ojdkbuild\lookaside\java-1.8.0-openjdk\hotspot\src\share\vm\classfile\systemDictionary.cpp, line 217]
Event: 7.150 Thread 0x00000276a890f000 Exception <a 'java/lang/ClassNotFoundException': ai/pelican/camel/js/engine/JSEngineGraalCustomizer> (0x00000000e1a5fd68) thrown at [C:\cygwin64\tmp\ojdkbuild\lookaside\java-1.8.0-openjdk\hotspot\src\share\vm\classfile\systemDictionary.cpp, line 217]
Event: 7.151 Thread 0x00000276a890f000 Exception <a 'java/lang/ClassNotFoundException': ai/pelican/camel/js/engine/JSEngineInterfaceCustomizer> (0x00000000e1a87330) thrown at [C:\cygwin64\tmp\ojdkbuild\lookaside\java-1.8.0-openjdk\hotspot\src\share\vm\classfile\systemDictionary.cpp, line 217]
Event: 7.572 Thread 0x00000276a890f000 Exception <a 'sun/nio/fs/WindowsException'> (0x00000000e3cf38a0) thrown at [C:\cygwin64\tmp\ojdkbuild\lookaside\java-1.8.0-openjdk\hotspot\src\share\vm\prims\jni.cpp, line 710]
Event: 7.572 Thread 0x00000276a890f000 Exception <a 'sun/nio/fs/WindowsException'> (0x00000000e3cf4470) thrown at [C:\cygwin64\tmp\ojdkbuild\lookaside\java-1.8.0-openjdk\hotspot\src\share\vm\prims\jni.cpp, line 710]
Event: 7.572 Thread 0x00000276a890f000 Exception <a 'sun/nio/fs/WindowsException'> (0x00000000e3cf4be8) thrown at [C:\cygwin64\tmp\ojdkbuild\lookaside\java-1.8.0-openjdk\hotspot\src\share\vm\prims\jni.cpp, line 710]
Event: 7.729 Thread 0x00000276a890f000 Implicit null exception at 0x00000276aac32fef to 0x00000276aac330ed
Event: 7.847 Thread 0x00000276a890f000 Exception <a 'java/lang/ClassNotFoundException': sun/net/www/protocol/e/Handler> (0x00000000e504d0a8) thrown at [C:\cygwin64\tmp\ojdkbuild\lookaside\java-1.8.0-openjdk\hotspot\src\share\vm\classfile\systemDictionary.cpp, line 217]
Event: 7.909 Thread 0x00000276a890f000 Exception <a 'java/lang/NoSuchMethodError': java.lang.Object.lambda$static$0(Lcom/oracle/truffle/regex/RegexSource;Lcom/oracle/truffle/regex/tregex/parser/RegexFeatures;)Ljava/util/Optional;> (0x00000000e56e8798) thrown at [C:\cygwin64\tmp\ojdkbuild\looka
Event: 8.214 Thread 0x00000276a890f000 Exception <a 'java/lang/ClassNotFoundException': sun/net/www/protocol/e/Handler> (0x00000000d57cd610) thrown at [C:\cygwin64\tmp\ojdkbuild\lookaside\java-1.8.0-openjdk\hotspot\src\share\vm\classfile\systemDictionary.cpp, line 217]
Event: 8.236 Thread 0x00000276a890f000 Exception <a 'java/lang/ClassNotFoundException': sun/net/www/protocol/e/Handler> (0x00000000d58942b8) thrown at [C:\cygwin64\tmp\ojdkbuild\lookaside\java-1.8.0-openjdk\hotspot\src\share\vm\classfile\systemDictionary.cpp, line 217]
Event: 8.254 Thread 0x00000276a890f000 Exception <a 'java/lang/NoSuchMethodError': java.lang.Object.lambda$applyCompound$0(Ljava/util/function/Supplier;)Lcom/oracle/truffle/js/nodes/JavaScriptNode;> (0x00000000d5f1db68) thrown at [C:\cygwin64\tmp\ojdkbuild\lookaside\java-1.8.0-openjdk\hotspot\
Event: 8.255 Thread 0x00000276a890f000 Exception <a 'java/lang/NoSuchMethodError': java.lang.Object.lambda$applyCompound$1(Ljava/util/function/UnaryOperator;Lcom/oracle/truffle/js/nodes/JavaScriptNode;)Lcom/oracle/truffle/js/nodes/JavaScriptNode;> (0x00000000d5f23358) thrown at [C:\cygwin64\tm
Event: 8.305 Thread 0x00000276a890f000 Exception <a 'java/lang/ClassNotFoundException': sun/net/www/protocol/e/Handler> (0x00000000d61c3568) thrown at [C:\cygwin64\tmp\ojdkbuild\lookaside\java-1.8.0-openjdk\hotspot\src\share\vm\classfile\systemDictionary.cpp, line 217]
Event: 8.309 Thread 0x00000276a890f000 Exception <a 'java/lang/ClassNotFoundException': sun/net/www/protocol/e/Handler> (0x00000000d6216310) thrown at [C:\cygwin64\tmp\ojdkbuild\lookaside\java-1.8.0-openjdk\hotspot\src\share\vm\classfile\systemDictionary.cpp, line 217]
Event: 8.311 Thread 0x00000276a890f000 Exception <a 'java/lang/ClassNotFoundException': sun/net/www/protocol/e/Handler> (0x00000000d623d6c0) thrown at [C:\cygwin64\tmp\ojdkbuild\lookaside\java-1.8.0-openjdk\hotspot\src\share\vm\classfile\systemDictionary.cpp, line 217]
Event: 8.314 Thread 0x00000276a890f000 Exception <a 'java/lang/ClassNotFoundException': sun/net/www/protocol/e/Handler> (0x00000000d625bf38) thrown at [C:\cygwin64\tmp\ojdkbuild\lookaside\java-1.8.0-openjdk\hotspot\src\share\vm\classfile\systemDictionary.cpp, line 217]
Event: 8.415 Thread 0x00000276a890f000 Exception <a 'java/lang/ClassNotFoundException': sun/net/www/protocol/e/Handler> (0x00000000d6f014c8) thrown at [C:\cygwin64\tmp\ojdkbuild\lookaside\java-1.8.0-openjdk\hotspot\src\share\vm\classfile\systemDictionary.cpp, line 217]
Event: 8.420 Thread 0x00000276a890f000 Exception <a 'java/lang/ClassNotFoundException': sun/net/www/protocol/e/Handler> (0x00000000d710aad8) thrown at [C:\cygwin64\tmp\ojdkbuild\lookaside\java-1.8.0-openjdk\hotspot\src\share\vm\classfile\systemDictionary.cpp, line 217]
Event: 8.421 Thread 0x00000276a890f000 Exception <a 'java/lang/ClassNotFoundException': sun/net/www/protocol/e/Handler> (0x00000000d711bef8) thrown at [C:\cygwin64\tmp\ojdkbuild\lookaside\java-1.8.0-openjdk\hotspot\src\share\vm\classfile\systemDictionary.cpp, line 217]
Event: 8.424 Thread 0x00000276a890f000 Exception <a 'java/lang/ClassNotFoundException': sun/net/www/protocol/e/Handler> (0x00000000d72bdf50) thrown at [C:\cygwin64\tmp\ojdkbuild\lookaside\java-1.8.0-openjdk\hotspot\src\share\vm\classfile\systemDictionary.cpp, line 217]
Event: 8.425 Thread 0x00000276a890f000 Exception <a 'java/lang/ClassNotFoundException': sun/net/www/protocol/e/Handler> (0x00000000d72d3380) thrown at [C:\cygwin64\tmp\ojdkbuild\lookaside\java-1.8.0-openjdk\hotspot\src\share\vm\classfile\systemDictionary.cpp, line 217]
Event: 8.426 Thread 0x00000276a890f000 Exception <a 'java/lang/ClassNotFoundException': sun/net/www/protocol/e/Handler> (0x00000000d72e2f60) thrown at [C:\cygwin64\tmp\ojdkbuild\lookaside\java-1.8.0-openjdk\hotspot\src\share\vm\classfile\systemDictionary.cpp, line 217]
Event: 8.427 Thread 0x00000276a890f000 Exception <a 'java/lang/ClassNotFoundException': sun/net/www/protocol/e/Handler> (0x00000000d72f2220) thrown at [C:\cygwin64\tmp\ojdkbuild\lookaside\java-1.8.0-openjdk\hotspot\src\share\vm\classfile\systemDictionary.cpp, line 217]
Event: 8.433 Thread 0x00000276a890f000 Exception <a 'java/lang/ClassNotFoundException': sun/net/www/protocol/e/Handler> (0x00000000d7405a38) thrown at [C:\cygwin64\tmp\ojdkbuild\lookaside\java-1.8.0-openjdk\hotspot\src\share\vm\classfile\systemDictionary.cpp, line 217]
Event: 8.437 Thread 0x00000276a890f000 Exception <a 'java/lang/ClassNotFoundException': sun/net/www/protocol/e/Handler> (0x00000000d760f048) thrown at [C:\cygwin64\tmp\ojdkbuild\lookaside\java-1.8.0-openjdk\hotspot\src\share\vm\classfile\systemDictionary.cpp, line 217]
Event: 8.438 Thread 0x00000276a890f000 Exception <a 'java/lang/ClassNotFoundException': sun/net/www/protocol/e/Handler> (0x00000000d7620468) thrown at [C:\cygwin64\tmp\ojdkbuild\lookaside\java-1.8.0-openjdk\hotspot\src\share\vm\classfile\systemDictionary.cpp, line 217]
Event: 8.440 Thread 0x00000276a890f000 Exception <a 'java/lang/ClassNotFoundException': sun/net/www/protocol/e/Handler> (0x00000000d7672240) thrown at [C:\cygwin64\tmp\ojdkbuild\lookaside\java-1.8.0-openjdk\hotspot\src\share\vm\classfile\systemDictionary.cpp, line 217]
Event: 8.440 Thread 0x00000276a890f000 Exception <a 'java/lang/ClassNotFoundException': sun/net/www/protocol/e/Handler> (0x00000000d7687670) thrown at [C:\cygwin64\tmp\ojdkbuild\lookaside\java-1.8.0-openjdk\hotspot\src\share\vm\classfile\systemDictionary.cpp, line 217]
Event: 8.441 Thread 0x00000276a890f000 Exception <a 'java/lang/ClassNotFoundException': sun/net/www/protocol/e/Handler> (0x00000000d7697250) thrown at [C:\cygwin64\tmp\ojdkbuild\lookaside\java-1.8.0-openjdk\hotspot\src\share\vm\classfile\systemDictionary.cpp, line 217]
Event: 8.442 Thread 0x00000276a890f000 Exception <a 'java/lang/ClassNotFoundException': sun/net/www/protocol/e/Handler> (0x00000000d76a6510) thrown at [C:\cygwin64\tmp\ojdkbuild\lookaside\java-1.8.0-openjdk\hotspot\src\share\vm\classfile\systemDictionary.cpp, line 217]
Event: 8.447 Thread 0x00000276a890f000 Exception <a 'java/lang/ClassNotFoundException': sun/net/www/protocol/e/Handler> (0x00000000d7909d78) thrown at [C:\cygwin64\tmp\ojdkbuild\lookaside\java-1.8.0-openjdk\hotspot\src\share\vm\classfile\systemDictionary.cpp, line 217]
Event: 8.451 Thread 0x00000276a890f000 Exception <a 'java/lang/ClassNotFoundException': sun/net/www/protocol/e/Handler> (0x00000000d7c635f8) thrown at [C:\cygwin64\tmp\ojdkbuild\lookaside\java-1.8.0-openjdk\hotspot\src\share\vm\classfile\systemDictionary.cpp, line 217]
Event: 8.452 Thread 0x00000276a890f000 Exception <a 'java/lang/ClassNotFoundException': sun/net/www/protocol/e/Handler> (0x00000000d7c74a18) thrown at [C:\cygwin64\tmp\ojdkbuild\lookaside\java-1.8.0-openjdk\hotspot\src\share\vm\classfile\systemDictionary.cpp, line 217]
Event: 8.454 Thread 0x00000276a890f000 Exception <a 'java/lang/ClassNotFoundException': sun/net/www/protocol/e/Handler> (0x00000000d7cc67f0) thrown at [C:\cygwin64\tmp\ojdkbuild\lookaside\java-1.8.0-openjdk\hotspot\src\share\vm\classfile\systemDictionary.cpp, line 217]
Event: 8.455 Thread 0x00000276a890f000 Exception <a 'java/lang/ClassNotFoundException': sun/net/www/protocol/e/Handler> (0x00000000d7cdbc20) thrown at [C:\cygwin64\tmp\ojdkbuild\lookaside\java-1.8.0-openjdk\hotspot\src\share\vm\classfile\systemDictionary.cpp, line 217]
Event: 8.456 Thread 0x00000276a890f000 Exception <a 'java/lang/ClassNotFoundException': sun/net/www/protocol/e/Handler> (0x00000000d7ceb800) thrown at [C:\cygwin64\tmp\ojdkbuild\lookaside\java-1.8.0-openjdk\hotspot\src\share\vm\classfile\systemDictionary.cpp, line 217]
Event: 8.456 Thread 0x00000276a890f000 Exception <a 'java/lang/ClassNotFoundException': sun/net/www/protocol/e/Handler> (0x00000000d7cfaac0) thrown at [C:\cygwin64\tmp\ojdkbuild\lookaside\java-1.8.0-openjdk\hotspot\src\share\vm\classfile\systemDictionary.cpp, line 217]
Event: 8.462 Thread 0x00000276a890f000 Exception <a 'java/lang/ClassNotFoundException': sun/net/www/protocol/e/Handler> (0x00000000d7e0eb40) thrown at [C:\cygwin64\tmp\ojdkbuild\lookaside\java-1.8.0-openjdk\hotspot\src\share\vm\classfile\systemDictionary.cpp, line 217]
Event: 8.466 Thread 0x00000276a890f000 Exception <a 'java/lang/ClassNotFoundException': sun/net/www/protocol/e/Handler> (0x00000000d81683c0) thrown at [C:\cygwin64\tmp\ojdkbuild\lookaside\java-1.8.0-openjdk\hotspot\src\share\vm\classfile\systemDictionary.cpp, line 217]
Event: 8.467 Thread 0x00000276a890f000 Exception <a 'java/lang/ClassNotFoundException': sun/net/www/protocol/e/Handler> (0x00000000d81797e0) thrown at [C:\cygwin64\tmp\ojdkbuild\lookaside\java-1.8.0-openjdk\hotspot\src\share\vm\classfile\systemDictionary.cpp, line 217]
Event: 8.469 Thread 0x00000276a890f000 Exception <a 'java/lang/ClassNotFoundException': sun/net/www/protocol/e/Handler> (0x00000000d81cb5b8) thrown at [C:\cygwin64\tmp\ojdkbuild\lookaside\java-1.8.0-openjdk\hotspot\src\share\vm\classfile\systemDictionary.cpp, line 217]
Event: 8.470 Thread 0x00000276a890f000 Exception <a 'java/lang/ClassNotFoundException': sun/net/www/protocol/e/Handler> (0x00000000d81e09e8) thrown at [C:\cygwin64\tmp\ojdkbuild\lookaside\java-1.8.0-openjdk\hotspot\src\share\vm\classfile\systemDictionary.cpp, line 217]
Event: 8.471 Thread 0x00000276a890f000 Exception <a 'java/lang/ClassNotFoundException': sun/net/www/protocol/e/Handler> (0x00000000d81f05c8) thrown at [C:\cygwin64\tmp\ojdkbuild\lookaside\java-1.8.0-openjdk\hotspot\src\share\vm\classfile\systemDictionary.cpp, line 217]
Event: 8.472 Thread 0x00000276a890f000 Exception <a 'java/lang/ClassNotFoundException': sun/net/www/protocol/e/Handler> (0x00000000d81ff888) thrown at [C:\cygwin64\tmp\ojdkbuild\lookaside\java-1.8.0-openjdk\hotspot\src\share\vm\classfile\systemDictionary.cpp, line 217]
Event: 8.485 Thread 0x00000276a890f000 Exception <a 'java/lang/ClassNotFoundException': java/lang/ObjectCustomizer> (0x00000000d8374118) thrown at [C:\cygwin64\tmp\ojdkbuild\lookaside\java-1.8.0-openjdk\hotspot\src\share\vm\classfile\systemDictionary.cpp, line 217]
Event: 8.485 Thread 0x00000276a890f000 Exception <a 'java/lang/ClassNotFoundException': ai/pelican/camel/debulk/InMemoryPainGeneratorFilterCustomizer> (0x00000000d8396980) thrown at [C:\cygwin64\tmp\ojdkbuild\lookaside\java-1.8.0-openjdk\hotspot\src\share\vm\classfile\systemDictionary.cpp, lin
Event: 8.573 Thread 0x00000276a890f000 Exception <a 'java/lang/ClassNotFoundException': java/lang/ObjectCustomizer> (0x00000000d89aaf60) thrown at [C:\cygwin64\tmp\ojdkbuild\lookaside\java-1.8.0-openjdk\hotspot\src\share\vm\classfile\systemDictionary.cpp, line 217]
Event: 8.573 Thread 0x00000276a890f000 Exception <a 'java/lang/ClassNotFoundException': ai/pelican/camel/js/processor/JavascriptProcessorCustomizer> (0x00000000d89cc8f0) thrown at [C:\cygwin64\tmp\ojdkbuild\lookaside\java-1.8.0-openjdk\hotspot\src\share\vm\classfile\systemDictionary.cpp, line 
Event: 8.576 Thread 0x00000276a890f000 Exception <a 'java/lang/ClassNotFoundException': java/lang/ObjectCustomizer> (0x00000000d89fbf48) thrown at [C:\cygwin64\tmp\ojdkbuild\lookaside\java-1.8.0-openjdk\hotspot\src\share\vm\classfile\systemDictionary.cpp, line 217]
Event: 8.576 Thread 0x00000276a890f000 Exception <a 'java/lang/ClassNotFoundException': ai/pelican/camel/js/processor/JSAggregateCustomizer> (0x00000000d8a1ad88) thrown at [C:\cygwin64\tmp\ojdkbuild\lookaside\java-1.8.0-openjdk\hotspot\src\share\vm\classfile\systemDictionary.cpp, line 217]
Event: 8.577 Thread 0x00000276a890f000 Exception <a 'java/lang/ClassNotFoundException': org/apache/camel/processor/aggregate/AggregationStrategyCustomizer> (0x00000000d8a4c998) thrown at [C:\cygwin64\tmp\ojdkbuild\lookaside\java-1.8.0-openjdk\hotspot\src\share\vm\classfile\systemDictionary.cpp
Event: 8.582 Thread 0x00000276a890f000 Exception <a 'java/lang/ClassNotFoundException': ai/pelican/camel/init/TableInformationXMLBeanInfo> (0x00000000d8a9e040) thrown at [C:\cygwin64\tmp\ojdkbuild\lookaside\java-1.8.0-openjdk\hotspot\src\share\vm\classfile\systemDictionary.cpp, line 217]
Event: 8.582 Thread 0x00000276a890f000 Exception <a 'java/lang/ClassNotFoundException': ai/pelican/camel/init/TableInformationXMLCustomizer> (0x00000000d8ab8e30) thrown at [C:\cygwin64\tmp\ojdkbuild\lookaside\java-1.8.0-openjdk\hotspot\src\share\vm\classfile\systemDictionary.cpp, line 217]
Event: 8.602 Thread 0x00000276a890f000 Exception <a 'java/lang/ClassNotFoundException': java/lang/ObjectCustomizer> (0x00000000d8f7e7f8) thrown at [C:\cygwin64\tmp\ojdkbuild\lookaside\java-1.8.0-openjdk\hotspot\src\share\vm\classfile\systemDictionary.cpp, line 217]
Event: 8.602 Thread 0x00000276a890f000 Exception <a 'java/lang/ClassNotFoundException': ai/pelican/camel/hazelcast/HazelCastDataLoaderCustomizer> (0x00000000d8f9ea78) thrown at [C:\cygwin64\tmp\ojdkbuild\lookaside\java-1.8.0-openjdk\hotspot\src\share\vm\classfile\systemDictionary.cpp, line 217
Event: 8.604 Thread 0x00000276a890f000 Exception <a 'java/lang/ClassNotFoundException': java/lang/ObjectCustomizer> (0x00000000d8fc53c8) thrown at [C:\cygwin64\tmp\ojdkbuild\lookaside\java-1.8.0-openjdk\hotspot\src\share\vm\classfile\systemDictionary.cpp, line 217]
Event: 8.604 Thread 0x00000276a890f000 Exception <a 'java/lang/ClassNotFoundException': ai/pelican/camel/hazelcast/HazelCastFileLoaderCustomizer> (0x00000000d8fe5648) thrown at [C:\cygwin64\tmp\ojdkbuild\lookaside\java-1.8.0-openjdk\hotspot\src\share\vm\classfile\systemDictionary.cpp, line 217
Event: 8.611 Thread 0x00000276a890f000 Exception <a 'java/lang/ClassNotFoundException': java/lang/ObjectCustomizer> (0x00000000d905aa70) thrown at [C:\cygwin64\tmp\ojdkbuild\lookaside\java-1.8.0-openjdk\hotspot\src\share\vm\classfile\systemDictionary.cpp, line 217]
Event: 8.612 Thread 0x00000276a890f000 Exception <a 'java/lang/ClassNotFoundException': org/apache/camel/impl/DefaultHeaderFilterStrategyCustomizer> (0x00000000d908e4d0) thrown at [C:\cygwin64\tmp\ojdkbuild\lookaside\java-1.8.0-openjdk\hotspot\src\share\vm\classfile\systemDictionary.cpp, line 
Event: 8.613 Thread 0x00000276a890f000 Exception <a 'java/lang/ClassNotFoundException': org/apache/camel/spi/HeaderFilterStrategyCustomizer> (0x00000000d90c91a0) thrown at [C:\cygwin64\tmp\ojdkbuild\lookaside\java-1.8.0-openjdk\hotspot\src\share\vm\classfile\systemDictionary.cpp, line 217]
Event: 8.625 Thread 0x00000276a890f000 Exception <a 'java/lang/ClassNotFoundException': ai/pelican/camel/license/LicensePulseUtilityBeanInfo> (0x00000000d94524e8) thrown at [C:\cygwin64\tmp\ojdkbuild\lookaside\java-1.8.0-openjdk\hotspot\src\share\vm\classfile\systemDictionary.cpp, line 217]
Event: 8.625 Thread 0x00000276a890f000 Exception <a 'java/lang/ClassNotFoundException': ai/pelican/camel/license/LicensePulseUtilityCustomizer> (0x00000000d946da58) thrown at [C:\cygwin64\tmp\ojdkbuild\lookaside\java-1.8.0-openjdk\hotspot\src\share\vm\classfile\systemDictionary.cpp, line 217]
Event: 8.649 Thread 0x00000276a890f000 Exception <a 'java/lang/ClassNotFoundException': com/ibm/net/ssl/internal/www/protocol/https/Handler> (0x00000000d9649990) thrown at [C:\cygwin64\tmp\ojdkbuild\lookaside\java-1.8.0-openjdk\hotspot\src\share\vm\classfile\systemDictionary.cpp, line 217]
Event: 8.741 Thread 0x00000276c65fc000 Exception <a 'java/io/FileNotFoundException'> (0x00000000d9afb020) thrown at [C:\cygwin64\tmp\ojdkbuild\lookaside\java-1.8.0-openjdk\hotspot\src\share\vm\prims\jni.cpp, line 710]
Event: 8.902 Thread 0x00000276c65fc000 Exception <a 'java/lang/NoSuchMethodError': <clinit>> (0x00000000d9da1fd8) thrown at [C:\cygwin64\tmp\ojdkbuild\lookaside\java-1.8.0-openjdk\hotspot\src\share\vm\prims\jni.cpp, line 1615]
Event: 8.903 Thread 0x00000276c65fc000 Exception <a 'java/lang/NoSuchMethodError': <clinit>> (0x00000000d9db5738) thrown at [C:\cygwin64\tmp\ojdkbuild\lookaside\java-1.8.0-openjdk\hotspot\src\share\vm\prims\jni.cpp, line 1615]
Event: 8.905 Thread 0x00000276c65fc000 Exception <a 'java/lang/NoSuchMethodError': <clinit>> (0x00000000d9de0390) thrown at [C:\cygwin64\tmp\ojdkbuild\lookaside\java-1.8.0-openjdk\hotspot\src\share\vm\prims\jni.cpp, line 1615]
Event: 8.905 Thread 0x00000276c65fc000 Exception <a 'java/lang/NoSuchMethodError': <clinit>> (0x00000000d9dff830) thrown at [C:\cygwin64\tmp\ojdkbuild\lookaside\java-1.8.0-openjdk\hotspot\src\share\vm\prims\jni.cpp, line 1615]
Event: 9.043 Thread 0x00000276c65fc000 Exception <a 'java/lang/NoSuchMethodError': <clinit>> (0x00000000d9e19030) thrown at [C:\cygwin64\tmp\ojdkbuild\lookaside\java-1.8.0-openjdk\hotspot\src\share\vm\prims\jni.cpp, line 1615]
Event: 9.043 Thread 0x00000276c65fc000 Exception <a 'java/lang/NoSuchMethodError': <clinit>> (0x00000000d9e22ee0) thrown at [C:\cygwin64\tmp\ojdkbuild\lookaside\java-1.8.0-openjdk\hotspot\src\share\vm\prims\jni.cpp, line 1615]
Event: 9.044 Thread 0x00000276c65fc000 Exception <a 'java/lang/NoSuchMethodError': <clinit>> (0x00000000d9e2cfc0) thrown at [C:\cygwin64\tmp\ojdkbuild\lookaside\java-1.8.0-openjdk\hotspot\src\share\vm\prims\jni.cpp, line 1615]
Event: 9.049 Thread 0x00000276c65fc000 Exception <a 'java/lang/NoSuchMethodError': <clinit>> (0x00000000d9e81ce8) thrown at [C:\cygwin64\tmp\ojdkbuild\lookaside\java-1.8.0-openjdk\hotspot\src\share\vm\prims\jni.cpp, line 1615]
Event: 9.051 Thread 0x00000276c65fc000 Exception <a 'java/lang/NoSuchMethodError': <clinit>> (0x00000000d9eb9a60) thrown at [C:\cygwin64\tmp\ojdkbuild\lookaside\java-1.8.0-openjdk\hotspot\src\share\vm\prims\jni.cpp, line 1615]
Event: 9.071 Thread 0x00000276c6602000 Exception <a 'java/lang/NoSuchMethodError': <clinit>> (0x00000000d9f869b8) thrown at [C:\cygwin64\tmp\ojdkbuild\lookaside\java-1.8.0-openjdk\hotspot\src\share\vm\prims\jni.cpp, line 1615]
Event: 9.077 Thread 0x00000276c6602000 Exception <a 'java/lang/NoSuchMethodError': <clinit>> (0x00000000da0472a8) thrown at [C:\cygwin64\tmp\ojdkbuild\lookaside\java-1.8.0-openjdk\hotspot\src\share\vm\prims\jni.cpp, line 1615]
Event: 9.083 Thread 0x00000276a890f000 Exception <a 'java/lang/ClassNotFoundException': java/lang/ObjectCustomizer> (0x00000000d976d818) thrown at [C:\cygwin64\tmp\ojdkbuild\lookaside\java-1.8.0-openjdk\hotspot\src\share\vm\classfile\systemDictionary.cpp, line 217]
Event: 9.083 Thread 0x00000276a890f000 Exception <a 'java/lang/ClassNotFoundException': ai/pelican/camel/interact/InterActFileCustomizer> (0x00000000d978af48) thrown at [C:\cygwin64\tmp\ojdkbuild\lookaside\java-1.8.0-openjdk\hotspot\src\share\vm\classfile\systemDictionary.cpp, line 217]
Event: 9.144 Thread 0x00000276a890f000 Exception <a 'java/lang/ClassNotFoundException': java/lang/ObjectCustomizer> (0x00000000da50e780) thrown at [C:\cygwin64\tmp\ojdkbuild\lookaside\java-1.8.0-openjdk\hotspot\src\share\vm\classfile\systemDictionary.cpp, line 217]
Event: 9.144 Thread 0x00000276a890f000 Exception <a 'java/lang/ClassNotFoundException': org/xml/sax/helpers/DefaultHandlerCustomizer> (0x00000000da51e970) thrown at [C:\cygwin64\tmp\ojdkbuild\lookaside\java-1.8.0-openjdk\hotspot\src\share\vm\classfile\systemDictionary.cpp, line 217]
Event: 9.144 Thread 0x00000276a890f000 Exception <a 'java/lang/ClassNotFoundException': ai/pelican/camel/extractors/MXMsgExtractorCustomizer> (0x00000000da543628) thrown at [C:\cygwin64\tmp\ojdkbuild\lookaside\java-1.8.0-openjdk\hotspot\src\share\vm\classfile\systemDictionary.cpp, line 217]
Event: 9.145 Thread 0x00000276a890f000 Exception <a 'java/lang/ClassNotFoundException': ai/pelican/camel/extractors/ServiceExtratorInterfaceCustomizer> (0x00000000da572ce8) thrown at [C:\cygwin64\tmp\ojdkbuild\lookaside\java-1.8.0-openjdk\hotspot\src\share\vm\classfile\systemDictionary.cpp, li
Event: 9.145 Thread 0x00000276a890f000 Exception <a 'java/lang/ClassNotFoundException': ai/pelican/camel/exception/ErrorHandlerCustomizer> (0x00000000da58dcc8) thrown at [C:\cygwin64\tmp\ojdkbuild\lookaside\java-1.8.0-openjdk\hotspot\src\share\vm\classfile\systemDictionary.cpp, line 217]
Event: 9.145 Thread 0x00000276a890f000 Exception <a 'java/lang/ClassNotFoundException': org/xml/sax/EntityResolverCustomizer> (0x00000000da598f20) thrown at [C:\cygwin64\tmp\ojdkbuild\lookaside\java-1.8.0-openjdk\hotspot\src\share\vm\classfile\systemDictionary.cpp, line 217]
Event: 9.146 Thread 0x00000276a890f000 Exception <a 'java/lang/ClassNotFoundException': org/xml/sax/DTDHandlerCustomizer> (0x00000000da5a41d8) thrown at [C:\cygwin64\tmp\ojdkbuild\lookaside\java-1.8.0-openjdk\hotspot\src\share\vm\classfile\systemDictionary.cpp, line 217]
Event: 9.146 Thread 0x00000276a890f000 Exception <a 'java/lang/ClassNotFoundException': org/xml/sax/ContentHandlerCustomizer> (0x00000000da5b0a88) thrown at [C:\cygwin64\tmp\ojdkbuild\lookaside\java-1.8.0-openjdk\hotspot\src\share\vm\classfile\systemDictionary.cpp, line 217]
Event: 9.146 Thread 0x00000276a890f000 Exception <a 'java/lang/ClassNotFoundException': org/xml/sax/ErrorHandlerCustomizer> (0x00000000da5c0c60) thrown at [C:\cygwin64\tmp\ojdkbuild\lookaside\java-1.8.0-openjdk\hotspot\src\share\vm\classfile\systemDictionary.cpp, line 217]
Event: 9.151 Thread 0x00000276a890f000 Exception <a 'java/lang/ClassNotFoundException': java/lang/ObjectCustomizer> (0x00000000da6368a0) thrown at [C:\cygwin64\tmp\ojdkbuild\lookaside\java-1.8.0-openjdk\hotspot\src\share\vm\classfile\systemDictionary.cpp, line 217]
Event: 9.151 Thread 0x00000276a890f000 Exception <a 'java/lang/ClassNotFoundException': ai/pelican/camel/interfaces/FileDebulkAggregationStrategyCustomizer> (0x00000000da65ac10) thrown at [C:\cygwin64\tmp\ojdkbuild\lookaside\java-1.8.0-openjdk\hotspot\src\share\vm\classfile\systemDictionary.cp
Event: 9.152 Thread 0x00000276a890f000 Exception <a 'java/lang/ClassNotFoundException': org/apache/camel/processor/aggregate/AggregationStrategyCustomizer> (0x00000000da68d428) thrown at [C:\cygwin64\tmp\ojdkbuild\lookaside\java-1.8.0-openjdk\hotspot\src\share\vm\classfile\systemDictionary.cpp
Event: 9.153 Thread 0x00000276a890f000 Exception <a 'java/lang/ClassNotFoundException': java/lang/ObjectCustomizer> (0x00000000da6a9500) thrown at [C:\cygwin64\tmp\ojdkbuild\lookaside\java-1.8.0-openjdk\hotspot\src\share\vm\classfile\systemDictionary.cpp, line 217]
Event: 9.154 Thread 0x00000276a890f000 Exception <a 'java/lang/ClassNotFoundException': ai/pelican/camel/interfaces/FileDebulkAggregationCompletionCustomizer> (0x00000000da6cdfc8) thrown at [C:\cygwin64\tmp\ojdkbuild\lookaside\java-1.8.0-openjdk\hotspot\src\share\vm\classfile\systemDictionary.
Event: 9.163 Thread 0x00000276a890f000 Exception <a 'java/lang/ClassNotFoundException': java/lang/ObjectCustomizer> (0x00000000da793e18) thrown at [C:\cygwin64\tmp\ojdkbuild\lookaside\java-1.8.0-openjdk\hotspot\src\share\vm\classfile\systemDictionary.cpp, line 217]
Event: 9.163 Thread 0x00000276a890f000 Exception <a 'java/lang/ClassNotFoundException': org/springframework/transaction/support/AbstractPlatformTransactionManagerCustomizer> (0x00000000da7bdc80) thrown at [C:\cygwin64\tmp\ojdkbuild\lookaside\java-1.8.0-openjdk\hotspot\src\share\vm\classfile\sy
Event: 9.164 Thread 0x00000276a890f000 Exception <a 'java/lang/ClassNotFoundException': org/springframework/jdbc/datasource/DataSourceTransactionManagerCustomizer> (0x00000000da7f8b18) thrown at [C:\cygwin64\tmp\ojdkbuild\lookaside\java-1.8.0-openjdk\hotspot\src\share\vm\classfile\systemDictio
Event: 9.165 Thread 0x00000276a890f000 Exception <a 'java/lang/ClassNotFoundException': org/springframework/transaction/support/ResourceTransactionManagerCustomizer> (0x00000000da838250) thrown at [C:\cygwin64\tmp\ojdkbuild\lookaside\java-1.8.0-openjdk\hotspot\src\share\vm\classfile\systemDict
Event: 9.165 Thread 0x00000276a890f000 Exception <a 'java/lang/ClassNotFoundException': org/springframework/transaction/PlatformTransactionManagerCustomizer> (0x00000000da85a430) thrown at [C:\cygwin64\tmp\ojdkbuild\lookaside\java-1.8.0-openjdk\hotspot\src\share\vm\classfile\systemDictionary.c
Event: 9.165 Thread 0x00000276a890f000 Exception <a 'java/lang/ClassNotFoundException': org/springframework/transaction/TransactionManagerCustomizer> (0x00000000da87a610) thrown at [C:\cygwin64\tmp\ojdkbuild\lookaside\java-1.8.0-openjdk\hotspot\src\share\vm\classfile\systemDictionary.cpp, line
Event: 9.166 Thread 0x00000276a890f000 Exception <a 'java/lang/ClassNotFoundException': org/springframework/beans/factory/InitializingBeanCustomizer> (0x00000000da898840) thrown at [C:\cygwin64\tmp\ojdkbuild\lookaside\java-1.8.0-openjdk\hotspot\src\share\vm\classfile\systemDictionary.cpp, line
Event: 9.166 Thread 0x00000276a890f000 Exception <a 'java/lang/ClassNotFoundException': org/springframework/transaction/PlatformTransactionManagerCustomizer> (0x00000000da8b9e58) thrown at [C:\cygwin64\tmp\ojdkbuild\lookaside\java-1.8.0-openjdk\hotspot\src\share\vm\classfile\systemDictionary.c
Event: 9.166 Thread 0x00000276a890f000 Exception <a 'java/lang/ClassNotFoundException': org/springframework/transaction/TransactionManagerCustomizer> (0x00000000da8d9d50) thrown at [C:\cygwin64\tmp\ojdkbuild\lookaside\java-1.8.0-openjdk\hotspot\src\share\vm\classfile\systemDictionary.cpp, line
Event: 9.172 Thread 0x00000276a890f000 Exception <a 'java/lang/ClassNotFoundException': java/lang/ObjectCustomizer> (0x00000000da959490) thrown at [C:\cygwin64\tmp\ojdkbuild\lookaside\java-1.8.0-openjdk\hotspot\src\share\vm\classfile\systemDictionary.cpp, line 217]
Event: 9.172 Thread 0x00000276a890f000 Exception <a 'java/lang/ClassNotFoundException': ai/pelican/camel/utils/HeaderFilterCustomizer> (0x00000000da975c08) thrown at [C:\cygwin64\tmp\ojdkbuild\lookaside\java-1.8.0-openjdk\hotspot\src\share\vm\classfile\systemDictionary.cpp, line 217]
Event: 9.173 Thread 0x00000276a890f000 Exception <a 'java/lang/ClassNotFoundException': org/apache/camel/spi/HeaderFilterStrategyCustomizer> (0x00000000daa2e5e8) thrown at [C:\cygwin64\tmp\ojdkbuild\lookaside\java-1.8.0-openjdk\hotspot\src\share\vm\classfile\systemDictionary.cpp, line 217]
Event: 9.225 Thread 0x00000276a890f000 Exception <a 'java/lang/ClassNotFoundException': java/lang/ObjectCustomizer> (0x00000000db093258) thrown at [C:\cygwin64\tmp\ojdkbuild\lookaside\java-1.8.0-openjdk\hotspot\src\share\vm\classfile\systemDictionary.cpp, line 217]
Event: 9.226 Thread 0x00000276a890f000 Exception <a 'java/lang/ClassNotFoundException': org/springframework/web/servlet/config/annotation/WebMvcConfigurationSupportCustomizer> (0x00000000db0bdc88) thrown at [C:\cygwin64\tmp\ojdkbuild\lookaside\java-1.8.0-openjdk\hotspot\src\share\vm\classfile\
Event: 9.226 Thread 0x00000276a890f000 Exception <a 'java/lang/ClassNotFoundException': org/springframework/web/servlet/config/annotation/DelegatingWebMvcConfigurationCustomizer> (0x00000000db0fd5e8) thrown at [C:\cygwin64\tmp\ojdkbuild\lookaside\java-1.8.0-openjdk\hotspot\src\share\vm\classfi
Event: 9.227 Thread 0x00000276a890f000 Exception <a 'java/lang/ClassNotFoundException': org/springframework/boot/autoconfigure/web/servlet/WebMvcAutoConfiguration$EnableWebMvcConfigurationCustomizer> (0x00000000db134620) thrown at [C:\cygwin64\tmp\ojdkbuild\lookaside\java-1.8.0-openjdk\hotspot
Event: 9.227 Thread 0x00000276a890f000 Exception <a 'java/lang/ClassNotFoundException': org/springframework/context/ResourceLoaderAwareCustomizer> (0x00000000db16bd10) thrown at [C:\cygwin64\tmp\ojdkbuild\lookaside\java-1.8.0-openjdk\hotspot\src\share\vm\classfile\systemDictionary.cpp, line 21
Event: 9.228 Thread 0x00000276a890f000 Exception <a 'java/lang/ClassNotFoundException': org/springframework/beans/factory/AwareCustomizer> (0x00000000db186fa8) thrown at [C:\cygwin64\tmp\ojdkbuild\lookaside\java-1.8.0-openjdk\hotspot\src\share\vm\classfile\systemDictionary.cpp, line 217]
Event: 9.228 Thread 0x00000276a890f000 Exception <a 'java/lang/ClassNotFoundException': org/springframework/context/ApplicationContextAwareCustomizer> (0x00000000db1a5688) thrown at [C:\cygwin64\tmp\ojdkbuild\lookaside\java-1.8.0-openjdk\hotspot\src\share\vm\classfile\systemDictionary.cpp, lin
Event: 9.228 Thread 0x00000276a890f000 Exception <a 'java/lang/ClassNotFoundException': org/springframework/beans/factory/AwareCustomizer> (0x00000000db1c0f28) thrown at [C:\cygwin64\tmp\ojdkbuild\lookaside\java-1.8.0-openjdk\hotspot\src\share\vm\classfile\systemDictionary.cpp, line 217]
Event: 9.228 Thread 0x00000276a890f000 Exception <a 'java/lang/ClassNotFoundException': org/springframework/web/context/ServletContextAwareCustomizer> (0x00000000db1df738) thrown at [C:\cygwin64\tmp\ojdkbuild\lookaside\java-1.8.0-openjdk\hotspot\src\share\vm\classfile\systemDictionary.cpp, lin
Event: 9.228 Thread 0x00000276a890f000 Exception <a 'java/lang/ClassNotFoundException': org/springframework/beans/factory/AwareCustomizer> (0x00000000db1faa48) thrown at [C:\cygwin64\tmp\ojdkbuild\lookaside\java-1.8.0-openjdk\hotspot\src\share\vm\classfile\systemDictionary.cpp, line 217]
Event: 9.248 Thread 0x00000276a890f000 Implicit null exception at 0x00000276ab3350f9 to 0x00000276ab336411
Event: 9.442 Thread 0x00000276a890f000 Exception <a 'java/lang/NoSuchMethodError': java.lang.Object.lambda$thenComparing$36697e65$1(Ljava/util/Comparator;Ljava/lang/Object;Ljava/lang/Object;)I> (0x00000000dca2da40) thrown at [C:\cygwin64\tmp\ojdkbuild\lookaside\java-1.8.0-openjdk\hotspot\src\s
Event: 9.488 Thread 0x00000276a890f000 Exception <a 'java/lang/IncompatibleClassChangeError': Found class java.lang.Object, but interface was expected> (0x00000000dcd96c00) thrown at [C:\cygwin64\tmp\ojdkbuild\lookaside\java-1.8.0-openjdk\hotspot\src\share\vm\interpreter\linkResolver.cpp, line
Event: 9.930 Thread 0x00000276a890f000 Exception <a 'java/lang/ClassNotFoundException': com/sun/org/glassfish/hk2/osgiresourcelocator/ServiceLoader> (0x00000000dfed3808) thrown at [C:\cygwin64\tmp\ojdkbuild\lookaside\java-1.8.0-openjdk\hotspot\src\share\vm\classfile\systemDictionary.cpp, line 
Event: 9.935 Thread 0x00000276a890f000 Implicit null exception at 0x00000276aa90a3c8 to 0x00000276aa90a9a9
Event: 10.506 Thread 0x00000276a890f000 Implicit null exception at 0x00000276ab57c7cc to 0x00000276ab57cf01
Event: 3107.750 Thread 0x00000276c82dc000 Implicit null exception at 0x00000276a9afe020 to 0x00000276a9afe489
Event: 3116.209 Thread 0x00000276c82dc000 Implicit null exception at 0x00000276ab7fc2fd to 0x00000276ab7fc361
Event: 3118.054 Thread 0x00000276c82dc000 Implicit null exception at 0x00000276a9c1e12c to 0x00000276a9c1e191
Event: 42025.947 Thread 0x00000276c82d2800 Implicit null exception at 0x00000276ac91a620 to 0x00000276ac91d3a9
Event: 79495.287 Thread 0x00000276c82da800 Implicit null exception at 0x00000276aab60063 to 0x00000276aab605cd
Event: 79495.300 Thread 0x00000276c82de000 Implicit null exception at 0x00000276aad3873c to 0x00000276aad38cd1
Event: 79495.336 Thread 0x00000276c82de000 Implicit null exception at 0x00000276aa31313c to 0x00000276aa318b25
Event: 79503.326 Thread 0x00000276c82de000 Implicit null exception at 0x00000276a9ac4c1c to 0x00000276a9ac58f5
Event: 79503.417 Thread 0x00000276c1542800 Implicit null exception at 0x00000276ac978c54 to 0x00000276ac97a3a1
Event: 79503.438 Thread 0x00000276c1542800 Exception <a 'java/net/SocketTimeoutException': Read timed out> (0x00000000d84a73e0) thrown at [C:\cygwin64\tmp\ojdkbuild\lookaside\java-1.8.0-openjdk\hotspot\src\share\vm\prims\jni.cpp, line 737]
Event: 79503.948 Thread 0x00000276c1542800 Implicit null exception at 0x00000276ab7d5f6f to 0x00000276ab7d6cd5
Event: 429921.733 Thread 0x00000276c31ee800 Exception <a 'java/net/SocketTimeoutException': Read timed out> (0x00000000d89bd4e0) thrown at [C:\cygwin64\tmp\ojdkbuild\lookaside\java-1.8.0-openjdk\hotspot\src\share\vm\prims\jni.cpp, line 737]
Event: 430708.698 Thread 0x00000276c31ee000 Exception <a 'java/net/SocketTimeoutException': Read timed out> (0x00000000d8356170) thrown at [C:\cygwin64\tmp\ojdkbuild\lookaside\java-1.8.0-openjdk\hotspot\src\share\vm\prims\jni.cpp, line 737]
Event: 430709.031 Thread 0x00000276c31f9800 Exception <a 'java/lang/InterruptedException'> (0x00000000da7d2f60) thrown at [C:\cygwin64\tmp\ojdkbuild\lookaside\java-1.8.0-openjdk\hotspot\src\share\vm\runtime\objectMonitor.cpp, line 1692]
Event: 430709.032 Thread 0x00000276c31f7000 Exception <a 'java/lang/InterruptedException'> (0x00000000daf8b528) thrown at [C:\cygwin64\tmp\ojdkbuild\lookaside\java-1.8.0-openjdk\hotspot\src\share\vm\runtime\objectMonitor.cpp, line 1692]
Event: 430709.033 Thread 0x00000276c31f9800 Exception <a 'java/net/SocketTimeoutException': Read timed out> (0x00000000da7d6318) thrown at [C:\cygwin64\tmp\ojdkbuild\lookaside\java-1.8.0-openjdk\hotspot\src\share\vm\prims\jni.cpp, line 737]
Event: 430709.034 Thread 0x00000276c31f7000 Exception <a 'java/net/SocketTimeoutException': Read timed out> (0x00000000daf8e8e0) thrown at [C:\cygwin64\tmp\ojdkbuild\lookaside\java-1.8.0-openjdk\hotspot\src\share\vm\prims\jni.cpp, line 737]
Event: 430709.364 Thread 0x00000276c31f6000 Exception <a 'java/lang/InterruptedException'> (0x00000000d5fad708) thrown at [C:\cygwin64\tmp\ojdkbuild\lookaside\java-1.8.0-openjdk\hotspot\src\share\vm\runtime\objectMonitor.cpp, line 1692]
Event: 430709.365 Thread 0x00000276c31f8800 Exception <a 'java/lang/InterruptedException'> (0x00000000d6006508) thrown at [C:\cygwin64\tmp\ojdkbuild\lookaside\java-1.8.0-openjdk\hotspot\src\share\vm\runtime\objectMonitor.cpp, line 1692]
Event: 430709.365 Thread 0x00000276c31f6000 Exception <a 'java/net/SocketTimeoutException': Read timed out> (0x00000000d5fb0bb0) thrown at [C:\cygwin64\tmp\ojdkbuild\lookaside\java-1.8.0-openjdk\hotspot\src\share\vm\prims\jni.cpp, line 737]
Event: 430709.367 Thread 0x00000276c31f8800 Exception <a 'java/net/SocketTimeoutException': Read timed out> (0x00000000d60098c0) thrown at [C:\cygwin64\tmp\ojdkbuild\lookaside\java-1.8.0-openjdk\hotspot\src\share\vm\prims\jni.cpp, line 737]
Event: 430709.698 Thread 0x00000276c31f7800 Exception <a 'java/lang/InterruptedException'> (0x00000000da6cf690) thrown at [C:\cygwin64\tmp\ojdkbuild\lookaside\java-1.8.0-openjdk\hotspot\src\share\vm\runtime\objectMonitor.cpp, line 1692]
Event: 430709.699 Thread 0x00000276c31f7800 Exception <a 'java/net/SocketTimeoutException': Read timed out> (0x00000000da6d2a48) thrown at [C:\cygwin64\tmp\ojdkbuild\lookaside\java-1.8.0-openjdk\hotspot\src\share\vm\prims\jni.cpp, line 737]
Event: 441223.774 Thread 0x00000276c82da800 Exception <a 'java/lang/OutOfMemoryError': unable to create new native thread> (0x00000000dcdcdb60) thrown at [C:\cygwin64\tmp\ojdkbuild\lookaside\java-1.8.0-openjdk\hotspot\src\share\vm\prims\jvm.cpp, line 3172]

Events (250 events):
Event: 441178.359 Thread 0x00000276c31ef800 Thread added: 0x00000276c31ef800
Event: 441178.360 Thread 0x00000276c31ef800 Thread exited: 0x00000276c31ef800
Event: 441178.862 Thread 0x00000276c31ec000 Thread added: 0x00000276c31ec000
Event: 441178.862 Thread 0x00000276c31ec000 Thread exited: 0x00000276c31ec000
Event: 441179.364 Thread 0x00000276c31ec000 Thread added: 0x00000276c31ec000
Event: 441179.364 Thread 0x00000276c31ec000 Thread exited: 0x00000276c31ec000
Event: 441179.867 Thread 0x00000276c31ec000 Thread added: 0x00000276c31ec000
Event: 441179.867 Thread 0x00000276c31ec000 Thread exited: 0x00000276c31ec000
Event: 441180.369 Thread 0x00000276c31ec000 Thread added: 0x00000276c31ec000
Event: 441180.369 Thread 0x00000276c31ec000 Thread exited: 0x00000276c31ec000
Event: 441180.872 Thread 0x00000276c31f0800 Thread added: 0x00000276c31f0800
Event: 441180.873 Thread 0x00000276c31f0800 Thread exited: 0x00000276c31f0800
Event: 441181.375 Thread 0x00000276c31ef800 Thread added: 0x00000276c31ef800
Event: 441181.376 Thread 0x00000276c31ef800 Thread exited: 0x00000276c31ef800
Event: 441181.878 Thread 0x00000276c31ef800 Thread added: 0x00000276c31ef800
Event: 441181.878 Thread 0x00000276c31ef800 Thread exited: 0x00000276c31ef800
Event: 441182.381 Thread 0x00000276c31ef800 Thread added: 0x00000276c31ef800
Event: 441182.382 Thread 0x00000276c31ef800 Thread exited: 0x00000276c31ef800
Event: 441182.884 Thread 0x00000276c31ef800 Thread added: 0x00000276c31ef800
Event: 441182.885 Thread 0x00000276c31ef800 Thread exited: 0x00000276c31ef800
Event: 441183.388 Thread 0x00000276c31ec000 Thread added: 0x00000276c31ec000
Event: 441183.389 Thread 0x00000276c31ec000 Thread exited: 0x00000276c31ec000
Event: 441183.890 Thread 0x00000276c31ec000 Thread added: 0x00000276c31ec000
Event: 441183.891 Thread 0x00000276c31ec000 Thread exited: 0x00000276c31ec000
Event: 441184.393 Thread 0x00000276c31ef800 Thread added: 0x00000276c31ef800
Event: 441184.394 Thread 0x00000276c31ef800 Thread exited: 0x00000276c31ef800
Event: 441184.897 Thread 0x00000276c31ef800 Thread added: 0x00000276c31ef800
Event: 441184.897 Thread 0x00000276c31ef800 Thread exited: 0x00000276c31ef800
Event: 441185.399 Thread 0x00000276c31ef800 Thread added: 0x00000276c31ef800
Event: 441185.400 Thread 0x00000276c31ef800 Thread exited: 0x00000276c31ef800
Event: 441185.902 Thread 0x00000276c31ec000 Thread added: 0x00000276c31ec000
Event: 441185.902 Thread 0x00000276c31ec000 Thread exited: 0x00000276c31ec000
Event: 441186.404 Thread 0x00000276c31ec000 Thread added: 0x00000276c31ec000
Event: 441186.405 Thread 0x00000276c31ec000 Thread exited: 0x00000276c31ec000
Event: 441186.907 Thread 0x00000276c31ef800 Thread added: 0x00000276c31ef800
Event: 441186.907 Thread 0x00000276c31ef800 Thread exited: 0x00000276c31ef800
Event: 441187.409 Thread 0x00000276c31ef800 Thread added: 0x00000276c31ef800
Event: 441187.409 Thread 0x00000276c31ef800 Thread exited: 0x00000276c31ef800
Event: 441187.912 Thread 0x00000276c31ed000 Thread added: 0x00000276c31ed000
Event: 441187.913 Thread 0x00000276c31ed000 Thread exited: 0x00000276c31ed000
Event: 441188.416 Thread 0x00000276c31ef800 Thread added: 0x00000276c31ef800
Event: 441188.416 Thread 0x00000276c31ef800 Thread exited: 0x00000276c31ef800
Event: 441188.919 Thread 0x00000276c31ec000 Thread added: 0x00000276c31ec000
Event: 441188.919 Thread 0x00000276c31ec000 Thread exited: 0x00000276c31ec000
Event: 441189.422 Thread 0x00000276c31ed000 Thread added: 0x00000276c31ed000
Event: 441189.422 Thread 0x00000276c31ed000 Thread exited: 0x00000276c31ed000
Event: 441189.924 Thread 0x00000276c31ef800 Thread added: 0x00000276c31ef800
Event: 441189.924 Thread 0x00000276c31ef800 Thread exited: 0x00000276c31ef800
Event: 441190.428 Thread 0x00000276c31ef800 Thread added: 0x00000276c31ef800
Event: 441190.428 Thread 0x00000276c31ef800 Thread exited: 0x00000276c31ef800
Event: 441190.931 Thread 0x00000276c31ef800 Thread added: 0x00000276c31ef800
Event: 441190.932 Thread 0x00000276c31ef800 Thread exited: 0x00000276c31ef800
Event: 441191.435 Thread 0x00000276c31ec000 Thread added: 0x00000276c31ec000
Event: 441191.436 Thread 0x00000276c31ec000 Thread exited: 0x00000276c31ec000
Event: 441191.938 Thread 0x00000276c31ef800 Thread added: 0x00000276c31ef800
Event: 441191.939 Thread 0x00000276c31ef800 Thread exited: 0x00000276c31ef800
Event: 441192.102 Thread 0x00000276c31ec000 Thread added: 0x00000276c31ec000
Event: 441192.108 Thread 0x00000276c31ed000 Thread added: 0x00000276c31ed000
Event: 441192.108 Thread 0x00000276c31ed000 Thread exited: 0x00000276c31ed000
Event: 441192.111 Executing VM operation: RevokeBias
Event: 441192.111 Executing VM operation: RevokeBias done
Event: 441192.111 Thread 0x00000276c31ec000 Thread exited: 0x00000276c31ec000
Event: 441192.443 Thread 0x00000276c31ec000 Thread added: 0x00000276c31ec000
Event: 441192.443 Thread 0x00000276c31ec000 Thread exited: 0x00000276c31ec000
Event: 441192.946 Thread 0x00000276c31ec000 Thread added: 0x00000276c31ec000
Event: 441192.947 Thread 0x00000276c31ec000 Thread exited: 0x00000276c31ec000
Event: 441193.450 Thread 0x00000276c31ec000 Thread added: 0x00000276c31ec000
Event: 441193.451 Thread 0x00000276c31ec000 Thread exited: 0x00000276c31ec000
Event: 441193.954 Thread 0x00000276c31ef800 Thread added: 0x00000276c31ef800
Event: 441193.955 Thread 0x00000276c31ef800 Thread exited: 0x00000276c31ef800
Event: 441194.458 Thread 0x00000276c31f0800 Thread added: 0x00000276c31f0800
Event: 441194.459 Thread 0x00000276c31f0800 Thread exited: 0x00000276c31f0800
Event: 441194.961 Thread 0x00000276c31ef800 Thread added: 0x00000276c31ef800
Event: 441194.961 Thread 0x00000276c31ef800 Thread exited: 0x00000276c31ef800
Event: 441195.465 Thread 0x00000276c31ef800 Thread added: 0x00000276c31ef800
Event: 441195.466 Thread 0x00000276c31ef800 Thread exited: 0x00000276c31ef800
Event: 441195.968 Thread 0x00000276c31ec000 Thread added: 0x00000276c31ec000
Event: 441195.968 Thread 0x00000276c31ec000 Thread exited: 0x00000276c31ec000
Event: 441196.471 Thread 0x00000276c31f0800 Thread added: 0x00000276c31f0800
Event: 441196.472 Thread 0x00000276c31f0800 Thread exited: 0x00000276c31f0800
Event: 441196.975 Thread 0x00000276c31ec000 Thread added: 0x00000276c31ec000
Event: 441196.976 Thread 0x00000276c31ec000 Thread exited: 0x00000276c31ec000
Event: 441197.477 Thread 0x00000276c31ec000 Thread added: 0x00000276c31ec000
Event: 441197.479 Thread 0x00000276c31ec000 Thread exited: 0x00000276c31ec000
Event: 441197.983 Thread 0x00000276c31ed000 Thread added: 0x00000276c31ed000
Event: 441197.984 Thread 0x00000276c31ed000 Thread exited: 0x00000276c31ed000
Event: 441198.487 Thread 0x00000276c31ed000 Thread added: 0x00000276c31ed000
Event: 441198.488 Thread 0x00000276c31ed000 Thread exited: 0x00000276c31ed000
Event: 441198.990 Thread 0x00000276c31ec000 Thread added: 0x00000276c31ec000
Event: 441198.990 Thread 0x00000276c31ec000 Thread exited: 0x00000276c31ec000
Event: 441199.493 Thread 0x00000276c31f0800 Thread added: 0x00000276c31f0800
Event: 441199.494 Thread 0x00000276c31f0800 Thread exited: 0x00000276c31f0800
Event: 441199.995 Thread 0x00000276c31ef800 Thread added: 0x00000276c31ef800
Event: 441199.996 Thread 0x00000276c31ef800 Thread exited: 0x00000276c31ef800
Event: 441200.498 Thread 0x00000276c31ef800 Thread added: 0x00000276c31ef800
Event: 441200.499 Thread 0x00000276c31ef800 Thread exited: 0x00000276c31ef800
Event: 441201.001 Thread 0x00000276c31ec000 Thread added: 0x00000276c31ec000
Event: 441201.002 Thread 0x00000276c31ec000 Thread exited: 0x00000276c31ec000
Event: 441201.503 Thread 0x00000276c31ec000 Thread added: 0x00000276c31ec000
Event: 441201.504 Thread 0x00000276c31ec000 Thread exited: 0x00000276c31ec000
Event: 441202.007 Thread 0x00000276c31ef800 Thread added: 0x00000276c31ef800
Event: 441202.008 Thread 0x00000276c31ef800 Thread exited: 0x00000276c31ef800
Event: 441202.510 Thread 0x00000276c31ed000 Thread added: 0x00000276c31ed000
Event: 441202.511 Thread 0x00000276c31ed000 Thread exited: 0x00000276c31ed000
Event: 441203.014 Thread 0x00000276c31ec000 Thread added: 0x00000276c31ec000
Event: 441203.017 Thread 0x00000276c31ec000 Thread exited: 0x00000276c31ec000
Event: 441203.520 Thread 0x00000276c31ed000 Thread added: 0x00000276c31ed000
Event: 441203.522 Thread 0x00000276c31ed000 Thread exited: 0x00000276c31ed000
Event: 441204.024 Thread 0x00000276c31ef800 Thread added: 0x00000276c31ef800
Event: 441204.025 Thread 0x00000276c31ef800 Thread exited: 0x00000276c31ef800
Event: 441204.528 Thread 0x00000276c31ec000 Thread added: 0x00000276c31ec000
Event: 441204.529 Thread 0x00000276c31ec000 Thread exited: 0x00000276c31ec000
Event: 441205.033 Thread 0x00000276c31ef800 Thread added: 0x00000276c31ef800
Event: 441205.034 Thread 0x00000276c31ef800 Thread exited: 0x00000276c31ef800
Event: 441205.535 Thread 0x00000276c31ec000 Thread added: 0x00000276c31ec000
Event: 441205.536 Thread 0x00000276c31ec000 Thread exited: 0x00000276c31ec000
Event: 441206.039 Thread 0x00000276c31ef800 Thread added: 0x00000276c31ef800
Event: 441206.040 Thread 0x00000276c31ef800 Thread exited: 0x00000276c31ef800
Event: 441206.542 Thread 0x00000276c31ec000 Thread added: 0x00000276c31ec000
Event: 441206.543 Thread 0x00000276c31ec000 Thread exited: 0x00000276c31ec000
Event: 441207.046 Thread 0x00000276c31ec000 Thread added: 0x00000276c31ec000
Event: 441207.046 Thread 0x00000276c31ec000 Thread exited: 0x00000276c31ec000
Event: 441207.101 Thread 0x00000276c31ef800 Thread added: 0x00000276c31ef800
Event: 441207.106 Thread 0x00000276c31f0800 Thread added: 0x00000276c31f0800
Event: 441207.106 Thread 0x00000276c31f0800 Thread exited: 0x00000276c31f0800
Event: 441207.109 Executing VM operation: RevokeBias
Event: 441207.109 Executing VM operation: RevokeBias done
Event: 441207.109 Thread 0x00000276c31ef800 Thread exited: 0x00000276c31ef800
Event: 441207.548 Thread 0x00000276c31f0800 Thread added: 0x00000276c31f0800
Event: 441207.549 Thread 0x00000276c31f0800 Thread exited: 0x00000276c31f0800
Event: 441208.051 Thread 0x00000276c31ec000 Thread added: 0x00000276c31ec000
Event: 441208.055 Thread 0x00000276c31ec000 Thread exited: 0x00000276c31ec000
Event: 441208.558 Thread 0x00000276c31ef800 Thread added: 0x00000276c31ef800
Event: 441208.558 Thread 0x00000276c31ef800 Thread exited: 0x00000276c31ef800
Event: 441209.061 Thread 0x00000276c31ec000 Thread added: 0x00000276c31ec000
Event: 441209.062 Thread 0x00000276c31ec000 Thread exited: 0x00000276c31ec000
Event: 441209.563 Thread 0x00000276c31ec000 Thread added: 0x00000276c31ec000
Event: 441209.564 Thread 0x00000276c31ec000 Thread exited: 0x00000276c31ec000
Event: 441210.067 Thread 0x00000276c31ec000 Thread added: 0x00000276c31ec000
Event: 441210.068 Thread 0x00000276c31ec000 Thread exited: 0x00000276c31ec000
Event: 441210.570 Thread 0x00000276c31f0800 Thread added: 0x00000276c31f0800
Event: 441210.571 Thread 0x00000276c31f0800 Thread exited: 0x00000276c31f0800
Event: 441211.074 Thread 0x00000276c31ef800 Thread added: 0x00000276c31ef800
Event: 441211.075 Thread 0x00000276c31ef800 Thread exited: 0x00000276c31ef800
Event: 441211.578 Thread 0x00000276c31ef800 Thread added: 0x00000276c31ef800
Event: 441211.579 Thread 0x00000276c31ef800 Thread exited: 0x00000276c31ef800
Event: 441212.081 Thread 0x00000276c31ec000 Thread added: 0x00000276c31ec000
Event: 441212.082 Thread 0x00000276c31ec000 Thread exited: 0x00000276c31ec000
Event: 441212.585 Thread 0x00000276c31ef800 Thread added: 0x00000276c31ef800
Event: 441212.586 Thread 0x00000276c31ef800 Thread exited: 0x00000276c31ef800
Event: 441213.089 Thread 0x00000276c31f0800 Thread added: 0x00000276c31f0800
Event: 441213.090 Thread 0x00000276c31f0800 Thread exited: 0x00000276c31f0800
Event: 441213.592 Thread 0x00000276c31ef800 Thread added: 0x00000276c31ef800
Event: 441213.593 Thread 0x00000276c31ef800 Thread exited: 0x00000276c31ef800
Event: 441214.096 Thread 0x00000276c31ef800 Thread added: 0x00000276c31ef800
Event: 441214.096 Thread 0x00000276c31ef800 Thread exited: 0x00000276c31ef800
Event: 441214.599 Thread 0x00000276c31ef800 Thread added: 0x00000276c31ef800
Event: 441214.600 Thread 0x00000276c31ef800 Thread exited: 0x00000276c31ef800
Event: 441215.102 Thread 0x00000276c31ed000 Thread added: 0x00000276c31ed000
Event: 441215.102 Thread 0x00000276c31ed000 Thread exited: 0x00000276c31ed000
Event: 441215.605 Thread 0x00000276c31ec000 Thread added: 0x00000276c31ec000
Event: 441215.605 Thread 0x00000276c31ec000 Thread exited: 0x00000276c31ec000
Event: 441216.108 Thread 0x00000276c31ef800 Thread added: 0x00000276c31ef800
Event: 441216.108 Thread 0x00000276c31ef800 Thread exited: 0x00000276c31ef800
Event: 441216.611 Thread 0x00000276c31ed000 Thread added: 0x00000276c31ed000
Event: 441216.612 Thread 0x00000276c31ed000 Thread exited: 0x00000276c31ed000
Event: 441217.115 Thread 0x00000276c31ec000 Thread added: 0x00000276c31ec000
Event: 441217.116 Thread 0x00000276c31ec000 Thread exited: 0x00000276c31ec000
Event: 441217.619 Thread 0x00000276c31ec000 Thread added: 0x00000276c31ec000
Event: 441217.620 Thread 0x00000276c31ec000 Thread exited: 0x00000276c31ec000
Event: 441218.122 Thread 0x00000276c31ef800 Thread added: 0x00000276c31ef800
Event: 441218.131 Thread 0x00000276c31ef800 Thread exited: 0x00000276c31ef800
Event: 441218.635 Thread 0x00000276c31ef800 Thread added: 0x00000276c31ef800
Event: 441218.636 Thread 0x00000276c31ef800 Thread exited: 0x00000276c31ef800
Event: 441219.138 Thread 0x00000276c31f0800 Thread added: 0x00000276c31f0800
Event: 441219.139 Thread 0x00000276c31f0800 Thread exited: 0x00000276c31f0800
Event: 441219.642 Thread 0x00000276c31ec000 Thread added: 0x00000276c31ec000
Event: 441219.642 Thread 0x00000276c31ec000 Thread exited: 0x00000276c31ec000
Event: 441220.144 Thread 0x00000276c31ef800 Thread added: 0x00000276c31ef800
Event: 441220.145 Thread 0x00000276c31ef800 Thread exited: 0x00000276c31ef800
Event: 441220.648 Thread 0x00000276c31ec000 Thread added: 0x00000276c31ec000
Event: 441220.648 Thread 0x00000276c31ec000 Thread exited: 0x00000276c31ec000
Event: 441221.150 Thread 0x00000276c31ed000 Thread added: 0x00000276c31ed000
Event: 441221.150 Thread 0x00000276c31ed000 Thread exited: 0x00000276c31ed000
Event: 441221.654 Thread 0x00000276c31ef800 Thread added: 0x00000276c31ef800
Event: 441221.654 Thread 0x00000276c31ef800 Thread exited: 0x00000276c31ef800
Event: 441222.101 Thread 0x00000276c31ed000 Thread added: 0x00000276c31ed000
Event: 441222.106 Thread 0x00000276c31ef800 Thread added: 0x00000276c31ef800
Event: 441222.106 Thread 0x00000276c31ef800 Thread exited: 0x00000276c31ef800
Event: 441222.109 Executing VM operation: RevokeBias
Event: 441222.110 Executing VM operation: RevokeBias done
Event: 441222.110 Thread 0x00000276c31ed000 Thread exited: 0x00000276c31ed000
Event: 441222.157 Thread 0x00000276c31ec000 Thread added: 0x00000276c31ec000
Event: 441222.161 Thread 0x00000276c31ec000 Thread exited: 0x00000276c31ec000
Event: 441222.664 Thread 0x00000276c31ed000 Thread added: 0x00000276c31ed000
Event: 441222.669 Thread 0x00000276c31ed000 Thread exited: 0x00000276c31ed000
Event: 441223.171 Thread 0x00000276c31ed000 Thread added: 0x00000276c31ed000
Event: 441223.172 Thread 0x00000276c31ed000 Thread exited: 0x00000276c31ed000
Event: 441223.774 Thread 0x00000276c82da800 Uncommon trap: trap_request=0xffffff65 fr.pc=0x00000276ac4ff080
Event: 441223.774 Thread 0x00000276c82da800 DEOPT PACKING pc=0x00000276ac4ff080 sp=0x000000f5893ff1d0
Event: 441223.774 Thread 0x00000276c82da800 DEOPT UNPACKING pc=0x00000276a99d5583 sp=0x000000f5893ff160 mode 2
Event: 441223.775 loading class org/apache/logging/log4j/util/PrivateSecurityManagerStackTraceUtil
Event: 441223.775 loading class org/apache/logging/log4j/util/PrivateSecurityManagerStackTraceUtil done
Event: 441223.776 loading class org/apache/logging/log4j/util/PrivateSecurityManagerStackTraceUtil$PrivateSecurityManager
Event: 441223.776 loading class org/apache/logging/log4j/util/PrivateSecurityManagerStackTraceUtil$PrivateSecurityManager done
Event: 441223.777 loading class org/apache/logging/log4j/core/impl/ThrowableProxyHelper
Event: 441223.777 loading class org/apache/logging/log4j/core/impl/ThrowableProxyHelper done
Event: 441223.777 loading class org/apache/logging/log4j/core/impl/ExtendedStackTraceElement
Event: 441223.777 loading class org/apache/logging/log4j/core/impl/ExtendedStackTraceElement done
Event: 441223.778 Thread 0x00000276c82da800 Uncommon trap: trap_request=0xffffff65 fr.pc=0x00000276aa87d7e8
Event: 441223.778 Thread 0x00000276c82da800 DEOPT PACKING pc=0x00000276aa87d7e8 sp=0x000000f5893fe560
Event: 441223.778 Thread 0x00000276c82da800 DEOPT UNPACKING pc=0x00000276a99d5583 sp=0x000000f5893fe588 mode 2
Event: 441223.778 loading class org/apache/logging/log4j/core/impl/ThrowableProxyHelper$CacheEntry
Event: 441223.778 loading class org/apache/logging/log4j/core/impl/ThrowableProxyHelper$CacheEntry done
Event: 441223.778 loading class org/apache/logging/log4j/core/impl/ExtendedClassInfo
Event: 441223.778 loading class org/apache/logging/log4j/core/impl/ExtendedClassInfo done
Event: 441223.779 loading class org/apache/logging/log4j/core/impl/ThrowableProxyRenderer
Event: 441223.779 loading class org/apache/logging/log4j/core/impl/ThrowableProxyRenderer done
Event: 441223.780 Thread 0x00000276c82da800 Uncommon trap: trap_request=0xffffff65 fr.pc=0x00000276ab543118
Event: 441223.780 Executing VM operation: RevokeBias
Event: 441223.781 Executing VM operation: RevokeBias done
Event: 441223.781 Thread 0x00000276c82da800 DEOPT PACKING pc=0x00000276ab543118 sp=0x000000f5893fe7a0
Event: 441223.781 Thread 0x00000276c82da800 DEOPT UNPACKING pc=0x00000276a99d5583 sp=0x000000f5893fe708 mode 2
Event: 441223.781 Thread 0x00000276be2cb800 flushing nmethod 0x00000276ab42cfd0
Event: 441223.782 Thread 0x00000276be2cb800 flushing nmethod 0x00000276ab4c9a10
Event: 441223.782 Thread 0x00000276be2cb800 flushing nmethod 0x00000276ab51a890
Event: 441223.782 Thread 0x00000276be2cb800 flushing nmethod 0x00000276ab55b890
Event: 441224.282 Thread 0x00000276c31ed000 Thread added: 0x00000276c31ed000
Event: 441224.283 Thread 0x00000276c31ed000 Thread exited: 0x00000276c31ed000
Event: 441224.283 Executing VM operation: RevokeBias
Event: 441224.283 Executing VM operation: RevokeBias done
Event: 441224.787 Thread 0x00000276c31ef800 Thread added: 0x00000276c31ef800
Event: 441224.787 Thread 0x00000276c31ef800 Thread exited: 0x00000276c31ef800
Event: 441225.289 Thread 0x00000276c31ec000 Thread added: 0x00000276c31ec000
Event: 441225.290 Thread 0x00000276c31ec000 Thread exited: 0x00000276c31ec000
Event: 441225.794 Thread 0x00000276c31ec000 Thread added: 0x00000276c31ec000
Event: 441225.795 Thread 0x00000276c31ec000 Thread exited: 0x00000276c31ec000
Event: 441226.297 Thread 0x00000276c31ec000 Thread added: 0x00000276c31ec000
Event: 441226.301 Thread 0x00000276c31ec000 Thread exited: 0x00000276c31ec000
Event: 441226.803 Thread 0x00000276c31ef800 Thread added: 0x00000276c31ef800
Event: 441226.806 Thread 0x00000276c31ef800 Thread exited: 0x00000276c31ef800
Event: 441226.808 Thread 0x00000276be2cb800 flushing nmethod 0x00000276ab760a90
Event: 441226.808 Thread 0x00000276be2cb800 flushing nmethod 0x00000276ab769210
Event: 441226.808 Thread 0x00000276be2cb800 flushing nmethod 0x00000276ab7cbf10
Event: 441226.808 Thread 0x00000276be2cb800 flushing nmethod 0x00000276ab7d0890
Event: 441226.809 Thread 0x00000276be2cb800 flushing nmethod 0x00000276ab896b90
Event: 441226.809 Thread 0x00000276be2cb800 flushing nmethod 0x00000276ab91dd90
Event: 441226.809 Thread 0x00000276be2cb800 flushing nmethod 0x00000276ab955f50
Event: 441226.809 Thread 0x00000276be2cb800 flushing nmethod 0x00000276ab987d50
Event: 441227.308 Thread 0x00000276c31ef800 Thread added: 0x00000276c31ef800


Dynamic libraries:
0x00007ff7f5390000 - 0x00007ff7f542b000 	C:\Program Files\RedHat\java-1.8.0-openjdk-1.8.0.402-1\jre\bin\java.exe
0x00007ffc7c190000 - 0x00007ffc7c37e000 	C:\WINDOWS\SYSTEM32\ntdll.dll
0x00007ffc796b0000 - 0x00007ffc79763000 	C:\WINDOWS\System32\KERNEL32.DLL
0x00007ffc79030000 - 0x00007ffc792ce000 	C:\WINDOWS\System32\KERNELBASE.dll
0x00007ffc7a0c0000 - 0x00007ffc7a168000 	C:\WINDOWS\System32\ADVAPI32.dll
0x00007ffc7c040000 - 0x00007ffc7c0de000 	C:\WINDOWS\System32\msvcrt.dll
0x00007ffc7a680000 - 0x00007ffc7a722000 	C:\WINDOWS\System32\sechost.dll
0x00007ffc79790000 - 0x00007ffc798a8000 	C:\WINDOWS\System32\RPCRT4.dll
0x00007ffc792f0000 - 0x00007ffc79316000 	C:\WINDOWS\System32\bcrypt.dll
0x00007ffc7a1d0000 - 0x00007ffc7a367000 	C:\WINDOWS\System32\USER32.dll
0x00007ffc78e70000 - 0x00007ffc78e90000 	C:\WINDOWS\System32\win32u.dll
0x00007ffc7a090000 - 0x00007ffc7a0b9000 	C:\WINDOWS\System32\GDI32.dll
0x00007ffc781f0000 - 0x00007ffc7839c000 	C:\WINDOWS\System32\gdi32full.dll
0x00007ffc78e90000 - 0x00007ffc78f30000 	C:\WINDOWS\System32\msvcp_win.dll
0x00007ffc785c0000 - 0x00007ffc786ba000 	C:\WINDOWS\System32\ucrtbase.dll
0x00007ffc69300000 - 0x00007ffc69579000 	C:\WINDOWS\WinSxS\amd64_microsoft.windows.common-controls_6595b64144ccf1df_6.0.17763.7009_none_de6d20d6534f1306\COMCTL32.dll
0x00007ffc7bd10000 - 0x00007ffc7c03b000 	C:\WINDOWS\System32\combase.dll
0x00007ffc79320000 - 0x00007ffc793a2000 	C:\WINDOWS\System32\bcryptPrimitives.dll
0x00007ffc59930000 - 0x00007ffc59c1d000 	C:\Program Files\dynatrace\oneagent\agent\bin\1.309.65.20250324-105046\windows-x86-64\oneagentproc.dll
0x00007ffc7a610000 - 0x00007ffc7a67d000 	C:\WINDOWS\System32\WS2_32.dll
0x00007ffc59320000 - 0x00007ffc59335000 	C:\Program Files\RedHat\java-1.8.0-openjdk-1.8.0.402-1\jre\bin\vcruntime140.dll
0x00007ffc432a0000 - 0x00007ffc4333b000 	C:\Program Files\RedHat\java-1.8.0-openjdk-1.8.0.402-1\jre\bin\msvcp140.dll
0x0000000052670000 - 0x0000000052f39000 	C:\Program Files\RedHat\java-1.8.0-openjdk-1.8.0.402-1\jre\bin\server\jvm.dll
0x00007ffc79770000 - 0x00007ffc79778000 	C:\WINDOWS\System32\PSAPI.DLL
0x00007ffc6e1d0000 - 0x00007ffc6e1d9000 	C:\WINDOWS\SYSTEM32\WSOCK32.dll
0x00007ffc70de0000 - 0x00007ffc70dea000 	C:\WINDOWS\SYSTEM32\VERSION.dll
0x00007ffc70110000 - 0x00007ffc70134000 	C:\WINDOWS\SYSTEM32\WINMM.dll
0x00007ffc70090000 - 0x00007ffc700bd000 	C:\WINDOWS\SYSTEM32\WINMMBASE.dll
0x00007ffc78f30000 - 0x00007ffc78f7a000 	C:\WINDOWS\System32\cfgmgr32.dll
0x00007ffc78120000 - 0x00007ffc78131000 	C:\WINDOWS\System32\kernel.appcore.dll
0x00007ffc62e00000 - 0x00007ffc62e10000 	C:\Program Files\RedHat\java-1.8.0-openjdk-1.8.0.402-1\jre\bin\verify.dll
0x00007ffc59290000 - 0x00007ffc592bb000 	C:\Program Files\RedHat\java-1.8.0-openjdk-1.8.0.402-1\jre\bin\java.dll
0x00007ffc2f9f0000 - 0x00007ffc3144e000 	C:\PROGRA~1\DYNATR~1\oneagent\agent\bin\130965~1.202\WINDOW~2\oneagentjava.dll
0x00007ffc7a810000 - 0x00007ffc7bd08000 	C:\WINDOWS\System32\SHELL32.dll
0x00007ffc70430000 - 0x00007ffc7043c000 	C:\WINDOWS\SYSTEM32\Secur32.dll
0x00007ffc795e0000 - 0x00007ffc79687000 	C:\WINDOWS\System32\shcore.dll
0x00007ffc786c0000 - 0x00007ffc78e08000 	C:\WINDOWS\System32\windows.storage.dll
0x00007ffc781c0000 - 0x00007ffc781e3000 	C:\WINDOWS\System32\profapi.dll
0x00007ffc78160000 - 0x00007ffc781bd000 	C:\WINDOWS\System32\powrprof.dll
0x00007ffc798b0000 - 0x00007ffc79902000 	C:\WINDOWS\System32\shlwapi.dll
0x00007ffc792d0000 - 0x00007ffc792eb000 	C:\WINDOWS\System32\cryptsp.dll
0x00007ffc793b0000 - 0x00007ffc79508000 	C:\WINDOWS\System32\ole32.dll
0x00007ffc79510000 - 0x00007ffc795d4000 	C:\WINDOWS\System32\OLEAUT32.dll
0x00007ffc77310000 - 0x00007ffc7734d000 	C:\WINDOWS\SYSTEM32\IPHLPAPI.DLL
0x00007ffc78050000 - 0x00007ffc7807f000 	C:\WINDOWS\SYSTEM32\SSPICLI.DLL
0x00007ffc777f0000 - 0x00007ffc777fc000 	C:\WINDOWS\SYSTEM32\CRYPTBASE.DLL
0x00007ffc70b90000 - 0x00007ffc70ba6000 	c:\windows\system32\napinsp.dll
0x00007ffc77620000 - 0x00007ffc77687000 	c:\windows\System32\mswsock.dll
0x00007ffc77350000 - 0x00007ffc77416000 	C:\WINDOWS\SYSTEM32\DNSAPI.dll
0x00007ffc7a580000 - 0x00007ffc7a588000 	C:\WINDOWS\System32\NSI.dll
0x00007ffc70b80000 - 0x00007ffc70b8e000 	c:\windows\System32\winrnr.dll
0x00007ffc74590000 - 0x00007ffc745ab000 	c:\windows\system32\NLAapi.dll
0x00007ffc70c20000 - 0x00007ffc70c35000 	c:\windows\system32\wshbth.dll
0x00007ffc771d0000 - 0x00007ffc77201000 	C:\WINDOWS\SYSTEM32\ntmarta.dll
0x00007ffc755a0000 - 0x00007ffc755b6000 	C:\WINDOWS\SYSTEM32\dhcpcsvc6.DLL
0x00007ffc75510000 - 0x00007ffc7552c000 	C:\WINDOWS\SYSTEM32\dhcpcsvc.DLL
0x00007ffc77140000 - 0x00007ffc77173000 	c:\windows\system32\rsaenh.dll
0x00007ffc73f30000 - 0x00007ffc73f3a000 	C:\Windows\System32\rasadhlp.dll
0x00007ffc592d0000 - 0x00007ffc592e8000 	C:\Program Files\RedHat\java-1.8.0-openjdk-1.8.0.402-1\jre\bin\zip.dll
0x00007ffc59530000 - 0x00007ffc5953d000 	C:\Program Files\RedHat\java-1.8.0-openjdk-1.8.0.402-1\jre\bin\management.dll
0x00007ffc58bd0000 - 0x00007ffc58bec000 	C:\Program Files\RedHat\java-1.8.0-openjdk-1.8.0.402-1\jre\bin\net.dll
0x00007ffc58bb0000 - 0x00007ffc58bc3000 	C:\Program Files\RedHat\java-1.8.0-openjdk-1.8.0.402-1\jre\bin\nio.dll
0x00007ffc75670000 - 0x00007ffc756e9000 	c:\windows\System32\fwpuclnt.dll
0x00007ffc78020000 - 0x00007ffc78049000 	C:\WINDOWS\SYSTEM32\USERENV.dll
0x00007ffc58b20000 - 0x00007ffc58b44000 	C:\Program Files\RedHat\java-1.8.0-openjdk-1.8.0.402-1\jre\bin\sunec.dll
0x00007ffc59490000 - 0x00007ffc5949e000 	C:\Program Files\RedHat\java-1.8.0-openjdk-1.8.0.402-1\jre\bin\sunmscapi.dll
0x00007ffc783a0000 - 0x00007ffc785b1000 	C:\WINDOWS\System32\CRYPT32.dll
0x00007ffc78140000 - 0x00007ffc78152000 	C:\WINDOWS\System32\MSASN1.dll
0x00007ffc778f0000 - 0x00007ffc7791c000 	C:\WINDOWS\SYSTEM32\ncrypt.dll
0x00007ffc778b0000 - 0x00007ffc778ec000 	C:\WINDOWS\SYSTEM32\NTASN1.dll
0x00007ffc752a0000 - 0x00007ffc752ee000 	C:\WINDOWS\SYSTEM32\pdh.dll
0x00007ffc589e0000 - 0x00007ffc589ef000 	c:\windows\System32\perfproc.dll
0x00007ffc589f0000 - 0x00007ffc589fe000 	c:\windows\System32\perfos.dll
0x00007ffc430b0000 - 0x00007ffc43299000 	C:\Program Files\RedHat\java-1.8.0-openjdk-1.8.0.402-1\jre\bin\awt.dll
0x00007ffc743e0000 - 0x00007ffc7446c000 	C:\WINDOWS\SYSTEM32\apphelp.dll
0x00007ffc72af0000 - 0x00007ffc72cdd000 	C:\WINDOWS\system32\DBGHELP.DLL
0x00007ffc72a20000 - 0x00007ffc72a4a000 	C:\WINDOWS\SYSTEM32\dbgcore.DLL

VM Arguments:
jvm_args: -Dspring.config.location=E:/pelican/ace.solution.ppay/svc-camel-sepa-pacs008/svc-camel-sepa.properties -Dlog4j2.configurationFile=file:E:/pelican/ace.solution.ppay/svc-camel-sepa-pacs008/log4j2.xml -Xbootclasspath/p: -XX:+HeapDumpOnOutOfMemoryError -XX:HeapDumpPath=E:/pelican/ace.solution.ppay/svc-camel-sepa-pacs008/vk/mydump -Dorg.apache.camel.jmx.disabled=true -Djava.library.path=E:/pelican/ace.ppay/conf/dependency-jars -Xrs -Dwrapper.service=true -Dwrapper.console.visible=false -Xms512m -Xmx2048m -Dwrapper.port=15022 -Dwrapper.key=-5641656275543215676 -Dwrapper.teeName=-5641656275543215676$1743581199965 -Dwrapper.tmp.path=C:\Users\ADMIN~1.RAZ\AppData\Local\Temp -Djna.tmpdir=C:\Users\ADMIN~1.RAZ\AppData\Local\Temp -Dwrapper.working.dir=E:\Pelican\ace.solution.ppay\svc-camel-sepa-pacs008 -Dwrapper.java.command=C:/Program Files/RedHat/java-1.8.0-openjdk-1.8.0.402-1/jre/bin/java -Dwrapper.ntservice.displayname=Pelican Camel SEPA Pacs008 Server -Dwrapper.ntservice.name=svc-camel-sepa-pacs008 -Dwrapper.additional.1x=-Xrs -Dwrapper.ntservice.description=Pelican Camel SEPA Pacs008 Server -Dwrapper.config=E:\Pelican\ace.solution.ppay\conf\wrapper-svc-camel-sepa-pacs008.conf -Dwrapper.app.pre.script=E:\Pelican\ace.pelican\conf\mapNetworkDrive.gv -agentpath:C:/PROGRA~1/DYNATR~1/oneagent/agent/bin/130965~1.202/WINDOW~2/oneagentjava.dll=loglevelcon=none,datastorage=C:\ProgramData\dynatrace\oneagent\datastorage,logdir=C:/ProgramData/dynatrace/oneagent/log 
java_command: org.rzo.yajsw.app.WrapperJVMMain
java_class_path (initial): /E:/Pelican/ace.solution.ppay/yajsw/./wrapperApp.jar;E:\Pelican\ace.solution.ppay\svc-camel-sepa-pacs008;E:\Pelican\ace.pelican\lib\dependency-jars\graal-sdk-20.2.0.jar;E:\Pelican\ace.pelican\lib\dependency-jars\js-20.2.0.jar;E:\Pelican\ace.pelican\lib\dependency-jars\regex-20.2.0.jar;E:\Pelican\ace.pelican\lib\dependency-jars\truffle-api-20.2.0.jar;E:\Pelican\ace.pelican\lib\dependency-jars\asm-9.2.0.redhat-00002.jar;E:\Pelican\ace.pelican\lib\dependency-jars\asm-tree-7.1.jar;E:\Pelican\ace.pelican\lib\dependency-jars\asm-analysis-7.1.jar;E:\Pelican\ace.pelican\lib\dependency-jars\asm-commons-7.1.jar;E:\Pelican\ace.pelican\lib\dependency-jars\asm-util-7.1.jar;E:\Pelican\ace.pelican\lib\dependency-jars\icu4j-67.1.jar;E:\Pelican\ace.pelican\lib\dependency-jars\js-scriptengine-20.2.0.jar;E:\Pelican\ace.pelican\lib\dependency-jars\profiler-20.2.0.jar;E:\Pelican\ace.pelican\lib\dependency-jars\json-20210307.jar;E:\Pelican\ace.pelican\lib\dependency-jars\jackson-databind-2.9.9.jar;E:\Pelican\ace.pelican\lib\dependency-jars\jackson-annotations-2.9.0.jar;E:\Pelican\ace.pelican\lib\dependency-jars\jackson-core-2.9.9.jar;E:\Pelican\ace.pelican\lib\dependency-jars\slf4j-api-1.7.25.jar;E:\Pelican\ace.pelican\lib\dependency-jars\commons-dbcp2-2.5.0.jar;E:\Pelican\ace.pelican\lib\dependency-jars\commons-pool2-2.6.1.jar;E:\Pelican\ace.pelican\lib\dependency-jars\HikariCP-3.2.0.jar;E:\Pelican\ace.pelican\lib\dependency-jars\camel-sql-starter-2.23.2.fuse-7_11_0-00037-redhat-00001.jar;E:\Pelican\ace.pelican\lib\dependency-jars\spring-boot-starter-2.5.13.jar;E:\Pelican\ace.pelican\lib\dependency-jars\spring-boot-2.5.13.jar;E:\Pelican\ace.pelican\lib\dependency-jars\spring-boot-autoconfigure-2.5.13.jar;E:\Pelican\ace.pelican\lib\dependency-jars\spring-boot-starter-logging-2.5.13.jar;E:\Pelican\ace.pelican\lib\dependency-jars\log4j-core-2.17.2.jar;E:\Pelican\ace.pelican\lib\dependency-jars\log4j-slf4j-impl-2.17.2.jar;E:\Pelican\ace.pelican\lib\dependency-ja
Launcher Type: SUN_STANDARD

Environment Variables:
PATH=;C:/Program Files/RedHat/java-1.8.0-openjdk-1.8.0.402-1/jre/bin;E:/pelican/ace.pelican/bin;
USERNAME=SRV_PEL-APL-ACP
OS=Windows_NT
PROCESSOR_IDENTIFIER=Intel64 Family 6 Model 85 Stepping 7, GenuineIntel



---------------  S Y S T E M  ---------------

OS: Windows Server 2019 , 64 bit Build 17763 (10.0.17763.7009)

CPU:total 8 (initial active 8) (1 cores per cpu, 1 threads per core) family 6 model 85 stepping 7, cmov, cx8, fxsr, mmx, sse, sse2, sse3, ssse3, sse4.1, sse4.2, popcnt, avx, avx2, aes, clmul, erms, 3dnowpref, lzcnt, tsc, tscinvbit, bmi1, bmi2, adx

Memory: 4k page, physical 50331056k(3816316k free), swap 100512876k(64k free)

vm_info: OpenJDK 64-Bit Server VM (25.402-b06) for windows-amd64 JRE (1.8.0_402-b06), built on Jan 11 2024 13:24:11 by "build" with MS VC++ 15.9 (VS2017)

time: Mon Apr  7 12:40:42 2025
timezone: Romance Daylight Time
elapsed time: 441227.338994 seconds (5d 2h 33m 47s)

