#
# There is insufficient memory for the Java Runtime Environment to continue.
# Native memory allocation (malloc) failed to allocate 32744 bytes for ChunkPool::allocate
# Possible reasons:
#   The system is out of physical RAM or swap space
#   The process is running with CompressedOops enabled, and the Java Heap may be blocking the growth of the native heap
# Possible solutions:
#   Reduce memory load on the system
#   Increase physical memory or swap space
#   Check if swap backing store is full
#   Decrease Java heap size (-Xmx/-Xms)
#   Decrease number of Java threads
#   Decrease Java thread stack sizes (-Xss)
#   Set larger code cache with -XX:ReservedCodeCacheSize=
#   JVM is running with Unscaled Compressed Oops mode in which the Java heap is
#     placed in the first 4GB address space. The Java Heap base address is the
#     maximum limit for the native heap growth. Please use -XX:HeapBaseMinAddress
#     to set the Java Heap base and to place the Java Heap above 4GB virtual address.
# This output file may be truncated or incomplete.
#
#  Out of Memory Error (allocation.cpp:272), pid=14172, tid=0x0000000000003e7c
#
# JRE version: OpenJDK Runtime Environment (8.0_452-b09) (build 1.8.0_452-b09)
# Java VM: OpenJDK 64-Bit Server VM (25.452-b09 mixed mode windows-amd64 compressed oops)
# Failed to write core dump. 
#

---------------  T H R E A D  ---------------

Current thread (0x0000025176fd0000):  JavaThread "C2 CompilerThread1" daemon [_thread_in_native, id=15996, stack(0x0000009f34f00000,0x0000009f35000000)]

Stack: [0x0000009f34f00000,0x0000009f35000000]
[error occurred during error reporting (printing stack bounds), id 0xc0000005]

Native frames: (J=compiled Java code, j=interpreted, Vv=VM code, C=native code)


Current CompileTask:
C2:447886663 19101   !   4       com.dynatrace.agent.casp.thirdparty.SoftwareComponentExtractor::extract (135 bytes)


---------------  P R O C E S S  ---------------

Java Threads: ( => current thread )
  0x000002517ef2d800 JavaThread "Camel (SEPAPPAY) thread #9 - sql://select%20*%20from%20MSGDB%20where%20QUEUEID%20=%20'CFRTNINQ'%20AND%20STATUS%20=%20'69'" daemon [_thread_blocked, id=13080, stack(0x0000009f38c00000,0x0000009f38d00000)]
  0x000002517ef2f000 JavaThread "Camel (SEPAPPAY) thread #8 - timer://mainRouteTimer2" daemon [_thread_blocked, id=4540, stack(0x0000009f33c00000,0x0000009f33d00000)]
  0x000002517ef2c800 JavaThread "MultiThreadedHttpConnectionManager cleanup" daemon [_thread_blocked, id=25312, stack(0x0000009f33400000,0x0000009f33500000)]
  0x0000025113179800 JavaThread "Camel (SEPAPPAY) thread #5 - Split" daemon [_thread_blocked, id=10920, stack(0x0000009f33500000,0x0000009f33600000)]
  0x00000251167cf000 JavaThread "hz.client_1.event-4" [_thread_blocked, id=16416, stack(0x0000009f33300000,0x0000009f33400000)]
  0x00000251167d0000 JavaThread "hz.client_1.event-2" [_thread_blocked, id=20964, stack(0x0000009f36800000,0x0000009f36900000)]
  0x00000251167ce000 JavaThread "hz.client_1.event-1" [_thread_blocked, id=19516, stack(0x0000009f38800000,0x0000009f38900000)]
  0x00000251167cc800 JavaThread "hz.client_1.internal-10" [_thread_blocked, id=5216, stack(0x0000009f36d00000,0x0000009f36e00000)]
  0x00000251167cb800 JavaThread "hz.client_1.internal-9" [_thread_blocked, id=7264, stack(0x0000009f38600000,0x0000009f38700000)]
  0x00000251167ca000 JavaThread "DestroyJavaVM" [_thread_blocked, id=16032, stack(0x0000009f33600000,0x0000009f33700000)]
  0x00000251167c5000 JavaThread "Camel (SEPAPPAY) thread #2 - timer://licensepulseTrigger" daemon [_thread_blocked, id=12452, stack(0x0000009f38400000,0x0000009f38500000)]
  0x00000251167c9000 JavaThread "CamelMainRunController" [_thread_blocked, id=8820, stack(0x0000009f38300000,0x0000009f38400000)]
  0x00000251167cb000 JavaThread "hz.client_1.internal-8" [_thread_blocked, id=23232, stack(0x0000009f38200000,0x0000009f38300000)]
  0x00000251167c7800 JavaThread "hz.client_1.internal-7" [_thread_blocked, id=13220, stack(0x0000009f38100000,0x0000009f38200000)]
  0x00000251167c4800 JavaThread "http-nio-8066-Acceptor" daemon [_thread_in_native, id=7008, stack(0x0000009f38000000,0x0000009f38100000)]
  0x000002517bd12000 JavaThread "http-nio-8066-Poller" daemon [_thread_in_native, id=23876, stack(0x0000009f37f00000,0x0000009f38000000)]
  0x0000025113182800 JavaThread "http-nio-8066-exec-10" daemon [_thread_blocked, id=20528, stack(0x0000009f37e00000,0x0000009f37f00000)]
  0x0000025113185000 JavaThread "http-nio-8066-exec-9" daemon [_thread_blocked, id=17748, stack(0x0000009f37d00000,0x0000009f37e00000)]
  0x0000025113184800 JavaThread "http-nio-8066-exec-8" daemon [_thread_blocked, id=18128, stack(0x0000009f37c00000,0x0000009f37d00000)]
  0x0000025113183800 JavaThread "http-nio-8066-exec-7" daemon [_thread_blocked, id=5732, stack(0x0000009f37b00000,0x0000009f37c00000)]
  0x0000025113181000 JavaThread "http-nio-8066-exec-6" daemon [_thread_blocked, id=24224, stack(0x0000009f37a00000,0x0000009f37b00000)]
  0x0000025113186000 JavaThread "http-nio-8066-exec-5" daemon [_thread_blocked, id=15720, stack(0x0000009f37900000,0x0000009f37a00000)]
  0x0000025113180800 JavaThread "http-nio-8066-exec-4" daemon [_thread_blocked, id=12028, stack(0x0000009f37800000,0x0000009f37900000)]
  0x000002511317c000 JavaThread "http-nio-8066-exec-3" daemon [_thread_blocked, id=12796, stack(0x0000009f37700000,0x0000009f37800000)]
  0x000002511317e800 JavaThread "http-nio-8066-exec-2" daemon [_thread_blocked, id=13384, stack(0x0000009f37600000,0x0000009f37700000)]
  0x0000025113182000 JavaThread "http-nio-8066-exec-1" daemon [_thread_blocked, id=252, stack(0x0000009f37500000,0x0000009f37600000)]
  0x000002511317b800 JavaThread "hz.client_1.internal-6" [_thread_blocked, id=12588, stack(0x0000009f37400000,0x0000009f37500000)]
  0x000002511317e000 JavaThread "Timer-1" daemon [_thread_blocked, id=12204, stack(0x0000009f37300000,0x0000009f37400000)]
  0x000002511317d000 JavaThread "hz.client_1.internal-5" [_thread_blocked, id=10504, stack(0x0000009f37200000,0x0000009f37300000)]
  0x000002511317a800 JavaThread "hz.client_1.responsethread-1-" [_thread_blocked, id=13136, stack(0x0000009f37100000,0x0000009f37200000)]
  0x000002510f8b6000 JavaThread "hz.client_1.responsethread-0-" [_thread_blocked, id=9328, stack(0x0000009f37000000,0x0000009f37100000)]
  0x000002510f8b4000 JavaThread "hz.client_1.internal-4" [_thread_blocked, id=12008, stack(0x0000009f36f00000,0x0000009f37000000)]
  0x000002510f8af800 JavaThread "hz.client_1.internal-3" [_thread_blocked, id=10432, stack(0x0000009f36e00000,0x0000009f36f00000)]
  0x000002510f8b2800 JavaThread "HikariPool-1 housekeeper" daemon [_thread_blocked, id=11972, stack(0x0000009f36c00000,0x0000009f36d00000)]
  0x000002510f8b5000 JavaThread "InterruptTimer" daemon [_thread_blocked, id=13068, stack(0x0000009f36b00000,0x0000009f36c00000)]
  0x000002510f8b0000 JavaThread "oracle.jdbc.driver.BlockSource.ThreadedCachingBlockSource.BlockReleaser" daemon [_thread_blocked, id=15436, stack(0x0000009f36a00000,0x0000009f36b00000)]
  0x000002510f8b2000 JavaThread "Timer-0" daemon [_thread_blocked, id=11868, stack(0x0000009f36900000,0x0000009f36a00000)]
  0x000002510f8a9000 JavaThread "hz.client_1.event-3" [_thread_blocked, id=6088, stack(0x0000009f36700000,0x0000009f36800000)]
  0x000002510f8ae800 JavaThread "hz.client_1.event-5" [_thread_blocked, id=18788, stack(0x0000009f36600000,0x0000009f36700000)]
  0x000002510f8a8000 JavaThread "hz.client_1.internal-3" [_thread_blocked, id=9336, stack(0x0000009f36500000,0x0000009f36600000)]
  0x000002510f8a9800 JavaThread "hz.client_1.eventRegistration-" [_thread_blocked, id=23820, stack(0x0000009f36400000,0x0000009f36500000)]
  0x000002510f8ad800 JavaThread "hz.client_1.internal-2" [_thread_blocked, id=14264, stack(0x0000009f36300000,0x0000009f36400000)]
  0x000002510f8ad000 JavaThread "hz.client_1.internal-1" [_thread_blocked, id=25460, stack(0x0000009f36200000,0x0000009f36300000)]
  0x000002510f8a7000 JavaThread "hz.client_1.internal-2" [_thread_blocked, id=8484, stack(0x0000009f36100000,0x0000009f36200000)]
  0x000002510f8ac000 JavaThread "hz.hz.client_1.IO.thread-out-0" [_thread_in_native, id=23040, stack(0x0000009f36000000,0x0000009f36100000)]
  0x000002510f8aa800 JavaThread "hz.hz.client_1.IO.thread-in-0" [_thread_in_native, id=23212, stack(0x0000009f35f00000,0x0000009f36000000)]
  0x000002510f8ab000 JavaThread "hz.client_1.internal-1" [_thread_blocked, id=12044, stack(0x0000009f35e00000,0x0000009f35f00000)]
  0x000002517bd14800 JavaThread "hz.hz.client_1.MetricsRegistry.thread-2" [_thread_blocked, id=11484, stack(0x0000009f35d00000,0x0000009f35e00000)]
  0x000002517bd18000 JavaThread "hz.hz.client_1.MetricsRegistry.thread-1" [_thread_blocked, id=25296, stack(0x0000009f35c00000,0x0000009f35d00000)]
  0x000002517bd14000 JavaThread "hz.client_1.lifecycle-1" [_thread_blocked, id=12216, stack(0x0000009f35b00000,0x0000009f35c00000)]
  0x000002517bd11800 JavaThread "container-0" [_thread_blocked, id=18424, stack(0x0000009f35a00000,0x0000009f35b00000)]
  0x000002517bd17000 JavaThread "Catalina-utility-2" [_thread_blocked, id=14144, stack(0x0000009f35700000,0x0000009f35800000)]
  0x000002517bd16000 JavaThread "Catalina-utility-1" [_thread_blocked, id=6004, stack(0x0000009f33700000,0x0000009f33800000)]
  0x000002517bcef800 JavaThread "Old I/O client worker ([id: 0x7df81d4b, /127.0.0.1:53023 => /127.0.0.1:15021])" daemon [_thread_in_native, id=18024, stack(0x0000009f35900000,0x0000009f35a00000)]
  0x000002517bd2a000 JavaThread "yajsw.pinger-0" daemon [_thread_blocked, id=21120, stack(0x0000009f35800000,0x0000009f35900000)]
  0x000002517a30b000 JavaThread "org.apache.commons.vfs.cache.SoftRefFilesCache$SoftRefReleaseThread" daemon [_thread_blocked, id=7624, stack(0x0000009f35600000,0x0000009f35700000)]
  0x0000025177882000 JavaThread "yajsw.TeeInputStream-1" daemon [_thread_in_native, id=20116, stack(0x0000009f35500000,0x0000009f35600000)]
  0x000002517766f800 JavaThread "yajsw.TeeInputStream-0" daemon [_thread_blocked, id=14872, stack(0x0000009f35400000,0x0000009f35500000)]
  0x0000025177271000 JavaThread "oneagentperiodicrequests" daemon [_thread_in_native, id=23488, stack(0x0000009f33b00000,0x0000009f33c00000)]
  0x0000025177270000 JavaThread "oneagentperiodicurls" daemon [_thread_in_native, id=12760, stack(0x0000009f33d00000,0x0000009f33e00000)]
  0x0000025177066000 JavaThread "Service Thread" daemon [_thread_blocked, id=4888, stack(0x0000009f35200000,0x0000009f35300000)]
  0x0000025177063000 JavaThread "C1 CompilerThread3" daemon [_thread_in_native, id=18228, stack(0x0000009f35100000,0x0000009f35200000)]
  0x0000025176fd1000 JavaThread "C2 CompilerThread2" daemon [_thread_in_vm, id=19772, stack(0x0000009f35000000,0x0000009f35100000)]
=>0x0000025176fd0000 JavaThread "C2 CompilerThread1" daemon [_thread_in_native, id=15996, stack(0x0000009f34f00000,0x0000009f35000000)]
  0x0000025170ed0000 JavaThread "C2 CompilerThread0" daemon [_thread_in_vm, id=17048, stack(0x0000009f34e00000,0x0000009f34f00000)]
  0x000002517702a000 JavaThread "oneagentsoftwarecomponentextraction" daemon [_thread_blocked, id=11024, stack(0x0000009f34000000,0x0000009f34100000)]
  0x0000025177029800 JavaThread "oneagentperiodiceventsmanaged" daemon [_thread_in_native, id=16640, stack(0x0000009f33f00000,0x0000009f34000000)]
  0x0000025176f9f800 JavaThread "Attach Listener" daemon [_thread_blocked, id=1404, stack(0x0000009f34d00000,0x0000009f34e00000)]
  0x0000025176ef6000 JavaThread "Finalizer" daemon [_thread_blocked, id=17832, stack(0x0000009f34c00000,0x0000009f34d00000)]
  0x0000025176f4b000 JavaThread "Reference Handler" daemon [_thread_blocked, id=10132, stack(0x0000009f34b00000,0x0000009f34c00000)]

Other Threads:
  0x0000025176d81800 VMThread [stack: 0x0000009f34a00000,0x0000009f34b00000] [id=7440]
  0x0000025177101000 WatcherThread [stack: 0x0000009f35300000,0x0000009f35400000] [id=15472]

VM state:synchronizing (normal execution)

VM Mutex/Monitor currently owned by a thread:  ([mutex/lock_event])
[0x000002517109f9b0] Threads_lock - owner thread: 0x0000025176d81800

OutOfMemory and StackOverflow Exception counts:
OutOfMemoryError java_heap_errors=1

heap address: 0x0000000080000000, size: 2048 MB, Compressed Oops mode: 32-bit
Narrow klass base: 0x0000000000000000, Narrow klass shift: 3
Compressed class space size: 1073741824 Address: 0x0000000100000000

Heap:
 PSYoungGen      total 172544K, used 120092K [0x00000000d5580000, 0x00000000e0000000, 0x0000000100000000)
  eden space 170496K, 69% used [0x00000000d5580000,0x00000000dc91afa0,0x00000000dfc00000)
  from space 2048K, 83% used [0x00000000dfe00000,0x00000000dffac0b0,0x00000000e0000000)
  to   space 2048K, 0% used [0x00000000dfc00000,0x00000000dfc00000,0x00000000dfe00000)
 ParOldGen       total 654336K, used 88696K [0x0000000080000000, 0x00000000a7f00000, 0x00000000d5580000)
  object space 654336K, 13% used [0x0000000080000000,0x000000008569e3a0,0x00000000a7f00000)
 Metaspace       used 110523K, capacity 114908K, committed 115072K, reserved 1150976K
  class space    used 13473K, capacity 14446K, committed 14464K, reserved 1048576K

Card table byte_map: [0x00000251719c0000,0x0000025171dd0000] byte_map_base: 0x00000251715c0000

Marking Bits: (ParMarkBitMap*) 0x0000000075bbb1b0
 Begin Bits: [0x0000025172080000, 0x0000025174080000)
 End Bits:   [0x0000025174080000, 0x0000025176080000)

Polling page: 0x000002516fcd0000

CodeCache: size=245760Kb used=53616Kb max_used=53756Kb free=192143Kb
 bounds [0x0000025100000000, 0x0000025103520000, 0x000002510f000000]
 total_blobs=15578 nmethods=14478 adapters=1009
 compilation: enabled

Compilation events (250 events):
Event: 433857.244 Thread 0x0000025170ed0000 18977   !   4       java.io.ObjectInputStream$BlockDataInputStream::readUTFSpan (502 bytes)
Event: 433857.245 Thread 0x0000025177063000 18978   !   3       java.io.PrintStream::newLine (73 bytes)
Event: 433857.245 Thread 0x0000025177063000 nmethod 18978 0x0000025101fcf9d0 code [0x0000025101fcfbe0, 0x0000025101fd0800]
Event: 433857.246 Thread 0x0000025177063000 18979       3       java.lang.Throwable$WrappedPrintStream::println (9 bytes)
Event: 433857.247 Thread 0x0000025177063000 nmethod 18979 0x00000251021648d0 code [0x0000025102164a80, 0x0000025102165170]
Event: 433857.248 Thread 0x0000025177063000 18980       3       java.lang.StackTraceElement::toString (140 bytes)
Event: 433857.249 Thread 0x0000025177063000 nmethod 18980 0x0000025101f6df90 code [0x0000025101f6e2c0, 0x0000025101f6ff10]
Event: 433857.254 Thread 0x0000025170ed0000 nmethod 18977 0x00000251029c61d0 code [0x00000251029c63e0, 0x00000251029c6d78]
Event: 433872.250 Thread 0x0000025177063000 18981       3       java.io.ObjectOutputStream$HandleTable::assign (52 bytes)
Event: 433872.251 Thread 0x0000025177063000 nmethod 18981 0x0000025101f277d0 code [0x0000025101f27960, 0x0000025101f27c10]
Event: 433872.258 Thread 0x0000025177063000 18982   !   3       java.io.ObjectInputStream::readTypeString (134 bytes)
Event: 433872.260 Thread 0x0000025177063000 nmethod 18982 0x0000025102920f90 code [0x00000251029212a0, 0x0000025102922710]
Event: 433887.461 Thread 0x0000025176fd1000 18983   !   4       java.io.ObjectStreamClass::getReflector (336 bytes)
Event: 433887.473 Thread 0x0000025177063000 18984       3       java.io.ObjectStreamClass::computeFieldOffsets (307 bytes)
Event: 433887.474 Thread 0x0000025177063000 nmethod 18984 0x00000251022f6210 code [0x00000251022f6420, 0x00000251022f6e30]
Event: 433887.474 Thread 0x0000025177063000 18985       3       java.io.ObjectStreamClass$FieldReflectorKey::<init> (102 bytes)
Event: 433887.474 Thread 0x0000025176fd0000 18986       4       org.apache.camel.support.ServiceSupport::isSuspending (8 bytes)
Event: 433887.475 Thread 0x0000025177063000 nmethod 18985 0x0000025102326b50 code [0x0000025102326d20, 0x0000025102327560]
Event: 433887.475 Thread 0x0000025177063000 18987       1       org.apache.camel.impl.DefaultRouteStartupOrder::getStartupOrder (5 bytes)
Event: 433887.475 Thread 0x0000025177063000 nmethod 18987 0x0000025102920c50 code [0x0000025102920da0, 0x0000025102920eb8]
Event: 433887.475 Thread 0x0000025176fd0000 nmethod 18986 0x000002510080acd0 code [0x000002510080ae00, 0x000002510080ae78]
Event: 433887.478 Thread 0x0000025177063000 18988   !   3       org.apache.camel.support.ServiceSupport::start (328 bytes)
Event: 433887.480 Thread 0x0000025177063000 nmethod 18988 0x0000025100fc3910 code [0x0000025100fc3ca0, 0x0000025100fc6a80]
Event: 433887.500 Thread 0x0000025176fd1000 nmethod 18983 0x000002510291ad10 code [0x000002510291b040, 0x000002510291d600]
Event: 433887.508 Thread 0x0000025177063000 18989       1       org.apache.camel.processor.RedeliveryErrorHandler::getRedeliveryPolicy (5 bytes)
Event: 433887.509 Thread 0x0000025177063000 nmethod 18989 0x00000251022f5e90 code [0x00000251022f5fe0, 0x00000251022f60f8]
Event: 433887.509 Thread 0x0000025177063000 18990       1       org.apache.camel.processor.RedeliveryPolicy::getMaximumRedeliveries (5 bytes)
Event: 433887.509 Thread 0x0000025177063000 nmethod 18990 0x0000025102164610 code [0x0000025102164760, 0x0000025102164878]
Event: 433887.509 Thread 0x0000025177063000 18991       1       org.apache.camel.model.OnExceptionDefinition::getRedeliveryPolicyRef (5 bytes)
Event: 433887.509 Thread 0x0000025177063000 nmethod 18991 0x00000251027272d0 code [0x0000025102727420, 0x0000025102727538]
Event: 433887.509 Thread 0x0000025177063000 18992       1       org.apache.camel.model.RedeliveryPolicyDefinition::getMaximumRedeliveries (5 bytes)
Event: 433887.509 Thread 0x0000025177063000 nmethod 18992 0x00000251021126d0 code [0x0000025102112820, 0x0000025102112938]
Event: 433887.516 Thread 0x0000025176fd0000 18993       4       org.apache.logging.log4j.spi.AbstractLogger::logIfEnabled (29 bytes)
Event: 433887.516 Thread 0x0000025176fd1000 18994       4       org.apache.logging.log4j.spi.AbstractLogger::logMessage (34 bytes)
Event: 433887.519 Thread 0x0000025170ed0000 18995       4       org.apache.logging.slf4j.Log4jLogger::isDebugEnabled (15 bytes)
Event: 433887.520 Thread 0x0000025170ed0000 nmethod 18995 0x0000025100e2f550 code [0x0000025100e2f6a0, 0x0000025100e2f7b8]
Event: 433887.523 Thread 0x0000025176fd1000 nmethod 18994 0x0000025101172250 code [0x0000025101172400, 0x0000025101172c18]
Event: 433887.525 Thread 0x0000025176fd0000 nmethod 18993 0x00000251021f1cd0 code [0x00000251021f1e80, 0x00000251021f2718]
Event: 433887.531 Thread 0x0000025177063000 18996   !   3       org.apache.camel.util.CamelContextHelper::parseInteger (121 bytes)
Event: 433887.532 Thread 0x0000025177063000 nmethod 18996 0x00000251027de490 code [0x00000251027de7a0, 0x00000251027dffe0]
Event: 433887.558 Thread 0x0000025177063000 18997       1       org.apache.camel.support.LifecycleStrategySupport::onServiceAdd (1 bytes)
Event: 433887.559 Thread 0x0000025177063000 nmethod 18997 0x0000025101171f90 code [0x00000251011720e0, 0x00000251011721f8]
Event: 433887.573 Thread 0x0000025177063000 18998       3       org.apache.camel.processor.DelegateAsyncProcessor::hasNext (13 bytes)
Event: 433887.573 Thread 0x0000025177063000 nmethod 18998 0x000002510293c790 code [0x000002510293c8e0, 0x000002510293ca98]
Event: 433887.615 Thread 0x0000025177063000 18999       3       org.apache.camel.processor.DelegateAsyncProcessor::doStart (15 bytes)
Event: 433887.616 Thread 0x0000025177063000 nmethod 18999 0x0000025102323a10 code [0x0000025102323bc0, 0x0000025102324230]
Event: 433887.616 Thread 0x0000025177063000 19000       3       org.apache.camel.processor.MulticastProcessor::doStart (150 bytes)
Event: 433887.617 Thread 0x0000025177063000 nmethod 19000 0x000002510222ec10 code [0x000002510222eee0, 0x0000025102230970]
Event: 433887.619 Thread 0x0000025177063000 19001       3       java.lang.Integer::valueOf (10 bytes)
Event: 433887.620 Thread 0x0000025177063000 nmethod 19001 0x000002510222e390 code [0x000002510222e520, 0x000002510222e910]
Event: 433887.642 Thread 0x0000025177063000 19002   !   3       org.apache.camel.impl.converter.BaseTypeConverterRegistry::mandatoryConvertTo (155 bytes)
Event: 433887.643 Thread 0x0000025177063000 nmethod 19002 0x0000025102057250 code [0x0000025102057560, 0x0000025102058c40]
Event: 433887.665 Thread 0x0000025170ed0000 19003       4       org.apache.logging.slf4j.Log4jLoggerFactory$$Lambda$5/1207608476::test (8 bytes)
Event: 433887.667 Thread 0x0000025170ed0000 nmethod 19003 0x0000025102109190 code [0x00000251021092e0, 0x00000251021094c8]
Event: 433887.768 Thread 0x0000025176fd1000 19004       4       org.apache.camel.util.ServiceHelper::startService (11 bytes)
Event: 433887.769 Thread 0x0000025176fd1000 nmethod 19004 0x0000025102000190 code [0x00000251020002c0, 0x0000025102000338]
Event: 433887.786 Thread 0x0000025177063000 19005       3       org.apache.camel.com.github.benmanes.caffeine.cache.StripedBuffer::drainTo (52 bytes)
Event: 433887.786 Thread 0x0000025177063000 nmethod 19005 0x0000025100883e10 code [0x0000025100883f80, 0x0000025100884310]
Event: 433887.787 Thread 0x0000025177063000 19006       3       org.apache.camel.util.StringHelper::capitalize (70 bytes)
Event: 433887.787 Thread 0x0000025177063000 nmethod 19006 0x00000251011aab90 code [0x00000251011aada0, 0x00000251011ab910]
Event: 433887.788 Thread 0x0000025177063000 19007       1       org.apache.camel.impl.DefaultRoute::getRouteContext (5 bytes)
Event: 433887.788 Thread 0x0000025177063000 nmethod 19007 0x0000025100136610 code [0x0000025100136760, 0x0000025100136878]
Event: 433887.789 Thread 0x0000025177063000 19008       3       org.apache.camel.support.ServiceSupport::getStatus (70 bytes)
Event: 433887.790 Thread 0x0000025177063000 nmethod 19008 0x0000025101981210 code [0x0000025101981400, 0x0000025101982290]
Event: 433887.790 Thread 0x0000025177063000 19009       3       org.apache.camel.impl.DefaultCamelContext::getRouteStatus (25 bytes)
Event: 433887.791 Thread 0x0000025177063000 nmethod 19009 0x0000025100bbe6d0 code [0x0000025100bbe860, 0x0000025100bbec80]
Event: 433887.791 Thread 0x0000025177063000 19010   !   3       org.apache.camel.support.ChildServiceSupport::start (307 bytes)
Event: 433887.792 Thread 0x0000025177063000 nmethod 19010 0x00000251029ec710 code [0x00000251029ec9e0, 0x00000251029ee990]
Event: 433887.793 Thread 0x0000025177063000 19011       1       org.apache.camel.impl.RouteService::getCamelContext (5 bytes)
Event: 433887.793 Thread 0x0000025177063000 nmethod 19011 0x00000251020ef4d0 code [0x00000251020ef620, 0x00000251020ef738]
Event: 433887.796 Thread 0x0000025176fd0000 19012 %     4       com.sun.crypto.provider.AESCrypt::expandToSubKey @ 94 (139 bytes)
Event: 433887.800 Thread 0x0000025176fd0000 nmethod 19012% 0x0000025100c743d0 code [0x0000025100c74520, 0x0000025100c74838]
Event: 433887.820 Thread 0x0000025177063000 19013       3       java.io.ObjectInputStream::readLong (8 bytes)
Event: 433887.820 Thread 0x0000025177063000 nmethod 19013 0x00000251032a3dd0 code [0x00000251032a3f40, 0x00000251032a40d0]
Event: 433887.830 Thread 0x0000025170ed0000 19014       4       java.io.ObjectStreamClass::classNamesEqual (32 bytes)
Event: 433887.838 Thread 0x0000025177063000 19015   !   3       java.io.ObjectStreamClass::readNonProxy (407 bytes)
Event: 433887.840 Thread 0x0000025177063000 nmethod 19015 0x0000025102a8f650 code [0x0000025102a8fb60, 0x0000025102a92f80]
Event: 433887.841 Thread 0x0000025177063000 19017       3       java.io.ObjectStreamClass::initNonProxy (551 bytes)
Event: 433887.842 Thread 0x0000025170ed0000 nmethod 19014 0x00000251015cd590 code [0x00000251015cd720, 0x00000251015ce238]
Event: 433887.843 Thread 0x0000025177063000 nmethod 19017 0x00000251028fef50 code [0x00000251028ff400, 0x0000025102902690]
Event: 433887.843 Thread 0x0000025177063000 19016       3       java.io.ObjectInputStream::readShort (8 bytes)
Event: 433887.843 Thread 0x0000025177063000 nmethod 19016 0x000002510256e210 code [0x000002510256e380, 0x000002510256e530]
Event: 433887.861 Thread 0x0000025176fd1000 19018       4       sun.security.provider.SHA::implCompress (13 bytes)
Event: 433887.862 Thread 0x0000025176fd1000 nmethod 19018 0x0000025102022650 code [0x00000251020227a0, 0x0000025102022878]
Event: 433887.867 Thread 0x0000025177063000 19019       3       sun.security.provider.SHA::implDigest (96 bytes)
Event: 433887.867 Thread 0x0000025177063000 nmethod 19019 0x000002510211f5d0 code [0x000002510211f7c0, 0x000002510211fe90]
Event: 433896.134 Thread 0x0000025177063000 19020   !   3       sun.nio.ch.SocketChannelImpl::read (389 bytes)
Event: 433896.136 Thread 0x0000025177063000 nmethod 19020 0x00000251027adcd0 code [0x00000251027adfe0, 0x00000251027b0100]
Event: 433896.136 Thread 0x0000025177063000 19021   !   3       oracle.jdbc.driver.T4CMAREngineNIO::prepareForUnmarshall (151 bytes)
Event: 433896.137 Thread 0x0000025177063000 nmethod 19021 0x000002510275fd90 code [0x000002510275ffe0, 0x0000025102761170]
Event: 433898.850 Thread 0x0000025170ed0000 19022 %     4       com.sun.crypto.provider.AESCrypt::expandToSubKey @ 103 (139 bytes)
Event: 433898.854 Thread 0x0000025170ed0000 nmethod 19022% 0x0000025101214fd0 code [0x0000025101215120, 0x0000025101215458]
Event: 433900.307 Thread 0x0000025176fd1000 19023       4       com.sun.crypto.provider.AESCrypt::makeSessionKey (790 bytes)
Event: 433900.345 Thread 0x0000025176fd1000 nmethod 19023 0x0000025102735c10 code [0x0000025102735de0, 0x0000025102737b38]
Event: 433900.678 Thread 0x0000025177063000 19024       3       oracle.net.ns.NSProtocolNIO::doSocketRead (112 bytes)
Event: 433900.679 Thread 0x0000025177063000 nmethod 19024 0x0000025102197450 code [0x0000025102197620, 0x0000025102197e00]
Event: 433900.795 Thread 0x0000025177063000 19025       3       oracle.net.ns.NIOPacket::readFromSocketChannel (112 bytes)
Event: 433900.796 Thread 0x0000025177063000 nmethod 19025 0x0000025102322dd0 code [0x0000025102322fc0, 0x00000251023236f0]
Event: 433901.684 Thread 0x0000025177063000 19026       3       oracle.net.nt.TcpNTAdapter::setOption (158 bytes)
Event: 433901.685 Thread 0x0000025177063000 nmethod 19026 0x0000025102022ad0 code [0x0000025102022d00, 0x0000025102023a90]
Event: 433912.766 Thread 0x0000025170ed0000 19027       4       java.lang.Thread::checkAccess (14 bytes)
Event: 433912.767 Thread 0x0000025170ed0000 nmethod 19027 0x00000251028c6450 code [0x00000251028c6580, 0x00000251028c6618]
Event: 433915.284 Thread 0x0000025177063000 19028   !   3       oracle.jdbc.driver.T4CTTIfun::receive (740 bytes)
Event: 433915.287 Thread 0x0000025177063000 nmethod 19028 0x00000251032aaf50 code [0x00000251032ab5a0, 0x00000251032afac0]
Event: 433915.786 Thread 0x0000025177063000 19029   !   3       oracle.jdbc.driver.T4CTTIfun::doRPC (264 bytes)
Event: 433915.787 Thread 0x0000025177063000 nmethod 19029 0x00000251028fc8d0 code [0x00000251028fcbe0, 0x00000251028fe2f0]
Event: 433944.476 Thread 0x0000025177063000 19030   !   3       java.util.concurrent.ThreadPoolExecutor::getTask (179 bytes)
Event: 433944.477 Thread 0x0000025177063000 nmethod 19030 0x0000025102557050 code [0x00000251025572a0, 0x00000251025583e0]
Event: 433953.029 Thread 0x0000025177063000 19031   !   3       com.zaxxer.hikari.pool.PoolBase::isConnectionAlive (313 bytes)
Event: 433953.031 Thread 0x0000025177063000 nmethod 19031 0x00000251028a2110 code [0x00000251028a2440, 0x00000251028a40f0]
Event: 433954.035 Thread 0x0000025177063000 19032       3       oracle.jdbc.driver.PhysicalConnection::isValid (139 bytes)
Event: 433954.036 Thread 0x0000025177063000 nmethod 19032 0x000002510211e1d0 code [0x000002510211e3c0, 0x000002510211ed20]
Event: 433954.036 Thread 0x0000025177063000 19033   !   3       oracle.net.ns.NIOPacket::readInbandNotificationCtlPacket (751 bytes)
Event: 433954.038 Thread 0x0000025177063000 nmethod 19033 0x000002510287c9d0 code [0x000002510287cec0, 0x000002510287fff0]
Event: 433957.556 Thread 0x0000025177063000 19034   !   3       org.apache.camel.impl.ScheduledPollConsumer::doRun (668 bytes)
Event: 433957.560 Thread 0x0000025177063000 nmethod 19034 0x00000251034c4a90 code [0x00000251034c5220, 0x00000251034caee0]
Event: 433957.561 Thread 0x0000025177063000 19036   !   3       org.springframework.jdbc.datasource.DataSourceUtils::getConnection (48 bytes)
Event: 433957.561 Thread 0x0000025177063000 nmethod 19036 0x00000251028a10d0 code [0x00000251028a12e0, 0x00000251028a1c50]
Event: 433957.562 Thread 0x0000025177063000 19035       3       org.apache.camel.support.ServiceSupport::isRunAllowed (115 bytes)
Event: 433957.563 Thread 0x0000025177063000 nmethod 19035 0x0000025101fc6c10 code [0x0000025101fc6e20, 0x0000025101fc8058]
Event: 433957.564 Thread 0x0000025177063000 19037   !   3       java.lang.Thread::interrupt (56 bytes)
Event: 433957.564 Thread 0x0000025177063000 nmethod 19037 0x000002510100bb90 code [0x000002510100bd40, 0x000002510100c4a0]
Event: 433982.226 Thread 0x0000025170ed0000 19038   !   4       sun.nio.ch.SocketChannelImpl::ensureReadOpen (57 bytes)
Event: 433982.228 Thread 0x0000025170ed0000 nmethod 19038 0x00000251026d9fd0 code [0x00000251026da120, 0x00000251026da5f8]
Event: 434070.793 Thread 0x0000025177063000 19039       3       java.util.concurrent.ConcurrentHashMap$ValueSpliterator::forEachRemaining (35 bytes)
Event: 434070.793 Thread 0x0000025177063000 nmethod 19039 0x00000251015ccd10 code [0x00000251015ccea0, 0x00000251015cd310]
Event: 434109.083 Thread 0x0000025176fd0000 19040   !   4       oracle.jdbc.driver.T4CConnection::checkEndReplayCallback (127 bytes)
Event: 434109.084 Thread 0x0000025176fd0000 nmethod 19040 0x000002510100b910 code [0x000002510100ba40, 0x000002510100bab8]
Event: 434172.846 Thread 0x0000025176fd1000 19041       4       java.io.ObjectInputStream$BlockDataInputStream::readFully (42 bytes)
Event: 434172.851 Thread 0x0000025176fd1000 nmethod 19041 0x00000251028fbb50 code [0x00000251028fbce0, 0x00000251028fc1e8]
Event: 434292.842 Thread 0x0000025176fd0000 19042   !   4       com.acesw.appletservlet.ACERequestAdapter$1::run (771 bytes)
Event: 434293.216 Thread 0x0000025176fd0000 nmethod 19042 0x00000251034d9150 code [0x00000251034d9960, 0x00000251034e2da8]
Event: 434397.835 Thread 0x0000025177063000 19043       3       java.io.ObjectStreamClass::getPrimFieldValues (10 bytes)
Event: 434397.836 Thread 0x0000025177063000 nmethod 19043 0x00000251001ea490 code [0x00000251001ea600, 0x00000251001ea790]
Event: 434397.836 Thread 0x0000025177063000 19045   !   3       java.io.ObjectOutputStream::defaultWriteFields (270 bytes)
Event: 434397.837 Thread 0x0000025177063000 nmethod 19045 0x0000025101e40a90 code [0x0000025101e40d00, 0x0000025101e41a00]
Event: 434397.838 Thread 0x0000025177063000 19044       3       java.io.ObjectStreamClass::getObjFieldValues (10 bytes)
Event: 434397.839 Thread 0x0000025177063000 nmethod 19044 0x00000251027ad850 code [0x00000251027ad9c0, 0x00000251027adb50]
Event: 434397.840 Thread 0x0000025177063000 19046       3       java.io.ObjectStreamClass::checkDefaultSerialize (20 bytes)
Event: 434397.840 Thread 0x0000025177063000 nmethod 19046 0x0000025102835610 code [0x00000251028357c0, 0x0000025102835c20]
Event: 434405.259 Thread 0x0000025176fd1000 19047  s    4       oracle.jdbc.driver.T4CConnection::drainOnInbandNotification (42 bytes)
Event: 434405.259 Thread 0x0000025176fd0000 19048   !   4       oracle.net.ns.NSProtocolNIO::readInbandNotification (35 bytes)
Event: 434405.260 Thread 0x0000025176fd0000 nmethod 19048 0x0000025102028190 code [0x00000251020282e0, 0x00000251020283e8]
Event: 434405.262 Thread 0x0000025176fd1000 nmethod 19047 0x00000251010b4090 code [0x00000251010b4200, 0x00000251010b4648]
Event: 434426.481 Thread 0x0000025170ed0000 19049   !   4       sun.nio.ch.SocketChannelImpl::read (389 bytes)
Event: 434426.502 Thread 0x0000025170ed0000 nmethod 19049 0x00000251027b16d0 code [0x00000251027b1900, 0x00000251027b3b60]
Event: 434441.581 Thread 0x0000025176fd0000 19050   !   4       oracle.jdbc.driver.T4CMAREngineNIO::prepareForUnmarshall (151 bytes)
Event: 434441.622 Thread 0x0000025176fd0000 nmethod 19050 0x0000025102874a90 code [0x0000025102874ec0, 0x0000025102877168]
Event: 434455.180 Thread 0x0000025177063000 19051       1       java.nio.Bits::makeShort (12 bytes)
Event: 434455.180 Thread 0x0000025177063000 nmethod 19051 0x000002510275fad0 code [0x000002510275fc20, 0x000002510275fd38]
Event: 434557.353 Thread 0x0000025176fd1000 19052       4       oracle.jdbc.driver.T4CMAREngineNIO::unmarshalUB1 (22 bytes)
Event: 434557.354 Thread 0x0000025176fd1000 nmethod 19052 0x0000025101980dd0 code [0x0000025101980f20, 0x0000025101981048]
Event: 434791.066 Thread 0x0000025177063000 19053       3       oracle.jdbc.driver.PhysicalConnection::isValid (10 bytes)
Event: 434791.066 Thread 0x0000025177063000 nmethod 19053 0x0000025101fc67d0 code [0x0000025101fc6940, 0x0000025101fc6b70]
Event: 434792.071 Thread 0x0000025170ed0000 19054   !   4       oracle.jdbc.driver.PhysicalConnection::pingDatabase (79 bytes)
Event: 434792.091 Thread 0x0000025170ed0000 nmethod 19054 0x0000025101f71890 code [0x0000025101f71b20, 0x0000025101f736a0]
Event: 435159.082 Thread 0x0000025176fd0000 19055       4       oracle.net.nt.TcpNTAdapter::setOption (158 bytes)
Event: 435159.100 Thread 0x0000025176fd0000 nmethod 19055 0x00000251033824d0 code [0x00000251033826c0, 0x0000025103383628]
Event: 435172.681 Thread 0x0000025176fd1000 19056   !   4       oracle.jdbc.driver.T4CTTIfun::receive (740 bytes)
Event: 435172.703 Thread 0x0000025176fd1000 nmethod 19056 0x0000025102368150 code [0x0000025102368660, 0x0000025102369ba0]
Event: 435310.141 Thread 0x0000025170ed0000 19057       4       oracle.jdbc.driver.T4CConnection::enterMarshalling (46 bytes)
Event: 435310.143 Thread 0x0000025170ed0000 nmethod 19057 0x000002510062f7d0 code [0x000002510062f920, 0x000002510062fa48]
Event: 435328.753 Thread 0x0000025176fd1000 19058       4       java.util.TimSort::sort (229 bytes)
Event: 435328.773 Thread 0x0000025176fd1000 nmethod 19058 0x00000251020e9110 code [0x00000251020e9300, 0x00000251020ea710]
Event: 435398.845 Thread 0x0000025176fd0000 19059   !   4       oracle.jdbc.driver.T4CTTIfun::doRPC (264 bytes)
Event: 435398.866 Thread 0x0000025176fd0000 nmethod 19059 0x0000025102458910 code [0x0000025102458b60, 0x0000025102459b80]
Event: 435522.807 Thread 0x0000025177063000 19060   !   3       com.acesw.appletservlet.ACERequestAdapter::send (565 bytes)
Event: 435522.807 Thread 0x0000025176fd0000 19061       4       com.acesw.appletservlet.ACERequestAdapter$1::<init> (16 bytes)
Event: 435522.809 Thread 0x0000025176fd0000 nmethod 19061 0x0000025100cda490 code [0x0000025100cda5e0, 0x0000025100cda748]
Event: 435522.812 Thread 0x0000025177063000 nmethod 19060 0x00000251034efb10 code [0x00000251034f04a0, 0x00000251034f7830]
Event: 435672.803 Thread 0x0000025177063000 19062   !   3       ai.pelican.camel.license.PulseTask::customRun (610 bytes)
Event: 435672.808 Thread 0x0000025177063000 nmethod 19062 0x00000251034fc6d0 code [0x00000251034fd160, 0x0000025103504f30]
Event: 435778.740 Thread 0x0000025177063000 19063       3       org.apache.camel.component.timer.TimerConsumer::onCamelContextStarted (33 bytes)
Event: 435778.740 Thread 0x0000025177063000 nmethod 19063 0x0000025100a99bd0 code [0x0000025100a99d60, 0x0000025100a9a200]
Event: 436048.732 Thread 0x0000025177063000 19064   !   3       org.apache.camel.impl.DefaultCamelContext::doStartOrResumeRoutes (235 bytes)
Event: 436048.734 Thread 0x0000025177063000 nmethod 19064 0x00000251032a6f90 code [0x00000251032a7340, 0x00000251032a9aa0]
Event: 436212.791 Thread 0x0000025170ed0000 19065       4       java.io.ObjectOutputStream$BlockDataOutputStream::writeInt (46 bytes)
Event: 436212.792 Thread 0x0000025170ed0000 nmethod 19065 0x0000025100634890 code [0x00000251006349e0, 0x0000025100634b18]
Event: 436445.150 Thread 0x0000025176fd0000 19066   !   4       java.util.concurrent.ThreadPoolExecutor::getTask (179 bytes)
Event: 436445.156 Thread 0x0000025176fd0000 nmethod 19066 0x00000251006ef290 code [0x00000251006ef440, 0x00000251006ef8c8]
Event: 436469.821 Thread 0x0000025170ed0000 19067   !   4       oracle.net.ns.NIOPacket::readInbandNotificationCtlPacket (751 bytes)
Event: 436469.835 Thread 0x0000025170ed0000 nmethod 19067 0x0000025102067410 code [0x0000025102067720, 0x0000025102068aa0]
Event: 436473.344 Thread 0x0000025176fd1000 19068   !   4       org.apache.camel.impl.ScheduledPollConsumer::doRun (668 bytes)
Event: 436473.344 Thread 0x0000025176fd0000 19069   !   4       org.springframework.jdbc.datasource.DataSourceUtils::getConnection (48 bytes)
Event: 436473.358 Thread 0x0000025176fd1000 nmethod 19068 0x0000025102a0f790 code [0x0000025102a0fa20, 0x0000025102a109c0]
Event: 436473.468 Thread 0x0000025176fd0000 nmethod 19069 0x0000025103509550 code [0x0000025103509d40, 0x000002510350f720]
Event: 436731.078 Thread 0x0000025170ed0000 19070       4       oracle.net.ns.NSProtocol::setOption (29 bytes)
Event: 436731.079 Thread 0x0000025170ed0000 nmethod 19070 0x000002510067ae90 code [0x000002510067afe0, 0x000002510067b0e8]
Event: 437032.351 Thread 0x0000025177063000 19071  s    3       com.zaxxer.hikari.pool.HikariPool::fillPool (78 bytes)
Event: 437032.352 Thread 0x0000025177063000 nmethod 19071 0x00000251029c4990 code [0x00000251029c4b60, 0x00000251029c56f0]
Event: 437577.749 Thread 0x0000025176fd1000 19072       4       java.io.ObjectInputStream$BlockDataInputStream::readUTFBody (192 bytes)
Event: 437577.761 Thread 0x0000025176fd1000 nmethod 19072 0x00000251028f7250 code [0x00000251028f7420, 0x00000251028f7fc8]
Event: 437698.677 Thread 0x0000025177063000 19073   !   3       org.apache.camel.impl.DefaultCamelContext::doStartOrResumeRouteConsumers (803 bytes)
Event: 437698.682 Thread 0x0000025177063000 nmethod 19073 0x0000025102a21c90 code [0x0000025102a226e0, 0x0000025102a2a7b0]
Event: 438852.708 Thread 0x0000025176fd0000 19074       4       java.io.ObjectInputStream$HandleTable::markDependency (171 bytes)
Event: 438852.714 Thread 0x0000025176fd0000 nmethod 19074 0x0000025101f70b10 code [0x0000025101f70ca0, 0x0000025101f71388]
Event: 439482.683 Thread 0x0000025176fd1000 19075       4       java.math.MutableBigInteger::divideMagnitude (1307 bytes)
Event: 439482.715 Thread 0x0000025176fd1000 nmethod 19075 0x0000025102a1e3d0 code [0x0000025102a1e5a0, 0x0000025102a203d8]
Event: 439932.671 Thread 0x0000025170ed0000 19076       4       sun.nio.cs.StreamEncoder::writeBytes (132 bytes)
Event: 439932.673 Thread 0x0000025170ed0000 nmethod 19076 0x0000025100c63f90 code [0x0000025100c640e0, 0x0000025100c642c8]
Event: 440652.655 Thread 0x0000025176fd0000 19077       4       java.io.ObjectInputStream$BlockDataInputStream::readInt (73 bytes)
Event: 440652.660 Thread 0x0000025176fd0000 nmethod 19077 0x000002510197b310 code [0x000002510197b4a0, 0x000002510197b908]
Event: 440787.648 Thread 0x0000025176fd1000 19078       4       java.io.ObjectStreamClass$FieldReflector::getObjFieldValues (99 bytes)
Event: 440787.651 Thread 0x0000025176fd1000 nmethod 19078 0x00000251008c35d0 code [0x00000251008c3720, 0x00000251008c3978]
Event: 441037.112 Thread 0x0000025177063000 19079   !   3       java.util.concurrent.FutureTask::run (126 bytes)
Event: 441037.113 Thread 0x0000025177063000 nmethod 19079 0x00000251026f3110 code [0x00000251026f3300, 0x00000251026f3c50]
Event: 441038.508 Thread 0x0000025177063000 19080       3       java.util.concurrent.FutureTask::finishCompletion (74 bytes)
Event: 441038.508 Thread 0x0000025177063000 nmethod 19080 0x00000251021cd250 code [0x00000251021cd400, 0x00000251021cda00]
Event: 441045.999 Thread 0x0000025177063000 19081       3       java.util.concurrent.ThreadPoolExecutor::execute (132 bytes)
Event: 441046.000 Thread 0x0000025177063000 nmethod 19081 0x000002510267c010 code [0x000002510267c260, 0x000002510267d250]
Event: 441046.043 Thread 0x0000025176fd0000 19082       4       oracle.net.ns.ClientProfile::setANOVersion (58 bytes)
Event: 441046.043 Thread 0x0000025176fd0000 nmethod 19082 0x0000025102041490 code [0x00000251020415c0, 0x0000025102041678]
Event: 441047.207 Thread 0x0000025177063000 19083   !   3       java.util.concurrent.LinkedBlockingQueue::poll (134 bytes)
Event: 441047.208 Thread 0x0000025177063000 nmethod 19083 0x000002510336d5d0 code [0x000002510336d8e0, 0x000002510336f220]
Event: 441087.640 Thread 0x0000025170ed0000 19084       4       java.util.HashMap::removeNode (291 bytes)
Event: 441087.647 Thread 0x0000025170ed0000 nmethod 19084 0x0000025101e2ba10 code [0x0000025101e2bbc0, 0x0000025101e2ca18]
Event: 441117.642 Thread 0x0000025176fd1000 19085       4       java.io.ObjectStreamClass$FieldReflector::getPrimFieldValues (317 bytes)
Event: 441117.646 Thread 0x0000025176fd1000 nmethod 19085 0x000002510336c9d0 code [0x000002510336cc80, 0x000002510336d0c0]
Event: 441627.626 Thread 0x0000025170ed0000 19086   !   4       java.io.ObjectOutputStream::writeObject0 (619 bytes)
Event: 441627.694 Thread 0x0000025170ed0000 nmethod 19086 0x0000025102381a50 code [0x0000025102381f00, 0x00000251023850b0]
Event: 442362.613 Thread 0x0000025176fd1000 19087       4       java.io.ObjectInputStream$HandleTable::finish (111 bytes)
Event: 442362.616 Thread 0x0000025176fd1000 nmethod 19087 0x0000025100e984d0 code [0x0000025100e98620, 0x0000025100e98758]
Event: 442520.906 Thread 0x0000025170ed0000 19088       4       java.util.concurrent.locks.LockSupport::parkNanos (29 bytes)
Event: 442520.907 Thread 0x0000025170ed0000 nmethod 19088 0x0000025102556d50 code [0x0000025102556ea0, 0x0000025102556f68]
Event: 442525.306 Thread 0x0000025177063000 19089       3       java.util.concurrent.locks.AbstractQueuedSynchronizer$ConditionObject::awaitNanos (156 bytes)
Event: 442525.308 Thread 0x0000025177063000 nmethod 19089 0x00000251006423d0 code [0x00000251006426e0, 0x0000025100643e20]
Event: 442737.598 Thread 0x0000025170ed0000 19090       4       java.io.ObjectOutputStream::writeTypeString (40 bytes)
Event: 442737.624 Thread 0x0000025170ed0000 nmethod 19090 0x0000025102243390 code [0x0000025102243560, 0x0000025102244528]
Event: 442815.629 Thread 0x0000025176fd1000 19091       4       java.util.concurrent.locks.AbstractQueuedSynchronizer$ConditionObject::awaitNanos (156 bytes)
Event: 442815.644 Thread 0x0000025176fd1000 nmethod 19091 0x000002510212dc50 code [0x000002510212de60, 0x000002510212ed90]
Event: 444327.556 Thread 0x0000025170ed0000 19092   !   4       java.io.ObjectInputStream::readTypeString (134 bytes)
Event: 444327.572 Thread 0x0000025170ed0000 nmethod 19092 0x00000251029c95d0 code [0x00000251029c9900, 0x00000251029ca948]
Event: 444448.483 Thread 0x0000025176fd0000 19093       4       org.apache.camel.support.ServiceSupport::getStatus (70 bytes)
Event: 444448.484 Thread 0x0000025176fd0000 nmethod 19093 0x0000025101019e10 code [0x0000025101019f60, 0x000002510101a0f8]
Event: 444477.543 Thread 0x0000025170ed0000 19094       4       sun.security.provider.SHA::implDigest (96 bytes)
Event: 444477.547 Thread 0x0000025170ed0000 nmethod 19094 0x0000025100881b90 code [0x0000025100881d00, 0x00000251008820e8]
Event: 444546.289 Thread 0x0000025177063000 19095   !   3       java.util.ResourceBundle::findBundle (334 bytes)
Event: 444546.291 Thread 0x0000025177063000 nmethod 19095 0x000002510279f410 code [0x000002510279f7c0, 0x00000251027a1a40]
Event: 446037.514 Thread 0x0000025170ed0000 19096   !   4       java.io.ObjectInputStream$BlockDataInputStream::refill (136 bytes)
Event: 446037.524 Thread 0x0000025170ed0000 nmethod 19096 0x0000025102654450 code [0x0000025102654660, 0x0000025102655450]
Event: 446550.796 Thread 0x0000025176fd1000 19097       4       java.util.concurrent.ConcurrentHashMap$ValueSpliterator::forEachRemaining (35 bytes)
Event: 446550.800 Thread 0x0000025176fd1000 nmethod 19097 0x0000025100e45090 code [0x0000025100e45200, 0x0000025100e456a8]
Event: 447177.480 Thread 0x0000025176fd0000 19098       4       java.io.ObjectInputStream$BlockDataInputStream::readLong (76 bytes)
Event: 447177.485 Thread 0x0000025176fd0000 nmethod 19098 0x00000251032a6350 code [0x00000251032a64e0, 0x00000251032a6988]
Event: 447886.649 Thread 0x0000025170ed0000 19099       4       sun.nio.fs.WindowsDirectoryStream$WindowsDirectoryIterator::next (5 bytes)
Event: 447886.649 Thread 0x0000025176fd1000 19100  s    4       sun.nio.fs.WindowsDirectoryStream$WindowsDirectoryIterator::next (48 bytes)
Event: 447886.650 Thread 0x0000025170ed0000 nmethod 19099 0x0000025101e3f4d0 code [0x0000025101e3f620, 0x0000025101e3f838]
Event: 447886.650 Thread 0x0000025176fd1000 nmethod 19100 0x0000025102096150 code [0x00000251020962a0, 0x00000251020964b8]
Event: 447886.651 Thread 0x0000025176fd0000 19101   !   4       com.dynatrace.agent.casp.thirdparty.SoftwareComponentExtractor::extract (135 bytes)
Event: 447886.651 Thread 0x0000025176fd1000 19102       4       com.dynatrace.agent.casp.thirdparty.SoftwareComponentExtractor::doExtract (138 bytes)

GC Heap History (250 events):
Event: 424273.696 GC heap before
{Heap before GC invocations=2234 (full 4):
 PSYoungGen      total 172544K, used 172064K [0x00000000d5580000, 0x00000000e0000000, 0x0000000100000000)
  eden space 170496K, 100% used [0x00000000d5580000,0x00000000dfc00000,0x00000000dfc00000)
  from space 2048K, 76% used [0x00000000dfc00000,0x00000000dfd880a0,0x00000000dfe00000)
  to   space 2048K, 0% used [0x00000000dfe00000,0x00000000dfe00000,0x00000000e0000000)
 ParOldGen       total 654336K, used 86645K [0x0000000080000000, 0x00000000a7f00000, 0x00000000d5580000)
  object space 654336K, 13% used [0x0000000080000000,0x000000008549d5b8,0x00000000a7f00000)
 Metaspace       used 110352K, capacity 114662K, committed 114816K, reserved 1148928K
  class space    used 13451K, capacity 14395K, committed 14464K, reserved 1048576K
Event: 424273.701 GC heap after
Heap after GC invocations=2234 (full 4):
 PSYoungGen      total 172544K, used 1568K [0x00000000d5580000, 0x00000000e0000000, 0x0000000100000000)
  eden space 170496K, 0% used [0x00000000d5580000,0x00000000d5580000,0x00000000dfc00000)
  from space 2048K, 76% used [0x00000000dfe00000,0x00000000dff880a0,0x00000000e0000000)
  to   space 2048K, 0% used [0x00000000dfc00000,0x00000000dfc00000,0x00000000dfe00000)
 ParOldGen       total 654336K, used 86645K [0x0000000080000000, 0x00000000a7f00000, 0x00000000d5580000)
  object space 654336K, 13% used [0x0000000080000000,0x000000008549d5b8,0x00000000a7f00000)
 Metaspace       used 110352K, capacity 114662K, committed 114816K, reserved 1148928K
  class space    used 13451K, capacity 14395K, committed 14464K, reserved 1048576K
}
Event: 424462.871 GC heap before
{Heap before GC invocations=2235 (full 4):
 PSYoungGen      total 172544K, used 172064K [0x00000000d5580000, 0x00000000e0000000, 0x0000000100000000)
  eden space 170496K, 100% used [0x00000000d5580000,0x00000000dfc00000,0x00000000dfc00000)
  from space 2048K, 76% used [0x00000000dfe00000,0x00000000dff880a0,0x00000000e0000000)
  to   space 2048K, 0% used [0x00000000dfc00000,0x00000000dfc00000,0x00000000dfe00000)
 ParOldGen       total 654336K, used 86645K [0x0000000080000000, 0x00000000a7f00000, 0x00000000d5580000)
  object space 654336K, 13% used [0x0000000080000000,0x000000008549d5b8,0x00000000a7f00000)
 Metaspace       used 110352K, capacity 114662K, committed 114816K, reserved 1148928K
  class space    used 13451K, capacity 14395K, committed 14464K, reserved 1048576K
Event: 424462.875 GC heap after
Heap after GC invocations=2235 (full 4):
 PSYoungGen      total 172544K, used 1520K [0x00000000d5580000, 0x00000000e0000000, 0x0000000100000000)
  eden space 170496K, 0% used [0x00000000d5580000,0x00000000d5580000,0x00000000dfc00000)
  from space 2048K, 74% used [0x00000000dfc00000,0x00000000dfd7c090,0x00000000dfe00000)
  to   space 2048K, 0% used [0x00000000dfe00000,0x00000000dfe00000,0x00000000e0000000)
 ParOldGen       total 654336K, used 86645K [0x0000000080000000, 0x00000000a7f00000, 0x00000000d5580000)
  object space 654336K, 13% used [0x0000000080000000,0x000000008549d5b8,0x00000000a7f00000)
 Metaspace       used 110352K, capacity 114662K, committed 114816K, reserved 1148928K
  class space    used 13451K, capacity 14395K, committed 14464K, reserved 1048576K
}
Event: 424652.038 GC heap before
{Heap before GC invocations=2236 (full 4):
 PSYoungGen      total 172544K, used 172016K [0x00000000d5580000, 0x00000000e0000000, 0x0000000100000000)
  eden space 170496K, 100% used [0x00000000d5580000,0x00000000dfc00000,0x00000000dfc00000)
  from space 2048K, 74% used [0x00000000dfc00000,0x00000000dfd7c090,0x00000000dfe00000)
  to   space 2048K, 0% used [0x00000000dfe00000,0x00000000dfe00000,0x00000000e0000000)
 ParOldGen       total 654336K, used 86645K [0x0000000080000000, 0x00000000a7f00000, 0x00000000d5580000)
  object space 654336K, 13% used [0x0000000080000000,0x000000008549d5b8,0x00000000a7f00000)
 Metaspace       used 110352K, capacity 114662K, committed 114816K, reserved 1148928K
  class space    used 13451K, capacity 14395K, committed 14464K, reserved 1048576K
Event: 424652.042 GC heap after
Heap after GC invocations=2236 (full 4):
 PSYoungGen      total 172544K, used 1632K [0x00000000d5580000, 0x00000000e0000000, 0x0000000100000000)
  eden space 170496K, 0% used [0x00000000d5580000,0x00000000d5580000,0x00000000dfc00000)
  from space 2048K, 79% used [0x00000000dfe00000,0x00000000dff980a0,0x00000000e0000000)
  to   space 2048K, 0% used [0x00000000dfc00000,0x00000000dfc00000,0x00000000dfe00000)
 ParOldGen       total 654336K, used 86645K [0x0000000080000000, 0x00000000a7f00000, 0x00000000d5580000)
  object space 654336K, 13% used [0x0000000080000000,0x000000008549d5b8,0x00000000a7f00000)
 Metaspace       used 110352K, capacity 114662K, committed 114816K, reserved 1148928K
  class space    used 13451K, capacity 14395K, committed 14464K, reserved 1048576K
}
Event: 424837.693 GC heap before
{Heap before GC invocations=2237 (full 4):
 PSYoungGen      total 172544K, used 172128K [0x00000000d5580000, 0x00000000e0000000, 0x0000000100000000)
  eden space 170496K, 100% used [0x00000000d5580000,0x00000000dfc00000,0x00000000dfc00000)
  from space 2048K, 79% used [0x00000000dfe00000,0x00000000dff980a0,0x00000000e0000000)
  to   space 2048K, 0% used [0x00000000dfc00000,0x00000000dfc00000,0x00000000dfe00000)
 ParOldGen       total 654336K, used 86645K [0x0000000080000000, 0x00000000a7f00000, 0x00000000d5580000)
  object space 654336K, 13% used [0x0000000080000000,0x000000008549d5b8,0x00000000a7f00000)
 Metaspace       used 110352K, capacity 114662K, committed 114816K, reserved 1148928K
  class space    used 13451K, capacity 14395K, committed 14464K, reserved 1048576K
Event: 424837.698 GC heap after
Heap after GC invocations=2237 (full 4):
 PSYoungGen      total 172544K, used 1584K [0x00000000d5580000, 0x00000000e0000000, 0x0000000100000000)
  eden space 170496K, 0% used [0x00000000d5580000,0x00000000d5580000,0x00000000dfc00000)
  from space 2048K, 77% used [0x00000000dfc00000,0x00000000dfd8c090,0x00000000dfe00000)
  to   space 2048K, 0% used [0x00000000dfe00000,0x00000000dfe00000,0x00000000e0000000)
 ParOldGen       total 654336K, used 86645K [0x0000000080000000, 0x00000000a7f00000, 0x00000000d5580000)
  object space 654336K, 13% used [0x0000000080000000,0x000000008549d5b8,0x00000000a7f00000)
 Metaspace       used 110352K, capacity 114662K, committed 114816K, reserved 1148928K
  class space    used 13451K, capacity 14395K, committed 14464K, reserved 1048576K
}
Event: 425021.807 GC heap before
{Heap before GC invocations=2238 (full 4):
 PSYoungGen      total 172544K, used 172080K [0x00000000d5580000, 0x00000000e0000000, 0x0000000100000000)
  eden space 170496K, 100% used [0x00000000d5580000,0x00000000dfc00000,0x00000000dfc00000)
  from space 2048K, 77% used [0x00000000dfc00000,0x00000000dfd8c090,0x00000000dfe00000)
  to   space 2048K, 0% used [0x00000000dfe00000,0x00000000dfe00000,0x00000000e0000000)
 ParOldGen       total 654336K, used 86645K [0x0000000080000000, 0x00000000a7f00000, 0x00000000d5580000)
  object space 654336K, 13% used [0x0000000080000000,0x000000008549d5b8,0x00000000a7f00000)
 Metaspace       used 110352K, capacity 114662K, committed 114816K, reserved 1148928K
  class space    used 13451K, capacity 14395K, committed 14464K, reserved 1048576K
Event: 425021.813 GC heap after
Heap after GC invocations=2238 (full 4):
 PSYoungGen      total 172544K, used 1568K [0x00000000d5580000, 0x00000000e0000000, 0x0000000100000000)
  eden space 170496K, 0% used [0x00000000d5580000,0x00000000d5580000,0x00000000dfc00000)
  from space 2048K, 76% used [0x00000000dfe00000,0x00000000dff88080,0x00000000e0000000)
  to   space 2048K, 0% used [0x00000000dfc00000,0x00000000dfc00000,0x00000000dfe00000)
 ParOldGen       total 654336K, used 86645K [0x0000000080000000, 0x00000000a7f00000, 0x00000000d5580000)
  object space 654336K, 13% used [0x0000000080000000,0x000000008549d5b8,0x00000000a7f00000)
 Metaspace       used 110352K, capacity 114662K, committed 114816K, reserved 1148928K
  class space    used 13451K, capacity 14395K, committed 14464K, reserved 1048576K
}
Event: 425208.439 GC heap before
{Heap before GC invocations=2239 (full 4):
 PSYoungGen      total 172544K, used 172064K [0x00000000d5580000, 0x00000000e0000000, 0x0000000100000000)
  eden space 170496K, 100% used [0x00000000d5580000,0x00000000dfc00000,0x00000000dfc00000)
  from space 2048K, 76% used [0x00000000dfe00000,0x00000000dff88080,0x00000000e0000000)
  to   space 2048K, 0% used [0x00000000dfc00000,0x00000000dfc00000,0x00000000dfe00000)
 ParOldGen       total 654336K, used 86645K [0x0000000080000000, 0x00000000a7f00000, 0x00000000d5580000)
  object space 654336K, 13% used [0x0000000080000000,0x000000008549d5b8,0x00000000a7f00000)
 Metaspace       used 110352K, capacity 114662K, committed 114816K, reserved 1148928K
  class space    used 13451K, capacity 14395K, committed 14464K, reserved 1048576K
Event: 425208.443 GC heap after
Heap after GC invocations=2239 (full 4):
 PSYoungGen      total 172544K, used 1632K [0x00000000d5580000, 0x00000000e0000000, 0x0000000100000000)
  eden space 170496K, 0% used [0x00000000d5580000,0x00000000d5580000,0x00000000dfc00000)
  from space 2048K, 79% used [0x00000000dfc00000,0x00000000dfd980a0,0x00000000dfe00000)
  to   space 2048K, 0% used [0x00000000dfe00000,0x00000000dfe00000,0x00000000e0000000)
 ParOldGen       total 654336K, used 86645K [0x0000000080000000, 0x00000000a7f00000, 0x00000000d5580000)
  object space 654336K, 13% used [0x0000000080000000,0x000000008549d5b8,0x00000000a7f00000)
 Metaspace       used 110352K, capacity 114662K, committed 114816K, reserved 1148928K
  class space    used 13451K, capacity 14395K, committed 14464K, reserved 1048576K
}
Event: 425398.582 GC heap before
{Heap before GC invocations=2240 (full 4):
 PSYoungGen      total 172544K, used 172128K [0x00000000d5580000, 0x00000000e0000000, 0x0000000100000000)
  eden space 170496K, 100% used [0x00000000d5580000,0x00000000dfc00000,0x00000000dfc00000)
  from space 2048K, 79% used [0x00000000dfc00000,0x00000000dfd980a0,0x00000000dfe00000)
  to   space 2048K, 0% used [0x00000000dfe00000,0x00000000dfe00000,0x00000000e0000000)
 ParOldGen       total 654336K, used 86645K [0x0000000080000000, 0x00000000a7f00000, 0x00000000d5580000)
  object space 654336K, 13% used [0x0000000080000000,0x000000008549d5b8,0x00000000a7f00000)
 Metaspace       used 110352K, capacity 114662K, committed 114816K, reserved 1148928K
  class space    used 13451K, capacity 14395K, committed 14464K, reserved 1048576K
Event: 425398.586 GC heap after
Heap after GC invocations=2240 (full 4):
 PSYoungGen      total 172544K, used 1744K [0x00000000d5580000, 0x00000000e0000000, 0x0000000100000000)
  eden space 170496K, 0% used [0x00000000d5580000,0x00000000d5580000,0x00000000dfc00000)
  from space 2048K, 85% used [0x00000000dfe00000,0x00000000dffb40b0,0x00000000e0000000)
  to   space 2048K, 0% used [0x00000000dfc00000,0x00000000dfc00000,0x00000000dfe00000)
 ParOldGen       total 654336K, used 86645K [0x0000000080000000, 0x00000000a7f00000, 0x00000000d5580000)
  object space 654336K, 13% used [0x0000000080000000,0x000000008549d5b8,0x00000000a7f00000)
 Metaspace       used 110352K, capacity 114662K, committed 114816K, reserved 1148928K
  class space    used 13451K, capacity 14395K, committed 14464K, reserved 1048576K
}
Event: 425590.233 GC heap before
{Heap before GC invocations=2241 (full 4):
 PSYoungGen      total 172544K, used 172240K [0x00000000d5580000, 0x00000000e0000000, 0x0000000100000000)
  eden space 170496K, 100% used [0x00000000d5580000,0x00000000dfc00000,0x00000000dfc00000)
  from space 2048K, 85% used [0x00000000dfe00000,0x00000000dffb40b0,0x00000000e0000000)
  to   space 2048K, 0% used [0x00000000dfc00000,0x00000000dfc00000,0x00000000dfe00000)
 ParOldGen       total 654336K, used 86645K [0x0000000080000000, 0x00000000a7f00000, 0x00000000d5580000)
  object space 654336K, 13% used [0x0000000080000000,0x000000008549d5b8,0x00000000a7f00000)
 Metaspace       used 110352K, capacity 114662K, committed 114816K, reserved 1148928K
  class space    used 13451K, capacity 14395K, committed 14464K, reserved 1048576K
Event: 425590.237 GC heap after
Heap after GC invocations=2241 (full 4):
 PSYoungGen      total 172544K, used 1552K [0x00000000d5580000, 0x00000000e0000000, 0x0000000100000000)
  eden space 170496K, 0% used [0x00000000d5580000,0x00000000d5580000,0x00000000dfc00000)
  from space 2048K, 75% used [0x00000000dfc00000,0x00000000dfd84090,0x00000000dfe00000)
  to   space 2048K, 0% used [0x00000000dfe00000,0x00000000dfe00000,0x00000000e0000000)
 ParOldGen       total 654336K, used 86645K [0x0000000080000000, 0x00000000a7f00000, 0x00000000d5580000)
  object space 654336K, 13% used [0x0000000080000000,0x000000008549d5b8,0x00000000a7f00000)
 Metaspace       used 110352K, capacity 114662K, committed 114816K, reserved 1148928K
  class space    used 13451K, capacity 14395K, committed 14464K, reserved 1048576K
}
Event: 425778.378 GC heap before
{Heap before GC invocations=2242 (full 4):
 PSYoungGen      total 172544K, used 172048K [0x00000000d5580000, 0x00000000e0000000, 0x0000000100000000)
  eden space 170496K, 100% used [0x00000000d5580000,0x00000000dfc00000,0x00000000dfc00000)
  from space 2048K, 75% used [0x00000000dfc00000,0x00000000dfd84090,0x00000000dfe00000)
  to   space 2048K, 0% used [0x00000000dfe00000,0x00000000dfe00000,0x00000000e0000000)
 ParOldGen       total 654336K, used 86645K [0x0000000080000000, 0x00000000a7f00000, 0x00000000d5580000)
  object space 654336K, 13% used [0x0000000080000000,0x000000008549d5b8,0x00000000a7f00000)
 Metaspace       used 110352K, capacity 114662K, committed 114816K, reserved 1148928K
  class space    used 13451K, capacity 14395K, committed 14464K, reserved 1048576K
Event: 425778.382 GC heap after
Heap after GC invocations=2242 (full 4):
 PSYoungGen      total 172544K, used 1600K [0x00000000d5580000, 0x00000000e0000000, 0x0000000100000000)
  eden space 170496K, 0% used [0x00000000d5580000,0x00000000d5580000,0x00000000dfc00000)
  from space 2048K, 78% used [0x00000000dfe00000,0x00000000dff900a0,0x00000000e0000000)
  to   space 2048K, 0% used [0x00000000dfc00000,0x00000000dfc00000,0x00000000dfe00000)
 ParOldGen       total 654336K, used 86645K [0x0000000080000000, 0x00000000a7f00000, 0x00000000d5580000)
  object space 654336K, 13% used [0x0000000080000000,0x000000008549d5b8,0x00000000a7f00000)
 Metaspace       used 110352K, capacity 114662K, committed 114816K, reserved 1148928K
  class space    used 13451K, capacity 14395K, committed 14464K, reserved 1048576K
}
Event: 425968.074 GC heap before
{Heap before GC invocations=2243 (full 4):
 PSYoungGen      total 172544K, used 172096K [0x00000000d5580000, 0x00000000e0000000, 0x0000000100000000)
  eden space 170496K, 100% used [0x00000000d5580000,0x00000000dfc00000,0x00000000dfc00000)
  from space 2048K, 78% used [0x00000000dfe00000,0x00000000dff900a0,0x00000000e0000000)
  to   space 2048K, 0% used [0x00000000dfc00000,0x00000000dfc00000,0x00000000dfe00000)
 ParOldGen       total 654336K, used 86645K [0x0000000080000000, 0x00000000a7f00000, 0x00000000d5580000)
  object space 654336K, 13% used [0x0000000080000000,0x000000008549d5b8,0x00000000a7f00000)
 Metaspace       used 110352K, capacity 114662K, committed 114816K, reserved 1148928K
  class space    used 13451K, capacity 14395K, committed 14464K, reserved 1048576K
Event: 425968.078 GC heap after
Heap after GC invocations=2243 (full 4):
 PSYoungGen      total 172544K, used 1520K [0x00000000d5580000, 0x00000000e0000000, 0x0000000100000000)
  eden space 170496K, 0% used [0x00000000d5580000,0x00000000d5580000,0x00000000dfc00000)
  from space 2048K, 74% used [0x00000000dfc00000,0x00000000dfd7c090,0x00000000dfe00000)
  to   space 2048K, 0% used [0x00000000dfe00000,0x00000000dfe00000,0x00000000e0000000)
 ParOldGen       total 654336K, used 86645K [0x0000000080000000, 0x00000000a7f00000, 0x00000000d5580000)
  object space 654336K, 13% used [0x0000000080000000,0x000000008549d5b8,0x00000000a7f00000)
 Metaspace       used 110352K, capacity 114662K, committed 114816K, reserved 1148928K
  class space    used 13451K, capacity 14395K, committed 14464K, reserved 1048576K
}
Event: 426157.294 GC heap before
{Heap before GC invocations=2244 (full 4):
 PSYoungGen      total 172544K, used 172016K [0x00000000d5580000, 0x00000000e0000000, 0x0000000100000000)
  eden space 170496K, 100% used [0x00000000d5580000,0x00000000dfc00000,0x00000000dfc00000)
  from space 2048K, 74% used [0x00000000dfc00000,0x00000000dfd7c090,0x00000000dfe00000)
  to   space 2048K, 0% used [0x00000000dfe00000,0x00000000dfe00000,0x00000000e0000000)
 ParOldGen       total 654336K, used 86645K [0x0000000080000000, 0x00000000a7f00000, 0x00000000d5580000)
  object space 654336K, 13% used [0x0000000080000000,0x000000008549d5b8,0x00000000a7f00000)
 Metaspace       used 110352K, capacity 114662K, committed 114816K, reserved 1148928K
  class space    used 13451K, capacity 14395K, committed 14464K, reserved 1048576K
Event: 426157.298 GC heap after
Heap after GC invocations=2244 (full 4):
 PSYoungGen      total 172544K, used 1744K [0x00000000d5580000, 0x00000000e0000000, 0x0000000100000000)
  eden space 170496K, 0% used [0x00000000d5580000,0x00000000d5580000,0x00000000dfc00000)
  from space 2048K, 85% used [0x00000000dfe00000,0x00000000dffb4090,0x00000000e0000000)
  to   space 2048K, 0% used [0x00000000dfc00000,0x00000000dfc00000,0x00000000dfe00000)
 ParOldGen       total 654336K, used 86645K [0x0000000080000000, 0x00000000a7f00000, 0x00000000d5580000)
  object space 654336K, 13% used [0x0000000080000000,0x000000008549d5b8,0x00000000a7f00000)
 Metaspace       used 110352K, capacity 114662K, committed 114816K, reserved 1148928K
  class space    used 13451K, capacity 14395K, committed 14464K, reserved 1048576K
}
Event: 426347.456 GC heap before
{Heap before GC invocations=2245 (full 4):
 PSYoungGen      total 172544K, used 172240K [0x00000000d5580000, 0x00000000e0000000, 0x0000000100000000)
  eden space 170496K, 100% used [0x00000000d5580000,0x00000000dfc00000,0x00000000dfc00000)
  from space 2048K, 85% used [0x00000000dfe00000,0x00000000dffb4090,0x00000000e0000000)
  to   space 2048K, 0% used [0x00000000dfc00000,0x00000000dfc00000,0x00000000dfe00000)
 ParOldGen       total 654336K, used 86645K [0x0000000080000000, 0x00000000a7f00000, 0x00000000d5580000)
  object space 654336K, 13% used [0x0000000080000000,0x000000008549d5b8,0x00000000a7f00000)
 Metaspace       used 110352K, capacity 114662K, committed 114816K, reserved 1148928K
  class space    used 13451K, capacity 14395K, committed 14464K, reserved 1048576K
Event: 426347.460 GC heap after
Heap after GC invocations=2245 (full 4):
 PSYoungGen      total 172544K, used 1584K [0x00000000d5580000, 0x00000000e0000000, 0x0000000100000000)
  eden space 170496K, 0% used [0x00000000d5580000,0x00000000d5580000,0x00000000dfc00000)
  from space 2048K, 77% used [0x00000000dfc00000,0x00000000dfd8c090,0x00000000dfe00000)
  to   space 2048K, 0% used [0x00000000dfe00000,0x00000000dfe00000,0x00000000e0000000)
 ParOldGen       total 654336K, used 86645K [0x0000000080000000, 0x00000000a7f00000, 0x00000000d5580000)
  object space 654336K, 13% used [0x0000000080000000,0x000000008549d5b8,0x00000000a7f00000)
 Metaspace       used 110352K, capacity 114662K, committed 114816K, reserved 1148928K
  class space    used 13451K, capacity 14395K, committed 14464K, reserved 1048576K
}
Event: 426533.611 GC heap before
{Heap before GC invocations=2246 (full 4):
 PSYoungGen      total 172544K, used 172080K [0x00000000d5580000, 0x00000000e0000000, 0x0000000100000000)
  eden space 170496K, 100% used [0x00000000d5580000,0x00000000dfc00000,0x00000000dfc00000)
  from space 2048K, 77% used [0x00000000dfc00000,0x00000000dfd8c090,0x00000000dfe00000)
  to   space 2048K, 0% used [0x00000000dfe00000,0x00000000dfe00000,0x00000000e0000000)
 ParOldGen       total 654336K, used 86645K [0x0000000080000000, 0x00000000a7f00000, 0x00000000d5580000)
  object space 654336K, 13% used [0x0000000080000000,0x000000008549d5b8,0x00000000a7f00000)
 Metaspace       used 110352K, capacity 114662K, committed 114816K, reserved 1148928K
  class space    used 13451K, capacity 14395K, committed 14464K, reserved 1048576K
Event: 426533.615 GC heap after
Heap after GC invocations=2246 (full 4):
 PSYoungGen      total 172544K, used 1568K [0x00000000d5580000, 0x00000000e0000000, 0x0000000100000000)
  eden space 170496K, 0% used [0x00000000d5580000,0x00000000d5580000,0x00000000dfc00000)
  from space 2048K, 76% used [0x00000000dfe00000,0x00000000dff88080,0x00000000e0000000)
  to   space 2048K, 0% used [0x00000000dfc00000,0x00000000dfc00000,0x00000000dfe00000)
 ParOldGen       total 654336K, used 86645K [0x0000000080000000, 0x00000000a7f00000, 0x00000000d5580000)
  object space 654336K, 13% used [0x0000000080000000,0x000000008549d5b8,0x00000000a7f00000)
 Metaspace       used 110352K, capacity 114662K, committed 114816K, reserved 1148928K
  class space    used 13451K, capacity 14395K, committed 14464K, reserved 1048576K
}
Event: 426718.056 GC heap before
{Heap before GC invocations=2247 (full 4):
 PSYoungGen      total 172544K, used 172064K [0x00000000d5580000, 0x00000000e0000000, 0x0000000100000000)
  eden space 170496K, 100% used [0x00000000d5580000,0x00000000dfc00000,0x00000000dfc00000)
  from space 2048K, 76% used [0x00000000dfe00000,0x00000000dff88080,0x00000000e0000000)
  to   space 2048K, 0% used [0x00000000dfc00000,0x00000000dfc00000,0x00000000dfe00000)
 ParOldGen       total 654336K, used 86645K [0x0000000080000000, 0x00000000a7f00000, 0x00000000d5580000)
  object space 654336K, 13% used [0x0000000080000000,0x000000008549d5b8,0x00000000a7f00000)
 Metaspace       used 110352K, capacity 114662K, committed 114816K, reserved 1148928K
  class space    used 13451K, capacity 14395K, committed 14464K, reserved 1048576K
Event: 426718.060 GC heap after
Heap after GC invocations=2247 (full 4):
 PSYoungGen      total 172544K, used 1552K [0x00000000d5580000, 0x00000000e0000000, 0x0000000100000000)
  eden space 170496K, 0% used [0x00000000d5580000,0x00000000d5580000,0x00000000dfc00000)
  from space 2048K, 75% used [0x00000000dfc00000,0x00000000dfd840b0,0x00000000dfe00000)
  to   space 2048K, 0% used [0x00000000dfe00000,0x00000000dfe00000,0x00000000e0000000)
 ParOldGen       total 654336K, used 86645K [0x0000000080000000, 0x00000000a7f00000, 0x00000000d5580000)
  object space 654336K, 13% used [0x0000000080000000,0x000000008549d5b8,0x00000000a7f00000)
 Metaspace       used 110352K, capacity 114662K, committed 114816K, reserved 1148928K
  class space    used 13451K, capacity 14395K, committed 14464K, reserved 1048576K
}
Event: 426905.453 GC heap before
{Heap before GC invocations=2248 (full 4):
 PSYoungGen      total 172544K, used 172048K [0x00000000d5580000, 0x00000000e0000000, 0x0000000100000000)
  eden space 170496K, 100% used [0x00000000d5580000,0x00000000dfc00000,0x00000000dfc00000)
  from space 2048K, 75% used [0x00000000dfc00000,0x00000000dfd840b0,0x00000000dfe00000)
  to   space 2048K, 0% used [0x00000000dfe00000,0x00000000dfe00000,0x00000000e0000000)
 ParOldGen       total 654336K, used 86645K [0x0000000080000000, 0x00000000a7f00000, 0x00000000d5580000)
  object space 654336K, 13% used [0x0000000080000000,0x000000008549d5b8,0x00000000a7f00000)
 Metaspace       used 110352K, capacity 114662K, committed 114816K, reserved 1148928K
  class space    used 13451K, capacity 14395K, committed 14464K, reserved 1048576K
Event: 426905.456 GC heap after
Heap after GC invocations=2248 (full 4):
 PSYoungGen      total 172544K, used 1600K [0x00000000d5580000, 0x00000000e0000000, 0x0000000100000000)
  eden space 170496K, 0% used [0x00000000d5580000,0x00000000d5580000,0x00000000dfc00000)
  from space 2048K, 78% used [0x00000000dfe00000,0x00000000dff900a0,0x00000000e0000000)
  to   space 2048K, 0% used [0x00000000dfc00000,0x00000000dfc00000,0x00000000dfe00000)
 ParOldGen       total 654336K, used 86645K [0x0000000080000000, 0x00000000a7f00000, 0x00000000d5580000)
  object space 654336K, 13% used [0x0000000080000000,0x000000008549d5b8,0x00000000a7f00000)
 Metaspace       used 110352K, capacity 114662K, committed 114816K, reserved 1148928K
  class space    used 13451K, capacity 14395K, committed 14464K, reserved 1048576K
}
Event: 427095.674 GC heap before
{Heap before GC invocations=2249 (full 4):
 PSYoungGen      total 172544K, used 172096K [0x00000000d5580000, 0x00000000e0000000, 0x0000000100000000)
  eden space 170496K, 100% used [0x00000000d5580000,0x00000000dfc00000,0x00000000dfc00000)
  from space 2048K, 78% used [0x00000000dfe00000,0x00000000dff900a0,0x00000000e0000000)
  to   space 2048K, 0% used [0x00000000dfc00000,0x00000000dfc00000,0x00000000dfe00000)
 ParOldGen       total 654336K, used 86645K [0x0000000080000000, 0x00000000a7f00000, 0x00000000d5580000)
  object space 654336K, 13% used [0x0000000080000000,0x000000008549d5b8,0x00000000a7f00000)
 Metaspace       used 110352K, capacity 114662K, committed 114816K, reserved 1148928K
  class space    used 13451K, capacity 14395K, committed 14464K, reserved 1048576K
Event: 427095.679 GC heap after
Heap after GC invocations=2249 (full 4):
 PSYoungGen      total 172544K, used 1568K [0x00000000d5580000, 0x00000000e0000000, 0x0000000100000000)
  eden space 170496K, 0% used [0x00000000d5580000,0x00000000d5580000,0x00000000dfc00000)
  from space 2048K, 76% used [0x00000000dfc00000,0x00000000dfd880a0,0x00000000dfe00000)
  to   space 2048K, 0% used [0x00000000dfe00000,0x00000000dfe00000,0x00000000e0000000)
 ParOldGen       total 654336K, used 86645K [0x0000000080000000, 0x00000000a7f00000, 0x00000000d5580000)
  object space 654336K, 13% used [0x0000000080000000,0x000000008549d5b8,0x00000000a7f00000)
 Metaspace       used 110352K, capacity 114662K, committed 114816K, reserved 1148928K
  class space    used 13451K, capacity 14395K, committed 14464K, reserved 1048576K
}
Event: 427287.151 GC heap before
{Heap before GC invocations=2250 (full 4):
 PSYoungGen      total 172544K, used 172064K [0x00000000d5580000, 0x00000000e0000000, 0x0000000100000000)
  eden space 170496K, 100% used [0x00000000d5580000,0x00000000dfc00000,0x00000000dfc00000)
  from space 2048K, 76% used [0x00000000dfc00000,0x00000000dfd880a0,0x00000000dfe00000)
  to   space 2048K, 0% used [0x00000000dfe00000,0x00000000dfe00000,0x00000000e0000000)
 ParOldGen       total 654336K, used 86645K [0x0000000080000000, 0x00000000a7f00000, 0x00000000d5580000)
  object space 654336K, 13% used [0x0000000080000000,0x000000008549d5b8,0x00000000a7f00000)
 Metaspace       used 110352K, capacity 114662K, committed 114816K, reserved 1148928K
  class space    used 13451K, capacity 14395K, committed 14464K, reserved 1048576K
Event: 427287.155 GC heap after
Heap after GC invocations=2250 (full 4):
 PSYoungGen      total 172544K, used 1520K [0x00000000d5580000, 0x00000000e0000000, 0x0000000100000000)
  eden space 170496K, 0% used [0x00000000d5580000,0x00000000d5580000,0x00000000dfc00000)
  from space 2048K, 74% used [0x00000000dfe00000,0x00000000dff7c090,0x00000000e0000000)
  to   space 2048K, 0% used [0x00000000dfc00000,0x00000000dfc00000,0x00000000dfe00000)
 ParOldGen       total 654336K, used 86645K [0x0000000080000000, 0x00000000a7f00000, 0x00000000d5580000)
  object space 654336K, 13% used [0x0000000080000000,0x000000008549d5b8,0x00000000a7f00000)
 Metaspace       used 110352K, capacity 114662K, committed 114816K, reserved 1148928K
  class space    used 13451K, capacity 14395K, committed 14464K, reserved 1048576K
}
Event: 427477.172 GC heap before
{Heap before GC invocations=2251 (full 4):
 PSYoungGen      total 172544K, used 172016K [0x00000000d5580000, 0x00000000e0000000, 0x0000000100000000)
  eden space 170496K, 100% used [0x00000000d5580000,0x00000000dfc00000,0x00000000dfc00000)
  from space 2048K, 74% used [0x00000000dfe00000,0x00000000dff7c090,0x00000000e0000000)
  to   space 2048K, 0% used [0x00000000dfc00000,0x00000000dfc00000,0x00000000dfe00000)
 ParOldGen       total 654336K, used 86645K [0x0000000080000000, 0x00000000a7f00000, 0x00000000d5580000)
  object space 654336K, 13% used [0x0000000080000000,0x000000008549d5b8,0x00000000a7f00000)
 Metaspace       used 110352K, capacity 114662K, committed 114816K, reserved 1148928K
  class space    used 13451K, capacity 14395K, committed 14464K, reserved 1048576K
Event: 427477.177 GC heap after
Heap after GC invocations=2251 (full 4):
 PSYoungGen      total 172544K, used 1552K [0x00000000d5580000, 0x00000000e0000000, 0x0000000100000000)
  eden space 170496K, 0% used [0x00000000d5580000,0x00000000d5580000,0x00000000dfc00000)
  from space 2048K, 75% used [0x00000000dfc00000,0x00000000dfd840b0,0x00000000dfe00000)
  to   space 2048K, 0% used [0x00000000dfe00000,0x00000000dfe00000,0x00000000e0000000)
 ParOldGen       total 654336K, used 86645K [0x0000000080000000, 0x00000000a7f00000, 0x00000000d5580000)
  object space 654336K, 13% used [0x0000000080000000,0x000000008549d5b8,0x00000000a7f00000)
 Metaspace       used 110352K, capacity 114662K, committed 114816K, reserved 1148928K
  class space    used 13451K, capacity 14395K, committed 14464K, reserved 1048576K
}
Event: 427667.734 GC heap before
{Heap before GC invocations=2252 (full 4):
 PSYoungGen      total 172544K, used 172048K [0x00000000d5580000, 0x00000000e0000000, 0x0000000100000000)
  eden space 170496K, 100% used [0x00000000d5580000,0x00000000dfc00000,0x00000000dfc00000)
  from space 2048K, 75% used [0x00000000dfc00000,0x00000000dfd840b0,0x00000000dfe00000)
  to   space 2048K, 0% used [0x00000000dfe00000,0x00000000dfe00000,0x00000000e0000000)
 ParOldGen       total 654336K, used 86645K [0x0000000080000000, 0x00000000a7f00000, 0x00000000d5580000)
  object space 654336K, 13% used [0x0000000080000000,0x000000008549d5b8,0x00000000a7f00000)
 Metaspace       used 110352K, capacity 114662K, committed 114816K, reserved 1148928K
  class space    used 13451K, capacity 14395K, committed 14464K, reserved 1048576K
Event: 427667.738 GC heap after
Heap after GC invocations=2252 (full 4):
 PSYoungGen      total 172544K, used 1584K [0x00000000d5580000, 0x00000000e0000000, 0x0000000100000000)
  eden space 170496K, 0% used [0x00000000d5580000,0x00000000d5580000,0x00000000dfc00000)
  from space 2048K, 77% used [0x00000000dfe00000,0x00000000dff8c090,0x00000000e0000000)
  to   space 2048K, 0% used [0x00000000dfc00000,0x00000000dfc00000,0x00000000dfe00000)
 ParOldGen       total 654336K, used 86645K [0x0000000080000000, 0x00000000a7f00000, 0x00000000d5580000)
  object space 654336K, 13% used [0x0000000080000000,0x000000008549d5b8,0x00000000a7f00000)
 Metaspace       used 110352K, capacity 114662K, committed 114816K, reserved 1148928K
  class space    used 13451K, capacity 14395K, committed 14464K, reserved 1048576K
}
Event: 427857.969 GC heap before
{Heap before GC invocations=2253 (full 4):
 PSYoungGen      total 172544K, used 172080K [0x00000000d5580000, 0x00000000e0000000, 0x0000000100000000)
  eden space 170496K, 100% used [0x00000000d5580000,0x00000000dfc00000,0x00000000dfc00000)
  from space 2048K, 77% used [0x00000000dfe00000,0x00000000dff8c090,0x00000000e0000000)
  to   space 2048K, 0% used [0x00000000dfc00000,0x00000000dfc00000,0x00000000dfe00000)
 ParOldGen       total 654336K, used 86645K [0x0000000080000000, 0x00000000a7f00000, 0x00000000d5580000)
  object space 654336K, 13% used [0x0000000080000000,0x000000008549d5b8,0x00000000a7f00000)
 Metaspace       used 110352K, capacity 114662K, committed 114816K, reserved 1148928K
  class space    used 13451K, capacity 14395K, committed 14464K, reserved 1048576K
Event: 427857.973 GC heap after
Heap after GC invocations=2253 (full 4):
 PSYoungGen      total 172544K, used 1488K [0x00000000d5580000, 0x00000000e0000000, 0x0000000100000000)
  eden space 170496K, 0% used [0x00000000d5580000,0x00000000d5580000,0x00000000dfc00000)
  from space 2048K, 72% used [0x00000000dfc00000,0x00000000dfd74090,0x00000000dfe00000)
  to   space 2048K, 0% used [0x00000000dfe00000,0x00000000dfe00000,0x00000000e0000000)
 ParOldGen       total 654336K, used 86645K [0x0000000080000000, 0x00000000a7f00000, 0x00000000d5580000)
  object space 654336K, 13% used [0x0000000080000000,0x000000008549d5b8,0x00000000a7f00000)
 Metaspace       used 110352K, capacity 114662K, committed 114816K, reserved 1148928K
  class space    used 13451K, capacity 14395K, committed 14464K, reserved 1048576K
}
Event: 428046.214 GC heap before
{Heap before GC invocations=2254 (full 4):
 PSYoungGen      total 172544K, used 171984K [0x00000000d5580000, 0x00000000e0000000, 0x0000000100000000)
  eden space 170496K, 100% used [0x00000000d5580000,0x00000000dfc00000,0x00000000dfc00000)
  from space 2048K, 72% used [0x00000000dfc00000,0x00000000dfd74090,0x00000000dfe00000)
  to   space 2048K, 0% used [0x00000000dfe00000,0x00000000dfe00000,0x00000000e0000000)
 ParOldGen       total 654336K, used 86645K [0x0000000080000000, 0x00000000a7f00000, 0x00000000d5580000)
  object space 654336K, 13% used [0x0000000080000000,0x000000008549d5b8,0x00000000a7f00000)
 Metaspace       used 110352K, capacity 114662K, committed 114816K, reserved 1148928K
  class space    used 13451K, capacity 14395K, committed 14464K, reserved 1048576K
Event: 428046.218 GC heap after
Heap after GC invocations=2254 (full 4):
 PSYoungGen      total 172544K, used 1584K [0x00000000d5580000, 0x00000000e0000000, 0x0000000100000000)
  eden space 170496K, 0% used [0x00000000d5580000,0x00000000d5580000,0x00000000dfc00000)
  from space 2048K, 77% used [0x00000000dfe00000,0x00000000dff8c0b0,0x00000000e0000000)
  to   space 2048K, 0% used [0x00000000dfc00000,0x00000000dfc00000,0x00000000dfe00000)
 ParOldGen       total 654336K, used 86645K [0x0000000080000000, 0x00000000a7f00000, 0x00000000d5580000)
  object space 654336K, 13% used [0x0000000080000000,0x000000008549d5b8,0x00000000a7f00000)
 Metaspace       used 110352K, capacity 114662K, committed 114816K, reserved 1148928K
  class space    used 13451K, capacity 14395K, committed 14464K, reserved 1048576K
}
Event: 428235.430 GC heap before
{Heap before GC invocations=2255 (full 4):
 PSYoungGen      total 172544K, used 172080K [0x00000000d5580000, 0x00000000e0000000, 0x0000000100000000)
  eden space 170496K, 100% used [0x00000000d5580000,0x00000000dfc00000,0x00000000dfc00000)
  from space 2048K, 77% used [0x00000000dfe00000,0x00000000dff8c0b0,0x00000000e0000000)
  to   space 2048K, 0% used [0x00000000dfc00000,0x00000000dfc00000,0x00000000dfe00000)
 ParOldGen       total 654336K, used 86645K [0x0000000080000000, 0x00000000a7f00000, 0x00000000d5580000)
  object space 654336K, 13% used [0x0000000080000000,0x000000008549d5b8,0x00000000a7f00000)
 Metaspace       used 110352K, capacity 114662K, committed 114816K, reserved 1148928K
  class space    used 13451K, capacity 14395K, committed 14464K, reserved 1048576K
Event: 428235.434 GC heap after
Heap after GC invocations=2255 (full 4):
 PSYoungGen      total 172544K, used 1600K [0x00000000d5580000, 0x00000000e0000000, 0x0000000100000000)
  eden space 170496K, 0% used [0x00000000d5580000,0x00000000d5580000,0x00000000dfc00000)
  from space 2048K, 78% used [0x00000000dfc00000,0x00000000dfd900a0,0x00000000dfe00000)
  to   space 2048K, 0% used [0x00000000dfe00000,0x00000000dfe00000,0x00000000e0000000)
 ParOldGen       total 654336K, used 86645K [0x0000000080000000, 0x00000000a7f00000, 0x00000000d5580000)
  object space 654336K, 13% used [0x0000000080000000,0x000000008549d5b8,0x00000000a7f00000)
 Metaspace       used 110352K, capacity 114662K, committed 114816K, reserved 1148928K
  class space    used 13451K, capacity 14395K, committed 14464K, reserved 1048576K
}
Event: 428421.609 GC heap before
{Heap before GC invocations=2256 (full 4):
 PSYoungGen      total 172544K, used 172096K [0x00000000d5580000, 0x00000000e0000000, 0x0000000100000000)
  eden space 170496K, 100% used [0x00000000d5580000,0x00000000dfc00000,0x00000000dfc00000)
  from space 2048K, 78% used [0x00000000dfc00000,0x00000000dfd900a0,0x00000000dfe00000)
  to   space 2048K, 0% used [0x00000000dfe00000,0x00000000dfe00000,0x00000000e0000000)
 ParOldGen       total 654336K, used 86645K [0x0000000080000000, 0x00000000a7f00000, 0x00000000d5580000)
  object space 654336K, 13% used [0x0000000080000000,0x000000008549d5b8,0x00000000a7f00000)
 Metaspace       used 110352K, capacity 114662K, committed 114816K, reserved 1148928K
  class space    used 13451K, capacity 14395K, committed 14464K, reserved 1048576K
Event: 428421.613 GC heap after
Heap after GC invocations=2256 (full 4):
 PSYoungGen      total 172544K, used 1584K [0x00000000d5580000, 0x00000000e0000000, 0x0000000100000000)
  eden space 170496K, 0% used [0x00000000d5580000,0x00000000d5580000,0x00000000dfc00000)
  from space 2048K, 77% used [0x00000000dfe00000,0x00000000dff8c070,0x00000000e0000000)
  to   space 2048K, 0% used [0x00000000dfc00000,0x00000000dfc00000,0x00000000dfe00000)
 ParOldGen       total 654336K, used 86645K [0x0000000080000000, 0x00000000a7f00000, 0x00000000d5580000)
  object space 654336K, 13% used [0x0000000080000000,0x000000008549d5b8,0x00000000a7f00000)
 Metaspace       used 110352K, capacity 114662K, committed 114816K, reserved 1148928K
  class space    used 13451K, capacity 14395K, committed 14464K, reserved 1048576K
}
Event: 428608.764 GC heap before
{Heap before GC invocations=2257 (full 4):
 PSYoungGen      total 172544K, used 172080K [0x00000000d5580000, 0x00000000e0000000, 0x0000000100000000)
  eden space 170496K, 100% used [0x00000000d5580000,0x00000000dfc00000,0x00000000dfc00000)
  from space 2048K, 77% used [0x00000000dfe00000,0x00000000dff8c070,0x00000000e0000000)
  to   space 2048K, 0% used [0x00000000dfc00000,0x00000000dfc00000,0x00000000dfe00000)
 ParOldGen       total 654336K, used 86645K [0x0000000080000000, 0x00000000a7f00000, 0x00000000d5580000)
  object space 654336K, 13% used [0x0000000080000000,0x000000008549d5b8,0x00000000a7f00000)
 Metaspace       used 110352K, capacity 114662K, committed 114816K, reserved 1148928K
  class space    used 13451K, capacity 14395K, committed 14464K, reserved 1048576K
Event: 428608.768 GC heap after
Heap after GC invocations=2257 (full 4):
 PSYoungGen      total 172544K, used 1568K [0x00000000d5580000, 0x00000000e0000000, 0x0000000100000000)
  eden space 170496K, 0% used [0x00000000d5580000,0x00000000d5580000,0x00000000dfc00000)
  from space 2048K, 76% used [0x00000000dfc00000,0x00000000dfd880c0,0x00000000dfe00000)
  to   space 2048K, 0% used [0x00000000dfe00000,0x00000000dfe00000,0x00000000e0000000)
 ParOldGen       total 654336K, used 86645K [0x0000000080000000, 0x00000000a7f00000, 0x00000000d5580000)
  object space 654336K, 13% used [0x0000000080000000,0x000000008549d5b8,0x00000000a7f00000)
 Metaspace       used 110352K, capacity 114662K, committed 114816K, reserved 1148928K
  class space    used 13451K, capacity 14395K, committed 14464K, reserved 1048576K
}
Event: 428799.951 GC heap before
{Heap before GC invocations=2258 (full 4):
 PSYoungGen      total 172544K, used 172064K [0x00000000d5580000, 0x00000000e0000000, 0x0000000100000000)
  eden space 170496K, 100% used [0x00000000d5580000,0x00000000dfc00000,0x00000000dfc00000)
  from space 2048K, 76% used [0x00000000dfc00000,0x00000000dfd880c0,0x00000000dfe00000)
  to   space 2048K, 0% used [0x00000000dfe00000,0x00000000dfe00000,0x00000000e0000000)
 ParOldGen       total 654336K, used 86645K [0x0000000080000000, 0x00000000a7f00000, 0x00000000d5580000)
  object space 654336K, 13% used [0x0000000080000000,0x000000008549d5b8,0x00000000a7f00000)
 Metaspace       used 110352K, capacity 114662K, committed 114816K, reserved 1148928K
  class space    used 13451K, capacity 14395K, committed 14464K, reserved 1048576K
Event: 428799.955 GC heap after
Heap after GC invocations=2258 (full 4):
 PSYoungGen      total 172544K, used 1488K [0x00000000d5580000, 0x00000000e0000000, 0x0000000100000000)
  eden space 170496K, 0% used [0x00000000d5580000,0x00000000d5580000,0x00000000dfc00000)
  from space 2048K, 72% used [0x00000000dfe00000,0x00000000dff74090,0x00000000e0000000)
  to   space 2048K, 0% used [0x00000000dfc00000,0x00000000dfc00000,0x00000000dfe00000)
 ParOldGen       total 654336K, used 86645K [0x0000000080000000, 0x00000000a7f00000, 0x00000000d5580000)
  object space 654336K, 13% used [0x0000000080000000,0x000000008549d5b8,0x00000000a7f00000)
 Metaspace       used 110352K, capacity 114662K, committed 114816K, reserved 1148928K
  class space    used 13451K, capacity 14395K, committed 14464K, reserved 1048576K
}
Event: 428989.668 GC heap before
{Heap before GC invocations=2259 (full 4):
 PSYoungGen      total 172544K, used 171984K [0x00000000d5580000, 0x00000000e0000000, 0x0000000100000000)
  eden space 170496K, 100% used [0x00000000d5580000,0x00000000dfc00000,0x00000000dfc00000)
  from space 2048K, 72% used [0x00000000dfe00000,0x00000000dff74090,0x00000000e0000000)
  to   space 2048K, 0% used [0x00000000dfc00000,0x00000000dfc00000,0x00000000dfe00000)
 ParOldGen       total 654336K, used 86645K [0x0000000080000000, 0x00000000a7f00000, 0x00000000d5580000)
  object space 654336K, 13% used [0x0000000080000000,0x000000008549d5b8,0x00000000a7f00000)
 Metaspace       used 110352K, capacity 114662K, committed 114816K, reserved 1148928K
  class space    used 13451K, capacity 14395K, committed 14464K, reserved 1048576K
Event: 428989.672 GC heap after
Heap after GC invocations=2259 (full 4):
 PSYoungGen      total 172544K, used 1616K [0x00000000d5580000, 0x00000000e0000000, 0x0000000100000000)
  eden space 170496K, 0% used [0x00000000d5580000,0x00000000d5580000,0x00000000dfc00000)
  from space 2048K, 78% used [0x00000000dfc00000,0x00000000dfd94090,0x00000000dfe00000)
  to   space 2048K, 0% used [0x00000000dfe00000,0x00000000dfe00000,0x00000000e0000000)
 ParOldGen       total 654336K, used 86645K [0x0000000080000000, 0x00000000a7f00000, 0x00000000d5580000)
  object space 654336K, 13% used [0x0000000080000000,0x000000008549d5b8,0x00000000a7f00000)
 Metaspace       used 110352K, capacity 114662K, committed 114816K, reserved 1148928K
  class space    used 13451K, capacity 14395K, committed 14464K, reserved 1048576K
}
Event: 429179.370 GC heap before
{Heap before GC invocations=2260 (full 4):
 PSYoungGen      total 172544K, used 172112K [0x00000000d5580000, 0x00000000e0000000, 0x0000000100000000)
  eden space 170496K, 100% used [0x00000000d5580000,0x00000000dfc00000,0x00000000dfc00000)
  from space 2048K, 78% used [0x00000000dfc00000,0x00000000dfd94090,0x00000000dfe00000)
  to   space 2048K, 0% used [0x00000000dfe00000,0x00000000dfe00000,0x00000000e0000000)
 ParOldGen       total 654336K, used 86645K [0x0000000080000000, 0x00000000a7f00000, 0x00000000d5580000)
  object space 654336K, 13% used [0x0000000080000000,0x000000008549d5b8,0x00000000a7f00000)
 Metaspace       used 110352K, capacity 114662K, committed 114816K, reserved 1148928K
  class space    used 13451K, capacity 14395K, committed 14464K, reserved 1048576K
Event: 429179.374 GC heap after
Heap after GC invocations=2260 (full 4):
 PSYoungGen      total 172544K, used 1632K [0x00000000d5580000, 0x00000000e0000000, 0x0000000100000000)
  eden space 170496K, 0% used [0x00000000d5580000,0x00000000d5580000,0x00000000dfc00000)
  from space 2048K, 79% used [0x00000000dfe00000,0x00000000dff980a0,0x00000000e0000000)
  to   space 2048K, 0% used [0x00000000dfc00000,0x00000000dfc00000,0x00000000dfe00000)
 ParOldGen       total 654336K, used 86645K [0x0000000080000000, 0x00000000a7f00000, 0x00000000d5580000)
  object space 654336K, 13% used [0x0000000080000000,0x000000008549d5b8,0x00000000a7f00000)
 Metaspace       used 110352K, capacity 114662K, committed 114816K, reserved 1148928K
  class space    used 13451K, capacity 14395K, committed 14464K, reserved 1048576K
}
Event: 429368.979 GC heap before
{Heap before GC invocations=2261 (full 4):
 PSYoungGen      total 172544K, used 172128K [0x00000000d5580000, 0x00000000e0000000, 0x0000000100000000)
  eden space 170496K, 100% used [0x00000000d5580000,0x00000000dfc00000,0x00000000dfc00000)
  from space 2048K, 79% used [0x00000000dfe00000,0x00000000dff980a0,0x00000000e0000000)
  to   space 2048K, 0% used [0x00000000dfc00000,0x00000000dfc00000,0x00000000dfe00000)
 ParOldGen       total 654336K, used 86645K [0x0000000080000000, 0x00000000a7f00000, 0x00000000d5580000)
  object space 654336K, 13% used [0x0000000080000000,0x000000008549d5b8,0x00000000a7f00000)
 Metaspace       used 110352K, capacity 114662K, committed 114816K, reserved 1148928K
  class space    used 13451K, capacity 14395K, committed 14464K, reserved 1048576K
Event: 429368.982 GC heap after
Heap after GC invocations=2261 (full 4):
 PSYoungGen      total 172544K, used 1632K [0x00000000d5580000, 0x00000000e0000000, 0x0000000100000000)
  eden space 170496K, 0% used [0x00000000d5580000,0x00000000d5580000,0x00000000dfc00000)
  from space 2048K, 79% used [0x00000000dfc00000,0x00000000dfd98080,0x00000000dfe00000)
  to   space 2048K, 0% used [0x00000000dfe00000,0x00000000dfe00000,0x00000000e0000000)
 ParOldGen       total 654336K, used 86645K [0x0000000080000000, 0x00000000a7f00000, 0x00000000d5580000)
  object space 654336K, 13% used [0x0000000080000000,0x000000008549d5b8,0x00000000a7f00000)
 Metaspace       used 110352K, capacity 114662K, committed 114816K, reserved 1148928K
  class space    used 13451K, capacity 14395K, committed 14464K, reserved 1048576K
}
Event: 429558.734 GC heap before
{Heap before GC invocations=2262 (full 4):
 PSYoungGen      total 172544K, used 172128K [0x00000000d5580000, 0x00000000e0000000, 0x0000000100000000)
  eden space 170496K, 100% used [0x00000000d5580000,0x00000000dfc00000,0x00000000dfc00000)
  from space 2048K, 79% used [0x00000000dfc00000,0x00000000dfd98080,0x00000000dfe00000)
  to   space 2048K, 0% used [0x00000000dfe00000,0x00000000dfe00000,0x00000000e0000000)
 ParOldGen       total 654336K, used 86645K [0x0000000080000000, 0x00000000a7f00000, 0x00000000d5580000)
  object space 654336K, 13% used [0x0000000080000000,0x000000008549d5b8,0x00000000a7f00000)
 Metaspace       used 110352K, capacity 114662K, committed 114816K, reserved 1148928K
  class space    used 13451K, capacity 14395K, committed 14464K, reserved 1048576K
Event: 429558.737 GC heap after
Heap after GC invocations=2262 (full 4):
 PSYoungGen      total 172544K, used 1632K [0x00000000d5580000, 0x00000000e0000000, 0x0000000100000000)
  eden space 170496K, 0% used [0x00000000d5580000,0x00000000d5580000,0x00000000dfc00000)
  from space 2048K, 79% used [0x00000000dfe00000,0x00000000dff980a0,0x00000000e0000000)
  to   space 2048K, 0% used [0x00000000dfc00000,0x00000000dfc00000,0x00000000dfe00000)
 ParOldGen       total 654336K, used 86645K [0x0000000080000000, 0x00000000a7f00000, 0x00000000d5580000)
  object space 654336K, 13% used [0x0000000080000000,0x000000008549d5b8,0x00000000a7f00000)
 Metaspace       used 110352K, capacity 114662K, committed 114816K, reserved 1148928K
  class space    used 13451K, capacity 14395K, committed 14464K, reserved 1048576K
}
Event: 429747.976 GC heap before
{Heap before GC invocations=2263 (full 4):
 PSYoungGen      total 172544K, used 172128K [0x00000000d5580000, 0x00000000e0000000, 0x0000000100000000)
  eden space 170496K, 100% used [0x00000000d5580000,0x00000000dfc00000,0x00000000dfc00000)
  from space 2048K, 79% used [0x00000000dfe00000,0x00000000dff980a0,0x00000000e0000000)
  to   space 2048K, 0% used [0x00000000dfc00000,0x00000000dfc00000,0x00000000dfe00000)
 ParOldGen       total 654336K, used 86645K [0x0000000080000000, 0x00000000a7f00000, 0x00000000d5580000)
  object space 654336K, 13% used [0x0000000080000000,0x000000008549d5b8,0x00000000a7f00000)
 Metaspace       used 110352K, capacity 114662K, committed 114816K, reserved 1148928K
  class space    used 13451K, capacity 14395K, committed 14464K, reserved 1048576K
Event: 429747.980 GC heap after
Heap after GC invocations=2263 (full 4):
 PSYoungGen      total 172544K, used 1632K [0x00000000d5580000, 0x00000000e0000000, 0x0000000100000000)
  eden space 170496K, 0% used [0x00000000d5580000,0x00000000d5580000,0x00000000dfc00000)
  from space 2048K, 79% used [0x00000000dfc00000,0x00000000dfd980a0,0x00000000dfe00000)
  to   space 2048K, 0% used [0x00000000dfe00000,0x00000000dfe00000,0x00000000e0000000)
 ParOldGen       total 654336K, used 86645K [0x0000000080000000, 0x00000000a7f00000, 0x00000000d5580000)
  object space 654336K, 13% used [0x0000000080000000,0x000000008549d5b8,0x00000000a7f00000)
 Metaspace       used 110352K, capacity 114662K, committed 114816K, reserved 1148928K
  class space    used 13451K, capacity 14395K, committed 14464K, reserved 1048576K
}
Event: 429937.842 GC heap before
{Heap before GC invocations=2264 (full 4):
 PSYoungGen      total 172544K, used 172128K [0x00000000d5580000, 0x00000000e0000000, 0x0000000100000000)
  eden space 170496K, 100% used [0x00000000d5580000,0x00000000dfc00000,0x00000000dfc00000)
  from space 2048K, 79% used [0x00000000dfc00000,0x00000000dfd980a0,0x00000000dfe00000)
  to   space 2048K, 0% used [0x00000000dfe00000,0x00000000dfe00000,0x00000000e0000000)
 ParOldGen       total 654336K, used 86645K [0x0000000080000000, 0x00000000a7f00000, 0x00000000d5580000)
  object space 654336K, 13% used [0x0000000080000000,0x000000008549d5b8,0x00000000a7f00000)
 Metaspace       used 110352K, capacity 114662K, committed 114816K, reserved 1148928K
  class space    used 13451K, capacity 14395K, committed 14464K, reserved 1048576K
Event: 429937.846 GC heap after
Heap after GC invocations=2264 (full 4):
 PSYoungGen      total 172544K, used 1600K [0x00000000d5580000, 0x00000000e0000000, 0x0000000100000000)
  eden space 170496K, 0% used [0x00000000d5580000,0x00000000d5580000,0x00000000dfc00000)
  from space 2048K, 78% used [0x00000000dfe00000,0x00000000dff900a0,0x00000000e0000000)
  to   space 2048K, 0% used [0x00000000dfc00000,0x00000000dfc00000,0x00000000dfe00000)
 ParOldGen       total 654336K, used 86645K [0x0000000080000000, 0x00000000a7f00000, 0x00000000d5580000)
  object space 654336K, 13% used [0x0000000080000000,0x000000008549d5b8,0x00000000a7f00000)
 Metaspace       used 110352K, capacity 114662K, committed 114816K, reserved 1148928K
  class space    used 13451K, capacity 14395K, committed 14464K, reserved 1048576K
}
Event: 430124.487 GC heap before
{Heap before GC invocations=2265 (full 4):
 PSYoungGen      total 172544K, used 172096K [0x00000000d5580000, 0x00000000e0000000, 0x0000000100000000)
  eden space 170496K, 100% used [0x00000000d5580000,0x00000000dfc00000,0x00000000dfc00000)
  from space 2048K, 78% used [0x00000000dfe00000,0x00000000dff900a0,0x00000000e0000000)
  to   space 2048K, 0% used [0x00000000dfc00000,0x00000000dfc00000,0x00000000dfe00000)
 ParOldGen       total 654336K, used 86645K [0x0000000080000000, 0x00000000a7f00000, 0x00000000d5580000)
  object space 654336K, 13% used [0x0000000080000000,0x000000008549d5b8,0x00000000a7f00000)
 Metaspace       used 110352K, capacity 114662K, committed 114816K, reserved 1148928K
  class space    used 13451K, capacity 14395K, committed 14464K, reserved 1048576K
Event: 430124.492 GC heap after
Heap after GC invocations=2265 (full 4):
 PSYoungGen      total 172544K, used 1584K [0x00000000d5580000, 0x00000000e0000000, 0x0000000100000000)
  eden space 170496K, 0% used [0x00000000d5580000,0x00000000d5580000,0x00000000dfc00000)
  from space 2048K, 77% used [0x00000000dfc00000,0x00000000dfd8c090,0x00000000dfe00000)
  to   space 2048K, 0% used [0x00000000dfe00000,0x00000000dfe00000,0x00000000e0000000)
 ParOldGen       total 654336K, used 86645K [0x0000000080000000, 0x00000000a7f00000, 0x00000000d5580000)
  object space 654336K, 13% used [0x0000000080000000,0x000000008549d5b8,0x00000000a7f00000)
 Metaspace       used 110352K, capacity 114662K, committed 114816K, reserved 1148928K
  class space    used 13451K, capacity 14395K, committed 14464K, reserved 1048576K
}
Event: 430310.157 GC heap before
{Heap before GC invocations=2266 (full 4):
 PSYoungGen      total 172544K, used 172080K [0x00000000d5580000, 0x00000000e0000000, 0x0000000100000000)
  eden space 170496K, 100% used [0x00000000d5580000,0x00000000dfc00000,0x00000000dfc00000)
  from space 2048K, 77% used [0x00000000dfc00000,0x00000000dfd8c090,0x00000000dfe00000)
  to   space 2048K, 0% used [0x00000000dfe00000,0x00000000dfe00000,0x00000000e0000000)
 ParOldGen       total 654336K, used 86645K [0x0000000080000000, 0x00000000a7f00000, 0x00000000d5580000)
  object space 654336K, 13% used [0x0000000080000000,0x000000008549d5b8,0x00000000a7f00000)
 Metaspace       used 110352K, capacity 114662K, committed 114816K, reserved 1148928K
  class space    used 13451K, capacity 14395K, committed 14464K, reserved 1048576K
Event: 430310.161 GC heap after
Heap after GC invocations=2266 (full 4):
 PSYoungGen      total 172544K, used 1504K [0x00000000d5580000, 0x00000000e0000000, 0x0000000100000000)
  eden space 170496K, 0% used [0x00000000d5580000,0x00000000d5580000,0x00000000dfc00000)
  from space 2048K, 73% used [0x00000000dfe00000,0x00000000dff780a0,0x00000000e0000000)
  to   space 2048K, 0% used [0x00000000dfc00000,0x00000000dfc00000,0x00000000dfe00000)
 ParOldGen       total 654336K, used 86645K [0x0000000080000000, 0x00000000a7f00000, 0x00000000d5580000)
  object space 654336K, 13% used [0x0000000080000000,0x000000008549d5b8,0x00000000a7f00000)
 Metaspace       used 110352K, capacity 114662K, committed 114816K, reserved 1148928K
  class space    used 13451K, capacity 14395K, committed 14464K, reserved 1048576K
}
Event: 430498.903 GC heap before
{Heap before GC invocations=2267 (full 4):
 PSYoungGen      total 172544K, used 172000K [0x00000000d5580000, 0x00000000e0000000, 0x0000000100000000)
  eden space 170496K, 100% used [0x00000000d5580000,0x00000000dfc00000,0x00000000dfc00000)
  from space 2048K, 73% used [0x00000000dfe00000,0x00000000dff780a0,0x00000000e0000000)
  to   space 2048K, 0% used [0x00000000dfc00000,0x00000000dfc00000,0x00000000dfe00000)
 ParOldGen       total 654336K, used 86645K [0x0000000080000000, 0x00000000a7f00000, 0x00000000d5580000)
  object space 654336K, 13% used [0x0000000080000000,0x000000008549d5b8,0x00000000a7f00000)
 Metaspace       used 110352K, capacity 114662K, committed 114816K, reserved 1148928K
  class space    used 13451K, capacity 14395K, committed 14464K, reserved 1048576K
Event: 430498.907 GC heap after
Heap after GC invocations=2267 (full 4):
 PSYoungGen      total 172544K, used 1584K [0x00000000d5580000, 0x00000000e0000000, 0x0000000100000000)
  eden space 170496K, 0% used [0x00000000d5580000,0x00000000d5580000,0x00000000dfc00000)
  from space 2048K, 77% used [0x00000000dfc00000,0x00000000dfd8c090,0x00000000dfe00000)
  to   space 2048K, 0% used [0x00000000dfe00000,0x00000000dfe00000,0x00000000e0000000)
 ParOldGen       total 654336K, used 86645K [0x0000000080000000, 0x00000000a7f00000, 0x00000000d5580000)
  object space 654336K, 13% used [0x0000000080000000,0x000000008549d5b8,0x00000000a7f00000)
 Metaspace       used 110352K, capacity 114662K, committed 114816K, reserved 1148928K
  class space    used 13451K, capacity 14395K, committed 14464K, reserved 1048576K
}
Event: 430690.158 GC heap before
{Heap before GC invocations=2268 (full 4):
 PSYoungGen      total 172544K, used 172080K [0x00000000d5580000, 0x00000000e0000000, 0x0000000100000000)
  eden space 170496K, 100% used [0x00000000d5580000,0x00000000dfc00000,0x00000000dfc00000)
  from space 2048K, 77% used [0x00000000dfc00000,0x00000000dfd8c090,0x00000000dfe00000)
  to   space 2048K, 0% used [0x00000000dfe00000,0x00000000dfe00000,0x00000000e0000000)
 ParOldGen       total 654336K, used 86645K [0x0000000080000000, 0x00000000a7f00000, 0x00000000d5580000)
  object space 654336K, 13% used [0x0000000080000000,0x000000008549d5b8,0x00000000a7f00000)
 Metaspace       used 110352K, capacity 114662K, committed 114816K, reserved 1148928K
  class space    used 13451K, capacity 14395K, committed 14464K, reserved 1048576K
Event: 430690.162 GC heap after
Heap after GC invocations=2268 (full 4):
 PSYoungGen      total 172544K, used 1504K [0x00000000d5580000, 0x00000000e0000000, 0x0000000100000000)
  eden space 170496K, 0% used [0x00000000d5580000,0x00000000d5580000,0x00000000dfc00000)
  from space 2048K, 73% used [0x00000000dfe00000,0x00000000dff780a0,0x00000000e0000000)
  to   space 2048K, 0% used [0x00000000dfc00000,0x00000000dfc00000,0x00000000dfe00000)
 ParOldGen       total 654336K, used 86645K [0x0000000080000000, 0x00000000a7f00000, 0x00000000d5580000)
  object space 654336K, 13% used [0x0000000080000000,0x000000008549d5b8,0x00000000a7f00000)
 Metaspace       used 110352K, capacity 114662K, committed 114816K, reserved 1148928K
  class space    used 13451K, capacity 14395K, committed 14464K, reserved 1048576K
}
Event: 430878.609 GC heap before
{Heap before GC invocations=2269 (full 4):
 PSYoungGen      total 172544K, used 172000K [0x00000000d5580000, 0x00000000e0000000, 0x0000000100000000)
  eden space 170496K, 100% used [0x00000000d5580000,0x00000000dfc00000,0x00000000dfc00000)
  from space 2048K, 73% used [0x00000000dfe00000,0x00000000dff780a0,0x00000000e0000000)
  to   space 2048K, 0% used [0x00000000dfc00000,0x00000000dfc00000,0x00000000dfe00000)
 ParOldGen       total 654336K, used 86645K [0x0000000080000000, 0x00000000a7f00000, 0x00000000d5580000)
  object space 654336K, 13% used [0x0000000080000000,0x000000008549d5b8,0x00000000a7f00000)
 Metaspace       used 110352K, capacity 114662K, committed 114816K, reserved 1148928K
  class space    used 13451K, capacity 14395K, committed 14464K, reserved 1048576K
Event: 430878.613 GC heap after
Heap after GC invocations=2269 (full 4):
 PSYoungGen      total 172544K, used 1568K [0x00000000d5580000, 0x00000000e0000000, 0x0000000100000000)
  eden space 170496K, 0% used [0x00000000d5580000,0x00000000d5580000,0x00000000dfc00000)
  from space 2048K, 76% used [0x00000000dfc00000,0x00000000dfd880a0,0x00000000dfe00000)
  to   space 2048K, 0% used [0x00000000dfe00000,0x00000000dfe00000,0x00000000e0000000)
 ParOldGen       total 654336K, used 86645K [0x0000000080000000, 0x00000000a7f00000, 0x00000000d5580000)
  object space 654336K, 13% used [0x0000000080000000,0x000000008549d5b8,0x00000000a7f00000)
 Metaspace       used 110352K, capacity 114662K, committed 114816K, reserved 1148928K
  class space    used 13451K, capacity 14395K, committed 14464K, reserved 1048576K
}
Event: 431068.609 GC heap before
{Heap before GC invocations=2270 (full 4):
 PSYoungGen      total 172544K, used 172064K [0x00000000d5580000, 0x00000000e0000000, 0x0000000100000000)
  eden space 170496K, 100% used [0x00000000d5580000,0x00000000dfc00000,0x00000000dfc00000)
  from space 2048K, 76% used [0x00000000dfc00000,0x00000000dfd880a0,0x00000000dfe00000)
  to   space 2048K, 0% used [0x00000000dfe00000,0x00000000dfe00000,0x00000000e0000000)
 ParOldGen       total 654336K, used 86645K [0x0000000080000000, 0x00000000a7f00000, 0x00000000d5580000)
  object space 654336K, 13% used [0x0000000080000000,0x000000008549d5b8,0x00000000a7f00000)
 Metaspace       used 110352K, capacity 114662K, committed 114816K, reserved 1148928K
  class space    used 13451K, capacity 14395K, committed 14464K, reserved 1048576K
Event: 431068.613 GC heap after
Heap after GC invocations=2270 (full 4):
 PSYoungGen      total 172544K, used 1648K [0x00000000d5580000, 0x00000000e0000000, 0x0000000100000000)
  eden space 170496K, 0% used [0x00000000d5580000,0x00000000d5580000,0x00000000dfc00000)
  from space 2048K, 80% used [0x00000000dfe00000,0x00000000dff9c090,0x00000000e0000000)
  to   space 2048K, 0% used [0x00000000dfc00000,0x00000000dfc00000,0x00000000dfe00000)
 ParOldGen       total 654336K, used 86645K [0x0000000080000000, 0x00000000a7f00000, 0x00000000d5580000)
  object space 654336K, 13% used [0x0000000080000000,0x000000008549d5b8,0x00000000a7f00000)
 Metaspace       used 110352K, capacity 114662K, committed 114816K, reserved 1148928K
  class space    used 13451K, capacity 14395K, committed 14464K, reserved 1048576K
}
Event: 431257.979 GC heap before
{Heap before GC invocations=2271 (full 4):
 PSYoungGen      total 172544K, used 172144K [0x00000000d5580000, 0x00000000e0000000, 0x0000000100000000)
  eden space 170496K, 100% used [0x00000000d5580000,0x00000000dfc00000,0x00000000dfc00000)
  from space 2048K, 80% used [0x00000000dfe00000,0x00000000dff9c090,0x00000000e0000000)
  to   space 2048K, 0% used [0x00000000dfc00000,0x00000000dfc00000,0x00000000dfe00000)
 ParOldGen       total 654336K, used 86645K [0x0000000080000000, 0x00000000a7f00000, 0x00000000d5580000)
  object space 654336K, 13% used [0x0000000080000000,0x000000008549d5b8,0x00000000a7f00000)
 Metaspace       used 110352K, capacity 114662K, committed 114816K, reserved 1148928K
  class space    used 13451K, capacity 14395K, committed 14464K, reserved 1048576K
Event: 431257.983 GC heap after
Heap after GC invocations=2271 (full 4):
 PSYoungGen      total 172544K, used 1600K [0x00000000d5580000, 0x00000000e0000000, 0x0000000100000000)
  eden space 170496K, 0% used [0x00000000d5580000,0x00000000d5580000,0x00000000dfc00000)
  from space 2048K, 78% used [0x00000000dfc00000,0x00000000dfd900a0,0x00000000dfe00000)
  to   space 2048K, 0% used [0x00000000dfe00000,0x00000000dfe00000,0x00000000e0000000)
 ParOldGen       total 654336K, used 86645K [0x0000000080000000, 0x00000000a7f00000, 0x00000000d5580000)
  object space 654336K, 13% used [0x0000000080000000,0x000000008549d5b8,0x00000000a7f00000)
 Metaspace       used 110352K, capacity 114662K, committed 114816K, reserved 1148928K
  class space    used 13451K, capacity 14395K, committed 14464K, reserved 1048576K
}
Event: 431448.105 GC heap before
{Heap before GC invocations=2272 (full 4):
 PSYoungGen      total 172544K, used 172096K [0x00000000d5580000, 0x00000000e0000000, 0x0000000100000000)
  eden space 170496K, 100% used [0x00000000d5580000,0x00000000dfc00000,0x00000000dfc00000)
  from space 2048K, 78% used [0x00000000dfc00000,0x00000000dfd900a0,0x00000000dfe00000)
  to   space 2048K, 0% used [0x00000000dfe00000,0x00000000dfe00000,0x00000000e0000000)
 ParOldGen       total 654336K, used 86645K [0x0000000080000000, 0x00000000a7f00000, 0x00000000d5580000)
  object space 654336K, 13% used [0x0000000080000000,0x000000008549d5b8,0x00000000a7f00000)
 Metaspace       used 110352K, capacity 114662K, committed 114816K, reserved 1148928K
  class space    used 13451K, capacity 14395K, committed 14464K, reserved 1048576K
Event: 431448.109 GC heap after
Heap after GC invocations=2272 (full 4):
 PSYoungGen      total 172544K, used 1616K [0x00000000d5580000, 0x00000000e0000000, 0x0000000100000000)
  eden space 170496K, 0% used [0x00000000d5580000,0x00000000d5580000,0x00000000dfc00000)
  from space 2048K, 78% used [0x00000000dfe00000,0x00000000dff94090,0x00000000e0000000)
  to   space 2048K, 0% used [0x00000000dfc00000,0x00000000dfc00000,0x00000000dfe00000)
 ParOldGen       total 654336K, used 86645K [0x0000000080000000, 0x00000000a7f00000, 0x00000000d5580000)
  object space 654336K, 13% used [0x0000000080000000,0x000000008549d5b8,0x00000000a7f00000)
 Metaspace       used 110352K, capacity 114662K, committed 114816K, reserved 1148928K
  class space    used 13451K, capacity 14395K, committed 14464K, reserved 1048576K
}
Event: 431638.801 GC heap before
{Heap before GC invocations=2273 (full 4):
 PSYoungGen      total 172544K, used 172112K [0x00000000d5580000, 0x00000000e0000000, 0x0000000100000000)
  eden space 170496K, 100% used [0x00000000d5580000,0x00000000dfc00000,0x00000000dfc00000)
  from space 2048K, 78% used [0x00000000dfe00000,0x00000000dff94090,0x00000000e0000000)
  to   space 2048K, 0% used [0x00000000dfc00000,0x00000000dfc00000,0x00000000dfe00000)
 ParOldGen       total 654336K, used 86645K [0x0000000080000000, 0x00000000a7f00000, 0x00000000d5580000)
  object space 654336K, 13% used [0x0000000080000000,0x000000008549d5b8,0x00000000a7f00000)
 Metaspace       used 110352K, capacity 114662K, committed 114816K, reserved 1148928K
  class space    used 13451K, capacity 14395K, committed 14464K, reserved 1048576K
Event: 431638.805 GC heap after
Heap after GC invocations=2273 (full 4):
 PSYoungGen      total 172544K, used 1664K [0x00000000d5580000, 0x00000000e0000000, 0x0000000100000000)
  eden space 170496K, 0% used [0x00000000d5580000,0x00000000d5580000,0x00000000dfc00000)
  from space 2048K, 81% used [0x00000000dfc00000,0x00000000dfda00a0,0x00000000dfe00000)
  to   space 2048K, 0% used [0x00000000dfe00000,0x00000000dfe00000,0x00000000e0000000)
 ParOldGen       total 654336K, used 86645K [0x0000000080000000, 0x00000000a7f00000, 0x00000000d5580000)
  object space 654336K, 13% used [0x0000000080000000,0x000000008549d5b8,0x00000000a7f00000)
 Metaspace       used 110352K, capacity 114662K, committed 114816K, reserved 1148928K
  class space    used 13451K, capacity 14395K, committed 14464K, reserved 1048576K
}
Event: 431825.005 GC heap before
{Heap before GC invocations=2274 (full 4):
 PSYoungGen      total 172544K, used 172160K [0x00000000d5580000, 0x00000000e0000000, 0x0000000100000000)
  eden space 170496K, 100% used [0x00000000d5580000,0x00000000dfc00000,0x00000000dfc00000)
  from space 2048K, 81% used [0x00000000dfc00000,0x00000000dfda00a0,0x00000000dfe00000)
  to   space 2048K, 0% used [0x00000000dfe00000,0x00000000dfe00000,0x00000000e0000000)
 ParOldGen       total 654336K, used 86645K [0x0000000080000000, 0x00000000a7f00000, 0x00000000d5580000)
  object space 654336K, 13% used [0x0000000080000000,0x000000008549d5b8,0x00000000a7f00000)
 Metaspace       used 110352K, capacity 114662K, committed 114816K, reserved 1148928K
  class space    used 13451K, capacity 14395K, committed 14464K, reserved 1048576K
Event: 431825.009 GC heap after
Heap after GC invocations=2274 (full 4):
 PSYoungGen      total 172544K, used 1600K [0x00000000d5580000, 0x00000000e0000000, 0x0000000100000000)
  eden space 170496K, 0% used [0x00000000d5580000,0x00000000d5580000,0x00000000dfc00000)
  from space 2048K, 78% used [0x00000000dfe00000,0x00000000dff90080,0x00000000e0000000)
  to   space 2048K, 0% used [0x00000000dfc00000,0x00000000dfc00000,0x00000000dfe00000)
 ParOldGen       total 654336K, used 86645K [0x0000000080000000, 0x00000000a7f00000, 0x00000000d5580000)
  object space 654336K, 13% used [0x0000000080000000,0x000000008549d5b8,0x00000000a7f00000)
 Metaspace       used 110352K, capacity 114662K, committed 114816K, reserved 1148928K
  class space    used 13451K, capacity 14395K, committed 14464K, reserved 1048576K
}
Event: 432010.155 GC heap before
{Heap before GC invocations=2275 (full 4):
 PSYoungGen      total 172544K, used 172096K [0x00000000d5580000, 0x00000000e0000000, 0x0000000100000000)
  eden space 170496K, 100% used [0x00000000d5580000,0x00000000dfc00000,0x00000000dfc00000)
  from space 2048K, 78% used [0x00000000dfe00000,0x00000000dff90080,0x00000000e0000000)
  to   space 2048K, 0% used [0x00000000dfc00000,0x00000000dfc00000,0x00000000dfe00000)
 ParOldGen       total 654336K, used 86645K [0x0000000080000000, 0x00000000a7f00000, 0x00000000d5580000)
  object space 654336K, 13% used [0x0000000080000000,0x000000008549d5b8,0x00000000a7f00000)
 Metaspace       used 110352K, capacity 114662K, committed 114816K, reserved 1148928K
  class space    used 13451K, capacity 14395K, committed 14464K, reserved 1048576K
Event: 432010.159 GC heap after
Heap after GC invocations=2275 (full 4):
 PSYoungGen      total 172544K, used 1632K [0x00000000d5580000, 0x00000000e0000000, 0x0000000100000000)
  eden space 170496K, 0% used [0x00000000d5580000,0x00000000d5580000,0x00000000dfc00000)
  from space 2048K, 79% used [0x00000000dfc00000,0x00000000dfd98080,0x00000000dfe00000)
  to   space 2048K, 0% used [0x00000000dfe00000,0x00000000dfe00000,0x00000000e0000000)
 ParOldGen       total 654336K, used 86645K [0x0000000080000000, 0x00000000a7f00000, 0x00000000d5580000)
  object space 654336K, 13% used [0x0000000080000000,0x000000008549d5b8,0x00000000a7f00000)
 Metaspace       used 110352K, capacity 114662K, committed 114816K, reserved 1148928K
  class space    used 13451K, capacity 14395K, committed 14464K, reserved 1048576K
}
Event: 432197.871 GC heap before
{Heap before GC invocations=2276 (full 4):
 PSYoungGen      total 172544K, used 172128K [0x00000000d5580000, 0x00000000e0000000, 0x0000000100000000)
  eden space 170496K, 100% used [0x00000000d5580000,0x00000000dfc00000,0x00000000dfc00000)
  from space 2048K, 79% used [0x00000000dfc00000,0x00000000dfd98080,0x00000000dfe00000)
  to   space 2048K, 0% used [0x00000000dfe00000,0x00000000dfe00000,0x00000000e0000000)
 ParOldGen       total 654336K, used 86645K [0x0000000080000000, 0x00000000a7f00000, 0x00000000d5580000)
  object space 654336K, 13% used [0x0000000080000000,0x000000008549d5b8,0x00000000a7f00000)
 Metaspace       used 110352K, capacity 114662K, committed 114816K, reserved 1148928K
  class space    used 13451K, capacity 14395K, committed 14464K, reserved 1048576K
Event: 432197.875 GC heap after
Heap after GC invocations=2276 (full 4):
 PSYoungGen      total 172544K, used 1584K [0x00000000d5580000, 0x00000000e0000000, 0x0000000100000000)
  eden space 170496K, 0% used [0x00000000d5580000,0x00000000d5580000,0x00000000dfc00000)
  from space 2048K, 77% used [0x00000000dfe00000,0x00000000dff8c090,0x00000000e0000000)
  to   space 2048K, 0% used [0x00000000dfc00000,0x00000000dfc00000,0x00000000dfe00000)
 ParOldGen       total 654336K, used 86645K [0x0000000080000000, 0x00000000a7f00000, 0x00000000d5580000)
  object space 654336K, 13% used [0x0000000080000000,0x000000008549d5b8,0x00000000a7f00000)
 Metaspace       used 110352K, capacity 114662K, committed 114816K, reserved 1148928K
  class space    used 13451K, capacity 14395K, committed 14464K, reserved 1048576K
}
Event: 432385.542 GC heap before
{Heap before GC invocations=2277 (full 4):
 PSYoungGen      total 172544K, used 172080K [0x00000000d5580000, 0x00000000e0000000, 0x0000000100000000)
  eden space 170496K, 100% used [0x00000000d5580000,0x00000000dfc00000,0x00000000dfc00000)
  from space 2048K, 77% used [0x00000000dfe00000,0x00000000dff8c090,0x00000000e0000000)
  to   space 2048K, 0% used [0x00000000dfc00000,0x00000000dfc00000,0x00000000dfe00000)
 ParOldGen       total 654336K, used 86645K [0x0000000080000000, 0x00000000a7f00000, 0x00000000d5580000)
  object space 654336K, 13% used [0x0000000080000000,0x000000008549d5b8,0x00000000a7f00000)
 Metaspace       used 110352K, capacity 114662K, committed 114816K, reserved 1148928K
  class space    used 13451K, capacity 14395K, committed 14464K, reserved 1048576K
Event: 432385.546 GC heap after
Heap after GC invocations=2277 (full 4):
 PSYoungGen      total 172544K, used 1600K [0x00000000d5580000, 0x00000000e0000000, 0x0000000100000000)
  eden space 170496K, 0% used [0x00000000d5580000,0x00000000d5580000,0x00000000dfc00000)
  from space 2048K, 78% used [0x00000000dfc00000,0x00000000dfd900a0,0x00000000dfe00000)
  to   space 2048K, 0% used [0x00000000dfe00000,0x00000000dfe00000,0x00000000e0000000)
 ParOldGen       total 654336K, used 86645K [0x0000000080000000, 0x00000000a7f00000, 0x00000000d5580000)
  object space 654336K, 13% used [0x0000000080000000,0x000000008549d5b8,0x00000000a7f00000)
 Metaspace       used 110352K, capacity 114662K, committed 114816K, reserved 1148928K
  class space    used 13451K, capacity 14395K, committed 14464K, reserved 1048576K
}
Event: 432572.874 GC heap before
{Heap before GC invocations=2278 (full 4):
 PSYoungGen      total 172544K, used 172096K [0x00000000d5580000, 0x00000000e0000000, 0x0000000100000000)
  eden space 170496K, 100% used [0x00000000d5580000,0x00000000dfc00000,0x00000000dfc00000)
  from space 2048K, 78% used [0x00000000dfc00000,0x00000000dfd900a0,0x00000000dfe00000)
  to   space 2048K, 0% used [0x00000000dfe00000,0x00000000dfe00000,0x00000000e0000000)
 ParOldGen       total 654336K, used 86645K [0x0000000080000000, 0x00000000a7f00000, 0x00000000d5580000)
  object space 654336K, 13% used [0x0000000080000000,0x000000008549d5b8,0x00000000a7f00000)
 Metaspace       used 110352K, capacity 114662K, committed 114816K, reserved 1148928K
  class space    used 13451K, capacity 14395K, committed 14464K, reserved 1048576K
Event: 432572.877 GC heap after
Heap after GC invocations=2278 (full 4):
 PSYoungGen      total 172544K, used 1632K [0x00000000d5580000, 0x00000000e0000000, 0x0000000100000000)
  eden space 170496K, 0% used [0x00000000d5580000,0x00000000d5580000,0x00000000dfc00000)
  from space 2048K, 79% used [0x00000000dfe00000,0x00000000dff980a0,0x00000000e0000000)
  to   space 2048K, 0% used [0x00000000dfc00000,0x00000000dfc00000,0x00000000dfe00000)
 ParOldGen       total 654336K, used 86645K [0x0000000080000000, 0x00000000a7f00000, 0x00000000d5580000)
  object space 654336K, 13% used [0x0000000080000000,0x000000008549d5b8,0x00000000a7f00000)
 Metaspace       used 110352K, capacity 114662K, committed 114816K, reserved 1148928K
  class space    used 13451K, capacity 14395K, committed 14464K, reserved 1048576K
}
Event: 432762.894 GC heap before
{Heap before GC invocations=2279 (full 4):
 PSYoungGen      total 172544K, used 172128K [0x00000000d5580000, 0x00000000e0000000, 0x0000000100000000)
  eden space 170496K, 100% used [0x00000000d5580000,0x00000000dfc00000,0x00000000dfc00000)
  from space 2048K, 79% used [0x00000000dfe00000,0x00000000dff980a0,0x00000000e0000000)
  to   space 2048K, 0% used [0x00000000dfc00000,0x00000000dfc00000,0x00000000dfe00000)
 ParOldGen       total 654336K, used 86645K [0x0000000080000000, 0x00000000a7f00000, 0x00000000d5580000)
  object space 654336K, 13% used [0x0000000080000000,0x000000008549d5b8,0x00000000a7f00000)
 Metaspace       used 110352K, capacity 114662K, committed 114816K, reserved 1148928K
  class space    used 13451K, capacity 14395K, committed 14464K, reserved 1048576K
Event: 432762.899 GC heap after
Heap after GC invocations=2279 (full 4):
 PSYoungGen      total 172544K, used 1632K [0x00000000d5580000, 0x00000000e0000000, 0x0000000100000000)
  eden space 170496K, 0% used [0x00000000d5580000,0x00000000d5580000,0x00000000dfc00000)
  from space 2048K, 79% used [0x00000000dfc00000,0x00000000dfd980a0,0x00000000dfe00000)
  to   space 2048K, 0% used [0x00000000dfe00000,0x00000000dfe00000,0x00000000e0000000)
 ParOldGen       total 654336K, used 86645K [0x0000000080000000, 0x00000000a7f00000, 0x00000000d5580000)
  object space 654336K, 13% used [0x0000000080000000,0x000000008549d5b8,0x00000000a7f00000)
 Metaspace       used 110352K, capacity 114662K, committed 114816K, reserved 1148928K
  class space    used 13451K, capacity 14395K, committed 14464K, reserved 1048576K
}
Event: 432954.061 GC heap before
{Heap before GC invocations=2280 (full 4):
 PSYoungGen      total 172544K, used 172128K [0x00000000d5580000, 0x00000000e0000000, 0x0000000100000000)
  eden space 170496K, 100% used [0x00000000d5580000,0x00000000dfc00000,0x00000000dfc00000)
  from space 2048K, 79% used [0x00000000dfc00000,0x00000000dfd980a0,0x00000000dfe00000)
  to   space 2048K, 0% used [0x00000000dfe00000,0x00000000dfe00000,0x00000000e0000000)
 ParOldGen       total 654336K, used 86645K [0x0000000080000000, 0x00000000a7f00000, 0x00000000d5580000)
  object space 654336K, 13% used [0x0000000080000000,0x000000008549d5b8,0x00000000a7f00000)
 Metaspace       used 110352K, capacity 114662K, committed 114816K, reserved 1148928K
  class space    used 13451K, capacity 14395K, committed 14464K, reserved 1048576K
Event: 432954.065 GC heap after
Heap after GC invocations=2280 (full 4):
 PSYoungGen      total 172544K, used 1584K [0x00000000d5580000, 0x00000000e0000000, 0x0000000100000000)
  eden space 170496K, 0% used [0x00000000d5580000,0x00000000d5580000,0x00000000dfc00000)
  from space 2048K, 77% used [0x00000000dfe00000,0x00000000dff8c090,0x00000000e0000000)
  to   space 2048K, 0% used [0x00000000dfc00000,0x00000000dfc00000,0x00000000dfe00000)
 ParOldGen       total 654336K, used 86653K [0x0000000080000000, 0x00000000a7f00000, 0x00000000d5580000)
  object space 654336K, 13% used [0x0000000080000000,0x000000008549f5b8,0x00000000a7f00000)
 Metaspace       used 110352K, capacity 114662K, committed 114816K, reserved 1148928K
  class space    used 13451K, capacity 14395K, committed 14464K, reserved 1048576K
}
Event: 433142.834 GC heap before
{Heap before GC invocations=2281 (full 4):
 PSYoungGen      total 172544K, used 172080K [0x00000000d5580000, 0x00000000e0000000, 0x0000000100000000)
  eden space 170496K, 100% used [0x00000000d5580000,0x00000000dfc00000,0x00000000dfc00000)
  from space 2048K, 77% used [0x00000000dfe00000,0x00000000dff8c090,0x00000000e0000000)
  to   space 2048K, 0% used [0x00000000dfc00000,0x00000000dfc00000,0x00000000dfe00000)
 ParOldGen       total 654336K, used 86653K [0x0000000080000000, 0x00000000a7f00000, 0x00000000d5580000)
  object space 654336K, 13% used [0x0000000080000000,0x000000008549f5b8,0x00000000a7f00000)
 Metaspace       used 110352K, capacity 114662K, committed 114816K, reserved 1148928K
  class space    used 13451K, capacity 14395K, committed 14464K, reserved 1048576K
Event: 433142.838 GC heap after
Heap after GC invocations=2281 (full 4):
 PSYoungGen      total 172544K, used 1600K [0x00000000d5580000, 0x00000000e0000000, 0x0000000100000000)
  eden space 170496K, 0% used [0x00000000d5580000,0x00000000d5580000,0x00000000dfc00000)
  from space 2048K, 78% used [0x00000000dfc00000,0x00000000dfd900a0,0x00000000dfe00000)
  to   space 2048K, 0% used [0x00000000dfe00000,0x00000000dfe00000,0x00000000e0000000)
 ParOldGen       total 654336K, used 86669K [0x0000000080000000, 0x00000000a7f00000, 0x00000000d5580000)
  object space 654336K, 13% used [0x0000000080000000,0x00000000854a35b8,0x00000000a7f00000)
 Metaspace       used 110352K, capacity 114662K, committed 114816K, reserved 1148928K
  class space    used 13451K, capacity 14395K, committed 14464K, reserved 1048576K
}
Event: 433332.865 GC heap before
{Heap before GC invocations=2282 (full 4):
 PSYoungGen      total 172544K, used 172096K [0x00000000d5580000, 0x00000000e0000000, 0x0000000100000000)
  eden space 170496K, 100% used [0x00000000d5580000,0x00000000dfc00000,0x00000000dfc00000)
  from space 2048K, 78% used [0x00000000dfc00000,0x00000000dfd900a0,0x00000000dfe00000)
  to   space 2048K, 0% used [0x00000000dfe00000,0x00000000dfe00000,0x00000000e0000000)
 ParOldGen       total 654336K, used 86669K [0x0000000080000000, 0x00000000a7f00000, 0x00000000d5580000)
  object space 654336K, 13% used [0x0000000080000000,0x00000000854a35b8,0x00000000a7f00000)
 Metaspace       used 110352K, capacity 114662K, committed 114816K, reserved 1148928K
  class space    used 13451K, capacity 14395K, committed 14464K, reserved 1048576K
Event: 433332.869 GC heap after
Heap after GC invocations=2282 (full 4):
 PSYoungGen      total 172544K, used 1584K [0x00000000d5580000, 0x00000000e0000000, 0x0000000100000000)
  eden space 170496K, 0% used [0x00000000d5580000,0x00000000d5580000,0x00000000dfc00000)
  from space 2048K, 77% used [0x00000000dfe00000,0x00000000dff8c090,0x00000000e0000000)
  to   space 2048K, 0% used [0x00000000dfc00000,0x00000000dfc00000,0x00000000dfe00000)
 ParOldGen       total 654336K, used 86669K [0x0000000080000000, 0x00000000a7f00000, 0x00000000d5580000)
  object space 654336K, 13% used [0x0000000080000000,0x00000000854a35b8,0x00000000a7f00000)
 Metaspace       used 110352K, capacity 114662K, committed 114816K, reserved 1148928K
  class space    used 13451K, capacity 14395K, committed 14464K, reserved 1048576K
}
Event: 433522.610 GC heap before
{Heap before GC invocations=2283 (full 4):
 PSYoungGen      total 172544K, used 172080K [0x00000000d5580000, 0x00000000e0000000, 0x0000000100000000)
  eden space 170496K, 100% used [0x00000000d5580000,0x00000000dfc00000,0x00000000dfc00000)
  from space 2048K, 77% used [0x00000000dfe00000,0x00000000dff8c090,0x00000000e0000000)
  to   space 2048K, 0% used [0x00000000dfc00000,0x00000000dfc00000,0x00000000dfe00000)
 ParOldGen       total 654336K, used 86669K [0x0000000080000000, 0x00000000a7f00000, 0x00000000d5580000)
  object space 654336K, 13% used [0x0000000080000000,0x00000000854a35b8,0x00000000a7f00000)
 Metaspace       used 110352K, capacity 114662K, committed 114816K, reserved 1148928K
  class space    used 13451K, capacity 14395K, committed 14464K, reserved 1048576K
Event: 433522.614 GC heap after
Heap after GC invocations=2283 (full 4):
 PSYoungGen      total 172544K, used 1616K [0x00000000d5580000, 0x00000000e0000000, 0x0000000100000000)
  eden space 170496K, 0% used [0x00000000d5580000,0x00000000d5580000,0x00000000dfc00000)
  from space 2048K, 78% used [0x00000000dfc00000,0x00000000dfd94090,0x00000000dfe00000)
  to   space 2048K, 0% used [0x00000000dfe00000,0x00000000dfe00000,0x00000000e0000000)
 ParOldGen       total 654336K, used 86669K [0x0000000080000000, 0x00000000a7f00000, 0x00000000d5580000)
  object space 654336K, 13% used [0x0000000080000000,0x00000000854a35b8,0x00000000a7f00000)
 Metaspace       used 110352K, capacity 114662K, committed 114816K, reserved 1148928K
  class space    used 13451K, capacity 14395K, committed 14464K, reserved 1048576K
}
Event: 433708.943 GC heap before
{Heap before GC invocations=2284 (full 4):
 PSYoungGen      total 172544K, used 172112K [0x00000000d5580000, 0x00000000e0000000, 0x0000000100000000)
  eden space 170496K, 100% used [0x00000000d5580000,0x00000000dfc00000,0x00000000dfc00000)
  from space 2048K, 78% used [0x00000000dfc00000,0x00000000dfd94090,0x00000000dfe00000)
  to   space 2048K, 0% used [0x00000000dfe00000,0x00000000dfe00000,0x00000000e0000000)
 ParOldGen       total 654336K, used 86669K [0x0000000080000000, 0x00000000a7f00000, 0x00000000d5580000)
  object space 654336K, 13% used [0x0000000080000000,0x00000000854a35b8,0x00000000a7f00000)
 Metaspace       used 110353K, capacity 114662K, committed 114816K, reserved 1148928K
  class space    used 13452K, capacity 14395K, committed 14464K, reserved 1048576K
Event: 433708.947 GC heap after
Heap after GC invocations=2284 (full 4):
 PSYoungGen      total 172544K, used 1600K [0x00000000d5580000, 0x00000000e0000000, 0x0000000100000000)
  eden space 170496K, 0% used [0x00000000d5580000,0x00000000d5580000,0x00000000dfc00000)
  from space 2048K, 78% used [0x00000000dfe00000,0x00000000dff90080,0x00000000e0000000)
  to   space 2048K, 0% used [0x00000000dfc00000,0x00000000dfc00000,0x00000000dfe00000)
 ParOldGen       total 654336K, used 86669K [0x0000000080000000, 0x00000000a7f00000, 0x00000000d5580000)
  object space 654336K, 13% used [0x0000000080000000,0x00000000854a35b8,0x00000000a7f00000)
 Metaspace       used 110353K, capacity 114662K, committed 114816K, reserved 1148928K
  class space    used 13452K, capacity 14395K, committed 14464K, reserved 1048576K
}
Event: 433970.132 GC heap before
{Heap before GC invocations=2285 (full 4):
 PSYoungGen      total 172544K, used 172096K [0x00000000d5580000, 0x00000000e0000000, 0x0000000100000000)
  eden space 170496K, 100% used [0x00000000d5580000,0x00000000dfc00000,0x00000000dfc00000)
  from space 2048K, 78% used [0x00000000dfe00000,0x00000000dff90080,0x00000000e0000000)
  to   space 2048K, 0% used [0x00000000dfc00000,0x00000000dfc00000,0x00000000dfe00000)
 ParOldGen       total 654336K, used 86669K [0x0000000080000000, 0x00000000a7f00000, 0x00000000d5580000)
  object space 654336K, 13% used [0x0000000080000000,0x00000000854a35b8,0x00000000a7f00000)
 Metaspace       used 110485K, capacity 114812K, committed 115072K, reserved 1150976K
  class space    used 13468K, capacity 14414K, committed 14464K, reserved 1048576K
Event: 433970.136 GC heap after
Heap after GC invocations=2285 (full 4):
 PSYoungGen      total 172544K, used 2016K [0x00000000d5580000, 0x00000000e0000000, 0x0000000100000000)
  eden space 170496K, 0% used [0x00000000d5580000,0x00000000d5580000,0x00000000dfc00000)
  from space 2048K, 98% used [0x00000000dfc00000,0x00000000dfdf80c0,0x00000000dfe00000)
  to   space 2048K, 0% used [0x00000000dfe00000,0x00000000dfe00000,0x00000000e0000000)
 ParOldGen       total 654336K, used 87340K [0x0000000080000000, 0x00000000a7f00000, 0x00000000d5580000)
  object space 654336K, 13% used [0x0000000080000000,0x000000008554b340,0x00000000a7f00000)
 Metaspace       used 110485K, capacity 114812K, committed 115072K, reserved 1150976K
  class space    used 13468K, capacity 14414K, committed 14464K, reserved 1048576K
}
Event: 434162.524 GC heap before
{Heap before GC invocations=2286 (full 4):
 PSYoungGen      total 172544K, used 172512K [0x00000000d5580000, 0x00000000e0000000, 0x0000000100000000)
  eden space 170496K, 100% used [0x00000000d5580000,0x00000000dfc00000,0x00000000dfc00000)
  from space 2048K, 98% used [0x00000000dfc00000,0x00000000dfdf80c0,0x00000000dfe00000)
  to   space 2048K, 0% used [0x00000000dfe00000,0x00000000dfe00000,0x00000000e0000000)
 ParOldGen       total 654336K, used 87340K [0x0000000080000000, 0x00000000a7f00000, 0x00000000d5580000)
  object space 654336K, 13% used [0x0000000080000000,0x000000008554b340,0x00000000a7f00000)
 Metaspace       used 110485K, capacity 114812K, committed 115072K, reserved 1150976K
  class space    used 13468K, capacity 14414K, committed 14464K, reserved 1048576K
Event: 434162.528 GC heap after
Heap after GC invocations=2286 (full 4):
 PSYoungGen      total 171520K, used 2032K [0x00000000d5580000, 0x00000000e0000000, 0x0000000100000000)
  eden space 169472K, 0% used [0x00000000d5580000,0x00000000d5580000,0x00000000dfb00000)
  from space 2048K, 99% used [0x00000000dfe00000,0x00000000dfffc0b0,0x00000000e0000000)
  to   space 2560K, 0% used [0x00000000dfb00000,0x00000000dfb00000,0x00000000dfd80000)
 ParOldGen       total 654336K, used 87348K [0x0000000080000000, 0x00000000a7f00000, 0x00000000d5580000)
  object space 654336K, 13% used [0x0000000080000000,0x000000008554d340,0x00000000a7f00000)
 Metaspace       used 110485K, capacity 114812K, committed 115072K, reserved 1150976K
  class space    used 13468K, capacity 14414K, committed 14464K, reserved 1048576K
}
Event: 434352.832 GC heap before
{Heap before GC invocations=2287 (full 4):
 PSYoungGen      total 171520K, used 171504K [0x00000000d5580000, 0x00000000e0000000, 0x0000000100000000)
  eden space 169472K, 100% used [0x00000000d5580000,0x00000000dfb00000,0x00000000dfb00000)
  from space 2048K, 99% used [0x00000000dfe00000,0x00000000dfffc0b0,0x00000000e0000000)
  to   space 2560K, 0% used [0x00000000dfb00000,0x00000000dfb00000,0x00000000dfd80000)
 ParOldGen       total 654336K, used 87348K [0x0000000080000000, 0x00000000a7f00000, 0x00000000d5580000)
  object space 654336K, 13% used [0x0000000080000000,0x000000008554d340,0x00000000a7f00000)
 Metaspace       used 110485K, capacity 114812K, committed 115072K, reserved 1150976K
  class space    used 13468K, capacity 14414K, committed 14464K, reserved 1048576K
Event: 434352.836 GC heap after
Heap after GC invocations=2287 (full 4):
 PSYoungGen      total 172032K, used 1808K [0x00000000d5580000, 0x00000000e0000000, 0x0000000100000000)
  eden space 169472K, 0% used [0x00000000d5580000,0x00000000d5580000,0x00000000dfb00000)
  from space 2560K, 70% used [0x00000000dfb00000,0x00000000dfcc4090,0x00000000dfd80000)
  to   space 2560K, 0% used [0x00000000dfd80000,0x00000000dfd80000,0x00000000e0000000)
 ParOldGen       total 654336K, used 87356K [0x0000000080000000, 0x00000000a7f00000, 0x00000000d5580000)
  object space 654336K, 13% used [0x0000000080000000,0x000000008554f340,0x00000000a7f00000)
 Metaspace       used 110485K, capacity 114812K, committed 115072K, reserved 1150976K
  class space    used 13468K, capacity 14414K, committed 14464K, reserved 1048576K
}
Event: 434542.749 GC heap before
{Heap before GC invocations=2288 (full 4):
 PSYoungGen      total 172032K, used 171280K [0x00000000d5580000, 0x00000000e0000000, 0x0000000100000000)
  eden space 169472K, 100% used [0x00000000d5580000,0x00000000dfb00000,0x00000000dfb00000)
  from space 2560K, 70% used [0x00000000dfb00000,0x00000000dfcc4090,0x00000000dfd80000)
  to   space 2560K, 0% used [0x00000000dfd80000,0x00000000dfd80000,0x00000000e0000000)
 ParOldGen       total 654336K, used 87356K [0x0000000080000000, 0x00000000a7f00000, 0x00000000d5580000)
  object space 654336K, 13% used [0x0000000080000000,0x000000008554f340,0x00000000a7f00000)
 Metaspace       used 110485K, capacity 114812K, committed 115072K, reserved 1150976K
  class space    used 13468K, capacity 14414K, committed 14464K, reserved 1048576K
Event: 434542.753 GC heap after
Heap after GC invocations=2288 (full 4):
 PSYoungGen      total 172032K, used 1872K [0x00000000d5580000, 0x00000000e0000000, 0x0000000100000000)
  eden space 169472K, 0% used [0x00000000d5580000,0x00000000d5580000,0x00000000dfb00000)
  from space 2560K, 73% used [0x00000000dfd80000,0x00000000dff540b0,0x00000000e0000000)
  to   space 2560K, 0% used [0x00000000dfb00000,0x00000000dfb00000,0x00000000dfd80000)
 ParOldGen       total 654336K, used 87364K [0x0000000080000000, 0x00000000a7f00000, 0x00000000d5580000)
  object space 654336K, 13% used [0x0000000080000000,0x0000000085551340,0x00000000a7f00000)
 Metaspace       used 110485K, capacity 114812K, committed 115072K, reserved 1150976K
  class space    used 13468K, capacity 14414K, committed 14464K, reserved 1048576K
}
Event: 434731.406 GC heap before
{Heap before GC invocations=2289 (full 4):
 PSYoungGen      total 172032K, used 171344K [0x00000000d5580000, 0x00000000e0000000, 0x0000000100000000)
  eden space 169472K, 100% used [0x00000000d5580000,0x00000000dfb00000,0x00000000dfb00000)
  from space 2560K, 73% used [0x00000000dfd80000,0x00000000dff540b0,0x00000000e0000000)
  to   space 2560K, 0% used [0x00000000dfb00000,0x00000000dfb00000,0x00000000dfd80000)
 ParOldGen       total 654336K, used 87364K [0x0000000080000000, 0x00000000a7f00000, 0x00000000d5580000)
  object space 654336K, 13% used [0x0000000080000000,0x0000000085551340,0x00000000a7f00000)
 Metaspace       used 110485K, capacity 114812K, committed 115072K, reserved 1150976K
  class space    used 13468K, capacity 14414K, committed 14464K, reserved 1048576K
Event: 434731.410 GC heap after
Heap after GC invocations=2289 (full 4):
 PSYoungGen      total 172032K, used 1856K [0x00000000d5580000, 0x00000000e0000000, 0x0000000100000000)
  eden space 169472K, 0% used [0x00000000d5580000,0x00000000d5580000,0x00000000dfb00000)
  from space 2560K, 72% used [0x00000000dfb00000,0x00000000dfcd00a0,0x00000000dfd80000)
  to   space 2560K, 0% used [0x00000000dfd80000,0x00000000dfd80000,0x00000000e0000000)
 ParOldGen       total 654336K, used 87372K [0x0000000080000000, 0x00000000a7f00000, 0x00000000d5580000)
  object space 654336K, 13% used [0x0000000080000000,0x0000000085553340,0x00000000a7f00000)
 Metaspace       used 110485K, capacity 114812K, committed 115072K, reserved 1150976K
  class space    used 13468K, capacity 14414K, committed 14464K, reserved 1048576K
}
Event: 434921.517 GC heap before
{Heap before GC invocations=2290 (full 4):
 PSYoungGen      total 172032K, used 171328K [0x00000000d5580000, 0x00000000e0000000, 0x0000000100000000)
  eden space 169472K, 100% used [0x00000000d5580000,0x00000000dfb00000,0x00000000dfb00000)
  from space 2560K, 72% used [0x00000000dfb00000,0x00000000dfcd00a0,0x00000000dfd80000)
  to   space 2560K, 0% used [0x00000000dfd80000,0x00000000dfd80000,0x00000000e0000000)
 ParOldGen       total 654336K, used 87372K [0x0000000080000000, 0x00000000a7f00000, 0x00000000d5580000)
  object space 654336K, 13% used [0x0000000080000000,0x0000000085553340,0x00000000a7f00000)
 Metaspace       used 110485K, capacity 114812K, committed 115072K, reserved 1150976K
  class space    used 13468K, capacity 14414K, committed 14464K, reserved 1048576K
Event: 434921.521 GC heap after
Heap after GC invocations=2290 (full 4):
 PSYoungGen      total 172032K, used 1824K [0x00000000d5580000, 0x00000000e0000000, 0x0000000100000000)
  eden space 169472K, 0% used [0x00000000d5580000,0x00000000d5580000,0x00000000dfb00000)
  from space 2560K, 71% used [0x00000000dfd80000,0x00000000dff480a0,0x00000000e0000000)
  to   space 2560K, 0% used [0x00000000dfb00000,0x00000000dfb00000,0x00000000dfd80000)
 ParOldGen       total 654336K, used 87372K [0x0000000080000000, 0x00000000a7f00000, 0x00000000d5580000)
  object space 654336K, 13% used [0x0000000080000000,0x0000000085553340,0x00000000a7f00000)
 Metaspace       used 110485K, capacity 114812K, committed 115072K, reserved 1150976K
  class space    used 13468K, capacity 14414K, committed 14464K, reserved 1048576K
}
Event: 435111.777 GC heap before
{Heap before GC invocations=2291 (full 4):
 PSYoungGen      total 172032K, used 171296K [0x00000000d5580000, 0x00000000e0000000, 0x0000000100000000)
  eden space 169472K, 100% used [0x00000000d5580000,0x00000000dfb00000,0x00000000dfb00000)
  from space 2560K, 71% used [0x00000000dfd80000,0x00000000dff480a0,0x00000000e0000000)
  to   space 2560K, 0% used [0x00000000dfb00000,0x00000000dfb00000,0x00000000dfd80000)
 ParOldGen       total 654336K, used 87372K [0x0000000080000000, 0x00000000a7f00000, 0x00000000d5580000)
  object space 654336K, 13% used [0x0000000080000000,0x0000000085553340,0x00000000a7f00000)
 Metaspace       used 110485K, capacity 114812K, committed 115072K, reserved 1150976K
  class space    used 13468K, capacity 14414K, committed 14464K, reserved 1048576K
Event: 435111.782 GC heap after
Heap after GC invocations=2291 (full 4):
 PSYoungGen      total 172032K, used 1904K [0x00000000d5580000, 0x00000000e0000000, 0x0000000100000000)
  eden space 169472K, 0% used [0x00000000d5580000,0x00000000d5580000,0x00000000dfb00000)
  from space 2560K, 74% used [0x00000000dfb00000,0x00000000dfcdc0b0,0x00000000dfd80000)
  to   space 2560K, 0% used [0x00000000dfd80000,0x00000000dfd80000,0x00000000e0000000)
 ParOldGen       total 654336K, used 87372K [0x0000000080000000, 0x00000000a7f00000, 0x00000000d5580000)
  object space 654336K, 13% used [0x0000000080000000,0x0000000085553340,0x00000000a7f00000)
 Metaspace       used 110485K, capacity 114812K, committed 115072K, reserved 1150976K
  class space    used 13468K, capacity 14414K, committed 14464K, reserved 1048576K
}
Event: 435301.505 GC heap before
{Heap before GC invocations=2292 (full 4):
 PSYoungGen      total 172032K, used 171376K [0x00000000d5580000, 0x00000000e0000000, 0x0000000100000000)
  eden space 169472K, 100% used [0x00000000d5580000,0x00000000dfb00000,0x00000000dfb00000)
  from space 2560K, 74% used [0x00000000dfb00000,0x00000000dfcdc0b0,0x00000000dfd80000)
  to   space 2560K, 0% used [0x00000000dfd80000,0x00000000dfd80000,0x00000000e0000000)
 ParOldGen       total 654336K, used 87372K [0x0000000080000000, 0x00000000a7f00000, 0x00000000d5580000)
  object space 654336K, 13% used [0x0000000080000000,0x0000000085553340,0x00000000a7f00000)
 Metaspace       used 110485K, capacity 114812K, committed 115072K, reserved 1150976K
  class space    used 13468K, capacity 14414K, committed 14464K, reserved 1048576K
Event: 435301.510 GC heap after
Heap after GC invocations=2292 (full 4):
 PSYoungGen      total 172032K, used 1872K [0x00000000d5580000, 0x00000000e0000000, 0x0000000100000000)
  eden space 169472K, 0% used [0x00000000d5580000,0x00000000d5580000,0x00000000dfb00000)
  from space 2560K, 73% used [0x00000000dfd80000,0x00000000dff540b0,0x00000000e0000000)
  to   space 2560K, 0% used [0x00000000dfb00000,0x00000000dfb00000,0x00000000dfd80000)
 ParOldGen       total 654336K, used 87372K [0x0000000080000000, 0x00000000a7f00000, 0x00000000d5580000)
  object space 654336K, 13% used [0x0000000080000000,0x0000000085553340,0x00000000a7f00000)
 Metaspace       used 110485K, capacity 114812K, committed 115072K, reserved 1150976K
  class space    used 13468K, capacity 14414K, committed 14464K, reserved 1048576K
}
Event: 435492.134 GC heap before
{Heap before GC invocations=2293 (full 4):
 PSYoungGen      total 172032K, used 171344K [0x00000000d5580000, 0x00000000e0000000, 0x0000000100000000)
  eden space 169472K, 100% used [0x00000000d5580000,0x00000000dfb00000,0x00000000dfb00000)
  from space 2560K, 73% used [0x00000000dfd80000,0x00000000dff540b0,0x00000000e0000000)
  to   space 2560K, 0% used [0x00000000dfb00000,0x00000000dfb00000,0x00000000dfd80000)
 ParOldGen       total 654336K, used 87372K [0x0000000080000000, 0x00000000a7f00000, 0x00000000d5580000)
  object space 654336K, 13% used [0x0000000080000000,0x0000000085553340,0x00000000a7f00000)
 Metaspace       used 110485K, capacity 114812K, committed 115072K, reserved 1150976K
  class space    used 13468K, capacity 14414K, committed 14464K, reserved 1048576K
Event: 435492.139 GC heap after
Heap after GC invocations=2293 (full 4):
 PSYoungGen      total 172032K, used 1872K [0x00000000d5580000, 0x00000000e0000000, 0x0000000100000000)
  eden space 169472K, 0% used [0x00000000d5580000,0x00000000d5580000,0x00000000dfb00000)
  from space 2560K, 73% used [0x00000000dfb00000,0x00000000dfcd4070,0x00000000dfd80000)
  to   space 2560K, 0% used [0x00000000dfd80000,0x00000000dfd80000,0x00000000e0000000)
 ParOldGen       total 654336K, used 87380K [0x0000000080000000, 0x00000000a7f00000, 0x00000000d5580000)
  object space 654336K, 13% used [0x0000000080000000,0x0000000085555340,0x00000000a7f00000)
 Metaspace       used 110485K, capacity 114812K, committed 115072K, reserved 1150976K
  class space    used 13468K, capacity 14414K, committed 14464K, reserved 1048576K
}
Event: 435677.907 GC heap before
{Heap before GC invocations=2294 (full 4):
 PSYoungGen      total 172032K, used 171344K [0x00000000d5580000, 0x00000000e0000000, 0x0000000100000000)
  eden space 169472K, 100% used [0x00000000d5580000,0x00000000dfb00000,0x00000000dfb00000)
  from space 2560K, 73% used [0x00000000dfb00000,0x00000000dfcd4070,0x00000000dfd80000)
  to   space 2560K, 0% used [0x00000000dfd80000,0x00000000dfd80000,0x00000000e0000000)
 ParOldGen       total 654336K, used 87380K [0x0000000080000000, 0x00000000a7f00000, 0x00000000d5580000)
  object space 654336K, 13% used [0x0000000080000000,0x0000000085555340,0x00000000a7f00000)
 Metaspace       used 110485K, capacity 114812K, committed 115072K, reserved 1150976K
  class space    used 13468K, capacity 14414K, committed 14464K, reserved 1048576K
Event: 435677.911 GC heap after
Heap after GC invocations=2294 (full 4):
 PSYoungGen      total 172032K, used 1920K [0x00000000d5580000, 0x00000000e0000000, 0x0000000100000000)
  eden space 169472K, 0% used [0x00000000d5580000,0x00000000d5580000,0x00000000dfb00000)
  from space 2560K, 75% used [0x00000000dfd80000,0x00000000dff600a0,0x00000000e0000000)
  to   space 2560K, 0% used [0x00000000dfb00000,0x00000000dfb00000,0x00000000dfd80000)
 ParOldGen       total 654336K, used 87380K [0x0000000080000000, 0x00000000a7f00000, 0x00000000d5580000)
  object space 654336K, 13% used [0x0000000080000000,0x0000000085555340,0x00000000a7f00000)
 Metaspace       used 110485K, capacity 114812K, committed 115072K, reserved 1150976K
  class space    used 13468K, capacity 14414K, committed 14464K, reserved 1048576K
}
Event: 435864.625 GC heap before
{Heap before GC invocations=2295 (full 4):
 PSYoungGen      total 172032K, used 171392K [0x00000000d5580000, 0x00000000e0000000, 0x0000000100000000)
  eden space 169472K, 100% used [0x00000000d5580000,0x00000000dfb00000,0x00000000dfb00000)
  from space 2560K, 75% used [0x00000000dfd80000,0x00000000dff600a0,0x00000000e0000000)
  to   space 2560K, 0% used [0x00000000dfb00000,0x00000000dfb00000,0x00000000dfd80000)
 ParOldGen       total 654336K, used 87380K [0x0000000080000000, 0x00000000a7f00000, 0x00000000d5580000)
  object space 654336K, 13% used [0x0000000080000000,0x0000000085555340,0x00000000a7f00000)
 Metaspace       used 110485K, capacity 114812K, committed 115072K, reserved 1150976K
  class space    used 13468K, capacity 14414K, committed 14464K, reserved 1048576K
Event: 435864.630 GC heap after
Heap after GC invocations=2295 (full 4):
 PSYoungGen      total 172032K, used 1824K [0x00000000d5580000, 0x00000000e0000000, 0x0000000100000000)
  eden space 169472K, 0% used [0x00000000d5580000,0x00000000d5580000,0x00000000dfb00000)
  from space 2560K, 71% used [0x00000000dfb00000,0x00000000dfcc80a0,0x00000000dfd80000)
  to   space 2560K, 0% used [0x00000000dfd80000,0x00000000dfd80000,0x00000000e0000000)
 ParOldGen       total 654336K, used 87380K [0x0000000080000000, 0x00000000a7f00000, 0x00000000d5580000)
  object space 654336K, 13% used [0x0000000080000000,0x0000000085555340,0x00000000a7f00000)
 Metaspace       used 110485K, capacity 114812K, committed 115072K, reserved 1150976K
  class space    used 13468K, capacity 14414K, committed 14464K, reserved 1048576K
}
Event: 436053.981 GC heap before
{Heap before GC invocations=2296 (full 4):
 PSYoungGen      total 172032K, used 171296K [0x00000000d5580000, 0x00000000e0000000, 0x0000000100000000)
  eden space 169472K, 100% used [0x00000000d5580000,0x00000000dfb00000,0x00000000dfb00000)
  from space 2560K, 71% used [0x00000000dfb00000,0x00000000dfcc80a0,0x00000000dfd80000)
  to   space 2560K, 0% used [0x00000000dfd80000,0x00000000dfd80000,0x00000000e0000000)
 ParOldGen       total 654336K, used 87380K [0x0000000080000000, 0x00000000a7f00000, 0x00000000d5580000)
  object space 654336K, 13% used [0x0000000080000000,0x0000000085555340,0x00000000a7f00000)
 Metaspace       used 110485K, capacity 114812K, committed 115072K, reserved 1150976K
  class space    used 13468K, capacity 14414K, committed 14464K, reserved 1048576K
Event: 436053.984 GC heap after
Heap after GC invocations=2296 (full 4):
 PSYoungGen      total 172032K, used 1792K [0x00000000d5580000, 0x00000000e0000000, 0x0000000100000000)
  eden space 169472K, 0% used [0x00000000d5580000,0x00000000d5580000,0x00000000dfb00000)
  from space 2560K, 70% used [0x00000000dfd80000,0x00000000dff400c0,0x00000000e0000000)
  to   space 2560K, 0% used [0x00000000dfb00000,0x00000000dfb00000,0x00000000dfd80000)
 ParOldGen       total 654336K, used 87380K [0x0000000080000000, 0x00000000a7f00000, 0x00000000d5580000)
  object space 654336K, 13% used [0x0000000080000000,0x0000000085555340,0x00000000a7f00000)
 Metaspace       used 110485K, capacity 114812K, committed 115072K, reserved 1150976K
  class space    used 13468K, capacity 14414K, committed 14464K, reserved 1048576K
}
Event: 436242.795 GC heap before
{Heap before GC invocations=2297 (full 4):
 PSYoungGen      total 172032K, used 171264K [0x00000000d5580000, 0x00000000e0000000, 0x0000000100000000)
  eden space 169472K, 100% used [0x00000000d5580000,0x00000000dfb00000,0x00000000dfb00000)
  from space 2560K, 70% used [0x00000000dfd80000,0x00000000dff400c0,0x00000000e0000000)
  to   space 2560K, 0% used [0x00000000dfb00000,0x00000000dfb00000,0x00000000dfd80000)
 ParOldGen       total 654336K, used 87380K [0x0000000080000000, 0x00000000a7f00000, 0x00000000d5580000)
  object space 654336K, 13% used [0x0000000080000000,0x0000000085555340,0x00000000a7f00000)
 Metaspace       used 110485K, capacity 114812K, committed 115072K, reserved 1150976K
  class space    used 13468K, capacity 14414K, committed 14464K, reserved 1048576K
Event: 436242.799 GC heap after
Heap after GC invocations=2297 (full 4):
 PSYoungGen      total 172032K, used 1824K [0x00000000d5580000, 0x00000000e0000000, 0x0000000100000000)
  eden space 169472K, 0% used [0x00000000d5580000,0x00000000d5580000,0x00000000dfb00000)
  from space 2560K, 71% used [0x00000000dfb00000,0x00000000dfcc80a0,0x00000000dfd80000)
  to   space 2560K, 0% used [0x00000000dfd80000,0x00000000dfd80000,0x00000000e0000000)
 ParOldGen       total 654336K, used 87380K [0x0000000080000000, 0x00000000a7f00000, 0x00000000d5580000)
  object space 654336K, 13% used [0x0000000080000000,0x0000000085555340,0x00000000a7f00000)
 Metaspace       used 110485K, capacity 114812K, committed 115072K, reserved 1150976K
  class space    used 13468K, capacity 14414K, committed 14464K, reserved 1048576K
}
Event: 436433.067 GC heap before
{Heap before GC invocations=2298 (full 4):
 PSYoungGen      total 172032K, used 171296K [0x00000000d5580000, 0x00000000e0000000, 0x0000000100000000)
  eden space 169472K, 100% used [0x00000000d5580000,0x00000000dfb00000,0x00000000dfb00000)
  from space 2560K, 71% used [0x00000000dfb00000,0x00000000dfcc80a0,0x00000000dfd80000)
  to   space 2560K, 0% used [0x00000000dfd80000,0x00000000dfd80000,0x00000000e0000000)
 ParOldGen       total 654336K, used 87380K [0x0000000080000000, 0x00000000a7f00000, 0x00000000d5580000)
  object space 654336K, 13% used [0x0000000080000000,0x0000000085555340,0x00000000a7f00000)
 Metaspace       used 110485K, capacity 114812K, committed 115072K, reserved 1150976K
  class space    used 13468K, capacity 14414K, committed 14464K, reserved 1048576K
Event: 436433.071 GC heap after
Heap after GC invocations=2298 (full 4):
 PSYoungGen      total 172032K, used 1920K [0x00000000d5580000, 0x00000000e0000000, 0x0000000100000000)
  eden space 169472K, 0% used [0x00000000d5580000,0x00000000d5580000,0x00000000dfb00000)
  from space 2560K, 75% used [0x00000000dfd80000,0x00000000dff600a0,0x00000000e0000000)
  to   space 2560K, 0% used [0x00000000dfb00000,0x00000000dfb00000,0x00000000dfd80000)
 ParOldGen       total 654336K, used 87380K [0x0000000080000000, 0x00000000a7f00000, 0x00000000d5580000)
  object space 654336K, 13% used [0x0000000080000000,0x0000000085555340,0x00000000a7f00000)
 Metaspace       used 110485K, capacity 114812K, committed 115072K, reserved 1150976K
  class space    used 13468K, capacity 14414K, committed 14464K, reserved 1048576K
}
Event: 436622.859 GC heap before
{Heap before GC invocations=2299 (full 4):
 PSYoungGen      total 172032K, used 171392K [0x00000000d5580000, 0x00000000e0000000, 0x0000000100000000)
  eden space 169472K, 100% used [0x00000000d5580000,0x00000000dfb00000,0x00000000dfb00000)
  from space 2560K, 75% used [0x00000000dfd80000,0x00000000dff600a0,0x00000000e0000000)
  to   space 2560K, 0% used [0x00000000dfb00000,0x00000000dfb00000,0x00000000dfd80000)
 ParOldGen       total 654336K, used 87380K [0x0000000080000000, 0x00000000a7f00000, 0x00000000d5580000)
  object space 654336K, 13% used [0x0000000080000000,0x0000000085555340,0x00000000a7f00000)
 Metaspace       used 110485K, capacity 114812K, committed 115072K, reserved 1150976K
  class space    used 13468K, capacity 14414K, committed 14464K, reserved 1048576K
Event: 436622.863 GC heap after
Heap after GC invocations=2299 (full 4):
 PSYoungGen      total 172032K, used 1856K [0x00000000d5580000, 0x00000000e0000000, 0x0000000100000000)
  eden space 169472K, 0% used [0x00000000d5580000,0x00000000d5580000,0x00000000dfb00000)
  from space 2560K, 72% used [0x00000000dfb00000,0x00000000dfcd00a0,0x00000000dfd80000)
  to   space 2560K, 0% used [0x00000000dfd80000,0x00000000dfd80000,0x00000000e0000000)
 ParOldGen       total 654336K, used 87396K [0x0000000080000000, 0x00000000a7f00000, 0x00000000d5580000)
  object space 654336K, 13% used [0x0000000080000000,0x0000000085559340,0x00000000a7f00000)
 Metaspace       used 110485K, capacity 114812K, committed 115072K, reserved 1150976K
  class space    used 13468K, capacity 14414K, committed 14464K, reserved 1048576K
}
Event: 436812.100 GC heap before
{Heap before GC invocations=2300 (full 4):
 PSYoungGen      total 172032K, used 171328K [0x00000000d5580000, 0x00000000e0000000, 0x0000000100000000)
  eden space 169472K, 100% used [0x00000000d5580000,0x00000000dfb00000,0x00000000dfb00000)
  from space 2560K, 72% used [0x00000000dfb00000,0x00000000dfcd00a0,0x00000000dfd80000)
  to   space 2560K, 0% used [0x00000000dfd80000,0x00000000dfd80000,0x00000000e0000000)
 ParOldGen       total 654336K, used 87396K [0x0000000080000000, 0x00000000a7f00000, 0x00000000d5580000)
  object space 654336K, 13% used [0x0000000080000000,0x0000000085559340,0x00000000a7f00000)
 Metaspace       used 110485K, capacity 114812K, committed 115072K, reserved 1150976K
  class space    used 13468K, capacity 14414K, committed 14464K, reserved 1048576K
Event: 436812.104 GC heap after
Heap after GC invocations=2300 (full 4):
 PSYoungGen      total 172032K, used 1616K [0x00000000d5580000, 0x00000000e0000000, 0x0000000100000000)
  eden space 169472K, 0% used [0x00000000d5580000,0x00000000d5580000,0x00000000dfb00000)
  from space 2560K, 63% used [0x00000000dfd80000,0x00000000dff14090,0x00000000e0000000)
  to   space 2560K, 0% used [0x00000000dfb00000,0x00000000dfb00000,0x00000000dfd80000)
 ParOldGen       total 654336K, used 87600K [0x0000000080000000, 0x00000000a7f00000, 0x00000000d5580000)
  object space 654336K, 13% used [0x0000000080000000,0x000000008558c3a0,0x00000000a7f00000)
 Metaspace       used 110485K, capacity 114812K, committed 115072K, reserved 1150976K
  class space    used 13468K, capacity 14414K, committed 14464K, reserved 1048576K
}
Event: 437001.361 GC heap before
{Heap before GC invocations=2301 (full 4):
 PSYoungGen      total 172032K, used 171088K [0x00000000d5580000, 0x00000000e0000000, 0x0000000100000000)
  eden space 169472K, 100% used [0x00000000d5580000,0x00000000dfb00000,0x00000000dfb00000)
  from space 2560K, 63% used [0x00000000dfd80000,0x00000000dff14090,0x00000000e0000000)
  to   space 2560K, 0% used [0x00000000dfb00000,0x00000000dfb00000,0x00000000dfd80000)
 ParOldGen       total 654336K, used 87600K [0x0000000080000000, 0x00000000a7f00000, 0x00000000d5580000)
  object space 654336K, 13% used [0x0000000080000000,0x000000008558c3a0,0x00000000a7f00000)
 Metaspace       used 110485K, capacity 114812K, committed 115072K, reserved 1150976K
  class space    used 13468K, capacity 14414K, committed 14464K, reserved 1048576K
Event: 437001.365 GC heap after
Heap after GC invocations=2301 (full 4):
 PSYoungGen      total 172032K, used 1664K [0x00000000d5580000, 0x00000000e0000000, 0x0000000100000000)
  eden space 169472K, 0% used [0x00000000d5580000,0x00000000d5580000,0x00000000dfb00000)
  from space 2560K, 65% used [0x00000000dfb00000,0x00000000dfca00a0,0x00000000dfd80000)
  to   space 2560K, 0% used [0x00000000dfd80000,0x00000000dfd80000,0x00000000e0000000)
 ParOldGen       total 654336K, used 87616K [0x0000000080000000, 0x00000000a7f00000, 0x00000000d5580000)
  object space 654336K, 13% used [0x0000000080000000,0x00000000855903a0,0x00000000a7f00000)
 Metaspace       used 110485K, capacity 114812K, committed 115072K, reserved 1150976K
  class space    used 13468K, capacity 14414K, committed 14464K, reserved 1048576K
}
Event: 437190.283 GC heap before
{Heap before GC invocations=2302 (full 4):
 PSYoungGen      total 172032K, used 171136K [0x00000000d5580000, 0x00000000e0000000, 0x0000000100000000)
  eden space 169472K, 100% used [0x00000000d5580000,0x00000000dfb00000,0x00000000dfb00000)
  from space 2560K, 65% used [0x00000000dfb00000,0x00000000dfca00a0,0x00000000dfd80000)
  to   space 2560K, 0% used [0x00000000dfd80000,0x00000000dfd80000,0x00000000e0000000)
 ParOldGen       total 654336K, used 87616K [0x0000000080000000, 0x00000000a7f00000, 0x00000000d5580000)
  object space 654336K, 13% used [0x0000000080000000,0x00000000855903a0,0x00000000a7f00000)
 Metaspace       used 110485K, capacity 114812K, committed 115072K, reserved 1150976K
  class space    used 13468K, capacity 14414K, committed 14464K, reserved 1048576K
Event: 437190.287 GC heap after
Heap after GC invocations=2302 (full 4):
 PSYoungGen      total 172032K, used 1648K [0x00000000d5580000, 0x00000000e0000000, 0x0000000100000000)
  eden space 169472K, 0% used [0x00000000d5580000,0x00000000d5580000,0x00000000dfb00000)
  from space 2560K, 64% used [0x00000000dfd80000,0x00000000dff1c0b0,0x00000000e0000000)
  to   space 2560K, 0% used [0x00000000dfb00000,0x00000000dfb00000,0x00000000dfd80000)
 ParOldGen       total 654336K, used 87632K [0x0000000080000000, 0x00000000a7f00000, 0x00000000d5580000)
  object space 654336K, 13% used [0x0000000080000000,0x00000000855943a0,0x00000000a7f00000)
 Metaspace       used 110485K, capacity 114812K, committed 115072K, reserved 1150976K
  class space    used 13468K, capacity 14414K, committed 14464K, reserved 1048576K
}
Event: 437379.783 GC heap before
{Heap before GC invocations=2303 (full 4):
 PSYoungGen      total 172032K, used 171120K [0x00000000d5580000, 0x00000000e0000000, 0x0000000100000000)
  eden space 169472K, 100% used [0x00000000d5580000,0x00000000dfb00000,0x00000000dfb00000)
  from space 2560K, 64% used [0x00000000dfd80000,0x00000000dff1c0b0,0x00000000e0000000)
  to   space 2560K, 0% used [0x00000000dfb00000,0x00000000dfb00000,0x00000000dfd80000)
 ParOldGen       total 654336K, used 87632K [0x0000000080000000, 0x00000000a7f00000, 0x00000000d5580000)
  object space 654336K, 13% used [0x0000000080000000,0x00000000855943a0,0x00000000a7f00000)
 Metaspace       used 110485K, capacity 114812K, committed 115072K, reserved 1150976K
  class space    used 13468K, capacity 14414K, committed 14464K, reserved 1048576K
Event: 437379.787 GC heap after
Heap after GC invocations=2303 (full 4):
 PSYoungGen      total 172032K, used 1584K [0x00000000d5580000, 0x00000000e0000000, 0x0000000100000000)
  eden space 169472K, 0% used [0x00000000d5580000,0x00000000d5580000,0x00000000dfb00000)
  from space 2560K, 61% used [0x00000000dfb00000,0x00000000dfc8c090,0x00000000dfd80000)
  to   space 2560K, 0% used [0x00000000dfd80000,0x00000000dfd80000,0x00000000e0000000)
 ParOldGen       total 654336K, used 87648K [0x0000000080000000, 0x00000000a7f00000, 0x00000000d5580000)
  object space 654336K, 13% used [0x0000000080000000,0x00000000855983a0,0x00000000a7f00000)
 Metaspace       used 110485K, capacity 114812K, committed 115072K, reserved 1150976K
  class space    used 13468K, capacity 14414K, committed 14464K, reserved 1048576K
}
Event: 437561.432 GC heap before
{Heap before GC invocations=2304 (full 4):
 PSYoungGen      total 172032K, used 171056K [0x00000000d5580000, 0x00000000e0000000, 0x0000000100000000)
  eden space 169472K, 100% used [0x00000000d5580000,0x00000000dfb00000,0x00000000dfb00000)
  from space 2560K, 61% used [0x00000000dfb00000,0x00000000dfc8c090,0x00000000dfd80000)
  to   space 2560K, 0% used [0x00000000dfd80000,0x00000000dfd80000,0x00000000e0000000)
 ParOldGen       total 654336K, used 87648K [0x0000000080000000, 0x00000000a7f00000, 0x00000000d5580000)
  object space 654336K, 13% used [0x0000000080000000,0x00000000855983a0,0x00000000a7f00000)
 Metaspace       used 110485K, capacity 114812K, committed 115072K, reserved 1150976K
  class space    used 13468K, capacity 14414K, committed 14464K, reserved 1048576K
Event: 437561.436 GC heap after
Heap after GC invocations=2304 (full 4):
 PSYoungGen      total 172544K, used 1712K [0x00000000d5580000, 0x00000000e0000000, 0x0000000100000000)
  eden space 169984K, 0% used [0x00000000d5580000,0x00000000d5580000,0x00000000dfb80000)
  from space 2560K, 66% used [0x00000000dfd80000,0x00000000dff2c090,0x00000000e0000000)
  to   space 2048K, 0% used [0x00000000dfb80000,0x00000000dfb80000,0x00000000dfd80000)
 ParOldGen       total 654336K, used 87656K [0x0000000080000000, 0x00000000a7f00000, 0x00000000d5580000)
  object space 654336K, 13% used [0x0000000080000000,0x000000008559a3a0,0x00000000a7f00000)
 Metaspace       used 110485K, capacity 114812K, committed 115072K, reserved 1150976K
  class space    used 13468K, capacity 14414K, committed 14464K, reserved 1048576K
}
Event: 437750.282 GC heap before
{Heap before GC invocations=2305 (full 4):
 PSYoungGen      total 172544K, used 171696K [0x00000000d5580000, 0x00000000e0000000, 0x0000000100000000)
  eden space 169984K, 100% used [0x00000000d5580000,0x00000000dfb80000,0x00000000dfb80000)
  from space 2560K, 66% used [0x00000000dfd80000,0x00000000dff2c090,0x00000000e0000000)
  to   space 2048K, 0% used [0x00000000dfb80000,0x00000000dfb80000,0x00000000dfd80000)
 ParOldGen       total 654336K, used 87656K [0x0000000080000000, 0x00000000a7f00000, 0x00000000d5580000)
  object space 654336K, 13% used [0x0000000080000000,0x000000008559a3a0,0x00000000a7f00000)
 Metaspace       used 110485K, capacity 114812K, committed 115072K, reserved 1150976K
  class space    used 13468K, capacity 14414K, committed 14464K, reserved 1048576K
Event: 437750.286 GC heap after
Heap after GC invocations=2305 (full 4):
 PSYoungGen      total 172032K, used 1664K [0x00000000d5580000, 0x00000000e0000000, 0x0000000100000000)
  eden space 169984K, 0% used [0x00000000d5580000,0x00000000d5580000,0x00000000dfb80000)
  from space 2048K, 81% used [0x00000000dfb80000,0x00000000dfd200a0,0x00000000dfd80000)
  to   space 2048K, 0% used [0x00000000dfe00000,0x00000000dfe00000,0x00000000e0000000)
 ParOldGen       total 654336K, used 87704K [0x0000000080000000, 0x00000000a7f00000, 0x00000000d5580000)
  object space 654336K, 13% used [0x0000000080000000,0x00000000855a63a0,0x00000000a7f00000)
 Metaspace       used 110485K, capacity 114812K, committed 115072K, reserved 1150976K
  class space    used 13468K, capacity 14414K, committed 14464K, reserved 1048576K
}
Event: 437938.991 GC heap before
{Heap before GC invocations=2306 (full 4):
 PSYoungGen      total 172032K, used 171648K [0x00000000d5580000, 0x00000000e0000000, 0x0000000100000000)
  eden space 169984K, 100% used [0x00000000d5580000,0x00000000dfb80000,0x00000000dfb80000)
  from space 2048K, 81% used [0x00000000dfb80000,0x00000000dfd200a0,0x00000000dfd80000)
  to   space 2048K, 0% used [0x00000000dfe00000,0x00000000dfe00000,0x00000000e0000000)
 ParOldGen       total 654336K, used 87704K [0x0000000080000000, 0x00000000a7f00000, 0x00000000d5580000)
  object space 654336K, 13% used [0x0000000080000000,0x00000000855a63a0,0x00000000a7f00000)
 Metaspace       used 110485K, capacity 114812K, committed 115072K, reserved 1150976K
  class space    used 13468K, capacity 14414K, committed 14464K, reserved 1048576K
Event: 437938.995 GC heap after
Heap after GC invocations=2306 (full 4):
 PSYoungGen      total 172544K, used 1696K [0x00000000d5580000, 0x00000000e0000000, 0x0000000100000000)
  eden space 170496K, 0% used [0x00000000d5580000,0x00000000d5580000,0x00000000dfc00000)
  from space 2048K, 82% used [0x00000000dfe00000,0x00000000dffa80a0,0x00000000e0000000)
  to   space 2048K, 0% used [0x00000000dfc00000,0x00000000dfc00000,0x00000000dfe00000)
 ParOldGen       total 654336K, used 87720K [0x0000000080000000, 0x00000000a7f00000, 0x00000000d5580000)
  object space 654336K, 13% used [0x0000000080000000,0x00000000855aa3a0,0x00000000a7f00000)
 Metaspace       used 110485K, capacity 114812K, committed 115072K, reserved 1150976K
  class space    used 13468K, capacity 14414K, committed 14464K, reserved 1048576K
}
Event: 438129.581 GC heap before
{Heap before GC invocations=2307 (full 4):
 PSYoungGen      total 172544K, used 172192K [0x00000000d5580000, 0x00000000e0000000, 0x0000000100000000)
  eden space 170496K, 100% used [0x00000000d5580000,0x00000000dfc00000,0x00000000dfc00000)
  from space 2048K, 82% used [0x00000000dfe00000,0x00000000dffa80a0,0x00000000e0000000)
  to   space 2048K, 0% used [0x00000000dfc00000,0x00000000dfc00000,0x00000000dfe00000)
 ParOldGen       total 654336K, used 87720K [0x0000000080000000, 0x00000000a7f00000, 0x00000000d5580000)
  object space 654336K, 13% used [0x0000000080000000,0x00000000855aa3a0,0x00000000a7f00000)
 Metaspace       used 110485K, capacity 114812K, committed 115072K, reserved 1150976K
  class space    used 13468K, capacity 14414K, committed 14464K, reserved 1048576K
Event: 438129.585 GC heap after
Heap after GC invocations=2307 (full 4):
 PSYoungGen      total 172544K, used 1616K [0x00000000d5580000, 0x00000000e0000000, 0x0000000100000000)
  eden space 170496K, 0% used [0x00000000d5580000,0x00000000d5580000,0x00000000dfc00000)
  from space 2048K, 78% used [0x00000000dfc00000,0x00000000dfd94090,0x00000000dfe00000)
  to   space 2048K, 0% used [0x00000000dfe00000,0x00000000dfe00000,0x00000000e0000000)
 ParOldGen       total 654336K, used 87728K [0x0000000080000000, 0x00000000a7f00000, 0x00000000d5580000)
  object space 654336K, 13% used [0x0000000080000000,0x00000000855ac3a0,0x00000000a7f00000)
 Metaspace       used 110485K, capacity 114812K, committed 115072K, reserved 1150976K
  class space    used 13468K, capacity 14414K, committed 14464K, reserved 1048576K
}
Event: 438318.756 GC heap before
{Heap before GC invocations=2308 (full 4):
 PSYoungGen      total 172544K, used 172112K [0x00000000d5580000, 0x00000000e0000000, 0x0000000100000000)
  eden space 170496K, 100% used [0x00000000d5580000,0x00000000dfc00000,0x00000000dfc00000)
  from space 2048K, 78% used [0x00000000dfc00000,0x00000000dfd94090,0x00000000dfe00000)
  to   space 2048K, 0% used [0x00000000dfe00000,0x00000000dfe00000,0x00000000e0000000)
 ParOldGen       total 654336K, used 87728K [0x0000000080000000, 0x00000000a7f00000, 0x00000000d5580000)
  object space 654336K, 13% used [0x0000000080000000,0x00000000855ac3a0,0x00000000a7f00000)
 Metaspace       used 110485K, capacity 114812K, committed 115072K, reserved 1150976K
  class space    used 13468K, capacity 14414K, committed 14464K, reserved 1048576K
Event: 438318.760 GC heap after
Heap after GC invocations=2308 (full 4):
 PSYoungGen      total 172544K, used 1632K [0x00000000d5580000, 0x00000000e0000000, 0x0000000100000000)
  eden space 170496K, 0% used [0x00000000d5580000,0x00000000d5580000,0x00000000dfc00000)
  from space 2048K, 79% used [0x00000000dfe00000,0x00000000dff980a0,0x00000000e0000000)
  to   space 2048K, 0% used [0x00000000dfc00000,0x00000000dfc00000,0x00000000dfe00000)
 ParOldGen       total 654336K, used 87784K [0x0000000080000000, 0x00000000a7f00000, 0x00000000d5580000)
  object space 654336K, 13% used [0x0000000080000000,0x00000000855ba3a0,0x00000000a7f00000)
 Metaspace       used 110485K, capacity 114812K, committed 115072K, reserved 1150976K
  class space    used 13468K, capacity 14414K, committed 14464K, reserved 1048576K
}
Event: 438508.444 GC heap before
{Heap before GC invocations=2309 (full 4):
 PSYoungGen      total 172544K, used 172128K [0x00000000d5580000, 0x00000000e0000000, 0x0000000100000000)
  eden space 170496K, 100% used [0x00000000d5580000,0x00000000dfc00000,0x00000000dfc00000)
  from space 2048K, 79% used [0x00000000dfe00000,0x00000000dff980a0,0x00000000e0000000)
  to   space 2048K, 0% used [0x00000000dfc00000,0x00000000dfc00000,0x00000000dfe00000)
 ParOldGen       total 654336K, used 87784K [0x0000000080000000, 0x00000000a7f00000, 0x00000000d5580000)
  object space 654336K, 13% used [0x0000000080000000,0x00000000855ba3a0,0x00000000a7f00000)
 Metaspace       used 110485K, capacity 114812K, committed 115072K, reserved 1150976K
  class space    used 13468K, capacity 14414K, committed 14464K, reserved 1048576K
Event: 438508.448 GC heap after
Heap after GC invocations=2309 (full 4):
 PSYoungGen      total 172544K, used 1664K [0x00000000d5580000, 0x00000000e0000000, 0x0000000100000000)
  eden space 170496K, 0% used [0x00000000d5580000,0x00000000d5580000,0x00000000dfc00000)
  from space 2048K, 81% used [0x00000000dfc00000,0x00000000dfda00a0,0x00000000dfe00000)
  to   space 2048K, 0% used [0x00000000dfe00000,0x00000000dfe00000,0x00000000e0000000)
 ParOldGen       total 654336K, used 87800K [0x0000000080000000, 0x00000000a7f00000, 0x00000000d5580000)
  object space 654336K, 13% used [0x0000000080000000,0x00000000855be3a0,0x00000000a7f00000)
 Metaspace       used 110485K, capacity 114812K, committed 115072K, reserved 1150976K
  class space    used 13468K, capacity 14414K, committed 14464K, reserved 1048576K
}
Event: 438698.120 GC heap before
{Heap before GC invocations=2310 (full 4):
 PSYoungGen      total 172544K, used 172160K [0x00000000d5580000, 0x00000000e0000000, 0x0000000100000000)
  eden space 170496K, 100% used [0x00000000d5580000,0x00000000dfc00000,0x00000000dfc00000)
  from space 2048K, 81% used [0x00000000dfc00000,0x00000000dfda00a0,0x00000000dfe00000)
  to   space 2048K, 0% used [0x00000000dfe00000,0x00000000dfe00000,0x00000000e0000000)
 ParOldGen       total 654336K, used 87800K [0x0000000080000000, 0x00000000a7f00000, 0x00000000d5580000)
  object space 654336K, 13% used [0x0000000080000000,0x00000000855be3a0,0x00000000a7f00000)
 Metaspace       used 110485K, capacity 114812K, committed 115072K, reserved 1150976K
  class space    used 13468K, capacity 14414K, committed 14464K, reserved 1048576K
Event: 438698.124 GC heap after
Heap after GC invocations=2310 (full 4):
 PSYoungGen      total 172544K, used 1616K [0x00000000d5580000, 0x00000000e0000000, 0x0000000100000000)
  eden space 170496K, 0% used [0x00000000d5580000,0x00000000d5580000,0x00000000dfc00000)
  from space 2048K, 78% used [0x00000000dfe00000,0x00000000dff94090,0x00000000e0000000)
  to   space 2048K, 0% used [0x00000000dfc00000,0x00000000dfc00000,0x00000000dfe00000)
 ParOldGen       total 654336K, used 87816K [0x0000000080000000, 0x00000000a7f00000, 0x00000000d5580000)
  object space 654336K, 13% used [0x0000000080000000,0x00000000855c23a0,0x00000000a7f00000)
 Metaspace       used 110485K, capacity 114812K, committed 115072K, reserved 1150976K
  class space    used 13468K, capacity 14414K, committed 14464K, reserved 1048576K
}
Event: 438888.302 GC heap before
{Heap before GC invocations=2311 (full 4):
 PSYoungGen      total 172544K, used 172112K [0x00000000d5580000, 0x00000000e0000000, 0x0000000100000000)
  eden space 170496K, 100% used [0x00000000d5580000,0x00000000dfc00000,0x00000000dfc00000)
  from space 2048K, 78% used [0x00000000dfe00000,0x00000000dff94090,0x00000000e0000000)
  to   space 2048K, 0% used [0x00000000dfc00000,0x00000000dfc00000,0x00000000dfe00000)
 ParOldGen       total 654336K, used 87816K [0x0000000080000000, 0x00000000a7f00000, 0x00000000d5580000)
  object space 654336K, 13% used [0x0000000080000000,0x00000000855c23a0,0x00000000a7f00000)
 Metaspace       used 110485K, capacity 114812K, committed 115072K, reserved 1150976K
  class space    used 13468K, capacity 14414K, committed 14464K, reserved 1048576K
Event: 438888.305 GC heap after
Heap after GC invocations=2311 (full 4):
 PSYoungGen      total 172544K, used 1712K [0x00000000d5580000, 0x00000000e0000000, 0x0000000100000000)
  eden space 170496K, 0% used [0x00000000d5580000,0x00000000d5580000,0x00000000dfc00000)
  from space 2048K, 83% used [0x00000000dfc00000,0x00000000dfdac090,0x00000000dfe00000)
  to   space 2048K, 0% used [0x00000000dfe00000,0x00000000dfe00000,0x00000000e0000000)
 ParOldGen       total 654336K, used 87832K [0x0000000080000000, 0x00000000a7f00000, 0x00000000d5580000)
  object space 654336K, 13% used [0x0000000080000000,0x00000000855c63a0,0x00000000a7f00000)
 Metaspace       used 110485K, capacity 114812K, committed 115072K, reserved 1150976K
  class space    used 13468K, capacity 14414K, committed 14464K, reserved 1048576K
}
Event: 439078.324 GC heap before
{Heap before GC invocations=2312 (full 4):
 PSYoungGen      total 172544K, used 172208K [0x00000000d5580000, 0x00000000e0000000, 0x0000000100000000)
  eden space 170496K, 100% used [0x00000000d5580000,0x00000000dfc00000,0x00000000dfc00000)
  from space 2048K, 83% used [0x00000000dfc00000,0x00000000dfdac090,0x00000000dfe00000)
  to   space 2048K, 0% used [0x00000000dfe00000,0x00000000dfe00000,0x00000000e0000000)
 ParOldGen       total 654336K, used 87832K [0x0000000080000000, 0x00000000a7f00000, 0x00000000d5580000)
  object space 654336K, 13% used [0x0000000080000000,0x00000000855c63a0,0x00000000a7f00000)
 Metaspace       used 110485K, capacity 114812K, committed 115072K, reserved 1150976K
  class space    used 13468K, capacity 14414K, committed 14464K, reserved 1048576K
Event: 439078.328 GC heap after
Heap after GC invocations=2312 (full 4):
 PSYoungGen      total 172544K, used 1648K [0x00000000d5580000, 0x00000000e0000000, 0x0000000100000000)
  eden space 170496K, 0% used [0x00000000d5580000,0x00000000d5580000,0x00000000dfc00000)
  from space 2048K, 80% used [0x00000000dfe00000,0x00000000dff9c0b0,0x00000000e0000000)
  to   space 2048K, 0% used [0x00000000dfc00000,0x00000000dfc00000,0x00000000dfe00000)
 ParOldGen       total 654336K, used 87840K [0x0000000080000000, 0x00000000a7f00000, 0x00000000d5580000)
  object space 654336K, 13% used [0x0000000080000000,0x00000000855c83a0,0x00000000a7f00000)
 Metaspace       used 110485K, capacity 114812K, committed 115072K, reserved 1150976K
  class space    used 13468K, capacity 14414K, committed 14464K, reserved 1048576K
}
Event: 439260.771 GC heap before
{Heap before GC invocations=2313 (full 4):
 PSYoungGen      total 172544K, used 172144K [0x00000000d5580000, 0x00000000e0000000, 0x0000000100000000)
  eden space 170496K, 100% used [0x00000000d5580000,0x00000000dfc00000,0x00000000dfc00000)
  from space 2048K, 80% used [0x00000000dfe00000,0x00000000dff9c0b0,0x00000000e0000000)
  to   space 2048K, 0% used [0x00000000dfc00000,0x00000000dfc00000,0x00000000dfe00000)
 ParOldGen       total 654336K, used 87840K [0x0000000080000000, 0x00000000a7f00000, 0x00000000d5580000)
  object space 654336K, 13% used [0x0000000080000000,0x00000000855c83a0,0x00000000a7f00000)
 Metaspace       used 110485K, capacity 114812K, committed 115072K, reserved 1150976K
  class space    used 13468K, capacity 14414K, committed 14464K, reserved 1048576K
Event: 439260.775 GC heap after
Heap after GC invocations=2313 (full 4):
 PSYoungGen      total 172544K, used 1680K [0x00000000d5580000, 0x00000000e0000000, 0x0000000100000000)
  eden space 170496K, 0% used [0x00000000d5580000,0x00000000d5580000,0x00000000dfc00000)
  from space 2048K, 82% used [0x00000000dfc00000,0x00000000dfda4090,0x00000000dfe00000)
  to   space 2048K, 0% used [0x00000000dfe00000,0x00000000dfe00000,0x00000000e0000000)
 ParOldGen       total 654336K, used 87848K [0x0000000080000000, 0x00000000a7f00000, 0x00000000d5580000)
  object space 654336K, 13% used [0x0000000080000000,0x00000000855ca3a0,0x00000000a7f00000)
 Metaspace       used 110485K, capacity 114812K, committed 115072K, reserved 1150976K
  class space    used 13468K, capacity 14414K, committed 14464K, reserved 1048576K
}
Event: 439452.287 GC heap before
{Heap before GC invocations=2314 (full 4):
 PSYoungGen      total 172544K, used 172176K [0x00000000d5580000, 0x00000000e0000000, 0x0000000100000000)
  eden space 170496K, 100% used [0x00000000d5580000,0x00000000dfc00000,0x00000000dfc00000)
  from space 2048K, 82% used [0x00000000dfc00000,0x00000000dfda4090,0x00000000dfe00000)
  to   space 2048K, 0% used [0x00000000dfe00000,0x00000000dfe00000,0x00000000e0000000)
 ParOldGen       total 654336K, used 87848K [0x0000000080000000, 0x00000000a7f00000, 0x00000000d5580000)
  object space 654336K, 13% used [0x0000000080000000,0x00000000855ca3a0,0x00000000a7f00000)
 Metaspace       used 110485K, capacity 114812K, committed 115072K, reserved 1150976K
  class space    used 13468K, capacity 14414K, committed 14464K, reserved 1048576K
Event: 439452.290 GC heap after
Heap after GC invocations=2314 (full 4):
 PSYoungGen      total 172544K, used 1632K [0x00000000d5580000, 0x00000000e0000000, 0x0000000100000000)
  eden space 170496K, 0% used [0x00000000d5580000,0x00000000d5580000,0x00000000dfc00000)
  from space 2048K, 79% used [0x00000000dfe00000,0x00000000dff98080,0x00000000e0000000)
  to   space 2048K, 0% used [0x00000000dfc00000,0x00000000dfc00000,0x00000000dfe00000)
 ParOldGen       total 654336K, used 87856K [0x0000000080000000, 0x00000000a7f00000, 0x00000000d5580000)
  object space 654336K, 13% used [0x0000000080000000,0x00000000855cc3a0,0x00000000a7f00000)
 Metaspace       used 110485K, capacity 114812K, committed 115072K, reserved 1150976K
  class space    used 13468K, capacity 14414K, committed 14464K, reserved 1048576K
}
Event: 439641.442 GC heap before
{Heap before GC invocations=2315 (full 4):
 PSYoungGen      total 172544K, used 172128K [0x00000000d5580000, 0x00000000e0000000, 0x0000000100000000)
  eden space 170496K, 100% used [0x00000000d5580000,0x00000000dfc00000,0x00000000dfc00000)
  from space 2048K, 79% used [0x00000000dfe00000,0x00000000dff98080,0x00000000e0000000)
  to   space 2048K, 0% used [0x00000000dfc00000,0x00000000dfc00000,0x00000000dfe00000)
 ParOldGen       total 654336K, used 87856K [0x0000000080000000, 0x00000000a7f00000, 0x00000000d5580000)
  object space 654336K, 13% used [0x0000000080000000,0x00000000855cc3a0,0x00000000a7f00000)
 Metaspace       used 110485K, capacity 114812K, committed 115072K, reserved 1150976K
  class space    used 13468K, capacity 14414K, committed 14464K, reserved 1048576K
Event: 439641.446 GC heap after
Heap after GC invocations=2315 (full 4):
 PSYoungGen      total 172544K, used 1632K [0x00000000d5580000, 0x00000000e0000000, 0x0000000100000000)
  eden space 170496K, 0% used [0x00000000d5580000,0x00000000d5580000,0x00000000dfc00000)
  from space 2048K, 79% used [0x00000000dfc00000,0x00000000dfd980a0,0x00000000dfe00000)
  to   space 2048K, 0% used [0x00000000dfe00000,0x00000000dfe00000,0x00000000e0000000)
 ParOldGen       total 654336K, used 87872K [0x0000000080000000, 0x00000000a7f00000, 0x00000000d5580000)
  object space 654336K, 13% used [0x0000000080000000,0x00000000855d03a0,0x00000000a7f00000)
 Metaspace       used 110485K, capacity 114812K, committed 115072K, reserved 1150976K
  class space    used 13468K, capacity 14414K, committed 14464K, reserved 1048576K
}
Event: 439830.283 GC heap before
{Heap before GC invocations=2316 (full 4):
 PSYoungGen      total 172544K, used 172128K [0x00000000d5580000, 0x00000000e0000000, 0x0000000100000000)
  eden space 170496K, 100% used [0x00000000d5580000,0x00000000dfc00000,0x00000000dfc00000)
  from space 2048K, 79% used [0x00000000dfc00000,0x00000000dfd980a0,0x00000000dfe00000)
  to   space 2048K, 0% used [0x00000000dfe00000,0x00000000dfe00000,0x00000000e0000000)
 ParOldGen       total 654336K, used 87872K [0x0000000080000000, 0x00000000a7f00000, 0x00000000d5580000)
  object space 654336K, 13% used [0x0000000080000000,0x00000000855d03a0,0x00000000a7f00000)
 Metaspace       used 110485K, capacity 114812K, committed 115072K, reserved 1150976K
  class space    used 13468K, capacity 14414K, committed 14464K, reserved 1048576K
Event: 439830.287 GC heap after
Heap after GC invocations=2316 (full 4):
 PSYoungGen      total 172544K, used 1648K [0x00000000d5580000, 0x00000000e0000000, 0x0000000100000000)
  eden space 170496K, 0% used [0x00000000d5580000,0x00000000d5580000,0x00000000dfc00000)
  from space 2048K, 80% used [0x00000000dfe00000,0x00000000dff9c0b0,0x00000000e0000000)
  to   space 2048K, 0% used [0x00000000dfc00000,0x00000000dfc00000,0x00000000dfe00000)
 ParOldGen       total 654336K, used 87896K [0x0000000080000000, 0x00000000a7f00000, 0x00000000d5580000)
  object space 654336K, 13% used [0x0000000080000000,0x00000000855d63a0,0x00000000a7f00000)
 Metaspace       used 110485K, capacity 114812K, committed 115072K, reserved 1150976K
  class space    used 13468K, capacity 14414K, committed 14464K, reserved 1048576K
}
Event: 440019.764 GC heap before
{Heap before GC invocations=2317 (full 4):
 PSYoungGen      total 172544K, used 172144K [0x00000000d5580000, 0x00000000e0000000, 0x0000000100000000)
  eden space 170496K, 100% used [0x00000000d5580000,0x00000000dfc00000,0x00000000dfc00000)
  from space 2048K, 80% used [0x00000000dfe00000,0x00000000dff9c0b0,0x00000000e0000000)
  to   space 2048K, 0% used [0x00000000dfc00000,0x00000000dfc00000,0x00000000dfe00000)
 ParOldGen       total 654336K, used 87896K [0x0000000080000000, 0x00000000a7f00000, 0x00000000d5580000)
  object space 654336K, 13% used [0x0000000080000000,0x00000000855d63a0,0x00000000a7f00000)
 Metaspace       used 110485K, capacity 114812K, committed 115072K, reserved 1150976K
  class space    used 13468K, capacity 14414K, committed 14464K, reserved 1048576K
Event: 440019.769 GC heap after
Heap after GC invocations=2317 (full 4):
 PSYoungGen      total 172544K, used 1632K [0x00000000d5580000, 0x00000000e0000000, 0x0000000100000000)
  eden space 170496K, 0% used [0x00000000d5580000,0x00000000d5580000,0x00000000dfc00000)
  from space 2048K, 79% used [0x00000000dfc00000,0x00000000dfd98080,0x00000000dfe00000)
  to   space 2048K, 0% used [0x00000000dfe00000,0x00000000dfe00000,0x00000000e0000000)
 ParOldGen       total 654336K, used 87912K [0x0000000080000000, 0x00000000a7f00000, 0x00000000d5580000)
  object space 654336K, 13% used [0x0000000080000000,0x00000000855da3a0,0x00000000a7f00000)
 Metaspace       used 110485K, capacity 114812K, committed 115072K, reserved 1150976K
  class space    used 13468K, capacity 14414K, committed 14464K, reserved 1048576K
}
Event: 440208.966 GC heap before
{Heap before GC invocations=2318 (full 4):
 PSYoungGen      total 172544K, used 172128K [0x00000000d5580000, 0x00000000e0000000, 0x0000000100000000)
  eden space 170496K, 100% used [0x00000000d5580000,0x00000000dfc00000,0x00000000dfc00000)
  from space 2048K, 79% used [0x00000000dfc00000,0x00000000dfd98080,0x00000000dfe00000)
  to   space 2048K, 0% used [0x00000000dfe00000,0x00000000dfe00000,0x00000000e0000000)
 ParOldGen       total 654336K, used 87912K [0x0000000080000000, 0x00000000a7f00000, 0x00000000d5580000)
  object space 654336K, 13% used [0x0000000080000000,0x00000000855da3a0,0x00000000a7f00000)
 Metaspace       used 110485K, capacity 114812K, committed 115072K, reserved 1150976K
  class space    used 13468K, capacity 14414K, committed 14464K, reserved 1048576K
Event: 440208.970 GC heap after
Heap after GC invocations=2318 (full 4):
 PSYoungGen      total 172544K, used 1664K [0x00000000d5580000, 0x00000000e0000000, 0x0000000100000000)
  eden space 170496K, 0% used [0x00000000d5580000,0x00000000d5580000,0x00000000dfc00000)
  from space 2048K, 81% used [0x00000000dfe00000,0x00000000dffa00a0,0x00000000e0000000)
  to   space 2048K, 0% used [0x00000000dfc00000,0x00000000dfc00000,0x00000000dfe00000)
 ParOldGen       total 654336K, used 87928K [0x0000000080000000, 0x00000000a7f00000, 0x00000000d5580000)
  object space 654336K, 13% used [0x0000000080000000,0x00000000855de3a0,0x00000000a7f00000)
 Metaspace       used 110485K, capacity 114812K, committed 115072K, reserved 1150976K
  class space    used 13468K, capacity 14414K, committed 14464K, reserved 1048576K
}
Event: 440398.181 GC heap before
{Heap before GC invocations=2319 (full 4):
 PSYoungGen      total 172544K, used 172160K [0x00000000d5580000, 0x00000000e0000000, 0x0000000100000000)
  eden space 170496K, 100% used [0x00000000d5580000,0x00000000dfc00000,0x00000000dfc00000)
  from space 2048K, 81% used [0x00000000dfe00000,0x00000000dffa00a0,0x00000000e0000000)
  to   space 2048K, 0% used [0x00000000dfc00000,0x00000000dfc00000,0x00000000dfe00000)
 ParOldGen       total 654336K, used 87928K [0x0000000080000000, 0x00000000a7f00000, 0x00000000d5580000)
  object space 654336K, 13% used [0x0000000080000000,0x00000000855de3a0,0x00000000a7f00000)
 Metaspace       used 110485K, capacity 114812K, committed 115072K, reserved 1150976K
  class space    used 13468K, capacity 14414K, committed 14464K, reserved 1048576K
Event: 440398.185 GC heap after
Heap after GC invocations=2319 (full 4):
 PSYoungGen      total 172544K, used 1680K [0x00000000d5580000, 0x00000000e0000000, 0x0000000100000000)
  eden space 170496K, 0% used [0x00000000d5580000,0x00000000d5580000,0x00000000dfc00000)
  from space 2048K, 82% used [0x00000000dfc00000,0x00000000dfda4090,0x00000000dfe00000)
  to   space 2048K, 0% used [0x00000000dfe00000,0x00000000dfe00000,0x00000000e0000000)
 ParOldGen       total 654336K, used 87944K [0x0000000080000000, 0x00000000a7f00000, 0x00000000d5580000)
  object space 654336K, 13% used [0x0000000080000000,0x00000000855e23a0,0x00000000a7f00000)
 Metaspace       used 110485K, capacity 114812K, committed 115072K, reserved 1150976K
  class space    used 13468K, capacity 14414K, committed 14464K, reserved 1048576K
}
Event: 440588.171 GC heap before
{Heap before GC invocations=2320 (full 4):
 PSYoungGen      total 172544K, used 172176K [0x00000000d5580000, 0x00000000e0000000, 0x0000000100000000)
  eden space 170496K, 100% used [0x00000000d5580000,0x00000000dfc00000,0x00000000dfc00000)
  from space 2048K, 82% used [0x00000000dfc00000,0x00000000dfda4090,0x00000000dfe00000)
  to   space 2048K, 0% used [0x00000000dfe00000,0x00000000dfe00000,0x00000000e0000000)
 ParOldGen       total 654336K, used 87944K [0x0000000080000000, 0x00000000a7f00000, 0x00000000d5580000)
  object space 654336K, 13% used [0x0000000080000000,0x00000000855e23a0,0x00000000a7f00000)
 Metaspace       used 110485K, capacity 114812K, committed 115072K, reserved 1150976K
  class space    used 13468K, capacity 14414K, committed 14464K, reserved 1048576K
Event: 440588.175 GC heap after
Heap after GC invocations=2320 (full 4):
 PSYoungGen      total 172544K, used 1584K [0x00000000d5580000, 0x00000000e0000000, 0x0000000100000000)
  eden space 170496K, 0% used [0x00000000d5580000,0x00000000d5580000,0x00000000dfc00000)
  from space 2048K, 77% used [0x00000000dfe00000,0x00000000dff8c090,0x00000000e0000000)
  to   space 2048K, 0% used [0x00000000dfc00000,0x00000000dfc00000,0x00000000dfe00000)
 ParOldGen       total 654336K, used 87952K [0x0000000080000000, 0x00000000a7f00000, 0x00000000d5580000)
  object space 654336K, 13% used [0x0000000080000000,0x00000000855e43a0,0x00000000a7f00000)
 Metaspace       used 110485K, capacity 114812K, committed 115072K, reserved 1150976K
  class space    used 13468K, capacity 14414K, committed 14464K, reserved 1048576K
}
Event: 440777.405 GC heap before
{Heap before GC invocations=2321 (full 4):
 PSYoungGen      total 172544K, used 172080K [0x00000000d5580000, 0x00000000e0000000, 0x0000000100000000)
  eden space 170496K, 100% used [0x00000000d5580000,0x00000000dfc00000,0x00000000dfc00000)
  from space 2048K, 77% used [0x00000000dfe00000,0x00000000dff8c090,0x00000000e0000000)
  to   space 2048K, 0% used [0x00000000dfc00000,0x00000000dfc00000,0x00000000dfe00000)
 ParOldGen       total 654336K, used 87952K [0x0000000080000000, 0x00000000a7f00000, 0x00000000d5580000)
  object space 654336K, 13% used [0x0000000080000000,0x00000000855e43a0,0x00000000a7f00000)
 Metaspace       used 110485K, capacity 114812K, committed 115072K, reserved 1150976K
  class space    used 13468K, capacity 14414K, committed 14464K, reserved 1048576K
Event: 440777.409 GC heap after
Heap after GC invocations=2321 (full 4):
 PSYoungGen      total 172544K, used 1680K [0x00000000d5580000, 0x00000000e0000000, 0x0000000100000000)
  eden space 170496K, 0% used [0x00000000d5580000,0x00000000d5580000,0x00000000dfc00000)
  from space 2048K, 82% used [0x00000000dfc00000,0x00000000dfda40b0,0x00000000dfe00000)
  to   space 2048K, 0% used [0x00000000dfe00000,0x00000000dfe00000,0x00000000e0000000)
 ParOldGen       total 654336K, used 87968K [0x0000000080000000, 0x00000000a7f00000, 0x00000000d5580000)
  object space 654336K, 13% used [0x0000000080000000,0x00000000855e83a0,0x00000000a7f00000)
 Metaspace       used 110485K, capacity 114812K, committed 115072K, reserved 1150976K
  class space    used 13468K, capacity 14414K, committed 14464K, reserved 1048576K
}
Event: 440967.617 GC heap before
{Heap before GC invocations=2322 (full 4):
 PSYoungGen      total 172544K, used 172176K [0x00000000d5580000, 0x00000000e0000000, 0x0000000100000000)
  eden space 170496K, 100% used [0x00000000d5580000,0x00000000dfc00000,0x00000000dfc00000)
  from space 2048K, 82% used [0x00000000dfc00000,0x00000000dfda40b0,0x00000000dfe00000)
  to   space 2048K, 0% used [0x00000000dfe00000,0x00000000dfe00000,0x00000000e0000000)
 ParOldGen       total 654336K, used 87968K [0x0000000080000000, 0x00000000a7f00000, 0x00000000d5580000)
  object space 654336K, 13% used [0x0000000080000000,0x00000000855e83a0,0x00000000a7f00000)
 Metaspace       used 110485K, capacity 114812K, committed 115072K, reserved 1150976K
  class space    used 13468K, capacity 14414K, committed 14464K, reserved 1048576K
Event: 440967.621 GC heap after
Heap after GC invocations=2322 (full 4):
 PSYoungGen      total 172544K, used 1680K [0x00000000d5580000, 0x00000000e0000000, 0x0000000100000000)
  eden space 170496K, 0% used [0x00000000d5580000,0x00000000d5580000,0x00000000dfc00000)
  from space 2048K, 82% used [0x00000000dfe00000,0x00000000dffa4090,0x00000000e0000000)
  to   space 2048K, 0% used [0x00000000dfc00000,0x00000000dfc00000,0x00000000dfe00000)
 ParOldGen       total 654336K, used 87984K [0x0000000080000000, 0x00000000a7f00000, 0x00000000d5580000)
  object space 654336K, 13% used [0x0000000080000000,0x00000000855ec3a0,0x00000000a7f00000)
 Metaspace       used 110485K, capacity 114812K, committed 115072K, reserved 1150976K
  class space    used 13468K, capacity 14414K, committed 14464K, reserved 1048576K
}
Event: 441149.899 GC heap before
{Heap before GC invocations=2323 (full 4):
 PSYoungGen      total 172544K, used 172176K [0x00000000d5580000, 0x00000000e0000000, 0x0000000100000000)
  eden space 170496K, 100% used [0x00000000d5580000,0x00000000dfc00000,0x00000000dfc00000)
  from space 2048K, 82% used [0x00000000dfe00000,0x00000000dffa4090,0x00000000e0000000)
  to   space 2048K, 0% used [0x00000000dfc00000,0x00000000dfc00000,0x00000000dfe00000)
 ParOldGen       total 654336K, used 87984K [0x0000000080000000, 0x00000000a7f00000, 0x00000000d5580000)
  object space 654336K, 13% used [0x0000000080000000,0x00000000855ec3a0,0x00000000a7f00000)
 Metaspace       used 110485K, capacity 114812K, committed 115072K, reserved 1150976K
  class space    used 13468K, capacity 14414K, committed 14464K, reserved 1048576K
Event: 441149.903 GC heap after
Heap after GC invocations=2323 (full 4):
 PSYoungGen      total 172544K, used 1680K [0x00000000d5580000, 0x00000000e0000000, 0x0000000100000000)
  eden space 170496K, 0% used [0x00000000d5580000,0x00000000d5580000,0x00000000dfc00000)
  from space 2048K, 82% used [0x00000000dfc00000,0x00000000dfda4090,0x00000000dfe00000)
  to   space 2048K, 0% used [0x00000000dfe00000,0x00000000dfe00000,0x00000000e0000000)
 ParOldGen       total 654336K, used 87992K [0x0000000080000000, 0x00000000a7f00000, 0x00000000d5580000)
  object space 654336K, 13% used [0x0000000080000000,0x00000000855ee3a0,0x00000000a7f00000)
 Metaspace       used 110485K, capacity 114812K, committed 115072K, reserved 1150976K
  class space    used 13468K, capacity 14414K, committed 14464K, reserved 1048576K
}
Event: 441340.786 GC heap before
{Heap before GC invocations=2324 (full 4):
 PSYoungGen      total 172544K, used 172176K [0x00000000d5580000, 0x00000000e0000000, 0x0000000100000000)
  eden space 170496K, 100% used [0x00000000d5580000,0x00000000dfc00000,0x00000000dfc00000)
  from space 2048K, 82% used [0x00000000dfc00000,0x00000000dfda4090,0x00000000dfe00000)
  to   space 2048K, 0% used [0x00000000dfe00000,0x00000000dfe00000,0x00000000e0000000)
 ParOldGen       total 654336K, used 87992K [0x0000000080000000, 0x00000000a7f00000, 0x00000000d5580000)
  object space 654336K, 13% used [0x0000000080000000,0x00000000855ee3a0,0x00000000a7f00000)
 Metaspace       used 110485K, capacity 114812K, committed 115072K, reserved 1150976K
  class space    used 13468K, capacity 14414K, committed 14464K, reserved 1048576K
Event: 441340.790 GC heap after
Heap after GC invocations=2324 (full 4):
 PSYoungGen      total 172544K, used 1664K [0x00000000d5580000, 0x00000000e0000000, 0x0000000100000000)
  eden space 170496K, 0% used [0x00000000d5580000,0x00000000d5580000,0x00000000dfc00000)
  from space 2048K, 81% used [0x00000000dfe00000,0x00000000dffa0080,0x00000000e0000000)
  to   space 2048K, 0% used [0x00000000dfc00000,0x00000000dfc00000,0x00000000dfe00000)
 ParOldGen       total 654336K, used 88008K [0x0000000080000000, 0x00000000a7f00000, 0x00000000d5580000)
  object space 654336K, 13% used [0x0000000080000000,0x00000000855f23a0,0x00000000a7f00000)
 Metaspace       used 110485K, capacity 114812K, committed 115072K, reserved 1150976K
  class space    used 13468K, capacity 14414K, committed 14464K, reserved 1048576K
}
Event: 441529.881 GC heap before
{Heap before GC invocations=2325 (full 4):
 PSYoungGen      total 172544K, used 172160K [0x00000000d5580000, 0x00000000e0000000, 0x0000000100000000)
  eden space 170496K, 100% used [0x00000000d5580000,0x00000000dfc00000,0x00000000dfc00000)
  from space 2048K, 81% used [0x00000000dfe00000,0x00000000dffa0080,0x00000000e0000000)
  to   space 2048K, 0% used [0x00000000dfc00000,0x00000000dfc00000,0x00000000dfe00000)
 ParOldGen       total 654336K, used 88008K [0x0000000080000000, 0x00000000a7f00000, 0x00000000d5580000)
  object space 654336K, 13% used [0x0000000080000000,0x00000000855f23a0,0x00000000a7f00000)
 Metaspace       used 110485K, capacity 114812K, committed 115072K, reserved 1150976K
  class space    used 13468K, capacity 14414K, committed 14464K, reserved 1048576K
Event: 441529.884 GC heap after
Heap after GC invocations=2325 (full 4):
 PSYoungGen      total 172544K, used 1616K [0x00000000d5580000, 0x00000000e0000000, 0x0000000100000000)
  eden space 170496K, 0% used [0x00000000d5580000,0x00000000d5580000,0x00000000dfc00000)
  from space 2048K, 78% used [0x00000000dfc00000,0x00000000dfd940b0,0x00000000dfe00000)
  to   space 2048K, 0% used [0x00000000dfe00000,0x00000000dfe00000,0x00000000e0000000)
 ParOldGen       total 654336K, used 88016K [0x0000000080000000, 0x00000000a7f00000, 0x00000000d5580000)
  object space 654336K, 13% used [0x0000000080000000,0x00000000855f43a0,0x00000000a7f00000)
 Metaspace       used 110485K, capacity 114812K, committed 115072K, reserved 1150976K
  class space    used 13468K, capacity 14414K, committed 14464K, reserved 1048576K
}
Event: 441718.559 GC heap before
{Heap before GC invocations=2326 (full 4):
 PSYoungGen      total 172544K, used 172112K [0x00000000d5580000, 0x00000000e0000000, 0x0000000100000000)
  eden space 170496K, 100% used [0x00000000d5580000,0x00000000dfc00000,0x00000000dfc00000)
  from space 2048K, 78% used [0x00000000dfc00000,0x00000000dfd940b0,0x00000000dfe00000)
  to   space 2048K, 0% used [0x00000000dfe00000,0x00000000dfe00000,0x00000000e0000000)
 ParOldGen       total 654336K, used 88016K [0x0000000080000000, 0x00000000a7f00000, 0x00000000d5580000)
  object space 654336K, 13% used [0x0000000080000000,0x00000000855f43a0,0x00000000a7f00000)
 Metaspace       used 110485K, capacity 114812K, committed 115072K, reserved 1150976K
  class space    used 13468K, capacity 14414K, committed 14464K, reserved 1048576K
Event: 441718.563 GC heap after
Heap after GC invocations=2326 (full 4):
 PSYoungGen      total 172544K, used 1632K [0x00000000d5580000, 0x00000000e0000000, 0x0000000100000000)
  eden space 170496K, 0% used [0x00000000d5580000,0x00000000d5580000,0x00000000dfc00000)
  from space 2048K, 79% used [0x00000000dfe00000,0x00000000dff980a0,0x00000000e0000000)
  to   space 2048K, 0% used [0x00000000dfc00000,0x00000000dfc00000,0x00000000dfe00000)
 ParOldGen       total 654336K, used 88032K [0x0000000080000000, 0x00000000a7f00000, 0x00000000d5580000)
  object space 654336K, 13% used [0x0000000080000000,0x00000000855f83a0,0x00000000a7f00000)
 Metaspace       used 110485K, capacity 114812K, committed 115072K, reserved 1150976K
  class space    used 13468K, capacity 14414K, committed 14464K, reserved 1048576K
}
Event: 441907.220 GC heap before
{Heap before GC invocations=2327 (full 4):
 PSYoungGen      total 172544K, used 172128K [0x00000000d5580000, 0x00000000e0000000, 0x0000000100000000)
  eden space 170496K, 100% used [0x00000000d5580000,0x00000000dfc00000,0x00000000dfc00000)
  from space 2048K, 79% used [0x00000000dfe00000,0x00000000dff980a0,0x00000000e0000000)
  to   space 2048K, 0% used [0x00000000dfc00000,0x00000000dfc00000,0x00000000dfe00000)
 ParOldGen       total 654336K, used 88032K [0x0000000080000000, 0x00000000a7f00000, 0x00000000d5580000)
  object space 654336K, 13% used [0x0000000080000000,0x00000000855f83a0,0x00000000a7f00000)
 Metaspace       used 110485K, capacity 114812K, committed 115072K, reserved 1150976K
  class space    used 13468K, capacity 14414K, committed 14464K, reserved 1048576K
Event: 441907.224 GC heap after
Heap after GC invocations=2327 (full 4):
 PSYoungGen      total 172544K, used 1632K [0x00000000d5580000, 0x00000000e0000000, 0x0000000100000000)
  eden space 170496K, 0% used [0x00000000d5580000,0x00000000d5580000,0x00000000dfc00000)
  from space 2048K, 79% used [0x00000000dfc00000,0x00000000dfd98080,0x00000000dfe00000)
  to   space 2048K, 0% used [0x00000000dfe00000,0x00000000dfe00000,0x00000000e0000000)
 ParOldGen       total 654336K, used 88040K [0x0000000080000000, 0x00000000a7f00000, 0x00000000d5580000)
  object space 654336K, 13% used [0x0000000080000000,0x00000000855fa3a0,0x00000000a7f00000)
 Metaspace       used 110485K, capacity 114812K, committed 115072K, reserved 1150976K
  class space    used 13468K, capacity 14414K, committed 14464K, reserved 1048576K
}
Event: 442096.399 GC heap before
{Heap before GC invocations=2328 (full 4):
 PSYoungGen      total 172544K, used 172128K [0x00000000d5580000, 0x00000000e0000000, 0x0000000100000000)
  eden space 170496K, 100% used [0x00000000d5580000,0x00000000dfc00000,0x00000000dfc00000)
  from space 2048K, 79% used [0x00000000dfc00000,0x00000000dfd98080,0x00000000dfe00000)
  to   space 2048K, 0% used [0x00000000dfe00000,0x00000000dfe00000,0x00000000e0000000)
 ParOldGen       total 654336K, used 88040K [0x0000000080000000, 0x00000000a7f00000, 0x00000000d5580000)
  object space 654336K, 13% used [0x0000000080000000,0x00000000855fa3a0,0x00000000a7f00000)
 Metaspace       used 110485K, capacity 114812K, committed 115072K, reserved 1150976K
  class space    used 13468K, capacity 14414K, committed 14464K, reserved 1048576K
Event: 442096.403 GC heap after
Heap after GC invocations=2328 (full 4):
 PSYoungGen      total 172544K, used 1664K [0x00000000d5580000, 0x00000000e0000000, 0x0000000100000000)
  eden space 170496K, 0% used [0x00000000d5580000,0x00000000d5580000,0x00000000dfc00000)
  from space 2048K, 81% used [0x00000000dfe00000,0x00000000dffa00a0,0x00000000e0000000)
  to   space 2048K, 0% used [0x00000000dfc00000,0x00000000dfc00000,0x00000000dfe00000)
 ParOldGen       total 654336K, used 88056K [0x0000000080000000, 0x00000000a7f00000, 0x00000000d5580000)
  object space 654336K, 13% used [0x0000000080000000,0x00000000855fe3a0,0x00000000a7f00000)
 Metaspace       used 110485K, capacity 114812K, committed 115072K, reserved 1150976K
  class space    used 13468K, capacity 14414K, committed 14464K, reserved 1048576K
}
Event: 442285.558 GC heap before
{Heap before GC invocations=2329 (full 4):
 PSYoungGen      total 172544K, used 172160K [0x00000000d5580000, 0x00000000e0000000, 0x0000000100000000)
  eden space 170496K, 100% used [0x00000000d5580000,0x00000000dfc00000,0x00000000dfc00000)
  from space 2048K, 81% used [0x00000000dfe00000,0x00000000dffa00a0,0x00000000e0000000)
  to   space 2048K, 0% used [0x00000000dfc00000,0x00000000dfc00000,0x00000000dfe00000)
 ParOldGen       total 654336K, used 88056K [0x0000000080000000, 0x00000000a7f00000, 0x00000000d5580000)
  object space 654336K, 13% used [0x0000000080000000,0x00000000855fe3a0,0x00000000a7f00000)
 Metaspace       used 110485K, capacity 114812K, committed 115072K, reserved 1150976K
  class space    used 13468K, capacity 14414K, committed 14464K, reserved 1048576K
Event: 442285.562 GC heap after
Heap after GC invocations=2329 (full 4):
 PSYoungGen      total 172544K, used 1664K [0x00000000d5580000, 0x00000000e0000000, 0x0000000100000000)
  eden space 170496K, 0% used [0x00000000d5580000,0x00000000d5580000,0x00000000dfc00000)
  from space 2048K, 81% used [0x00000000dfc00000,0x00000000dfda0080,0x00000000dfe00000)
  to   space 2048K, 0% used [0x00000000dfe00000,0x00000000dfe00000,0x00000000e0000000)
 ParOldGen       total 654336K, used 88064K [0x0000000080000000, 0x00000000a7f00000, 0x00000000d5580000)
  object space 654336K, 13% used [0x0000000080000000,0x00000000856003a0,0x00000000a7f00000)
 Metaspace       used 110485K, capacity 114812K, committed 115072K, reserved 1150976K
  class space    used 13468K, capacity 14414K, committed 14464K, reserved 1048576K
}
Event: 442474.834 GC heap before
{Heap before GC invocations=2330 (full 4):
 PSYoungGen      total 172544K, used 172160K [0x00000000d5580000, 0x00000000e0000000, 0x0000000100000000)
  eden space 170496K, 100% used [0x00000000d5580000,0x00000000dfc00000,0x00000000dfc00000)
  from space 2048K, 81% used [0x00000000dfc00000,0x00000000dfda0080,0x00000000dfe00000)
  to   space 2048K, 0% used [0x00000000dfe00000,0x00000000dfe00000,0x00000000e0000000)
 ParOldGen       total 654336K, used 88064K [0x0000000080000000, 0x00000000a7f00000, 0x00000000d5580000)
  object space 654336K, 13% used [0x0000000080000000,0x00000000856003a0,0x00000000a7f00000)
 Metaspace       used 110485K, capacity 114812K, committed 115072K, reserved 1150976K
  class space    used 13468K, capacity 14414K, committed 14464K, reserved 1048576K
Event: 442474.837 GC heap after
Heap after GC invocations=2330 (full 4):
 PSYoungGen      total 172544K, used 1696K [0x00000000d5580000, 0x00000000e0000000, 0x0000000100000000)
  eden space 170496K, 0% used [0x00000000d5580000,0x00000000d5580000,0x00000000dfc00000)
  from space 2048K, 82% used [0x00000000dfe00000,0x00000000dffa80a0,0x00000000e0000000)
  to   space 2048K, 0% used [0x00000000dfc00000,0x00000000dfc00000,0x00000000dfe00000)
 ParOldGen       total 654336K, used 88072K [0x0000000080000000, 0x00000000a7f00000, 0x00000000d5580000)
  object space 654336K, 13% used [0x0000000080000000,0x00000000856023a0,0x00000000a7f00000)
 Metaspace       used 110485K, capacity 114812K, committed 115072K, reserved 1150976K
  class space    used 13468K, capacity 14414K, committed 14464K, reserved 1048576K
}
Event: 442663.767 GC heap before
{Heap before GC invocations=2331 (full 4):
 PSYoungGen      total 172544K, used 172192K [0x00000000d5580000, 0x00000000e0000000, 0x0000000100000000)
  eden space 170496K, 100% used [0x00000000d5580000,0x00000000dfc00000,0x00000000dfc00000)
  from space 2048K, 82% used [0x00000000dfe00000,0x00000000dffa80a0,0x00000000e0000000)
  to   space 2048K, 0% used [0x00000000dfc00000,0x00000000dfc00000,0x00000000dfe00000)
 ParOldGen       total 654336K, used 88072K [0x0000000080000000, 0x00000000a7f00000, 0x00000000d5580000)
  object space 654336K, 13% used [0x0000000080000000,0x00000000856023a0,0x00000000a7f00000)
 Metaspace       used 110485K, capacity 114812K, committed 115072K, reserved 1150976K
  class space    used 13468K, capacity 14414K, committed 14464K, reserved 1048576K
Event: 442663.771 GC heap after
Heap after GC invocations=2331 (full 4):
 PSYoungGen      total 172544K, used 1696K [0x00000000d5580000, 0x00000000e0000000, 0x0000000100000000)
  eden space 170496K, 0% used [0x00000000d5580000,0x00000000d5580000,0x00000000dfc00000)
  from space 2048K, 82% used [0x00000000dfc00000,0x00000000dfda80a0,0x00000000dfe00000)
  to   space 2048K, 0% used [0x00000000dfe00000,0x00000000dfe00000,0x00000000e0000000)
 ParOldGen       total 654336K, used 88080K [0x0000000080000000, 0x00000000a7f00000, 0x00000000d5580000)
  object space 654336K, 13% used [0x0000000080000000,0x00000000856043a0,0x00000000a7f00000)
 Metaspace       used 110485K, capacity 114812K, committed 115072K, reserved 1150976K
  class space    used 13468K, capacity 14414K, committed 14464K, reserved 1048576K
}
Event: 442845.721 GC heap before
{Heap before GC invocations=2332 (full 4):
 PSYoungGen      total 172544K, used 172192K [0x00000000d5580000, 0x00000000e0000000, 0x0000000100000000)
  eden space 170496K, 100% used [0x00000000d5580000,0x00000000dfc00000,0x00000000dfc00000)
  from space 2048K, 82% used [0x00000000dfc00000,0x00000000dfda80a0,0x00000000dfe00000)
  to   space 2048K, 0% used [0x00000000dfe00000,0x00000000dfe00000,0x00000000e0000000)
 ParOldGen       total 654336K, used 88080K [0x0000000080000000, 0x00000000a7f00000, 0x00000000d5580000)
  object space 654336K, 13% used [0x0000000080000000,0x00000000856043a0,0x00000000a7f00000)
 Metaspace       used 110485K, capacity 114812K, committed 115072K, reserved 1150976K
  class space    used 13468K, capacity 14414K, committed 14464K, reserved 1048576K
Event: 442845.725 GC heap after
Heap after GC invocations=2332 (full 4):
 PSYoungGen      total 172544K, used 1664K [0x00000000d5580000, 0x00000000e0000000, 0x0000000100000000)
  eden space 170496K, 0% used [0x00000000d5580000,0x00000000d5580000,0x00000000dfc00000)
  from space 2048K, 81% used [0x00000000dfe00000,0x00000000dffa0080,0x00000000e0000000)
  to   space 2048K, 0% used [0x00000000dfc00000,0x00000000dfc00000,0x00000000dfe00000)
 ParOldGen       total 654336K, used 88128K [0x0000000080000000, 0x00000000a7f00000, 0x00000000d5580000)
  object space 654336K, 13% used [0x0000000080000000,0x00000000856103a0,0x00000000a7f00000)
 Metaspace       used 110485K, capacity 114812K, committed 115072K, reserved 1150976K
  class space    used 13468K, capacity 14414K, committed 14464K, reserved 1048576K
}
Event: 443036.027 GC heap before
{Heap before GC invocations=2333 (full 4):
 PSYoungGen      total 172544K, used 172160K [0x00000000d5580000, 0x00000000e0000000, 0x0000000100000000)
  eden space 170496K, 100% used [0x00000000d5580000,0x00000000dfc00000,0x00000000dfc00000)
  from space 2048K, 81% used [0x00000000dfe00000,0x00000000dffa0080,0x00000000e0000000)
  to   space 2048K, 0% used [0x00000000dfc00000,0x00000000dfc00000,0x00000000dfe00000)
 ParOldGen       total 654336K, used 88128K [0x0000000080000000, 0x00000000a7f00000, 0x00000000d5580000)
  object space 654336K, 13% used [0x0000000080000000,0x00000000856103a0,0x00000000a7f00000)
 Metaspace       used 110485K, capacity 114812K, committed 115072K, reserved 1150976K
  class space    used 13468K, capacity 14414K, committed 14464K, reserved 1048576K
Event: 443036.031 GC heap after
Heap after GC invocations=2333 (full 4):
 PSYoungGen      total 172544K, used 1712K [0x00000000d5580000, 0x00000000e0000000, 0x0000000100000000)
  eden space 170496K, 0% used [0x00000000d5580000,0x00000000d5580000,0x00000000dfc00000)
  from space 2048K, 83% used [0x00000000dfc00000,0x00000000dfdac090,0x00000000dfe00000)
  to   space 2048K, 0% used [0x00000000dfe00000,0x00000000dfe00000,0x00000000e0000000)
 ParOldGen       total 654336K, used 88160K [0x0000000080000000, 0x00000000a7f00000, 0x00000000d5580000)
  object space 654336K, 13% used [0x0000000080000000,0x00000000856183a0,0x00000000a7f00000)
 Metaspace       used 110485K, capacity 114812K, committed 115072K, reserved 1150976K
  class space    used 13468K, capacity 14414K, committed 14464K, reserved 1048576K
}
Event: 443224.778 GC heap before
{Heap before GC invocations=2334 (full 4):
 PSYoungGen      total 172544K, used 172208K [0x00000000d5580000, 0x00000000e0000000, 0x0000000100000000)
  eden space 170496K, 100% used [0x00000000d5580000,0x00000000dfc00000,0x00000000dfc00000)
  from space 2048K, 83% used [0x00000000dfc00000,0x00000000dfdac090,0x00000000dfe00000)
  to   space 2048K, 0% used [0x00000000dfe00000,0x00000000dfe00000,0x00000000e0000000)
 ParOldGen       total 654336K, used 88160K [0x0000000080000000, 0x00000000a7f00000, 0x00000000d5580000)
  object space 654336K, 13% used [0x0000000080000000,0x00000000856183a0,0x00000000a7f00000)
 Metaspace       used 110485K, capacity 114812K, committed 115072K, reserved 1150976K
  class space    used 13468K, capacity 14414K, committed 14464K, reserved 1048576K
Event: 443224.782 GC heap after
Heap after GC invocations=2334 (full 4):
 PSYoungGen      total 172544K, used 1680K [0x00000000d5580000, 0x00000000e0000000, 0x0000000100000000)
  eden space 170496K, 0% used [0x00000000d5580000,0x00000000d5580000,0x00000000dfc00000)
  from space 2048K, 82% used [0x00000000dfe00000,0x00000000dffa4090,0x00000000e0000000)
  to   space 2048K, 0% used [0x00000000dfc00000,0x00000000dfc00000,0x00000000dfe00000)
 ParOldGen       total 654336K, used 88176K [0x0000000080000000, 0x00000000a7f00000, 0x00000000d5580000)
  object space 654336K, 13% used [0x0000000080000000,0x000000008561c3a0,0x00000000a7f00000)
 Metaspace       used 110485K, capacity 114812K, committed 115072K, reserved 1150976K
  class space    used 13468K, capacity 14414K, committed 14464K, reserved 1048576K
}
Event: 443413.000 GC heap before
{Heap before GC invocations=2335 (full 4):
 PSYoungGen      total 172544K, used 172176K [0x00000000d5580000, 0x00000000e0000000, 0x0000000100000000)
  eden space 170496K, 100% used [0x00000000d5580000,0x00000000dfc00000,0x00000000dfc00000)
  from space 2048K, 82% used [0x00000000dfe00000,0x00000000dffa4090,0x00000000e0000000)
  to   space 2048K, 0% used [0x00000000dfc00000,0x00000000dfc00000,0x00000000dfe00000)
 ParOldGen       total 654336K, used 88176K [0x0000000080000000, 0x00000000a7f00000, 0x00000000d5580000)
  object space 654336K, 13% used [0x0000000080000000,0x000000008561c3a0,0x00000000a7f00000)
 Metaspace       used 110485K, capacity 114812K, committed 115072K, reserved 1150976K
  class space    used 13468K, capacity 14414K, committed 14464K, reserved 1048576K
Event: 443413.005 GC heap after
Heap after GC invocations=2335 (full 4):
 PSYoungGen      total 172544K, used 1632K [0x00000000d5580000, 0x00000000e0000000, 0x0000000100000000)
  eden space 170496K, 0% used [0x00000000d5580000,0x00000000d5580000,0x00000000dfc00000)
  from space 2048K, 79% used [0x00000000dfc00000,0x00000000dfd980a0,0x00000000dfe00000)
  to   space 2048K, 0% used [0x00000000dfe00000,0x00000000dfe00000,0x00000000e0000000)
 ParOldGen       total 654336K, used 88184K [0x0000000080000000, 0x00000000a7f00000, 0x00000000d5580000)
  object space 654336K, 13% used [0x0000000080000000,0x000000008561e3a0,0x00000000a7f00000)
 Metaspace       used 110485K, capacity 114812K, committed 115072K, reserved 1150976K
  class space    used 13468K, capacity 14414K, committed 14464K, reserved 1048576K
}
Event: 443603.676 GC heap before
{Heap before GC invocations=2336 (full 4):
 PSYoungGen      total 172544K, used 172128K [0x00000000d5580000, 0x00000000e0000000, 0x0000000100000000)
  eden space 170496K, 100% used [0x00000000d5580000,0x00000000dfc00000,0x00000000dfc00000)
  from space 2048K, 79% used [0x00000000dfc00000,0x00000000dfd980a0,0x00000000dfe00000)
  to   space 2048K, 0% used [0x00000000dfe00000,0x00000000dfe00000,0x00000000e0000000)
 ParOldGen       total 654336K, used 88184K [0x0000000080000000, 0x00000000a7f00000, 0x00000000d5580000)
  object space 654336K, 13% used [0x0000000080000000,0x000000008561e3a0,0x00000000a7f00000)
 Metaspace       used 110485K, capacity 114812K, committed 115072K, reserved 1150976K
  class space    used 13468K, capacity 14414K, committed 14464K, reserved 1048576K
Event: 443603.679 GC heap after
Heap after GC invocations=2336 (full 4):
 PSYoungGen      total 172544K, used 1616K [0x00000000d5580000, 0x00000000e0000000, 0x0000000100000000)
  eden space 170496K, 0% used [0x00000000d5580000,0x00000000d5580000,0x00000000dfc00000)
  from space 2048K, 78% used [0x00000000dfe00000,0x00000000dff94090,0x00000000e0000000)
  to   space 2048K, 0% used [0x00000000dfc00000,0x00000000dfc00000,0x00000000dfe00000)
 ParOldGen       total 654336K, used 88200K [0x0000000080000000, 0x00000000a7f00000, 0x00000000d5580000)
  object space 654336K, 13% used [0x0000000080000000,0x00000000856223a0,0x00000000a7f00000)
 Metaspace       used 110485K, capacity 114812K, committed 115072K, reserved 1150976K
  class space    used 13468K, capacity 14414K, committed 14464K, reserved 1048576K
}
Event: 443792.322 GC heap before
{Heap before GC invocations=2337 (full 4):
 PSYoungGen      total 172544K, used 172112K [0x00000000d5580000, 0x00000000e0000000, 0x0000000100000000)
  eden space 170496K, 100% used [0x00000000d5580000,0x00000000dfc00000,0x00000000dfc00000)
  from space 2048K, 78% used [0x00000000dfe00000,0x00000000dff94090,0x00000000e0000000)
  to   space 2048K, 0% used [0x00000000dfc00000,0x00000000dfc00000,0x00000000dfe00000)
 ParOldGen       total 654336K, used 88200K [0x0000000080000000, 0x00000000a7f00000, 0x00000000d5580000)
  object space 654336K, 13% used [0x0000000080000000,0x00000000856223a0,0x00000000a7f00000)
 Metaspace       used 110485K, capacity 114812K, committed 115072K, reserved 1150976K
  class space    used 13468K, capacity 14414K, committed 14464K, reserved 1048576K
Event: 443792.326 GC heap after
Heap after GC invocations=2337 (full 4):
 PSYoungGen      total 172544K, used 1648K [0x00000000d5580000, 0x00000000e0000000, 0x0000000100000000)
  eden space 170496K, 0% used [0x00000000d5580000,0x00000000d5580000,0x00000000dfc00000)
  from space 2048K, 80% used [0x00000000dfc00000,0x00000000dfd9c0b0,0x00000000dfe00000)
  to   space 2048K, 0% used [0x00000000dfe00000,0x00000000dfe00000,0x00000000e0000000)
 ParOldGen       total 654336K, used 88208K [0x0000000080000000, 0x00000000a7f00000, 0x00000000d5580000)
  object space 654336K, 13% used [0x0000000080000000,0x00000000856243a0,0x00000000a7f00000)
 Metaspace       used 110485K, capacity 114812K, committed 115072K, reserved 1150976K
  class space    used 13468K, capacity 14414K, committed 14464K, reserved 1048576K
}
Event: 443981.525 GC heap before
{Heap before GC invocations=2338 (full 4):
 PSYoungGen      total 172544K, used 172144K [0x00000000d5580000, 0x00000000e0000000, 0x0000000100000000)
  eden space 170496K, 100% used [0x00000000d5580000,0x00000000dfc00000,0x00000000dfc00000)
  from space 2048K, 80% used [0x00000000dfc00000,0x00000000dfd9c0b0,0x00000000dfe00000)
  to   space 2048K, 0% used [0x00000000dfe00000,0x00000000dfe00000,0x00000000e0000000)
 ParOldGen       total 654336K, used 88208K [0x0000000080000000, 0x00000000a7f00000, 0x00000000d5580000)
  object space 654336K, 13% used [0x0000000080000000,0x00000000856243a0,0x00000000a7f00000)
 Metaspace       used 110485K, capacity 114812K, committed 115072K, reserved 1150976K
  class space    used 13468K, capacity 14414K, committed 14464K, reserved 1048576K
Event: 443981.529 GC heap after
Heap after GC invocations=2338 (full 4):
 PSYoungGen      total 172544K, used 1632K [0x00000000d5580000, 0x00000000e0000000, 0x0000000100000000)
  eden space 170496K, 0% used [0x00000000d5580000,0x00000000d5580000,0x00000000dfc00000)
  from space 2048K, 79% used [0x00000000dfe00000,0x00000000dff980a0,0x00000000e0000000)
  to   space 2048K, 0% used [0x00000000dfc00000,0x00000000dfc00000,0x00000000dfe00000)
 ParOldGen       total 654336K, used 88224K [0x0000000080000000, 0x00000000a7f00000, 0x00000000d5580000)
  object space 654336K, 13% used [0x0000000080000000,0x00000000856283a0,0x00000000a7f00000)
 Metaspace       used 110485K, capacity 114812K, committed 115072K, reserved 1150976K
  class space    used 13468K, capacity 14414K, committed 14464K, reserved 1048576K
}
Event: 444170.799 GC heap before
{Heap before GC invocations=2339 (full 4):
 PSYoungGen      total 172544K, used 172128K [0x00000000d5580000, 0x00000000e0000000, 0x0000000100000000)
  eden space 170496K, 100% used [0x00000000d5580000,0x00000000dfc00000,0x00000000dfc00000)
  from space 2048K, 79% used [0x00000000dfe00000,0x00000000dff980a0,0x00000000e0000000)
  to   space 2048K, 0% used [0x00000000dfc00000,0x00000000dfc00000,0x00000000dfe00000)
 ParOldGen       total 654336K, used 88224K [0x0000000080000000, 0x00000000a7f00000, 0x00000000d5580000)
  object space 654336K, 13% used [0x0000000080000000,0x00000000856283a0,0x00000000a7f00000)
 Metaspace       used 110485K, capacity 114812K, committed 115072K, reserved 1150976K
  class space    used 13468K, capacity 14414K, committed 14464K, reserved 1048576K
Event: 444170.803 GC heap after
Heap after GC invocations=2339 (full 4):
 PSYoungGen      total 172544K, used 1696K [0x00000000d5580000, 0x00000000e0000000, 0x0000000100000000)
  eden space 170496K, 0% used [0x00000000d5580000,0x00000000d5580000,0x00000000dfc00000)
  from space 2048K, 82% used [0x00000000dfc00000,0x00000000dfda80a0,0x00000000dfe00000)
  to   space 2048K, 0% used [0x00000000dfe00000,0x00000000dfe00000,0x00000000e0000000)
 ParOldGen       total 654336K, used 88240K [0x0000000080000000, 0x00000000a7f00000, 0x00000000d5580000)
  object space 654336K, 13% used [0x0000000080000000,0x000000008562c3a0,0x00000000a7f00000)
 Metaspace       used 110485K, capacity 114812K, committed 115072K, reserved 1150976K
  class space    used 13468K, capacity 14414K, committed 14464K, reserved 1048576K
}
Event: 444360.610 GC heap before
{Heap before GC invocations=2340 (full 4):
 PSYoungGen      total 172544K, used 172192K [0x00000000d5580000, 0x00000000e0000000, 0x0000000100000000)
  eden space 170496K, 100% used [0x00000000d5580000,0x00000000dfc00000,0x00000000dfc00000)
  from space 2048K, 82% used [0x00000000dfc00000,0x00000000dfda80a0,0x00000000dfe00000)
  to   space 2048K, 0% used [0x00000000dfe00000,0x00000000dfe00000,0x00000000e0000000)
 ParOldGen       total 654336K, used 88240K [0x0000000080000000, 0x00000000a7f00000, 0x00000000d5580000)
  object space 654336K, 13% used [0x0000000080000000,0x000000008562c3a0,0x00000000a7f00000)
 Metaspace       used 110485K, capacity 114812K, committed 115072K, reserved 1150976K
  class space    used 13468K, capacity 14414K, committed 14464K, reserved 1048576K
Event: 444360.614 GC heap after
Heap after GC invocations=2340 (full 4):
 PSYoungGen      total 172544K, used 1664K [0x00000000d5580000, 0x00000000e0000000, 0x0000000100000000)
  eden space 170496K, 0% used [0x00000000d5580000,0x00000000d5580000,0x00000000dfc00000)
  from space 2048K, 81% used [0x00000000dfe00000,0x00000000dffa00a0,0x00000000e0000000)
  to   space 2048K, 0% used [0x00000000dfc00000,0x00000000dfc00000,0x00000000dfe00000)
 ParOldGen       total 654336K, used 88288K [0x0000000080000000, 0x00000000a7f00000, 0x00000000d5580000)
  object space 654336K, 13% used [0x0000000080000000,0x00000000856383a0,0x00000000a7f00000)
 Metaspace       used 110485K, capacity 114812K, committed 115072K, reserved 1150976K
  class space    used 13468K, capacity 14414K, committed 14464K, reserved 1048576K
}
Event: 444546.335 GC heap before
{Heap before GC invocations=2341 (full 4):
 PSYoungGen      total 172544K, used 172160K [0x00000000d5580000, 0x00000000e0000000, 0x0000000100000000)
  eden space 170496K, 99% used [0x00000000d5580000,0x00000000dfbfffb8,0x00000000dfc00000)
  from space 2048K, 81% used [0x00000000dfe00000,0x00000000dffa00a0,0x00000000e0000000)
  to   space 2048K, 0% used [0x00000000dfc00000,0x00000000dfc00000,0x00000000dfe00000)
 ParOldGen       total 654336K, used 88288K [0x0000000080000000, 0x00000000a7f00000, 0x00000000d5580000)
  object space 654336K, 13% used [0x0000000080000000,0x00000000856383a0,0x00000000a7f00000)
 Metaspace       used 110485K, capacity 114812K, committed 115072K, reserved 1150976K
  class space    used 13468K, capacity 14414K, committed 14464K, reserved 1048576K
Event: 444546.339 GC heap after
Heap after GC invocations=2341 (full 4):
 PSYoungGen      total 172544K, used 1632K [0x00000000d5580000, 0x00000000e0000000, 0x0000000100000000)
  eden space 170496K, 0% used [0x00000000d5580000,0x00000000d5580000,0x00000000dfc00000)
  from space 2048K, 79% used [0x00000000dfc00000,0x00000000dfd980a0,0x00000000dfe00000)
  to   space 2048K, 0% used [0x00000000dfe00000,0x00000000dfe00000,0x00000000e0000000)
 ParOldGen       total 654336K, used 88304K [0x0000000080000000, 0x00000000a7f00000, 0x00000000d5580000)
  object space 654336K, 13% used [0x0000000080000000,0x000000008563c3a0,0x00000000a7f00000)
 Metaspace       used 110485K, capacity 114812K, committed 115072K, reserved 1150976K
  class space    used 13468K, capacity 14414K, committed 14464K, reserved 1048576K
}
Event: 444731.909 GC heap before
{Heap before GC invocations=2342 (full 4):
 PSYoungGen      total 172544K, used 172128K [0x00000000d5580000, 0x00000000e0000000, 0x0000000100000000)
  eden space 170496K, 100% used [0x00000000d5580000,0x00000000dfc00000,0x00000000dfc00000)
  from space 2048K, 79% used [0x00000000dfc00000,0x00000000dfd980a0,0x00000000dfe00000)
  to   space 2048K, 0% used [0x00000000dfe00000,0x00000000dfe00000,0x00000000e0000000)
 ParOldGen       total 654336K, used 88304K [0x0000000080000000, 0x00000000a7f00000, 0x00000000d5580000)
  object space 654336K, 13% used [0x0000000080000000,0x000000008563c3a0,0x00000000a7f00000)
 Metaspace       used 110485K, capacity 114812K, committed 115072K, reserved 1150976K
  class space    used 13468K, capacity 14414K, committed 14464K, reserved 1048576K
Event: 444731.913 GC heap after
Heap after GC invocations=2342 (full 4):
 PSYoungGen      total 172544K, used 1648K [0x00000000d5580000, 0x00000000e0000000, 0x0000000100000000)
  eden space 170496K, 0% used [0x00000000d5580000,0x00000000d5580000,0x00000000dfc00000)
  from space 2048K, 80% used [0x00000000dfe00000,0x00000000dff9c070,0x00000000e0000000)
  to   space 2048K, 0% used [0x00000000dfc00000,0x00000000dfc00000,0x00000000dfe00000)
 ParOldGen       total 654336K, used 88320K [0x0000000080000000, 0x00000000a7f00000, 0x00000000d5580000)
  object space 654336K, 13% used [0x0000000080000000,0x00000000856403a0,0x00000000a7f00000)
 Metaspace       used 110485K, capacity 114812K, committed 115072K, reserved 1150976K
  class space    used 13468K, capacity 14414K, committed 14464K, reserved 1048576K
}
Event: 444922.590 GC heap before
{Heap before GC invocations=2343 (full 4):
 PSYoungGen      total 172544K, used 172144K [0x00000000d5580000, 0x00000000e0000000, 0x0000000100000000)
  eden space 170496K, 100% used [0x00000000d5580000,0x00000000dfc00000,0x00000000dfc00000)
  from space 2048K, 80% used [0x00000000dfe00000,0x00000000dff9c070,0x00000000e0000000)
  to   space 2048K, 0% used [0x00000000dfc00000,0x00000000dfc00000,0x00000000dfe00000)
 ParOldGen       total 654336K, used 88320K [0x0000000080000000, 0x00000000a7f00000, 0x00000000d5580000)
  object space 654336K, 13% used [0x0000000080000000,0x00000000856403a0,0x00000000a7f00000)
 Metaspace       used 110485K, capacity 114812K, committed 115072K, reserved 1150976K
  class space    used 13468K, capacity 14414K, committed 14464K, reserved 1048576K
Event: 444922.594 GC heap after
Heap after GC invocations=2343 (full 4):
 PSYoungGen      total 172544K, used 1680K [0x00000000d5580000, 0x00000000e0000000, 0x0000000100000000)
  eden space 170496K, 0% used [0x00000000d5580000,0x00000000d5580000,0x00000000dfc00000)
  from space 2048K, 82% used [0x00000000dfc00000,0x00000000dfda40b0,0x00000000dfe00000)
  to   space 2048K, 0% used [0x00000000dfe00000,0x00000000dfe00000,0x00000000e0000000)
 ParOldGen       total 654336K, used 88328K [0x0000000080000000, 0x00000000a7f00000, 0x00000000d5580000)
  object space 654336K, 13% used [0x0000000080000000,0x00000000856423a0,0x00000000a7f00000)
 Metaspace       used 110485K, capacity 114812K, committed 115072K, reserved 1150976K
  class space    used 13468K, capacity 14414K, committed 14464K, reserved 1048576K
}
Event: 445110.774 GC heap before
{Heap before GC invocations=2344 (full 4):
 PSYoungGen      total 172544K, used 172176K [0x00000000d5580000, 0x00000000e0000000, 0x0000000100000000)
  eden space 170496K, 100% used [0x00000000d5580000,0x00000000dfc00000,0x00000000dfc00000)
  from space 2048K, 82% used [0x00000000dfc00000,0x00000000dfda40b0,0x00000000dfe00000)
  to   space 2048K, 0% used [0x00000000dfe00000,0x00000000dfe00000,0x00000000e0000000)
 ParOldGen       total 654336K, used 88328K [0x0000000080000000, 0x00000000a7f00000, 0x00000000d5580000)
  object space 654336K, 13% used [0x0000000080000000,0x00000000856423a0,0x00000000a7f00000)
 Metaspace       used 110485K, capacity 114812K, committed 115072K, reserved 1150976K
  class space    used 13468K, capacity 14414K, committed 14464K, reserved 1048576K
Event: 445110.778 GC heap after
Heap after GC invocations=2344 (full 4):
 PSYoungGen      total 172544K, used 1664K [0x00000000d5580000, 0x00000000e0000000, 0x0000000100000000)
  eden space 170496K, 0% used [0x00000000d5580000,0x00000000d5580000,0x00000000dfc00000)
  from space 2048K, 81% used [0x00000000dfe00000,0x00000000dffa00a0,0x00000000e0000000)
  to   space 2048K, 0% used [0x00000000dfc00000,0x00000000dfc00000,0x00000000dfe00000)
 ParOldGen       total 654336K, used 88376K [0x0000000080000000, 0x00000000a7f00000, 0x00000000d5580000)
  object space 654336K, 13% used [0x0000000080000000,0x000000008564e3a0,0x00000000a7f00000)
 Metaspace       used 110485K, capacity 114812K, committed 115072K, reserved 1150976K
  class space    used 13468K, capacity 14414K, committed 14464K, reserved 1048576K
}
Event: 445300.610 GC heap before
{Heap before GC invocations=2345 (full 4):
 PSYoungGen      total 172544K, used 172160K [0x00000000d5580000, 0x00000000e0000000, 0x0000000100000000)
  eden space 170496K, 100% used [0x00000000d5580000,0x00000000dfc00000,0x00000000dfc00000)
  from space 2048K, 81% used [0x00000000dfe00000,0x00000000dffa00a0,0x00000000e0000000)
  to   space 2048K, 0% used [0x00000000dfc00000,0x00000000dfc00000,0x00000000dfe00000)
 ParOldGen       total 654336K, used 88376K [0x0000000080000000, 0x00000000a7f00000, 0x00000000d5580000)
  object space 654336K, 13% used [0x0000000080000000,0x000000008564e3a0,0x00000000a7f00000)
 Metaspace       used 110485K, capacity 114812K, committed 115072K, reserved 1150976K
  class space    used 13468K, capacity 14414K, committed 14464K, reserved 1048576K
Event: 445300.614 GC heap after
Heap after GC invocations=2345 (full 4):
 PSYoungGen      total 172544K, used 1600K [0x00000000d5580000, 0x00000000e0000000, 0x0000000100000000)
  eden space 170496K, 0% used [0x00000000d5580000,0x00000000d5580000,0x00000000dfc00000)
  from space 2048K, 78% used [0x00000000dfc00000,0x00000000dfd900a0,0x00000000dfe00000)
  to   space 2048K, 0% used [0x00000000dfe00000,0x00000000dfe00000,0x00000000e0000000)
 ParOldGen       total 654336K, used 88432K [0x0000000080000000, 0x00000000a7f00000, 0x00000000d5580000)
  object space 654336K, 13% used [0x0000000080000000,0x000000008565c3a0,0x00000000a7f00000)
 Metaspace       used 110485K, capacity 114812K, committed 115072K, reserved 1150976K
  class space    used 13468K, capacity 14414K, committed 14464K, reserved 1048576K
}
Event: 445489.546 GC heap before
{Heap before GC invocations=2346 (full 4):
 PSYoungGen      total 172544K, used 172096K [0x00000000d5580000, 0x00000000e0000000, 0x0000000100000000)
  eden space 170496K, 100% used [0x00000000d5580000,0x00000000dfc00000,0x00000000dfc00000)
  from space 2048K, 78% used [0x00000000dfc00000,0x00000000dfd900a0,0x00000000dfe00000)
  to   space 2048K, 0% used [0x00000000dfe00000,0x00000000dfe00000,0x00000000e0000000)
 ParOldGen       total 654336K, used 88432K [0x0000000080000000, 0x00000000a7f00000, 0x00000000d5580000)
  object space 654336K, 13% used [0x0000000080000000,0x000000008565c3a0,0x00000000a7f00000)
 Metaspace       used 110485K, capacity 114812K, committed 115072K, reserved 1150976K
  class space    used 13468K, capacity 14414K, committed 14464K, reserved 1048576K
Event: 445489.550 GC heap after
Heap after GC invocations=2346 (full 4):
 PSYoungGen      total 172544K, used 1664K [0x00000000d5580000, 0x00000000e0000000, 0x0000000100000000)
  eden space 170496K, 0% used [0x00000000d5580000,0x00000000d5580000,0x00000000dfc00000)
  from space 2048K, 81% used [0x00000000dfe00000,0x00000000dffa00a0,0x00000000e0000000)
  to   space 2048K, 0% used [0x00000000dfc00000,0x00000000dfc00000,0x00000000dfe00000)
 ParOldGen       total 654336K, used 88440K [0x0000000080000000, 0x00000000a7f00000, 0x00000000d5580000)
  object space 654336K, 13% used [0x0000000080000000,0x000000008565e3a0,0x00000000a7f00000)
 Metaspace       used 110485K, capacity 114812K, committed 115072K, reserved 1150976K
  class space    used 13468K, capacity 14414K, committed 14464K, reserved 1048576K
}
Event: 445678.455 GC heap before
{Heap before GC invocations=2347 (full 4):
 PSYoungGen      total 172544K, used 172160K [0x00000000d5580000, 0x00000000e0000000, 0x0000000100000000)
  eden space 170496K, 100% used [0x00000000d5580000,0x00000000dfc00000,0x00000000dfc00000)
  from space 2048K, 81% used [0x00000000dfe00000,0x00000000dffa00a0,0x00000000e0000000)
  to   space 2048K, 0% used [0x00000000dfc00000,0x00000000dfc00000,0x00000000dfe00000)
 ParOldGen       total 654336K, used 88440K [0x0000000080000000, 0x00000000a7f00000, 0x00000000d5580000)
  object space 654336K, 13% used [0x0000000080000000,0x000000008565e3a0,0x00000000a7f00000)
 Metaspace       used 110485K, capacity 114812K, committed 115072K, reserved 1150976K
  class space    used 13468K, capacity 14414K, committed 14464K, reserved 1048576K
Event: 445678.459 GC heap after
Heap after GC invocations=2347 (full 4):
 PSYoungGen      total 172544K, used 1680K [0x00000000d5580000, 0x00000000e0000000, 0x0000000100000000)
  eden space 170496K, 0% used [0x00000000d5580000,0x00000000d5580000,0x00000000dfc00000)
  from space 2048K, 82% used [0x00000000dfc00000,0x00000000dfda4090,0x00000000dfe00000)
  to   space 2048K, 0% used [0x00000000dfe00000,0x00000000dfe00000,0x00000000e0000000)
 ParOldGen       total 654336K, used 88456K [0x0000000080000000, 0x00000000a7f00000, 0x00000000d5580000)
  object space 654336K, 13% used [0x0000000080000000,0x00000000856623a0,0x00000000a7f00000)
 Metaspace       used 110485K, capacity 114812K, committed 115072K, reserved 1150976K
  class space    used 13468K, capacity 14414K, committed 14464K, reserved 1048576K
}
Event: 445867.886 GC heap before
{Heap before GC invocations=2348 (full 4):
 PSYoungGen      total 172544K, used 172176K [0x00000000d5580000, 0x00000000e0000000, 0x0000000100000000)
  eden space 170496K, 100% used [0x00000000d5580000,0x00000000dfc00000,0x00000000dfc00000)
  from space 2048K, 82% used [0x00000000dfc00000,0x00000000dfda4090,0x00000000dfe00000)
  to   space 2048K, 0% used [0x00000000dfe00000,0x00000000dfe00000,0x00000000e0000000)
 ParOldGen       total 654336K, used 88456K [0x0000000080000000, 0x00000000a7f00000, 0x00000000d5580000)
  object space 654336K, 13% used [0x0000000080000000,0x00000000856623a0,0x00000000a7f00000)
 Metaspace       used 110485K, capacity 114812K, committed 115072K, reserved 1150976K
  class space    used 13468K, capacity 14414K, committed 14464K, reserved 1048576K
Event: 445867.890 GC heap after
Heap after GC invocations=2348 (full 4):
 PSYoungGen      total 172544K, used 1600K [0x00000000d5580000, 0x00000000e0000000, 0x0000000100000000)
  eden space 170496K, 0% used [0x00000000d5580000,0x00000000d5580000,0x00000000dfc00000)
  from space 2048K, 78% used [0x00000000dfe00000,0x00000000dff900a0,0x00000000e0000000)
  to   space 2048K, 0% used [0x00000000dfc00000,0x00000000dfc00000,0x00000000dfe00000)
 ParOldGen       total 654336K, used 88464K [0x0000000080000000, 0x00000000a7f00000, 0x00000000d5580000)
  object space 654336K, 13% used [0x0000000080000000,0x00000000856643a0,0x00000000a7f00000)
 Metaspace       used 110485K, capacity 114812K, committed 115072K, reserved 1150976K
  class space    used 13468K, capacity 14414K, committed 14464K, reserved 1048576K
}
Event: 446057.058 GC heap before
{Heap before GC invocations=2349 (full 4):
 PSYoungGen      total 172544K, used 172096K [0x00000000d5580000, 0x00000000e0000000, 0x0000000100000000)
  eden space 170496K, 100% used [0x00000000d5580000,0x00000000dfc00000,0x00000000dfc00000)
  from space 2048K, 78% used [0x00000000dfe00000,0x00000000dff900a0,0x00000000e0000000)
  to   space 2048K, 0% used [0x00000000dfc00000,0x00000000dfc00000,0x00000000dfe00000)
 ParOldGen       total 654336K, used 88464K [0x0000000080000000, 0x00000000a7f00000, 0x00000000d5580000)
  object space 654336K, 13% used [0x0000000080000000,0x00000000856643a0,0x00000000a7f00000)
 Metaspace       used 110485K, capacity 114812K, committed 115072K, reserved 1150976K
  class space    used 13468K, capacity 14414K, committed 14464K, reserved 1048576K
Event: 446057.062 GC heap after
Heap after GC invocations=2349 (full 4):
 PSYoungGen      total 172544K, used 1600K [0x00000000d5580000, 0x00000000e0000000, 0x0000000100000000)
  eden space 170496K, 0% used [0x00000000d5580000,0x00000000d5580000,0x00000000dfc00000)
  from space 2048K, 78% used [0x00000000dfc00000,0x00000000dfd900a0,0x00000000dfe00000)
  to   space 2048K, 0% used [0x00000000dfe00000,0x00000000dfe00000,0x00000000e0000000)
 ParOldGen       total 654336K, used 88512K [0x0000000080000000, 0x00000000a7f00000, 0x00000000d5580000)
  object space 654336K, 13% used [0x0000000080000000,0x00000000856703a0,0x00000000a7f00000)
 Metaspace       used 110485K, capacity 114812K, committed 115072K, reserved 1150976K
  class space    used 13468K, capacity 14414K, committed 14464K, reserved 1048576K
}
Event: 446245.782 GC heap before
{Heap before GC invocations=2350 (full 4):
 PSYoungGen      total 172544K, used 172096K [0x00000000d5580000, 0x00000000e0000000, 0x0000000100000000)
  eden space 170496K, 100% used [0x00000000d5580000,0x00000000dfc00000,0x00000000dfc00000)
  from space 2048K, 78% used [0x00000000dfc00000,0x00000000dfd900a0,0x00000000dfe00000)
  to   space 2048K, 0% used [0x00000000dfe00000,0x00000000dfe00000,0x00000000e0000000)
 ParOldGen       total 654336K, used 88512K [0x0000000080000000, 0x00000000a7f00000, 0x00000000d5580000)
  object space 654336K, 13% used [0x0000000080000000,0x00000000856703a0,0x00000000a7f00000)
 Metaspace       used 110485K, capacity 114812K, committed 115072K, reserved 1150976K
  class space    used 13468K, capacity 14414K, committed 14464K, reserved 1048576K
Event: 446245.786 GC heap after
Heap after GC invocations=2350 (full 4):
 PSYoungGen      total 172544K, used 1616K [0x00000000d5580000, 0x00000000e0000000, 0x0000000100000000)
  eden space 170496K, 0% used [0x00000000d5580000,0x00000000d5580000,0x00000000dfc00000)
  from space 2048K, 78% used [0x00000000dfe00000,0x00000000dff94090,0x00000000e0000000)
  to   space 2048K, 0% used [0x00000000dfc00000,0x00000000dfc00000,0x00000000dfe00000)
 ParOldGen       total 654336K, used 88544K [0x0000000080000000, 0x00000000a7f00000, 0x00000000d5580000)
  object space 654336K, 13% used [0x0000000080000000,0x00000000856783a0,0x00000000a7f00000)
 Metaspace       used 110485K, capacity 114812K, committed 115072K, reserved 1150976K
  class space    used 13468K, capacity 14414K, committed 14464K, reserved 1048576K
}
Event: 446427.492 GC heap before
{Heap before GC invocations=2351 (full 4):
 PSYoungGen      total 172544K, used 172112K [0x00000000d5580000, 0x00000000e0000000, 0x0000000100000000)
  eden space 170496K, 100% used [0x00000000d5580000,0x00000000dfc00000,0x00000000dfc00000)
  from space 2048K, 78% used [0x00000000dfe00000,0x00000000dff94090,0x00000000e0000000)
  to   space 2048K, 0% used [0x00000000dfc00000,0x00000000dfc00000,0x00000000dfe00000)
 ParOldGen       total 654336K, used 88544K [0x0000000080000000, 0x00000000a7f00000, 0x00000000d5580000)
  object space 654336K, 13% used [0x0000000080000000,0x00000000856783a0,0x00000000a7f00000)
 Metaspace       used 110485K, capacity 114812K, committed 115072K, reserved 1150976K
  class space    used 13468K, capacity 14414K, committed 14464K, reserved 1048576K
Event: 446427.496 GC heap after
Heap after GC invocations=2351 (full 4):
 PSYoungGen      total 172544K, used 1696K [0x00000000d5580000, 0x00000000e0000000, 0x0000000100000000)
  eden space 170496K, 0% used [0x00000000d5580000,0x00000000d5580000,0x00000000dfc00000)
  from space 2048K, 82% used [0x00000000dfc00000,0x00000000dfda8080,0x00000000dfe00000)
  to   space 2048K, 0% used [0x00000000dfe00000,0x00000000dfe00000,0x00000000e0000000)
 ParOldGen       total 654336K, used 88552K [0x0000000080000000, 0x00000000a7f00000, 0x00000000d5580000)
  object space 654336K, 13% used [0x0000000080000000,0x000000008567a3a0,0x00000000a7f00000)
 Metaspace       used 110485K, capacity 114812K, committed 115072K, reserved 1150976K
  class space    used 13468K, capacity 14414K, committed 14464K, reserved 1048576K
}
Event: 446618.038 GC heap before
{Heap before GC invocations=2352 (full 4):
 PSYoungGen      total 172544K, used 172192K [0x00000000d5580000, 0x00000000e0000000, 0x0000000100000000)
  eden space 170496K, 100% used [0x00000000d5580000,0x00000000dfc00000,0x00000000dfc00000)
  from space 2048K, 82% used [0x00000000dfc00000,0x00000000dfda8080,0x00000000dfe00000)
  to   space 2048K, 0% used [0x00000000dfe00000,0x00000000dfe00000,0x00000000e0000000)
 ParOldGen       total 654336K, used 88552K [0x0000000080000000, 0x00000000a7f00000, 0x00000000d5580000)
  object space 654336K, 13% used [0x0000000080000000,0x000000008567a3a0,0x00000000a7f00000)
 Metaspace       used 110485K, capacity 114812K, committed 115072K, reserved 1150976K
  class space    used 13468K, capacity 14414K, committed 14464K, reserved 1048576K
Event: 446618.042 GC heap after
Heap after GC invocations=2352 (full 4):
 PSYoungGen      total 172544K, used 1856K [0x00000000d5580000, 0x00000000e0000000, 0x0000000100000000)
  eden space 170496K, 0% used [0x00000000d5580000,0x00000000d5580000,0x00000000dfc00000)
  from space 2048K, 90% used [0x00000000dfe00000,0x00000000dffd00a0,0x00000000e0000000)
  to   space 2048K, 0% used [0x00000000dfc00000,0x00000000dfc00000,0x00000000dfe00000)
 ParOldGen       total 654336K, used 88560K [0x0000000080000000, 0x00000000a7f00000, 0x00000000d5580000)
  object space 654336K, 13% used [0x0000000080000000,0x000000008567c3a0,0x00000000a7f00000)
 Metaspace       used 110485K, capacity 114812K, committed 115072K, reserved 1150976K
  class space    used 13468K, capacity 14414K, committed 14464K, reserved 1048576K
}
Event: 446806.598 GC heap before
{Heap before GC invocations=2353 (full 4):
 PSYoungGen      total 172544K, used 172352K [0x00000000d5580000, 0x00000000e0000000, 0x0000000100000000)
  eden space 170496K, 100% used [0x00000000d5580000,0x00000000dfc00000,0x00000000dfc00000)
  from space 2048K, 90% used [0x00000000dfe00000,0x00000000dffd00a0,0x00000000e0000000)
  to   space 2048K, 0% used [0x00000000dfc00000,0x00000000dfc00000,0x00000000dfe00000)
 ParOldGen       total 654336K, used 88560K [0x0000000080000000, 0x00000000a7f00000, 0x00000000d5580000)
  object space 654336K, 13% used [0x0000000080000000,0x000000008567c3a0,0x00000000a7f00000)
 Metaspace       used 110485K, capacity 114812K, committed 115072K, reserved 1150976K
  class space    used 13468K, capacity 14414K, committed 14464K, reserved 1048576K
Event: 446806.602 GC heap after
Heap after GC invocations=2353 (full 4):
 PSYoungGen      total 172544K, used 1728K [0x00000000d5580000, 0x00000000e0000000, 0x0000000100000000)
  eden space 170496K, 0% used [0x00000000d5580000,0x00000000d5580000,0x00000000dfc00000)
  from space 2048K, 84% used [0x00000000dfc00000,0x00000000dfdb00a0,0x00000000dfe00000)
  to   space 2048K, 0% used [0x00000000dfe00000,0x00000000dfe00000,0x00000000e0000000)
 ParOldGen       total 654336K, used 88568K [0x0000000080000000, 0x00000000a7f00000, 0x00000000d5580000)
  object space 654336K, 13% used [0x0000000080000000,0x000000008567e3a0,0x00000000a7f00000)
 Metaspace       used 110485K, capacity 114812K, committed 115072K, reserved 1150976K
  class space    used 13468K, capacity 14414K, committed 14464K, reserved 1048576K
}
Event: 446997.475 GC heap before
{Heap before GC invocations=2354 (full 4):
 PSYoungGen      total 172544K, used 172224K [0x00000000d5580000, 0x00000000e0000000, 0x0000000100000000)
  eden space 170496K, 100% used [0x00000000d5580000,0x00000000dfc00000,0x00000000dfc00000)
  from space 2048K, 84% used [0x00000000dfc00000,0x00000000dfdb00a0,0x00000000dfe00000)
  to   space 2048K, 0% used [0x00000000dfe00000,0x00000000dfe00000,0x00000000e0000000)
 ParOldGen       total 654336K, used 88568K [0x0000000080000000, 0x00000000a7f00000, 0x00000000d5580000)
  object space 654336K, 13% used [0x0000000080000000,0x000000008567e3a0,0x00000000a7f00000)
 Metaspace       used 110485K, capacity 114812K, committed 115072K, reserved 1150976K
  class space    used 13468K, capacity 14414K, committed 14464K, reserved 1048576K
Event: 446997.479 GC heap after
Heap after GC invocations=2354 (full 4):
 PSYoungGen      total 172544K, used 1632K [0x00000000d5580000, 0x00000000e0000000, 0x0000000100000000)
  eden space 170496K, 0% used [0x00000000d5580000,0x00000000d5580000,0x00000000dfc00000)
  from space 2048K, 79% used [0x00000000dfe00000,0x00000000dff98080,0x00000000e0000000)
  to   space 2048K, 0% used [0x00000000dfc00000,0x00000000dfc00000,0x00000000dfe00000)
 ParOldGen       total 654336K, used 88608K [0x0000000080000000, 0x00000000a7f00000, 0x00000000d5580000)
  object space 654336K, 13% used [0x0000000080000000,0x00000000856883a0,0x00000000a7f00000)
 Metaspace       used 110485K, capacity 114812K, committed 115072K, reserved 1150976K
  class space    used 13468K, capacity 14414K, committed 14464K, reserved 1048576K
}
Event: 447185.795 GC heap before
{Heap before GC invocations=2355 (full 4):
 PSYoungGen      total 172544K, used 172128K [0x00000000d5580000, 0x00000000e0000000, 0x0000000100000000)
  eden space 170496K, 100% used [0x00000000d5580000,0x00000000dfc00000,0x00000000dfc00000)
  from space 2048K, 79% used [0x00000000dfe00000,0x00000000dff98080,0x00000000e0000000)
  to   space 2048K, 0% used [0x00000000dfc00000,0x00000000dfc00000,0x00000000dfe00000)
 ParOldGen       total 654336K, used 88608K [0x0000000080000000, 0x00000000a7f00000, 0x00000000d5580000)
  object space 654336K, 13% used [0x0000000080000000,0x00000000856883a0,0x00000000a7f00000)
 Metaspace       used 110485K, capacity 114812K, committed 115072K, reserved 1150976K
  class space    used 13468K, capacity 14414K, committed 14464K, reserved 1048576K
Event: 447185.799 GC heap after
Heap after GC invocations=2355 (full 4):
 PSYoungGen      total 172544K, used 1664K [0x00000000d5580000, 0x00000000e0000000, 0x0000000100000000)
  eden space 170496K, 0% used [0x00000000d5580000,0x00000000d5580000,0x00000000dfc00000)
  from space 2048K, 81% used [0x00000000dfc00000,0x00000000dfda00a0,0x00000000dfe00000)
  to   space 2048K, 0% used [0x00000000dfe00000,0x00000000dfe00000,0x00000000e0000000)
 ParOldGen       total 654336K, used 88664K [0x0000000080000000, 0x00000000a7f00000, 0x00000000d5580000)
  object space 654336K, 13% used [0x0000000080000000,0x00000000856963a0,0x00000000a7f00000)
 Metaspace       used 110485K, capacity 114812K, committed 115072K, reserved 1150976K
  class space    used 13468K, capacity 14414K, committed 14464K, reserved 1048576K
}
Event: 447375.675 GC heap before
{Heap before GC invocations=2356 (full 4):
 PSYoungGen      total 172544K, used 172160K [0x00000000d5580000, 0x00000000e0000000, 0x0000000100000000)
  eden space 170496K, 100% used [0x00000000d5580000,0x00000000dfc00000,0x00000000dfc00000)
  from space 2048K, 81% used [0x00000000dfc00000,0x00000000dfda00a0,0x00000000dfe00000)
  to   space 2048K, 0% used [0x00000000dfe00000,0x00000000dfe00000,0x00000000e0000000)
 ParOldGen       total 654336K, used 88664K [0x0000000080000000, 0x00000000a7f00000, 0x00000000d5580000)
  object space 654336K, 13% used [0x0000000080000000,0x00000000856963a0,0x00000000a7f00000)
 Metaspace       used 110485K, capacity 114812K, committed 115072K, reserved 1150976K
  class space    used 13468K, capacity 14414K, committed 14464K, reserved 1048576K
Event: 447375.679 GC heap after
Heap after GC invocations=2356 (full 4):
 PSYoungGen      total 172544K, used 1648K [0x00000000d5580000, 0x00000000e0000000, 0x0000000100000000)
  eden space 170496K, 0% used [0x00000000d5580000,0x00000000d5580000,0x00000000dfc00000)
  from space 2048K, 80% used [0x00000000dfe00000,0x00000000dff9c0b0,0x00000000e0000000)
  to   space 2048K, 0% used [0x00000000dfc00000,0x00000000dfc00000,0x00000000dfe00000)
 ParOldGen       total 654336K, used 88672K [0x0000000080000000, 0x00000000a7f00000, 0x00000000d5580000)
  object space 654336K, 13% used [0x0000000080000000,0x00000000856983a0,0x00000000a7f00000)
 Metaspace       used 110485K, capacity 114812K, committed 115072K, reserved 1150976K
  class space    used 13468K, capacity 14414K, committed 14464K, reserved 1048576K
}
Event: 447565.487 GC heap before
{Heap before GC invocations=2357 (full 4):
 PSYoungGen      total 172544K, used 172144K [0x00000000d5580000, 0x00000000e0000000, 0x0000000100000000)
  eden space 170496K, 100% used [0x00000000d5580000,0x00000000dfc00000,0x00000000dfc00000)
  from space 2048K, 80% used [0x00000000dfe00000,0x00000000dff9c0b0,0x00000000e0000000)
  to   space 2048K, 0% used [0x00000000dfc00000,0x00000000dfc00000,0x00000000dfe00000)
 ParOldGen       total 654336K, used 88672K [0x0000000080000000, 0x00000000a7f00000, 0x00000000d5580000)
  object space 654336K, 13% used [0x0000000080000000,0x00000000856983a0,0x00000000a7f00000)
 Metaspace       used 110485K, capacity 114812K, committed 115072K, reserved 1150976K
  class space    used 13468K, capacity 14414K, committed 14464K, reserved 1048576K
Event: 447565.490 GC heap after
Heap after GC invocations=2357 (full 4):
 PSYoungGen      total 172544K, used 1616K [0x00000000d5580000, 0x00000000e0000000, 0x0000000100000000)
  eden space 170496K, 0% used [0x00000000d5580000,0x00000000d5580000,0x00000000dfc00000)
  from space 2048K, 78% used [0x00000000dfc00000,0x00000000dfd94090,0x00000000dfe00000)
  to   space 2048K, 0% used [0x00000000dfe00000,0x00000000dfe00000,0x00000000e0000000)
 ParOldGen       total 654336K, used 88680K [0x0000000080000000, 0x00000000a7f00000, 0x00000000d5580000)
  object space 654336K, 13% used [0x0000000080000000,0x000000008569a3a0,0x00000000a7f00000)
 Metaspace       used 110485K, capacity 114812K, committed 115072K, reserved 1150976K
  class space    used 13468K, capacity 14414K, committed 14464K, reserved 1048576K
}
Event: 447755.218 GC heap before
{Heap before GC invocations=2358 (full 4):
 PSYoungGen      total 172544K, used 172112K [0x00000000d5580000, 0x00000000e0000000, 0x0000000100000000)
  eden space 170496K, 100% used [0x00000000d5580000,0x00000000dfc00000,0x00000000dfc00000)
  from space 2048K, 78% used [0x00000000dfc00000,0x00000000dfd94090,0x00000000dfe00000)
  to   space 2048K, 0% used [0x00000000dfe00000,0x00000000dfe00000,0x00000000e0000000)
 ParOldGen       total 654336K, used 88680K [0x0000000080000000, 0x00000000a7f00000, 0x00000000d5580000)
  object space 654336K, 13% used [0x0000000080000000,0x000000008569a3a0,0x00000000a7f00000)
 Metaspace       used 110485K, capacity 114812K, committed 115072K, reserved 1150976K
  class space    used 13468K, capacity 14414K, committed 14464K, reserved 1048576K
Event: 447755.222 GC heap after
Heap after GC invocations=2358 (full 4):
 PSYoungGen      total 172544K, used 1712K [0x00000000d5580000, 0x00000000e0000000, 0x0000000100000000)
  eden space 170496K, 0% used [0x00000000d5580000,0x00000000d5580000,0x00000000dfc00000)
  from space 2048K, 83% used [0x00000000dfe00000,0x00000000dffac0b0,0x00000000e0000000)
  to   space 2048K, 0% used [0x00000000dfc00000,0x00000000dfc00000,0x00000000dfe00000)
 ParOldGen       total 654336K, used 88696K [0x0000000080000000, 0x00000000a7f00000, 0x00000000d5580000)
  object space 654336K, 13% used [0x0000000080000000,0x000000008569e3a0,0x00000000a7f00000)
 Metaspace       used 110485K, capacity 114812K, committed 115072K, reserved 1150976K
  class space    used 13468K, capacity 14414K, committed 14464K, reserved 1048576K
}

Deoptimization events (250 events):
Event: 42408.780 Thread 0x0000025113179800 Uncommon trap: reason=array_check action=maybe_recompile pc=0x0000025102b4dd4c method=java.util.Arrays.fill([Ljava/lang/Object;IILjava/lang/Object;)V @ 20
Event: 42408.795 Thread 0x000002510f8aa800 Uncommon trap: reason=class_check action=maybe_recompile pc=0x00000251029119d0 method=com.hazelcast.spi.impl.AbstractInvocationFuture.unblockAll(Ljava/lang/Object;Ljava/util/concurrent/Executor;)V @ 12
Event: 42408.795 Thread 0x000002510f8aa800 Uncommon trap: reason=class_check action=maybe_recompile pc=0x00000251029178a0 method=com.hazelcast.spi.impl.AbstractInvocationFuture.unblockAll(Ljava/lang/Object;Ljava/util/concurrent/Executor;)V @ 12
Event: 42408.796 Thread 0x000002510f8aa800 Uncommon trap: reason=class_check action=maybe_recompile pc=0x0000025102914e6c method=com.hazelcast.spi.impl.AbstractInvocationFuture.unblockAll(Ljava/lang/Object;Ljava/util/concurrent/Executor;)V @ 12
Event: 42408.803 Thread 0x000002510f8aa800 Uncommon trap: reason=class_check action=maybe_recompile pc=0x00000251005b8654 method=com.hazelcast.spi.impl.AbstractInvocationFuture.unblockAll(Ljava/lang/Object;Ljava/util/concurrent/Executor;)V @ 12
Event: 42408.803 Thread 0x0000025113179800 Uncommon trap: reason=unstable_if action=reinterpret pc=0x000002510194a3f8 method=com.hazelcast.internal.util.collection.Int2ObjectHashMap.get(I)Ljava/lang/Object; @ 28
Event: 42408.812 Thread 0x0000025113179800 Uncommon trap: reason=null_check action=make_not_entrant pc=0x0000025102b66eec method=com.oracle.truffle.api.nodes.NodeClassImpl.isCloneableField(Ljava/lang/Object;)Z @ 22
Event: 42408.998 Thread 0x0000025113179800 Uncommon trap: reason=unstable_if action=reinterpret pc=0x000002510276320c method=java.util.concurrent.ConcurrentHashMap.tryPresize(I)V @ 53
Event: 42409.000 Thread 0x0000025113179800 Uncommon trap: reason=unstable_if action=reinterpret pc=0x00000251020051ec method=java.util.regex.Pattern.closure(Ljava/util/regex/Pattern$Node;)Ljava/util/regex/Pattern$Node; @ 394
Event: 42409.000 Thread 0x0000025113179800 Uncommon trap: reason=unstable_if action=reinterpret pc=0x0000025102203090 method=java.util.regex.Pattern.clazz(Z)Ljava/util/regex/Pattern$CharProperty; @ 167
Event: 42409.001 Thread 0x0000025113179800 Uncommon trap: reason=class_check action=maybe_recompile pc=0x0000025101dfb960 method=java.util.regex.Matcher.getTextLength()I @ 4
Event: 42409.001 Thread 0x0000025113179800 Uncommon trap: reason=null_check action=make_not_entrant pc=0x00000251020ef20c method=java.util.Locale.equals(Ljava/lang/Object;)Z @ 8
Event: 42409.002 Thread 0x0000025113179800 Uncommon trap: reason=class_check action=maybe_recompile pc=0x00000251008eb6b0 method=java.lang.Character.codePointAt(Ljava/lang/CharSequence;I)I @ 2
Event: 42409.002 Thread 0x0000025113179800 Uncommon trap: reason=class_check action=maybe_recompile pc=0x00000251008eb6b0 method=java.lang.Character.codePointAt(Ljava/lang/CharSequence;I)I @ 2
Event: 42409.002 Thread 0x0000025113179800 Uncommon trap: reason=class_check action=maybe_recompile pc=0x000002510164954c method=java.util.regex.Pattern$BmpCharProperty.match(Ljava/util/regex/Matcher;ILjava/lang/CharSequence;)Z @ 11
Event: 42409.002 Thread 0x0000025113179800 Uncommon trap: reason=class_check action=maybe_recompile pc=0x00000251008eb6b0 method=java.lang.Character.codePointAt(Ljava/lang/CharSequence;I)I @ 2
Event: 42409.002 Thread 0x0000025113179800 Uncommon trap: reason=class_check action=maybe_recompile pc=0x000002510129dc30 method=java.util.regex.Pattern$BmpCharProperty.match(Ljava/util/regex/Matcher;ILjava/lang/CharSequence;)Z @ 11
Event: 42409.002 Thread 0x0000025113179800 Uncommon trap: reason=class_check action=maybe_recompile pc=0x00000251008eb6b0 method=java.lang.Character.codePointAt(Ljava/lang/CharSequence;I)I @ 2
Event: 42409.002 Thread 0x0000025113179800 Uncommon trap: reason=class_check action=maybe_recompile pc=0x000002510164954c method=java.util.regex.Pattern$BmpCharProperty.match(Ljava/util/regex/Matcher;ILjava/lang/CharSequence;)Z @ 11
Event: 42409.002 Thread 0x0000025113179800 Uncommon trap: reason=class_check action=maybe_recompile pc=0x00000251008eb11c method=java.lang.Character.codePointAt(Ljava/lang/CharSequence;I)I @ 2
Event: 42409.002 Thread 0x0000025113179800 Uncommon trap: reason=class_check action=maybe_recompile pc=0x000002510164954c method=java.util.regex.Pattern$BmpCharProperty.match(Ljava/util/regex/Matcher;ILjava/lang/CharSequence;)Z @ 11
Event: 42409.002 Thread 0x0000025113179800 Uncommon trap: reason=class_check action=maybe_recompile pc=0x00000251006a2354 method=java.util.regex.Pattern$Slice.match(Ljava/util/regex/Matcher;ILjava/lang/CharSequence;)Z @ 49
Event: 42409.002 Thread 0x0000025113179800 Uncommon trap: reason=class_check action=maybe_recompile pc=0x000002510129dc30 method=java.util.regex.Pattern$BmpCharProperty.match(Ljava/util/regex/Matcher;ILjava/lang/CharSequence;)Z @ 11
Event: 42409.002 Thread 0x0000025113179800 Uncommon trap: reason=class_check action=maybe_recompile pc=0x00000251006a2354 method=java.util.regex.Pattern$Slice.match(Ljava/util/regex/Matcher;ILjava/lang/CharSequence;)Z @ 49
Event: 42409.002 Thread 0x0000025113179800 Uncommon trap: reason=class_check action=maybe_recompile pc=0x00000251006a2354 method=java.util.regex.Pattern$Slice.match(Ljava/util/regex/Matcher;ILjava/lang/CharSequence;)Z @ 49
Event: 42409.002 Thread 0x0000025113179800 Uncommon trap: reason=class_check action=maybe_recompile pc=0x00000251006a2354 method=java.util.regex.Pattern$Slice.match(Ljava/util/regex/Matcher;ILjava/lang/CharSequence;)Z @ 49
Event: 42409.002 Thread 0x0000025113179800 Uncommon trap: reason=unstable_if action=reinterpret pc=0x000002510167d848 method=java.util.regex.Pattern$GroupTail.match(Ljava/util/regex/Matcher;ILjava/lang/CharSequence;)Z @ 13
Event: 42409.007 Thread 0x0000025113179800 Uncommon trap: reason=class_check action=maybe_recompile pc=0x0000025100645000 method=java.util.regex.Matcher.getSubSequence(II)Ljava/lang/CharSequence; @ 6
Event: 42409.008 Thread 0x0000025113179800 Uncommon trap: reason=unstable_if action=reinterpret pc=0x0000025101edc0a4 method=java.util.regex.Matcher.find()Z @ 21
Event: 42409.012 Thread 0x0000025113179800 Uncommon trap: reason=unstable_if action=reinterpret pc=0x0000025100f6863c method=com.sun.org.apache.xerces.internal.impl.XMLNSDocumentScannerImpl.scanStartElement()Z @ 526
Event: 42409.030 Thread 0x0000025113179800 Uncommon trap: reason=unstable_if action=reinterpret pc=0x0000025102b47ec4 method=org.apache.camel.impl.converter.BaseTypeConverterRegistry.doConvertTo(Ljava/lang/Class;Lorg/apache/camel/Exchange;Ljava/lang/Object;Z)Ljava/lang/Object; @ 148
Event: 42409.054 Thread 0x0000025113179800 Uncommon trap: reason=unstable_if action=reinterpret pc=0x0000025102a7da60 method=java.lang.String.split(Ljava/lang/String;I)[Ljava/lang/String; @ 106
Event: 42409.058 Thread 0x0000025113179800 Uncommon trap: reason=loop_limit_check action=maybe_recompile pc=0x000002510218a360 method=org.apache.camel.processor.CamelInternalProcessor$InternalCallback.done(Z)V @ 19
Event: 42409.069 Thread 0x0000025113179800 Uncommon trap: reason=class_check action=maybe_recompile pc=0x0000025101f74c40 method=oracle.jdbc.driver.OracleStatement.setWrapper(Ljava/lang/Object;)V @ 2
Event: 42409.070 Thread 0x0000025113179800 Uncommon trap: reason=unstable_if action=reinterpret pc=0x00000251014ff8f8 method=oracle.jdbc.driver.Accessor.<init>(Loracle/jdbc/driver/Representation;Loracle/jdbc/driver/OracleStatement;IZ)V @ 199
Event: 42409.087 Thread 0x0000025113179800 Uncommon trap: reason=class_check action=maybe_recompile pc=0x0000025101f74c40 method=oracle.jdbc.driver.OracleStatement.setWrapper(Ljava/lang/Object;)V @ 2
Event: 42409.088 Thread 0x0000025113179800 Uncommon trap: reason=unstable_if action=reinterpret pc=0x00000251003c3438 method=oracle.jdbc.driver.Accessor.initForDataAccess(IILjava/lang/String;)V @ 1
Event: 42409.115 Thread 0x0000025113179800 Uncommon trap: reason=unstable_if action=reinterpret pc=0x0000025101ef0ab4 method=oracle.jdbc.driver.T4CTTIoac.unmarshal()V @ 194
Event: 42409.117 Thread 0x0000025113179800 Uncommon trap: reason=class_check action=maybe_recompile pc=0x0000025101d30f28 method=oracle.jdbc.driver.T4CTTIdcb.receiveCommon([Loracle/jdbc/driver/Accessor;Z)[Loracle/jdbc/driver/Accessor; @ 428
Event: 42409.117 Thread 0x0000025113179800 Uncommon trap: reason=class_check action=maybe_recompile pc=0x0000025101d30f28 method=oracle.jdbc.driver.T4CTTIdcb.receiveCommon([Loracle/jdbc/driver/Accessor;Z)[Loracle/jdbc/driver/Accessor; @ 428
Event: 42409.118 Thread 0x0000025113179800 Uncommon trap: reason=class_check action=maybe_recompile pc=0x000002510234d404 method=oracle.jdbc.driver.InsensitiveScrollableResultSet.doneFetchingRows(Z)V @ 22
Event: 42409.118 Thread 0x0000025113179800 Uncommon trap: reason=class_check action=maybe_recompile pc=0x00000251021b1d0c method=oracle.jdbc.driver.InsensitiveScrollableResultSet.close()V @ 41
Event: 42409.118 Thread 0x0000025113179800 Uncommon trap: reason=unstable_if action=reinterpret pc=0x000002510034b15c method=oracle.jdbc.driver.OracleStatement.alwaysOnClose()V @ 109
Event: 42409.118 Thread 0x0000025113179800 Uncommon trap: reason=class_check action=maybe_recompile pc=0x000002510234d404 method=oracle.jdbc.driver.InsensitiveScrollableResultSet.doneFetchingRows(Z)V @ 22
Event: 42409.118 Thread 0x0000025113179800 Uncommon trap: reason=class_check action=maybe_recompile pc=0x00000251021b1d0c method=oracle.jdbc.driver.InsensitiveScrollableResultSet.close()V @ 41
Event: 42409.132 Thread 0x0000025113179800 Uncommon trap: reason=class_check action=maybe_recompile pc=0x0000025101f74c40 method=oracle.jdbc.driver.OracleStatement.setWrapper(Ljava/lang/Object;)V @ 2
Event: 42409.142 Thread 0x0000025113179800 Uncommon trap: reason=unstable_if action=reinterpret pc=0x0000025101503600 method=oracle.jdbc.driver.T4CTTIoac.unmarshal()V @ 194
Event: 42409.142 Thread 0x0000025113179800 Uncommon trap: reason=class_check action=maybe_recompile pc=0x0000025101d30f28 method=oracle.jdbc.driver.T4CTTIdcb.receiveCommon([Loracle/jdbc/driver/Accessor;Z)[Loracle/jdbc/driver/Accessor; @ 428
Event: 42409.142 Thread 0x0000025113179800 Uncommon trap: reason=class_check action=maybe_recompile pc=0x0000025101d30f28 method=oracle.jdbc.driver.T4CTTIdcb.receiveCommon([Loracle/jdbc/driver/Accessor;Z)[Loracle/jdbc/driver/Accessor; @ 428
Event: 42409.147 Thread 0x0000025113179800 Uncommon trap: reason=class_check action=maybe_recompile pc=0x000002510234d404 method=oracle.jdbc.driver.InsensitiveScrollableResultSet.doneFetchingRows(Z)V @ 22
Event: 42409.147 Thread 0x0000025113179800 Uncommon trap: reason=class_check action=maybe_recompile pc=0x00000251021b1d0c method=oracle.jdbc.driver.InsensitiveScrollableResultSet.close()V @ 41
Event: 42409.148 Thread 0x0000025113179800 Uncommon trap: reason=class_check action=maybe_recompile pc=0x000002510234d404 method=oracle.jdbc.driver.InsensitiveScrollableResultSet.doneFetchingRows(Z)V @ 22
Event: 42409.148 Thread 0x0000025113179800 Uncommon trap: reason=class_check action=maybe_recompile pc=0x00000251021b1d0c method=oracle.jdbc.driver.InsensitiveScrollableResultSet.close()V @ 41
Event: 42409.159 Thread 0x0000025113179800 Uncommon trap: reason=class_check action=maybe_recompile pc=0x000002510246dcb8 method=org.springframework.jdbc.core.JdbcTemplate.handleWarnings(Ljava/sql/Statement;)V @ 20
Event: 42409.160 Thread 0x0000025113179800 Uncommon trap: reason=class_check action=maybe_recompile pc=0x000002510297d9fc method=org.springframework.jdbc.support.JdbcUtils.closeStatement(Ljava/sql/Statement;)V @ 5
Event: 42409.160 Thread 0x0000025113179800 Uncommon trap: reason=unstable_if action=reinterpret pc=0x000002510278ae08 method=java.util.Formatter$Flags.parse(Ljava/lang/String;)Ljava/util/Formatter$Flags; @ 19
Event: 42409.162 Thread 0x0000025113179800 Uncommon trap: reason=class_check action=maybe_recompile pc=0x000002510195902c method=com.sun.org.apache.xerces.internal.impl.XMLDocumentFragmentScannerImpl$FragmentContentDriver.next()I @ 1410
Event: 42409.169 Thread 0x0000025113179800 Uncommon trap: reason=unstable_if action=reinterpret pc=0x0000025102a0d5b4 method=org.apache.camel.impl.DefaultMessage.getHeader(Ljava/lang/String;Ljava/lang/Object;Ljava/lang/Class;)Ljava/lang/Object; @ 10
Event: 42409.170 Thread 0x0000025113179800 Uncommon trap: reason=bimorphic action=maybe_recompile pc=0x000002510196574c method=org.apache.camel.component.bean.MethodInfo$ParameterExpression.evaluateParameterBinding(Lorg/apache/camel/Exchange;Lorg/apache/camel/Expression;ILjava/lang/Class;)Ljava/la
Event: 42409.210 Thread 0x0000025113179800 Uncommon trap: reason=unstable_if action=reinterpret pc=0x0000025102b5ce74 method=jdk.internal.org.objectweb.asm.MethodWriter.visitVarInsn(II)V @ 134
Event: 42409.223 Thread 0x0000025113179800 Uncommon trap: reason=unstable_if action=reinterpret pc=0x00000251014a7cc8 method=jdk.internal.org.objectweb.asm.Item.isEqualTo(Ljdk/internal/org/objectweb/asm/Item;)Z @ 345
Event: 42409.293 Thread 0x0000025113179800 Uncommon trap: reason=bimorphic action=maybe_recompile pc=0x000002510086cbe4 method=java.util.Collection.stream()Ljava/util/stream/Stream; @ 1
Event: 42409.294 Thread 0x0000025113179800 Uncommon trap: reason=bimorphic action=maybe_recompile pc=0x000002510086cbe4 method=java.util.Collection.stream()Ljava/util/stream/Stream; @ 1
Event: 42409.294 Thread 0x0000025113179800 Uncommon trap: reason=bimorphic action=maybe_recompile pc=0x000002510086cbe4 method=java.util.Collection.stream()Ljava/util/stream/Stream; @ 1
Event: 42409.294 Thread 0x0000025113179800 Uncommon trap: reason=bimorphic action=maybe_recompile pc=0x000002510086cbe4 method=java.util.Collection.stream()Ljava/util/stream/Stream; @ 1
Event: 42409.297 Thread 0x0000025113179800 Uncommon trap: reason=bimorphic action=maybe_recompile pc=0x00000251010902ac method=java.util.HashMap.removeNode(ILjava/lang/Object;Ljava/lang/Object;ZZ)Ljava/util/HashMap$Node; @ 283
Event: 42409.337 Thread 0x0000025113179800 Uncommon trap: reason=unstable_if action=reinterpret pc=0x00000251020b7cf0 method=java.util.regex.Pattern.range(Ljava/util/regex/Pattern$BitClass;)Ljava/util/regex/Pattern$CharProperty; @ 224
Event: 42409.345 Thread 0x0000025113179800 Uncommon trap: reason=bimorphic action=maybe_recompile pc=0x00000251010902ac method=java.util.HashMap.removeNode(ILjava/lang/Object;Ljava/lang/Object;ZZ)Ljava/util/HashMap$Node; @ 283
Event: 42409.477 Thread 0x0000025113179800 Uncommon trap: reason=unstable_if action=reinterpret pc=0x00000251012bec04 method=java.io.BufferedOutputStream.write([BII)V @ 35
Event: 42409.488 Thread 0x0000025113179800 Uncommon trap: reason=class_check action=maybe_recompile pc=0x00000251023f8a78 method=java.io.BufferedOutputStream.flush()V @ 8
Event: 42409.488 Thread 0x0000025113179800 Uncommon trap: reason=class_check action=maybe_recompile pc=0x00000251023f8a78 method=java.io.BufferedOutputStream.flush()V @ 8
Event: 42410.216 Thread 0x0000025113179800 Uncommon trap: reason=unstable_if action=reinterpret pc=0x000002510267d910 method=org.apache.camel.impl.DefaultExchange.hasOut()Z @ 4
Event: 42410.218 Thread 0x0000025113179800 Uncommon trap: reason=bimorphic action=maybe_recompile pc=0x00000251027b2a04 method=org.apache.camel.processor.CamelInternalProcessor.process(Lorg/apache/camel/Exchange;Lorg/apache/camel/AsyncCallback;)Z @ 306
Event: 42410.228 Thread 0x0000025113179800 Uncommon trap: reason=bimorphic action=maybe_recompile pc=0x000002510196574c method=org.apache.camel.component.bean.MethodInfo$ParameterExpression.evaluateParameterBinding(Lorg/apache/camel/Exchange;Lorg/apache/camel/Expression;ILjava/lang/Class;)Ljava/la
Event: 42410.438 Thread 0x0000025113179800 Uncommon trap: reason=unstable_if action=reinterpret pc=0x0000025102b84c68 method=com.oracle.truffle.api.nodes.NodeUtil.adoptChildrenHelper(Lcom/oracle/truffle/api/nodes/Node;)V @ 148
Event: 42410.455 Thread 0x0000025113179800 Uncommon trap: reason=unstable_if action=reinterpret pc=0x00000251005ce1d8 method=java.lang.StringCoding.encode(Ljava/nio/charset/Charset;[CII)[B @ 24
Event: 42410.612 Thread 0x0000025113179800 Uncommon trap: reason=unstable_if action=reinterpret pc=0x000002510245c1bc method=java.lang.StringCoding.decode(Ljava/nio/charset/Charset;[BII)[C @ 24
Event: 42410.630 Thread 0x0000025113179800 Uncommon trap: reason=unstable_if action=reinterpret pc=0x0000025102dc4ec8 method=com.oracle.truffle.js.nodes.access.PropertyCacheNode$CacheNode.isGeneric()Z @ 4
Event: 42410.632 Thread 0x0000025113179800 Uncommon trap: reason=unstable_if action=reinterpret pc=0x0000025101f1e550 method=com.oracle.truffle.js.nodes.access.PropertyCacheNode$CacheNode.isGeneric()Z @ 4
Event: 42410.665 Thread 0x0000025113179800 Uncommon trap: reason=bimorphic action=maybe_recompile pc=0x000002510196574c method=org.apache.camel.component.bean.MethodInfo$ParameterExpression.evaluateParameterBinding(Lorg/apache/camel/Exchange;Lorg/apache/camel/Expression;ILjava/lang/Class;)Ljava/la
Event: 42410.710 Thread 0x0000025113179800 Uncommon trap: reason=unstable_if action=reinterpret pc=0x0000025102ca43a4 method=com.sun.org.apache.xml.internal.dtm.ref.dom2dtm.DOM2DTM.nextNode()Z @ 230
Event: 42410.733 Thread 0x0000025113179800 Uncommon trap: reason=unstable_if action=reinterpret pc=0x0000025102da59d0 method=com.oracle.truffle.api.impl.DefaultVirtualFrame.isDouble(Lcom/oracle/truffle/api/frame/FrameSlot;)Z @ 11
Event: 42410.734 Thread 0x0000025113179800 Uncommon trap: reason=unstable_if action=reinterpret pc=0x0000025100b6e958 method=com.oracle.truffle.js.nodes.access.JSWriteCurrentFrameSlotNodeGen.executeVoid(Lcom/oracle/truffle/api/frame/VirtualFrame;)V @ 58
Event: 42410.751 Thread 0x0000025113179800 Uncommon trap: reason=unstable_if action=reinterpret pc=0x0000025102d08b60 method=com.oracle.truffle.js.runtime.JSRuntime.isForeignObject(Lcom/oracle/truffle/api/interop/TruffleObject;)Z @ 18
Event: 42410.753 Thread 0x0000025113179800 Uncommon trap: reason=unstable_if action=reinterpret pc=0x0000025102b88800 method=com.oracle.truffle.api.nodes.NodeUtil.adoptChildrenHelper(Lcom/oracle/truffle/api/nodes/Node;)V @ 148
Event: 42410.753 Thread 0x0000025113179800 Uncommon trap: reason=unstable_if action=reinterpret pc=0x0000025102d3138c method=com.sun.org.apache.xml.internal.serializer.ToUnknownStream.characters([CII)V @ 4
Event: 42410.753 Thread 0x0000025113179800 Uncommon trap: reason=null_check action=make_not_entrant pc=0x00000251022d5ae8 method=com.sun.org.apache.xml.internal.serializer.ToStream.characters([CII)V @ 268
Event: 42410.810 Thread 0x0000025113179800 Uncommon trap: reason=bimorphic action=maybe_recompile pc=0x00000251027b2a04 method=org.apache.camel.processor.CamelInternalProcessor.process(Lorg/apache/camel/Exchange;Lorg/apache/camel/AsyncCallback;)Z @ 306
Event: 42410.819 Thread 0x0000025113179800 Uncommon trap: reason=unstable_if action=reinterpret pc=0x0000025102cdcee4 method=com.sun.org.apache.xml.internal.dtm.ref.dom2dtm.DOM2DTM.addNode(Lorg/w3c/dom/Node;III)I @ 299
Event: 42410.822 Thread 0x0000025113179800 Uncommon trap: reason=unstable_if action=reinterpret pc=0x0000025102add858 method=com.sun.org.apache.xml.internal.serializer.ToStream.shouldIndent()Z @ 4
Event: 42410.822 Thread 0x0000025113179800 Uncommon trap: reason=unstable_if action=reinterpret pc=0x0000025100f65958 method=com.sun.org.apache.xml.internal.serializer.ToStream.closeStartTag()V @ 100
Event: 42410.830 Thread 0x0000025113179800 Uncommon trap: reason=bimorphic action=maybe_recompile pc=0x000002510196574c method=org.apache.camel.component.bean.MethodInfo$ParameterExpression.evaluateParameterBinding(Lorg/apache/camel/Exchange;Lorg/apache/camel/Expression;ILjava/lang/Class;)Ljava/la
Event: 42410.941 Thread 0x0000025113179800 Uncommon trap: reason=class_check action=maybe_recompile pc=0x00000251023f8a78 method=java.io.BufferedOutputStream.flush()V @ 8
Event: 42410.941 Thread 0x0000025113179800 Uncommon trap: reason=class_check action=maybe_recompile pc=0x00000251023f8a78 method=java.io.BufferedOutputStream.flush()V @ 8
Event: 42411.602 Thread 0x0000025113179800 Uncommon trap: reason=bimorphic action=maybe_recompile pc=0x00000251027b2a04 method=org.apache.camel.processor.CamelInternalProcessor.process(Lorg/apache/camel/Exchange;Lorg/apache/camel/AsyncCallback;)Z @ 306
Event: 42411.718 Thread 0x0000025113179800 Uncommon trap: reason=unstable_if action=reinterpret pc=0x0000025102d56dfc method=com.oracle.truffle.regex.tregex.nodes.nfa.TRegexNFAExecutorNode.findNextStates(Lcom/oracle/truffle/regex/tregex/nodes/nfa/TRegexNFAExecutorLocals;)V @ 36
Event: 42411.900 Thread 0x0000025113179800 Uncommon trap: reason=unstable_if action=reinterpret pc=0x000002510251ac28 method=com.oracle.truffle.api.nodes.Node.insert(Lcom/oracle/truffle/api/nodes/Node;)Lcom/oracle/truffle/api/nodes/Node; @ 4
Event: 42412.076 Thread 0x0000025113179800 Uncommon trap: reason=loop_limit_check action=maybe_recompile pc=0x0000025102f7f938 method=com.sun.org.apache.xml.internal.dtm.ref.DTMDefaultBase.declareNamespaceInContext(II)V @ 231
Event: 42412.104 Thread 0x0000025113179800 Uncommon trap: reason=predicate action=maybe_recompile pc=0x0000025101d6d354 method=java.util.TimSort.binarySort([Ljava/lang/Object;IIILjava/util/Comparator;)V @ 37
Event: 42412.108 Thread 0x0000025113179800 Uncommon trap: reason=predicate action=maybe_recompile pc=0x0000025101d64898 method=java.util.TimSort.binarySort([Ljava/lang/Object;IIILjava/util/Comparator;)V @ 37
Event: 42412.118 Thread 0x0000025113179800 Uncommon trap: reason=unstable_if action=reinterpret pc=0x0000025102fe00f8 method=com.oracle.truffle.regex.tregex.nodes.TRegexExecutorNode.inputHasNext(Lcom/oracle/truffle/regex/tregex/nodes/TRegexExecutorLocals;IZ)Z @ 1
Event: 42412.118 Thread 0x0000025113179800 Uncommon trap: reason=unstable_if action=reinterpret pc=0x0000025102fbcf5c method=com.oracle.truffle.regex.tregex.nodes.TRegexExecutorNode.inputIncRaw(IIZ)I @ 19
Event: 42412.118 Thread 0x0000025113179800 Uncommon trap: reason=unstable_if action=reinterpret pc=0x0000025102fdb834 method=com.oracle.truffle.regex.tregex.nodes.TRegexExecutorNode.inputHasNext(Lcom/oracle/truffle/regex/tregex/nodes/TRegexExecutorLocals;IZ)Z @ 1
Event: 42412.118 Thread 0x0000025113179800 Uncommon trap: reason=unstable_if action=reinterpret pc=0x0000025102fc5124 method=com.oracle.truffle.regex.tregex.nodes.TRegexExecutorNode.inputReadRaw(Lcom/oracle/truffle/regex/tregex/nodes/TRegexExecutorLocals;IZ)I @ 30
Event: 42412.118 Thread 0x0000025113179800 Uncommon trap: reason=unstable_if action=reinterpret pc=0x0000025102fb91bc method=com.oracle.truffle.regex.tregex.nodes.TRegexExecutorNode.inputHasNext(Lcom/oracle/truffle/regex/tregex/nodes/TRegexExecutorLocals;IZ)Z @ 1
Event: 42412.126 Thread 0x0000025113179800 Uncommon trap: reason=unstable_if action=reinterpret pc=0x000002510204e4f8 method=com.oracle.truffle.regex.tregex.nodes.TRegexExecutorNode.inputIncRaw(IIZ)I @ 19
Event: 42412.904 Thread 0x0000025113179800 Uncommon trap: reason=unstable_if action=reinterpret pc=0x0000025102f9af68 method=com.oracle.truffle.js.nodes.access.JSReadCurrentFrameSlotNodeGen.execute(Lcom/oracle/truffle/api/frame/VirtualFrame;)Ljava/lang/Object; @ 49
Event: 42413.018 Thread 0x0000025113179800 Uncommon trap: reason=unstable_if action=reinterpret pc=0x0000025102912a28 method=org.apache.camel.impl.DefaultExchange.setUnitOfWork(Lorg/apache/camel/spi/UnitOfWork;)V @ 13
Event: 42413.021 Thread 0x0000025113179800 Uncommon trap: reason=class_check action=maybe_recompile pc=0x00000251022f4c98 method=java.util.TreeMap.putAll(Ljava/util/Map;)V @ 1
Event: 42413.024 Thread 0x0000025113179800 Uncommon trap: reason=unstable_if action=reinterpret pc=0x0000025103027e30 method=com.oracle.truffle.polyglot.PolyglotLanguageContext.toGuestValue(Ljava/lang/Object;)Ljava/lang/Object; @ 141
Event: 42413.024 Thread 0x0000025113179800 Uncommon trap: reason=unstable_if action=reinterpret pc=0x0000025103141938 method=com.oracle.truffle.js.nodes.access.PropertyGetNode$ForeignPropertyGetNode.getValue(Ljava/lang/Object;Ljava/lang/Object;Ljava/lang/Object;Lcom/oracle/truffle/js/nodes/access/
Event: 42413.030 Thread 0x0000025113179800 Uncommon trap: reason=unstable_if action=reinterpret pc=0x00000251030ad8fc method=com.oracle.truffle.polyglot.ToHostNode.convertLossLess(Ljava/lang/Object;Ljava/lang/Class;Lcom/oracle/truffle/api/interop/InteropLibrary;)Ljava/lang/Object; @ 56
Event: 42413.036 Thread 0x0000025113179800 Uncommon trap: reason=unstable_if action=reinterpret pc=0x0000025102fff764 method=com.oracle.truffle.polyglot.PolyglotImpl.isGuestPrimitive(Ljava/lang/Object;)Z @ 11
Event: 42413.036 Thread 0x0000025113179800 Uncommon trap: reason=unstable_if action=reinterpret pc=0x0000025103228890 method=com.oracle.truffle.polyglot.ToHostNode.isPrimitiveTarget(Ljava/lang/Class;)Z @ 82
Event: 42413.043 Thread 0x0000025113179800 Uncommon trap: reason=unstable_if action=reinterpret pc=0x00000251030f0e88 method=com.oracle.truffle.polyglot.ToHostNode.convertLossLess(Ljava/lang/Object;Ljava/lang/Class;Lcom/oracle/truffle/api/interop/InteropLibrary;)Ljava/lang/Object; @ 56
Event: 42413.044 Thread 0x0000025113179800 Uncommon trap: reason=unstable_if action=reinterpret pc=0x00000251030cef70 method=com.oracle.truffle.js.nodes.interop.ImportValueNodeGen.executeWithTarget(Ljava/lang/Object;)Ljava/lang/Object; @ 194
Event: 42413.044 Thread 0x0000025113179800 Uncommon trap: reason=unstable_if action=reinterpret pc=0x000002510303466c method=com.oracle.truffle.js.nodes.interop.ExportValueNodeGen.execute(Ljava/lang/Object;Ljava/lang/Object;Z)Ljava/lang/Object; @ 516
Event: 42413.044 Thread 0x0000025113179800 Uncommon trap: reason=unstable_if action=reinterpret pc=0x00000251030a5430 method=com.oracle.truffle.polyglot.ToHostNode.convertLossLess(Ljava/lang/Object;Ljava/lang/Class;Lcom/oracle/truffle/api/interop/InteropLibrary;)Ljava/lang/Object; @ 56
Event: 42413.073 Thread 0x0000025113179800 Uncommon trap: reason=bimorphic action=maybe_recompile pc=0x0000025101fb5b9c method=javax.crypto.Mac.update([B)V @ 33
Event: 42413.074 Thread 0x0000025113179800 Uncommon trap: reason=bimorphic action=maybe_recompile pc=0x00000251020509e0 method=javax.crypto.Mac.doFinal()[B @ 25
Event: 42413.075 Thread 0x0000025113179800 Uncommon trap: reason=bimorphic action=maybe_recompile pc=0x0000025101fb5b9c method=javax.crypto.Mac.update([B)V @ 33
Event: 42413.075 Thread 0x0000025113179800 Uncommon trap: reason=bimorphic action=maybe_recompile pc=0x00000251020509e0 method=javax.crypto.Mac.doFinal()[B @ 25
Event: 42413.076 Thread 0x0000025113179800 Uncommon trap: reason=bimorphic action=maybe_recompile pc=0x0000025101fb5b9c method=javax.crypto.Mac.update([B)V @ 33
Event: 42413.076 Thread 0x0000025113179800 Uncommon trap: reason=bimorphic action=maybe_recompile pc=0x00000251020509e0 method=javax.crypto.Mac.doFinal()[B @ 25
Event: 42413.084 Thread 0x0000025113179800 Uncommon trap: reason=bimorphic action=maybe_recompile pc=0x0000025101fb5b9c method=javax.crypto.Mac.update([B)V @ 33
Event: 42413.134 Thread 0x0000025113179800 Uncommon trap: reason=unstable_if action=reinterpret pc=0x000002510204baec method=oracle.jdbc.driver.OraclePreparedStatement.cleanOldTempLobs()V @ 4
Event: 42413.176 Thread 0x0000025113179800 Uncommon trap: reason=unstable_if action=reinterpret pc=0x0000025102471ee4 method=oracle.jdbc.driver.T4CMAREngine.unmarshalDALC([BI)I @ 7
Event: 42413.193 Thread 0x0000025113179800 Uncommon trap: reason=unstable_if action=reinterpret pc=0x00000251014b1568 method=oracle.jdbc.driver.T4CMAREngineNIO.prepareForMarshall(I)V @ 18
Event: 42413.193 Thread 0x0000025113179800 Uncommon trap: reason=unstable_if action=reinterpret pc=0x00000251018c2a80 method=oracle.jdbc.driver.T4CMAREngineNIO.prepareForMarshall(I)V @ 18
Event: 42413.259 Thread 0x0000025113179800 Uncommon trap: reason=unstable_if action=reinterpret pc=0x00000251020cd0e8 method=sun.nio.cs.SingleByte$Encoder.encodeArrayLoop(Ljava/nio/CharBuffer;Ljava/nio/ByteBuffer;)Ljava/nio/charset/CoderResult; @ 70
Event: 42413.259 Thread 0x0000025113179800 Uncommon trap: reason=unstable_if action=reinterpret pc=0x00000251021da2fc method=sun.nio.cs.SingleByte$Encoder.encodeArrayLoop(Ljava/nio/CharBuffer;Ljava/nio/ByteBuffer;)Ljava/nio/charset/CoderResult; @ 70
Event: 42413.326 Thread 0x0000025113179800 Uncommon trap: reason=unstable_if action=reinterpret pc=0x0000025102e0b4fc method=com.oracle.truffle.js.nodes.JSTypesGen.asImplicitString(ILjava/lang/Object;)Ljava/lang/String; @ 49
Event: 42413.343 Thread 0x0000025113179800 Uncommon trap: reason=unstable_if action=reinterpret pc=0x00000251003f58bc method=java.lang.CharacterDataLatin1.isWhitespace(I)Z @ 14
Event: 42413.352 Thread 0x0000025113179800 Uncommon trap: reason=unstable_if action=reinterpret pc=0x0000025102506f5c method=oracle.jdbc.driver.OracleSql.getReturnParameterCount()I @ 25
Event: 42413.355 Thread 0x0000025113179800 Uncommon trap: reason=unstable_if action=reinterpret pc=0x00000251021a8c50 method=oracle.jdbc.driver.T4CConnection.enterMarshalling()V @ 30
Event: 42413.363 Thread 0x0000025113179800 Uncommon trap: reason=class_check action=maybe_recompile pc=0x000002510246dcb8 method=org.springframework.jdbc.core.JdbcTemplate.handleWarnings(Ljava/sql/Statement;)V @ 20
Event: 42413.363 Thread 0x0000025113179800 Uncommon trap: reason=class_check action=maybe_recompile pc=0x000002510297d9fc method=org.springframework.jdbc.support.JdbcUtils.closeStatement(Ljava/sql/Statement;)V @ 5
Event: 42413.369 Thread 0x0000025113179800 Uncommon trap: reason=unstable_if action=reinterpret pc=0x00000251022a96e0 method=org.springframework.jdbc.support.JdbcUtils.closeResultSet(Ljava/sql/ResultSet;)V @ 1
Event: 42413.404 Thread 0x0000025113179800 Uncommon trap: reason=class_check action=maybe_recompile pc=0x00000251026ab31c method=java.util.concurrent.ThreadPoolExecutor.getTask()Ljava/lang/Runnable; @ 149
Event: 42413.404 Thread 0x00000251167cd800 Uncommon trap: reason=unstable_if action=reinterpret pc=0x000002510200f22c method=java.util.concurrent.locks.AbstractQueuedSynchronizer.doReleaseShared()V @ 6
Event: 42413.404 Thread 0x00000251167cd800 Uncommon trap: reason=unstable_if action=reinterpret pc=0x00000251026ab534 method=java.util.concurrent.ThreadPoolExecutor.getTask()Ljava/lang/Runnable; @ 62
Event: 42413.405 Thread 0x00000251167c6000 Uncommon trap: reason=unstable_if action=reinterpret pc=0x00000251024a7ec0 method=org.apache.camel.impl.ScheduledPollConsumer.doRun()V @ 339
Event: 42420.406 Thread 0x000002510f8ab000 Uncommon trap: reason=unstable_if action=reinterpret pc=0x0000025101160608 method=java.util.concurrent.locks.AbstractQueuedSynchronizer.acquireQueued(Ljava/util/concurrent/locks/AbstractQueuedSynchronizer$Node;I)Z @ 17
Event: 71069.990 Thread 0x00000251167c6000 Uncommon trap: reason=unstable_if action=reinterpret pc=0x00000251029c8b90 method=com.zaxxer.hikari.pool.HikariPool.getConnection(J)Ljava/sql/Connection; @ 49
Event: 71069.990 Thread 0x00000251167c6000 Uncommon trap: reason=unstable_if action=reinterpret pc=0x0000025102004310 method=java.util.concurrent.FutureTask.isDone()Z @ 4
Event: 83465.519 Thread 0x00000251167c6000 Uncommon trap: reason=unstable_if action=reinterpret pc=0x00000251020b9448 method=java.util.TaskQueue.fixUp(I)V @ 28
Event: 83465.519 Thread 0x000002517ef30000 Uncommon trap: reason=unstable_if action=reinterpret pc=0x0000025102359be8 method=java.util.TaskQueue.fixUp(I)V @ 28
Event: 86408.851 Thread 0x000002517ef2b000 Uncommon trap: reason=unstable_if action=reinterpret pc=0x00000251033d9828 method=sun.security.ssl.ServerHello$T13ServerHelloConsumer.consume(Lsun/security/ssl/ConnectionContext;Lsun/security/ssl/SSLHandshake$HandshakeMessage;)V @ 95
Event: 86408.853 Thread 0x000002517ef2b000 Uncommon trap: reason=unstable_if action=reinterpret pc=0x0000025102623550 method=com.sun.crypto.provider.GaloisCounterMode.increment32([B)V @ 39
Event: 86408.853 Thread 0x000002517ef2b000 Uncommon trap: reason=unstable_if action=reinterpret pc=0x0000025102347994 method=sun.security.util.MemoryCache.get(Ljava/lang/Object;)Ljava/lang/Object; @ 30
Event: 86408.853 Thread 0x000002517ef2b000 Uncommon trap: reason=unstable_if action=reinterpret pc=0x0000025101924f40 method=java.math.BigInteger.oddModPow(Ljava/math/BigInteger;Ljava/math/BigInteger;)Ljava/math/BigInteger; @ 101
Event: 86408.853 Thread 0x000002517ef2b000 Uncommon trap: reason=unstable_if action=reinterpret pc=0x00000251026e75e0 method=java.math.MutableBigInteger.unsignedLongCompare(JJ)Z @ 11
Event: 86408.854 Thread 0x000002517ef2b000 Uncommon trap: reason=unstable_if action=reinterpret pc=0x0000025102462d98 method=java.math.BigInteger.squareToLen([II[I)[I @ 11
Event: 86408.854 Thread 0x000002517ef2b000 Uncommon trap: reason=unstable_if action=reinterpret pc=0x00000251026e3b30 method=java.math.BigInteger.intArrayCmpToLen([I[II)I @ 32
Event: 86408.854 Thread 0x000002517ef2b000 Uncommon trap: reason=unstable_if action=reinterpret pc=0x0000025102c4fc70 method=sun.security.ssl.Finished$T13FinishedConsumer.onConsumeFinished(Lsun/security/ssl/ClientHandshakeContext;Ljava/nio/ByteBuffer;)V @ 4
Event: 86408.854 Thread 0x000002517ef2b000 Uncommon trap: reason=unstable_if action=reinterpret pc=0x00000251025c0b20 method=sun.security.ssl.SSLSessionImpl.setContext(Lsun/security/ssl/SSLSessionContextImpl;)V @ 4
Event: 86408.855 Thread 0x000002517ef2b000 Uncommon trap: reason=unstable_if action=reinterpret pc=0x00000251023cf00c method=sun.security.util.MemoryCache.put(Ljava/lang/Object;Ljava/lang/Object;)V @ 72
Event: 88613.766 Thread 0x000002517ef2f000 Uncommon trap: reason=unstable_if action=reinterpret pc=0x00000251021941b8 method=sun.security.util.MemoryCache.emptyQueue()V @ 30
Event: 172313.463 Thread 0x000002517ef2d800 Uncommon trap: reason=array_check action=maybe_recompile pc=0x00000251029ed7d4 method=oracle.jdbc.driver.T4CTTIkvarr.unmarshal()V @ 49
Event: 172322.794 Thread 0x000002517ef2d800 Uncommon trap: reason=array_check action=maybe_recompile pc=0x00000251029ed7d4 method=oracle.jdbc.driver.T4CTTIkvarr.unmarshal()V @ 49
Event: 172340.617 Thread 0x000002517ef30000 Uncommon trap: reason=array_check action=maybe_recompile pc=0x00000251029ed7d4 method=oracle.jdbc.driver.T4CTTIkvarr.unmarshal()V @ 49
Event: 172403.325 Thread 0x000002517ef2f000 Uncommon trap: reason=array_check action=maybe_recompile pc=0x00000251029ed7d4 method=oracle.jdbc.driver.T4CTTIkvarr.unmarshal()V @ 49
Event: 174515.796 Thread 0x000002510f8a8000 Uncommon trap: reason=unstable_if action=reinterpret pc=0x0000025102a4af2c method=com.hazelcast.internal.metrics.impl.MetricsCompressor.reset(II)V @ 101
Event: 179180.256 Thread 0x000002517ef2b000 Uncommon trap: reason=unstable_if action=reinterpret pc=0x00000251010a1550 method=java.math.BigInteger.valueOf(J)Ljava/math/BigInteger; @ 42
Event: 237966.379 Thread 0x000002517ef30000 Uncommon trap: reason=loop_limit_check action=maybe_recompile pc=0x0000025102183168 method=java.util.concurrent.ConcurrentSkipListMap.doPut(Ljava/lang/Object;Ljava/lang/Object;Z)Ljava/lang/Object; @ 376
Event: 256263.021 Thread 0x000002517ef31000 Uncommon trap: reason=unstable_if action=reinterpret pc=0x000002510205823c method=java.math.MutableBigInteger.compare(Ljava/math/MutableBigInteger;)I @ 81
Event: 256263.021 Thread 0x000002517ef31000 Uncommon trap: reason=unstable_if action=reinterpret pc=0x00000251021470cc method=java.math.MutableBigInteger.divideOneWord(ILjava/math/MutableBigInteger;)I @ 12
Event: 256263.021 Thread 0x000002517ef31000 Uncommon trap: reason=unstable_if action=reinterpret pc=0x0000025101121038 method=java.math.MutableBigInteger.compare(Ljava/math/MutableBigInteger;)I @ 81
Event: 430092.964 Thread 0x000002517ef2f000 Uncommon trap: reason=unstable_if action=reinterpret pc=0x0000025102369bc4 method=java.math.MutableBigInteger.divideMagnitude(Ljava/math/MutableBigInteger;Ljava/math/MutableBigInteger;Z)Ljava/math/MutableBigInteger; @ 1070
Event: 433747.086 Thread 0x000002517ef31000 Uncommon trap: reason=unstable_if action=reinterpret pc=0x0000025101f7113c method=sun.nio.ch.SocketChannelImpl.read(Ljava/nio/ByteBuffer;)I @ 216
Event: 433747.086 Thread 0x000002517ef31000 Uncommon trap: reason=unstable_if action=reinterpret pc=0x0000025102457f80 method=oracle.net.ns.NSProtocolNIO.doSocketRead(I)V @ 48
Event: 433747.087 Thread 0x000002517ef31000 Uncommon trap: reason=uninitialized action=reinterpret pc=0x00000251027b2f64 method=oracle.jdbc.driver.T4CMAREngineNIO.prepareForUnmarshall()V @ 87
Event: 433747.088 Thread 0x00000251167c6000 Uncommon trap: reason=unstable_if action=reinterpret pc=0x0000025103376874 method=oracle.jdbc.driver.PhysicalConnection.isValid(Loracle/jdbc/OracleConnection$ConnectionValidation;I)Z @ 111
Event: 433747.089 Thread 0x00000251167c6000 Uncommon trap: reason=unstable_if action=reinterpret pc=0x00000251022a87a8 method=oracle.net.nt.TcpNTAdapter.isClosed()Z @ 4
Event: 433747.093 Thread 0x00000251167c6000 Uncommon trap: reason=class_check action=maybe_recompile pc=0x0000025101e2c024 method=org.apache.logging.log4j.spi.AbstractLogger.logIfEnabled(Ljava/lang/String;Lorg/apache/logging/log4j/Level;Lorg/apache/logging/log4j/Marker;Ljava/lang/String;Ljava/lang/
Event: 433747.093 Thread 0x00000251167c6000 Uncommon trap: reason=class_check action=maybe_recompile pc=0x0000025101e2c024 method=org.apache.logging.log4j.spi.AbstractLogger.logIfEnabled(Ljava/lang/String;Lorg/apache/logging/log4j/Level;Lorg/apache/logging/log4j/Marker;Ljava/lang/String;Ljava/lang/
Event: 433747.093 Thread 0x00000251167c6000 Uncommon trap: reason=unstable_if action=reinterpret pc=0x00000251031257b0 method=com.zaxxer.hikari.pool.HikariPool.getConnection(J)Ljava/sql/Connection; @ 79
Event: 433747.093 Thread 0x00000251167c6000 Uncommon trap: reason=unstable_if action=reinterpret pc=0x0000025102450b4c method=oracle.net.ns.NIOPacket.readInbandNotificationCtlPacket()V @ 268
Event: 433747.094 Thread 0x000002517ef2f000 Uncommon trap: reason=unstable_if action=reinterpret pc=0x0000025100cda7a8 method=oracle.jdbc.driver.PhysicalConnection.isClosed()Z @ 5
Event: 433747.094 Thread 0x000002517ef30000 Uncommon trap: reason=unstable_if action=reinterpret pc=0x0000025100e224dc method=oracle.net.ns.NSProtocolNIO.doSocketRead(I)V @ 48
Event: 433747.094 Thread 0x000002517ef30000 Uncommon trap: reason=uninitialized action=reinterpret pc=0x0000025101e905ac method=oracle.jdbc.driver.T4CMAREngineNIO.prepareForUnmarshall()V @ 87
Event: 433747.094 Thread 0x00000251167c6000 Uncommon trap: reason=unstable_if action=reinterpret pc=0x000002510336e2cc method=oracle.jdbc.driver.PhysicalConnection.isValid(Loracle/jdbc/OracleConnection$ConnectionValidation;I)Z @ 111
Event: 433747.096 Thread 0x000002517ef2f000 Uncommon trap: reason=unstable_if action=reinterpret pc=0x0000025102383cb8 method=com.zaxxer.hikari.pool.HikariPool.fillPool()V @ 53
Event: 433747.100 Thread 0x000002517ef2f000 Uncommon trap: reason=unstable_if action=reinterpret pc=0x000002510236e540 method=oracle.jdbc.driver.T4CConnection.enterMarshalling()V @ 30
Event: 433747.100 Thread 0x000002517ef2f000 Uncommon trap: reason=uninitialized action=reinterpret pc=0x0000025100c642b8 method=oracle.jdbc.driver.T4CMAREngineNIO.prepareForUnmarshall()V @ 87
Event: 433747.355 Thread 0x000002517ef2c000 Uncommon trap: reason=uninitialized action=reinterpret pc=0x0000025100c642b8 method=oracle.jdbc.driver.T4CMAREngineNIO.prepareForUnmarshall()V @ 87
Event: 433747.359 Thread 0x000002517ef2f000 Uncommon trap: reason=unstable_if action=reinterpret pc=0x0000025102930bfc method=java.util.concurrent.LinkedBlockingQueue.offer(Ljava/lang/Object;)Z @ 82
Event: 433753.888 Thread 0x000002517ef2f000 Uncommon trap: reason=unstable_if action=reinterpret pc=0x00000251021c8f44 method=java.io.ObjectStreamClass.readNonProxy(Ljava/io/ObjectInputStream;)V @ 254
Event: 433753.888 Thread 0x000002517ef2f000 Uncommon trap: reason=unstable_if action=reinterpret pc=0x00000251021a98d8 method=java.io.ObjectStreamClass.computeFieldOffsets()V @ 275
Event: 433753.888 Thread 0x000002517ef2f000 Uncommon trap: reason=null_check action=make_not_entrant pc=0x00000251029c4c44 method=java.io.ObjectStreamClass.lookup(Ljava/lang/Class;Z)Ljava/io/ObjectStreamClass; @ 45
Event: 433753.889 Thread 0x000002517ef2f000 Uncommon trap: reason=null_check action=make_not_entrant pc=0x00000251022437d8 method=java.io.ObjectStreamClass.getReflector([Ljava/io/ObjectStreamField;Ljava/io/ObjectStreamClass;)Ljava/io/ObjectStreamClass$FieldReflector; @ 49
Event: 433753.890 Thread 0x000002517ef2f000 Uncommon trap: reason=unstable_if action=reinterpret pc=0x000002510197bb50 method=java.io.ObjectStreamClass$FieldReflectorKey.<init>(Ljava/lang/Class;[Ljava/io/ObjectStreamField;Ljava/lang/ref/ReferenceQueue;)V @ 8
Event: 433753.890 Thread 0x000002517ef2f000 Uncommon trap: reason=unstable_if action=reinterpret pc=0x0000025101c9aa2c method=java.io.ObjectStreamClass.getSerialVersionUID()J @ 4
Event: 433753.890 Thread 0x000002517ef2f000 Uncommon trap: reason=predicate action=maybe_recompile pc=0x00000251032dfe34 method=java.util.TimSort.reverseRange([Ljava/lang/Object;II)V @ 8
Event: 433753.890 Thread 0x000002517ef2f000 Uncommon trap: reason=array_check action=maybe_recompile pc=0x00000251018a3bd4 method=java.util.TimSort.binarySort([Ljava/lang/Object;IIILjava/util/Comparator;)V @ 193
Event: 433753.890 Thread 0x000002517ef2f000 Uncommon trap: reason=array_check action=maybe_recompile pc=0x00000251018a3c9c method=java.util.TimSort.binarySort([Ljava/lang/Object;IIILjava/util/Comparator;)V @ 183
Event: 433753.890 Thread 0x000002517ef2f000 Uncommon trap: reason=unstable_if action=reinterpret pc=0x00000251021cd6b4 method=sun.security.provider.SHA.implDigest([BI)V @ 21
Event: 433753.891 Thread 0x000002517ef2f000 Uncommon trap: reason=unstable_if action=reinterpret pc=0x0000025100b91b78 method=java.io.ObjectStreamClass.hasReadObjectMethod()Z @ 8
Event: 433753.891 Thread 0x000002517ef2f000 Uncommon trap: reason=uninitialized action=reinterpret pc=0x000002510220047c method=java.io.ObjectInputStream$HandleTable.markDependency(II)V @ 110
Event: 433753.891 Thread 0x000002517ef2f000 Uncommon trap: reason=unstable_if action=reinterpret pc=0x0000025100634ae4 method=java.io.ObjectInputStream$HandleTable.finish(I)V @ 4
Event: 433753.891 Thread 0x000002517ef2f000 Uncommon trap: reason=uninitialized action=reinterpret pc=0x0000025101921008 method=java.io.ObjectInputStream$HandleTable.markDependency(II)V @ 110
Event: 433753.891 Thread 0x000002517ef2f000 Uncommon trap: reason=unstable_if action=reinterpret pc=0x0000025102a21824 method=java.io.ObjectInputStream$HandleTable.finish(I)V @ 4
Event: 433753.891 Thread 0x000002517ef2f000 Uncommon trap: reason=unstable_if action=reinterpret pc=0x00000251022378d0 method=java.io.ObjectStreamClass$FieldReflector.setObjFieldValues(Ljava/lang/Object;[Ljava/lang/Object;)V @ 92
Event: 433753.893 Thread 0x000002517ef2f000 Uncommon trap: reason=array_check action=maybe_recompile pc=0x00000251018a3bd4 method=java.util.TimSort.binarySort([Ljava/lang/Object;IIILjava/util/Comparator;)V @ 193
Event: 433753.893 Thread 0x000002517ef2f000 Uncommon trap: reason=array_check action=maybe_recompile pc=0x00000251018a3b10 method=java.util.TimSort.binarySort([Ljava/lang/Object;IIILjava/util/Comparator;)V @ 215
Event: 433753.893 Thread 0x000002517ef2f000 Uncommon trap: reason=array_check action=maybe_recompile pc=0x00000251018a3bd4 method=java.util.TimSort.binarySort([Ljava/lang/Object;IIILjava/util/Comparator;)V @ 193
Event: 433753.894 Thread 0x000002517ef2f000 Uncommon trap: reason=unstable_if action=reinterpret pc=0x0000025102067c28 method=java.io.ObjectInputStream$HandleTable.finish(I)V @ 4
Event: 433753.894 Thread 0x000002517ef2f000 Uncommon trap: reason=unstable_if action=reinterpret pc=0x000002510267cb04 method=java.io.ObjectInputStream$BlockDataInputStream.readUTFBody(J)Ljava/lang/String; @ 3
Event: 433753.894 Thread 0x000002517ef2f000 Uncommon trap: reason=unstable_if action=reinterpret pc=0x00000251022000b4 method=java.io.ObjectStreamClass$FieldReflector.setObjFieldValues(Ljava/lang/Object;[Ljava/lang/Object;)V @ 92
Event: 433753.894 Thread 0x00000251167c5000 Uncommon trap: reason=unstable_if action=reinterpret pc=0x00000251026550d0 method=com.acesw.appletservlet.ACERequestAdapter.send(Ljava/net/URL;)Lcom/acesw/appletservlet/ACEResponse; @ 520
Event: 433753.894 Thread 0x00000251167c5000 Uncommon trap: reason=unstable_if action=reinterpret pc=0x00000251029c9594 method=com.acesw.pulse.PulseRequest.setPulseInfo(Ljava/net/URL;)V @ 95
Event: 433753.895 Thread 0x00000251167c5000 Uncommon trap: reason=class_check action=maybe_recompile pc=0x00000251026f33cc method=java.io.PrintStream.write([BII)V @ 16
Event: 433753.895 Thread 0x00000251167c5000 Uncommon trap: reason=unstable_if action=reinterpret pc=0x0000025100a9a0e4 method=java.lang.Throwable.getOurStackTrace()[Ljava/lang/StackTraceElement; @ 7
Event: 433753.898 Thread 0x000002517ef2d800 Uncommon trap: reason=unstable_if action=reinterpret pc=0x0000025100e454d8 method=java.util.concurrent.ThreadPoolExecutor.getTask()Ljava/lang/Runnable; @ 62
Event: 433753.900 Thread 0x00000251167c8800 Uncommon trap: reason=unstable_if action=reinterpret pc=0x0000025102c86130 method=java.util.TaskQueue.isEmpty()Z @ 4
Event: 433753.900 Thread 0x00000251167c8800 Uncommon trap: reason=unstable_if action=reinterpret pc=0x0000025102059990 method=java.util.TaskQueue.isEmpty()Z @ 4
Event: 433753.906 Thread 0x000002517ef2d800 Uncommon trap: reason=unstable_if action=reinterpret pc=0x0000025100781c2c method=java.util.concurrent.FutureTask.finishCompletion()V @ 6
Event: 433753.910 Thread 0x000002517ef2d800 Uncommon trap: reason=unstable_if action=reinterpret pc=0x00000251006ed930 method=java.util.concurrent.ConcurrentHashMap.sumCount()J @ 11
Event: 433753.911 Thread 0x000002517ef2d800 Uncommon trap: reason=unstable_if action=reinterpret pc=0x00000251021395f8 method=java.util.concurrent.ConcurrentHashMap$ValueSpliterator.forEachRemaining(Ljava/util/function/Consumer;)V @ 18
Event: 433754.909 Thread 0x00000251167c5000 Uncommon trap: reason=unstable_if action=reinterpret pc=0x000002510141b918 method=java.util.concurrent.ConcurrentHashMap.sumCount()J @ 11
Event: 433754.909 Thread 0x00000251167c6000 Uncommon trap: reason=unstable_if action=reinterpret pc=0x0000025102448ba0 method=java.lang.Thread.interrupt()V @ 4
Event: 433754.910 Thread 0x00000251167c6000 Uncommon trap: reason=unstable_if action=reinterpret pc=0x0000025102f9afc0 method=org.apache.camel.impl.ScheduledPollConsumer.doRun()V @ 511
Event: 433754.910 Thread 0x00000251167c6000 Uncommon trap: reason=unstable_if action=reinterpret pc=0x000002510243f048 method=org.apache.camel.support.ServiceSupport.isRunAllowed()Z @ 7
Event: 433754.910 Thread 0x00000251167c6000 Uncommon trap: reason=unstable_if action=reinterpret pc=0x00000251026a8918 method=java.util.concurrent.FutureTask.runAndReset()Z @ 78
Event: 433754.910 Thread 0x00000251167c6000 Uncommon trap: reason=class_check action=maybe_recompile pc=0x0000025102316908 method=jdk.internal.misc.TerminatingThreadLocal.threadTerminated()V @ 30
Event: 433754.919 Thread 0x000002517ef2d800 Uncommon trap: reason=unstable_if action=reinterpret pc=0x00000251012c0040 method=java.util.HashMap.removeNode(ILjava/lang/Object;Ljava/lang/Object;ZZ)Ljava/util/HashMap$Node; @ 178
Event: 433754.923 Thread 0x000002517ef2d800 Uncommon trap: reason=unstable_if action=reinterpret pc=0x0000025102041648 method=java.util.concurrent.FutureTask.finishCompletion()V @ 6
Event: 433755.026 Thread 0x000002517ef2d800 Uncommon trap: reason=unstable_if action=reinterpret pc=0x000002510012aab0 method=java.util.concurrent.ThreadPoolExecutor.runStateAtLeast(II)Z @ 2
Event: 433755.061 Thread 0x00000251167c5000 Uncommon trap: reason=unstable_if action=reinterpret pc=0x0000025101f1c8e8 method=com.sun.crypto.provider.AESCrypt.makeSessionKey([B)V @ 350
Event: 433755.066 Thread 0x000002517ef2c000 Uncommon trap: reason=class_check action=maybe_recompile pc=0x000002510279ff70 method=java.io.ObjectOutputStream.writeObject0(Ljava/lang/Object;Z)V @ 495
Event: 433755.066 Thread 0x000002517ef2c000 Uncommon trap: reason=unstable_if action=reinterpret pc=0x00000251021b956c method=java.io.ObjectOutputStream$HandleTable.assign(Ljava/lang/Object;)I @ 9
Event: 433755.066 Thread 0x000002517ef2c000 Uncommon trap: reason=unstable_if action=reinterpret pc=0x000002510279fe68 method=java.io.ObjectOutputStream.writeObject0(Ljava/lang/Object;Z)V @ 459
Event: 433755.066 Thread 0x000002517ef2c000 Uncommon trap: reason=unstable_if action=reinterpret pc=0x00000251027dcb80 method=java.io.ObjectOutputStream$HandleTable.assign(Ljava/lang/Object;)I @ 9
Event: 433755.066 Thread 0x000002517ef2c000 Uncommon trap: reason=unstable_if action=reinterpret pc=0x0000025102a103fc method=java.io.ObjectOutputStream.defaultWriteFields(Ljava/lang/Object;Ljava/io/ObjectStreamClass;)V @ 53
Event: 433756.092 Thread 0x000002517ef2c000 Uncommon trap: reason=unstable_if action=reinterpret pc=0x00000251014d4b48 method=java.io.ObjectInputStream$BlockDataInputStream.readUTFSpan(Ljava/lang/StringBuilder;J)J @ 35
Event: 433756.092 Thread 0x000002517ef2c000 Uncommon trap: reason=class_check action=maybe_recompile pc=0x00000251030f69c8 method=com.acesw.appletservlet.ACERequestAdapter$1.run()V @ 383
Event: 433756.093 Thread 0x00000251167c5000 Uncommon trap: reason=unstable_if action=reinterpret pc=0x00000251003bbf20 method=java.lang.AbstractStringBuilder.append(Ljava/lang/String;)Ljava/lang/AbstractStringBuilder; @ 1
Event: 433772.130 Thread 0x000002517ef2b000 Uncommon trap: reason=class_check action=maybe_recompile pc=0x00000251030f69c8 method=com.acesw.appletservlet.ACERequestAdapter$1.run()V @ 383
Event: 433788.160 Thread 0x000002517ef30000 Uncommon trap: reason=class_check action=maybe_recompile pc=0x00000251030f69c8 method=com.acesw.appletservlet.ACERequestAdapter$1.run()V @ 383
Event: 433812.196 Thread 0x000002517ef2f000 Uncommon trap: reason=class_check action=maybe_recompile pc=0x00000251030f69c8 method=com.acesw.appletservlet.ACERequestAdapter$1.run()V @ 383
Event: 433827.473 Thread 0x000002517ef31000 Uncommon trap: reason=unstable_if action=reinterpret pc=0x0000025102bf947c method=oracle.net.jdbc.nl.NVPair.getListSize()I @ 4
Event: 433887.474 Thread 0x00000251167c5000 Uncommon trap: reason=unstable_if action=reinterpret pc=0x000002510101a198 method=org.apache.camel.support.ServiceSupport.getStatus()Lorg/apache/camel/ServiceStatus; @ 37
Event: 433887.474 Thread 0x00000251167c5000 Uncommon trap: reason=unstable_if action=reinterpret pc=0x0000025102a831c4 method=org.apache.camel.ServiceStatus.isStartable()Z @ 4
Event: 433887.784 Thread 0x00000251167c5000 Uncommon trap: reason=unstable_if action=reinterpret pc=0x0000025102d6d39c method=org.apache.camel.component.timer.TimerConsumer.onCamelContextStarted(Lorg/apache/camel/CamelContext;Z)V @ 4
Event: 433887.784 Thread 0x00000251167c5000 Uncommon trap: reason=unstable_if action=reinterpret pc=0x00000251029197f4 method=org.apache.camel.impl.DefaultCamelContext.doStartOrResumeRouteConsumers(Ljava/util/Map;ZZ)V @ 29
Event: 433887.786 Thread 0x00000251167c5000 Uncommon trap: reason=unstable_if action=reinterpret pc=0x0000025101f5037c method=java.util.concurrent.ThreadPoolExecutor.ensurePrestart()V @ 16
Event: 433893.165 Thread 0x000002517ef31000 Uncommon trap: reason=unstable_if action=reinterpret pc=0x0000025102440820 method=java.util.concurrent.LinkedBlockingQueue.poll(JLjava/util/concurrent/TimeUnit;)Ljava/lang/Object; @ 124
Event: 437411.981 Thread 0x000002517ef31000 Uncommon trap: reason=unstable_if action=reinterpret pc=0x00000251024be4a0 method=java.util.ResourceBundle.findBundle(Ljava/util/ResourceBundle$CacheKey;Ljava/util/List;Ljava/util/List;ILjava/util/ResourceBundle$Control;Ljava/util/ResourceBundle;)Ljava/ut
Event: 442520.806 Thread 0x000002510f8ab000 Uncommon trap: reason=unstable_if action=reinterpret pc=0x0000025100b8fb74 method=java.util.concurrent.locks.AbstractQueuedSynchronizer.transferAfterCancelledWait(Ljava/util/concurrent/locks/AbstractQueuedSynchronizer$Node;)Z @ 7
Event: 447886.648 Thread 0x000002517ef2d800 Uncommon trap: reason=unloaded action=reinterpret pc=0x0000025102a105c8 method=org.apache.camel.impl.ScheduledPollConsumer.doRun()V @ 525

Classes redefined (0 events):
No events

Internal exceptions (250 events):
Event: 1.917 Thread 0x0000025170eb0000 Exception <a 'java/lang/ClassNotFoundException': sun/net/www/protocol/e/Handler> (0x00000000d8652730) thrown at [C:\cygwin64\tmp\ojdkbuild\lookaside\java-1.8.0-openjdk\hotspot\src\share\vm\classfile\systemDictionary.cpp, line 217]
Event: 1.940 Thread 0x0000025170eb0000 Exception <a 'java/lang/NoSuchMethodError': java.lang.Object.lambda$and$0(Ljava/util/function/Predicate;Ljava/lang/Object;)Z> (0x00000000d8801e08) thrown at [C:\cygwin64\tmp\ojdkbuild\lookaside\java-1.8.0-openjdk\hotspot\src\share\vm\interpreter\linkResol
Event: 1.954 Thread 0x0000025170eb0000 Exception <a 'java/lang/ClassNotFoundException': sun/net/www/protocol/e/Handler> (0x00000000d88e8280) thrown at [C:\cygwin64\tmp\ojdkbuild\lookaside\java-1.8.0-openjdk\hotspot\src\share\vm\classfile\systemDictionary.cpp, line 217]
Event: 1.954 Thread 0x0000025170eb0000 Exception <a 'java/lang/ClassNotFoundException': sun/net/www/protocol/e/Handler> (0x00000000d88faf90) thrown at [C:\cygwin64\tmp\ojdkbuild\lookaside\java-1.8.0-openjdk\hotspot\src\share\vm\classfile\systemDictionary.cpp, line 217]
Event: 2.099 Thread 0x0000025170eb0000 Exception <a 'java/lang/NoSuchMethodError': java.lang.Object.lambda$getAnnotationTypes$0(Lorg/springframework/core/annotation/MergedAnnotation;)Ljava/lang/String;> (0x00000000dae3a730) thrown at [C:\cygwin64\tmp\ojdkbuild\lookaside\java-1.8.0-openjdk\hots
Event: 2.103 Thread 0x0000025170eb0000 Exception <a 'java/lang/NoSuchMethodError': java.lang.Object.lambda$getMetaAnnotationTypes$1(Lorg/springframework/core/annotation/MergedAnnotation;)Ljava/lang/String;> (0x00000000dae5fa10) thrown at [C:\cygwin64\tmp\ojdkbuild\lookaside\java-1.8.0-openjdk\
Event: 2.173 Thread 0x0000025170eb0000 Exception <a 'java/lang/ClassNotFoundException': java/lang/ObjectCustomizer> (0x00000000dc451578) thrown at [C:\cygwin64\tmp\ojdkbuild\lookaside\java-1.8.0-openjdk\hotspot\src\share\vm\classfile\systemDictionary.cpp, line 217]
Event: 2.173 Thread 0x0000025170eb0000 Exception <a 'java/lang/ClassNotFoundException': org/springframework/context/annotation/ConfigurationClassPostProcessorCustomizer> (0x00000000dc47a898) thrown at [C:\cygwin64\tmp\ojdkbuild\lookaside\java-1.8.0-openjdk\hotspot\src\share\vm\classfile\system
Event: 2.176 Thread 0x0000025170eb0000 Exception <a 'java/lang/ClassNotFoundException': org/springframework/beans/factory/support/BeanDefinitionRegistryPostProcessorCustomizer> (0x00000000dc4cfac8) thrown at [C:\cygwin64\tmp\ojdkbuild\lookaside\java-1.8.0-openjdk\hotspot\src\share\vm\classfile
Event: 2.177 Thread 0x0000025170eb0000 Exception <a 'java/lang/ClassNotFoundException': org/springframework/beans/factory/config/BeanFactoryPostProcessorCustomizer> (0x00000000dc4f4620) thrown at [C:\cygwin64\tmp\ojdkbuild\lookaside\java-1.8.0-openjdk\hotspot\src\share\vm\classfile\systemDicti
Event: 2.177 Thread 0x0000025170eb0000 Exception <a 'java/lang/ClassNotFoundException': org/springframework/core/PriorityOrderedCustomizer> (0x00000000dc923fd8) thrown at [C:\cygwin64\tmp\ojdkbuild\lookaside\java-1.8.0-openjdk\hotspot\src\share\vm\classfile\systemDictionary.cpp, line 217]
Event: 2.177 Thread 0x0000025170eb0000 Exception <a 'java/lang/ClassNotFoundException': org/springframework/core/OrderedCustomizer> (0x00000000dc93b278) thrown at [C:\cygwin64\tmp\ojdkbuild\lookaside\java-1.8.0-openjdk\hotspot\src\share\vm\classfile\systemDictionary.cpp, line 217]
Event: 2.177 Thread 0x0000025170eb0000 Exception <a 'java/lang/ClassNotFoundException': org/springframework/context/ResourceLoaderAwareCustomizer> (0x00000000dc9589f8) thrown at [C:\cygwin64\tmp\ojdkbuild\lookaside\java-1.8.0-openjdk\hotspot\src\share\vm\classfile\systemDictionary.cpp, line 21
Event: 2.178 Thread 0x0000025170eb0000 Exception <a 'java/lang/ClassNotFoundException': org/springframework/beans/factory/AwareCustomizer> (0x00000000dc973ce0) thrown at [C:\cygwin64\tmp\ojdkbuild\lookaside\java-1.8.0-openjdk\hotspot\src\share\vm\classfile\systemDictionary.cpp, line 217]
Event: 2.178 Thread 0x0000025170eb0000 Exception <a 'java/lang/ClassNotFoundException': org/springframework/context/ApplicationStartupAwareCustomizer> (0x00000000dc9923d8) thrown at [C:\cygwin64\tmp\ojdkbuild\lookaside\java-1.8.0-openjdk\hotspot\src\share\vm\classfile\systemDictionary.cpp, lin
Event: 2.178 Thread 0x0000025170eb0000 Exception <a 'java/lang/ClassNotFoundException': org/springframework/beans/factory/AwareCustomizer> (0x00000000dc9adbc0) thrown at [C:\cygwin64\tmp\ojdkbuild\lookaside\java-1.8.0-openjdk\hotspot\src\share\vm\classfile\systemDictionary.cpp, line 217]
Event: 2.179 Thread 0x0000025170eb0000 Exception <a 'java/lang/ClassNotFoundException': org/springframework/beans/factory/BeanClassLoaderAwareCustomizer> (0x00000000dc9cd398) thrown at [C:\cygwin64\tmp\ojdkbuild\lookaside\java-1.8.0-openjdk\hotspot\src\share\vm\classfile\systemDictionary.cpp, 
Event: 2.179 Thread 0x0000025170eb0000 Exception <a 'java/lang/ClassNotFoundException': org/springframework/beans/factory/AwareCustomizer> (0x00000000dc9e8710) thrown at [C:\cygwin64\tmp\ojdkbuild\lookaside\java-1.8.0-openjdk\hotspot\src\share\vm\classfile\systemDictionary.cpp, line 217]
Event: 2.179 Thread 0x0000025170eb0000 Exception <a 'java/lang/ClassNotFoundException': org/springframework/context/EnvironmentAwareCustomizer> (0x00000000dca04288) thrown at [C:\cygwin64\tmp\ojdkbuild\lookaside\java-1.8.0-openjdk\hotspot\src\share\vm\classfile\systemDictionary.cpp, line 217]
Event: 2.179 Thread 0x0000025170eb0000 Exception <a 'java/lang/ClassNotFoundException': org/springframework/beans/factory/AwareCustomizer> (0x00000000dca1f4e0) thrown at [C:\cygwin64\tmp\ojdkbuild\lookaside\java-1.8.0-openjdk\hotspot\src\share\vm\classfile\systemDictionary.cpp, line 217]
Event: 2.364 Thread 0x0000025170eb0000 Exception <a 'java/lang/NoSuchMethodError': java.lang.Object.lambda$or$2(Ljava/util/function/Predicate;Ljava/lang/Object;)Z> (0x00000000d5f2e7f0) thrown at [C:\cygwin64\tmp\ojdkbuild\lookaside\java-1.8.0-openjdk\hotspot\src\share\vm\interpreter\linkResolv
Event: 2.438 Thread 0x0000025170eb0000 Exception <a 'java/lang/IncompatibleClassChangeError': Found class java.lang.Object, but interface was expected> (0x00000000d744f140) thrown at [C:\cygwin64\tmp\ojdkbuild\lookaside\java-1.8.0-openjdk\hotspot\src\share\vm\interpreter\linkResolver.cpp, line
Event: 2.469 Thread 0x0000025170eb0000 Exception <a 'java/lang/NoSuchMethodError': java.lang.Object.lambda$getAllAnnotationAttributes$0(Lorg/springframework/util/MultiValueMap;)Lorg/springframework/util/MultiValueMap;> (0x00000000d7850210) thrown at [C:\cygwin64\tmp\ojdkbuild\lookaside\java-1.
Event: 2.470 Thread 0x0000025170eb0000 Exception <a 'java/lang/NoSuchMethodError': java.lang.Object.lambda$identity$2(Ljava/lang/Object;)Ljava/lang/Object;> (0x00000000d7864408) thrown at [C:\cygwin64\tmp\ojdkbuild\lookaside\java-1.8.0-openjdk\hotspot\src\share\vm\interpreter\linkResolver.cpp,
Event: 3.039 Thread 0x0000025170eb0000 Exception <a 'java/lang/ClassNotFoundException': com/sun/org/glassfish/hk2/osgiresourcelocator/ServiceLoader> (0x00000000dce09a28) thrown at [C:\cygwin64\tmp\ojdkbuild\lookaside\java-1.8.0-openjdk\hotspot\src\share\vm\classfile\systemDictionary.cpp, line 
Event: 3.167 Thread 0x0000025170eb0000 Exception <a 'java/lang/NullPointerException'> (0x00000000d67588a0) thrown at [C:\cygwin64\tmp\ojdkbuild\lookaside\java-1.8.0-openjdk\hotspot\src\share\vm\interpreter\linkResolver.cpp, line 1287]
Event: 4.027 Thread 0x0000025170eb0000 Implicit null exception at 0x00000251012357ea to 0x00000251012363dd
Event: 4.228 Thread 0x0000025170eb0000 Exception <a 'java/lang/NoClassDefFoundError': org/flywaydb/core/Flyway> (0x00000000df17f4a8) thrown at [C:\cygwin64\tmp\ojdkbuild\lookaside\java-1.8.0-openjdk\hotspot\src\share\vm\classfile\systemDictionary.cpp, line 206]
Event: 4.228 Thread 0x0000025170eb0000 Exception <a 'java/lang/NoClassDefFoundError': liquibase/integration/spring/SpringLiquibase> (0x00000000df18b208) thrown at [C:\cygwin64\tmp\ojdkbuild\lookaside\java-1.8.0-openjdk\hotspot\src\share\vm\classfile\systemDictionary.cpp, line 206]
Event: 4.253 Thread 0x0000025170eb0000 Exception <a 'java/lang/NoClassDefFoundError': org/jooq/DSLContext> (0x00000000df4b54a0) thrown at [C:\cygwin64\tmp\ojdkbuild\lookaside\java-1.8.0-openjdk\hotspot\src\share\vm\classfile\systemDictionary.cpp, line 206]
Event: 4.253 Thread 0x0000025170eb0000 Exception <a 'java/lang/NoClassDefFoundError': javax/persistence/EntityManagerFactory> (0x00000000df4c1158) thrown at [C:\cygwin64\tmp\ojdkbuild\lookaside\java-1.8.0-openjdk\hotspot\src\share\vm\classfile\systemDictionary.cpp, line 206]
Event: 4.253 Thread 0x0000025170eb0000 Exception <a 'java/lang/NoClassDefFoundError': org/springframework/batch/core/repository/JobRepository> (0x00000000df4cee80) thrown at [C:\cygwin64\tmp\ojdkbuild\lookaside\java-1.8.0-openjdk\hotspot\src\share\vm\classfile\systemDictionary.cpp, line 206]
Event: 4.253 Thread 0x0000025170eb0000 Exception <a 'java/lang/NoClassDefFoundError': org/springframework/scheduling/quartz/SchedulerFactoryBean> (0x00000000df4dce90) thrown at [C:\cygwin64\tmp\ojdkbuild\lookaside\java-1.8.0-openjdk\hotspot\src\share\vm\classfile\systemDictionary.cpp, line 206
Event: 4.253 Thread 0x0000025170eb0000 Exception <a 'java/lang/NoClassDefFoundError': org/springframework/session/jdbc/JdbcIndexedSessionRepository> (0x00000000df4ebb68) thrown at [C:\cygwin64\tmp\ojdkbuild\lookaside\java-1.8.0-openjdk\hotspot\src\share\vm\classfile\systemDictionary.cpp, line 
Event: 4.287 Thread 0x0000025170eb0000 Exception <a 'java/lang/NoSuchMethodError': java.lang.Object.lambda$byAnnotation$0(Ljava/lang/Class;Ljava/lang/Class;)Z> (0x00000000df8111a8) thrown at [C:\cygwin64\tmp\ojdkbuild\lookaside\java-1.8.0-openjdk\hotspot\src\share\vm\interpreter\linkResolver.c
Event: 4.310 Thread 0x0000025170eb0000 Exception <a 'java/lang/ClassNotFoundException': java/lang/ObjectCustomizer> (0x00000000dfa26a80) thrown at [C:\cygwin64\tmp\ojdkbuild\lookaside\java-1.8.0-openjdk\hotspot\src\share\vm\classfile\systemDictionary.cpp, line 217]
Event: 4.310 Thread 0x0000025170eb0000 Exception <a 'java/lang/ClassNotFoundException': org/springframework/aop/framework/ProxyConfigCustomizer> (0x00000000dfa47330) thrown at [C:\cygwin64\tmp\ojdkbuild\lookaside\java-1.8.0-openjdk\hotspot\src\share\vm\classfile\systemDictionary.cpp, line 217]
Event: 4.311 Thread 0x0000025170eb0000 Exception <a 'java/lang/ClassNotFoundException': org/springframework/aop/framework/ProxyProcessorSupportCustomizer> (0x00000000dfa73e50) thrown at [C:\cygwin64\tmp\ojdkbuild\lookaside\java-1.8.0-openjdk\hotspot\src\share\vm\classfile\systemDictionary.cpp,
Event: 4.311 Thread 0x0000025170eb0000 Exception <a 'java/lang/ClassNotFoundException': org/springframework/aop/framework/autoproxy/AbstractAutoProxyCreatorCustomizer> (0x00000000dfa9e5e0) thrown at [C:\cygwin64\tmp\ojdkbuild\lookaside\java-1.8.0-openjdk\hotspot\src\share\vm\classfile\systemDi
Event: 4.312 Thread 0x0000025170eb0000 Exception <a 'java/lang/ClassNotFoundException': org/springframework/aop/framework/autoproxy/AbstractAdvisorAutoProxyCreatorCustomizer> (0x00000000dfada040) thrown at [C:\cygwin64\tmp\ojdkbuild\lookaside\java-1.8.0-openjdk\hotspot\src\share\vm\classfile\s
Event: 4.312 Thread 0x0000025170eb0000 Exception <a 'java/lang/ClassNotFoundException': org/springframework/aop/framework/autoproxy/InfrastructureAdvisorAutoProxyCreatorCustomizer> (0x00000000dfb08bc0) thrown at [C:\cygwin64\tmp\ojdkbuild\lookaside\java-1.8.0-openjdk\hotspot\src\share\vm\class
Event: 4.314 Thread 0x0000025170eb0000 Exception <a 'java/lang/ClassNotFoundException': org/springframework/beans/factory/config/SmartInstantiationAwareBeanPostProcessorCustomizer> (0x00000000dfb50358) thrown at [C:\cygwin64\tmp\ojdkbuild\lookaside\java-1.8.0-openjdk\hotspot\src\share\vm\class
Event: 4.314 Thread 0x0000025170eb0000 Exception <a 'java/lang/ClassNotFoundException': org/springframework/beans/factory/config/InstantiationAwareBeanPostProcessorCustomizer> (0x00000000dfb7b290) thrown at [C:\cygwin64\tmp\ojdkbuild\lookaside\java-1.8.0-openjdk\hotspot\src\share\vm\classfile\
Event: 4.314 Thread 0x0000025170eb0000 Exception <a 'java/lang/ClassNotFoundException': org/springframework/beans/factory/config/BeanPostProcessorCustomizer> (0x00000000dfba05d8) thrown at [C:\cygwin64\tmp\ojdkbuild\lookaside\java-1.8.0-openjdk\hotspot\src\share\vm\classfile\systemDictionary.c
Event: 4.315 Thread 0x0000025170eb0000 Exception <a 'java/lang/ClassNotFoundException': org/springframework/beans/factory/BeanFactoryAwareCustomizer> (0x00000000dfbc01e0) thrown at [C:\cygwin64\tmp\ojdkbuild\lookaside\java-1.8.0-openjdk\hotspot\src\share\vm\classfile\systemDictionary.cpp, line
Event: 4.315 Thread 0x0000025170eb0000 Exception <a 'java/lang/ClassNotFoundException': org/springframework/beans/factory/AwareCustomizer> (0x00000000dfbdbaa8) thrown at [C:\cygwin64\tmp\ojdkbuild\lookaside\java-1.8.0-openjdk\hotspot\src\share\vm\classfile\systemDictionary.cpp, line 217]
Event: 4.315 Thread 0x0000025170eb0000 Exception <a 'java/lang/ClassNotFoundException': org/springframework/core/OrderedCustomizer> (0x00000000dfbf2d40) thrown at [C:\cygwin64\tmp\ojdkbuild\lookaside\java-1.8.0-openjdk\hotspot\src\share\vm\classfile\systemDictionary.cpp, line 217]
Event: 4.315 Thread 0x0000025170eb0000 Exception <a 'java/lang/ClassNotFoundException': org/springframework/beans/factory/BeanClassLoaderAwareCustomizer> (0x00000000dfc13220) thrown at [C:\cygwin64\tmp\ojdkbuild\lookaside\java-1.8.0-openjdk\hotspot\src\share\vm\classfile\systemDictionary.cpp, 
Event: 4.316 Thread 0x0000025170eb0000 Exception <a 'java/lang/ClassNotFoundException': org/springframework/beans/factory/AwareCustomizer> (0x00000000dfc2e588) thrown at [C:\cygwin64\tmp\ojdkbuild\lookaside\java-1.8.0-openjdk\hotspot\src\share\vm\classfile\systemDictionary.cpp, line 217]
Event: 4.316 Thread 0x0000025170eb0000 Exception <a 'java/lang/ClassNotFoundException': org/springframework/aop/framework/AopInfrastructureBeanCustomizer> (0x00000000dfc4dd80) thrown at [C:\cygwin64\tmp\ojdkbuild\lookaside\java-1.8.0-openjdk\hotspot\src\share\vm\classfile\systemDictionary.cpp,
Event: 4.319 Thread 0x0000025170eb0000 Exception <a 'java/lang/ClassNotFoundException': java/lang/ObjectCustomizer> (0x00000000dfc8b4c0) thrown at [C:\cygwin64\tmp\ojdkbuild\lookaside\java-1.8.0-openjdk\hotspot\src\share\vm\classfile\systemDictionary.cpp, line 217]
Event: 4.319 Thread 0x0000025170eb0000 Exception <a 'java/lang/ClassNotFoundException': org/springframework/ws/config/annotation/WsConfigurationSupportCustomizer> (0x00000000dfcb12b0) thrown at [C:\cygwin64\tmp\ojdkbuild\lookaside\java-1.8.0-openjdk\hotspot\src\share\vm\classfile\systemDiction
Event: 4.320 Thread 0x0000025170eb0000 Exception <a 'java/lang/ClassNotFoundException': org/springframework/ws/config/annotation/DelegatingWsConfigurationCustomizer> (0x00000000dfcd9ab0) thrown at [C:\cygwin64\tmp\ojdkbuild\lookaside\java-1.8.0-openjdk\hotspot\src\share\vm\classfile\systemDict
Event: 4.320 Thread 0x0000025170eb0000 Exception <a 'java/lang/ClassNotFoundException': org/springframework/ws/config/annotation/DelegatingWsConfiguration$$EnhancerBySpringCGLIB$$e91308a9Customizer> (0x00000000dfd0c650) thrown at [C:\cygwin64\tmp\ojdkbuild\lookaside\java-1.8.0-openjdk\hotspot\
Event: 4.321 Thread 0x0000025170eb0000 Exception <a 'java/lang/ClassNotFoundException': org/springframework/context/annotation/ConfigurationClassEnhancer$EnhancedConfigurationCustomizer> (0x00000000dfd4ab70) thrown at [C:\cygwin64\tmp\ojdkbuild\lookaside\java-1.8.0-openjdk\hotspot\src\share\vm
Event: 4.321 Thread 0x0000025170eb0000 Exception <a 'java/lang/ClassNotFoundException': org/springframework/beans/factory/BeanFactoryAwareCustomizer> (0x00000000dfd68fa0) thrown at [C:\cygwin64\tmp\ojdkbuild\lookaside\java-1.8.0-openjdk\hotspot\src\share\vm\classfile\systemDictionary.cpp, line
Event: 4.321 Thread 0x0000025170eb0000 Exception <a 'java/lang/ClassNotFoundException': org/springframework/beans/factory/AwareCustomizer> (0x00000000dfd84740) thrown at [C:\cygwin64\tmp\ojdkbuild\lookaside\java-1.8.0-openjdk\hotspot\src\share\vm\classfile\systemDictionary.cpp, line 217]
Event: 4.321 Thread 0x0000025170eb0000 Implicit null exception at 0x00000251003e750c to 0x00000251003e7581
Event: 4.365 Thread 0x0000025170eb0000 Exception <a 'java/lang/ClassNotFoundException': java/lang/ObjectCustomizer> (0x00000000e0293148) thrown at [C:\cygwin64\tmp\ojdkbuild\lookaside\java-1.8.0-openjdk\hotspot\src\share\vm\classfile\systemDictionary.cpp, line 217]
Event: 4.366 Thread 0x0000025170eb0000 Exception <a 'java/lang/ClassNotFoundException': org/apache/camel/spring/CamelBeanPostProcessorCustomizer> (0x00000000e02bb168) thrown at [C:\cygwin64\tmp\ojdkbuild\lookaside\java-1.8.0-openjdk\hotspot\src\share\vm\classfile\systemDictionary.cpp, line 217
Event: 4.366 Thread 0x0000025170eb0000 Exception <a 'java/lang/ClassNotFoundException': org/springframework/beans/factory/config/BeanPostProcessorCustomizer> (0x00000000e02ea908) thrown at [C:\cygwin64\tmp\ojdkbuild\lookaside\java-1.8.0-openjdk\hotspot\src\share\vm\classfile\systemDictionary.c
Event: 4.367 Thread 0x0000025170eb0000 Exception <a 'java/lang/ClassNotFoundException': org/springframework/context/ApplicationContextAwareCustomizer> (0x00000000e030a780) thrown at [C:\cygwin64\tmp\ojdkbuild\lookaside\java-1.8.0-openjdk\hotspot\src\share\vm\classfile\systemDictionary.cpp, lin
Event: 4.367 Thread 0x0000025170eb0000 Exception <a 'java/lang/ClassNotFoundException': org/springframework/beans/factory/AwareCustomizer> (0x00000000e0326020) thrown at [C:\cygwin64\tmp\ojdkbuild\lookaside\java-1.8.0-openjdk\hotspot\src\share\vm\classfile\systemDictionary.cpp, line 217]
Event: 4.369 Thread 0x0000025170eb0000 Exception <a 'java/lang/ClassNotFoundException': java/lang/ObjectCustomizer> (0x00000000e0345350) thrown at [C:\cygwin64\tmp\ojdkbuild\lookaside\java-1.8.0-openjdk\hotspot\src\share\vm\classfile\systemDictionary.cpp, line 217]
Event: 4.370 Thread 0x0000025170eb0000 Exception <a 'java/lang/ClassNotFoundException': org/springframework/transaction/annotation/AbstractTransactionManagementConfigurationCustomizer> (0x00000000e03736d0) thrown at [C:\cygwin64\tmp\ojdkbuild\lookaside\java-1.8.0-openjdk\hotspot\src\share\vm\c
Event: 4.370 Thread 0x0000025170eb0000 Exception <a 'java/lang/ClassNotFoundException': org/springframework/transaction/annotation/ProxyTransactionManagementConfigurationCustomizer> (0x00000000e039fe88) thrown at [C:\cygwin64\tmp\ojdkbuild\lookaside\java-1.8.0-openjdk\hotspot\src\share\vm\clas
Event: 4.371 Thread 0x0000025170eb0000 Exception <a 'java/lang/ClassNotFoundException': org/springframework/context/annotation/ImportAwareCustomizer> (0x00000000e03c7060) thrown at [C:\cygwin64\tmp\ojdkbuild\lookaside\java-1.8.0-openjdk\hotspot\src\share\vm\classfile\systemDictionary.cpp, line
Event: 4.371 Thread 0x0000025170eb0000 Exception <a 'java/lang/ClassNotFoundException': org/springframework/beans/factory/AwareCustomizer> (0x00000000e03e2d70) thrown at [C:\cygwin64\tmp\ojdkbuild\lookaside\java-1.8.0-openjdk\hotspot\src\share\vm\classfile\systemDictionary.cpp, line 217]
Event: 4.485 Thread 0x0000025170eb0000 Exception <a 'java/lang/IncompatibleClassChangeError': Found class java.lang.Object, but interface was expected> (0x00000000e0fb7138) thrown at [C:\cygwin64\tmp\ojdkbuild\lookaside\java-1.8.0-openjdk\hotspot\src\share\vm\interpreter\linkResolver.cpp, line
Event: 4.587 Thread 0x0000025170eb0000 Implicit null exception at 0x000002510061b388 to 0x000002510061b9f9
Event: 4.842 Thread 0x0000025170eb0000 Exception <a 'java/io/FileNotFoundException'> (0x00000000d71e0e28) thrown at [C:\cygwin64\tmp\ojdkbuild\lookaside\java-1.8.0-openjdk\hotspot\src\share\vm\prims\jni.cpp, line 713]
Event: 4.924 Thread 0x0000025170eb0000 Exception <a 'java/io/FileNotFoundException'> (0x00000000d7a01470) thrown at [C:\cygwin64\tmp\ojdkbuild\lookaside\java-1.8.0-openjdk\hotspot\src\share\vm\prims\jni.cpp, line 713]
Event: 4.950 Thread 0x0000025170eb0000 Exception <a 'java/lang/ClassNotFoundException': java/lang/ObjectCustomizer> (0x00000000d7c723f0) thrown at [C:\cygwin64\tmp\ojdkbuild\lookaside\java-1.8.0-openjdk\hotspot\src\share\vm\classfile\systemDictionary.cpp, line 217]
Event: 4.950 Thread 0x0000025170eb0000 Exception <a 'java/lang/ClassNotFoundException': com/zaxxer/hikari/HikariConfigCustomizer> (0x00000000d7c8d750) thrown at [C:\cygwin64\tmp\ojdkbuild\lookaside\java-1.8.0-openjdk\hotspot\src\share\vm\classfile\systemDictionary.cpp, line 217]
Event: 4.952 Thread 0x0000025170eb0000 Exception <a 'java/lang/ClassNotFoundException': com/zaxxer/hikari/HikariDataSourceCustomizer> (0x00000000d7cef000) thrown at [C:\cygwin64\tmp\ojdkbuild\lookaside\java-1.8.0-openjdk\hotspot\src\share\vm\classfile\systemDictionary.cpp, line 217]
Event: 4.956 Thread 0x0000025170eb0000 Exception <a 'java/lang/ClassNotFoundException': javax/sql/DataSourceCustomizer> (0x00000000d836bf10) thrown at [C:\cygwin64\tmp\ojdkbuild\lookaside\java-1.8.0-openjdk\hotspot\src\share\vm\classfile\systemDictionary.cpp, line 217]
Event: 4.957 Thread 0x0000025170eb0000 Exception <a 'java/lang/ClassNotFoundException': javax/sql/CommonDataSourceCustomizer> (0x00000000d837b2e8) thrown at [C:\cygwin64\tmp\ojdkbuild\lookaside\java-1.8.0-openjdk\hotspot\src\share\vm\classfile\systemDictionary.cpp, line 217]
Event: 4.957 Thread 0x0000025170eb0000 Exception <a 'java/lang/ClassNotFoundException': java/sql/WrapperCustomizer> (0x00000000d838a458) thrown at [C:\cygwin64\tmp\ojdkbuild\lookaside\java-1.8.0-openjdk\hotspot\src\share\vm\classfile\systemDictionary.cpp, line 217]
Event: 4.957 Thread 0x0000025170eb0000 Exception <a 'java/lang/ClassNotFoundException': com/zaxxer/hikari/HikariConfigMXBeanCustomizer> (0x00000000d83a5680) thrown at [C:\cygwin64\tmp\ojdkbuild\lookaside\java-1.8.0-openjdk\hotspot\src\share\vm\classfile\systemDictionary.cpp, line 217]
Event: 5.170 Thread 0x0000025170eb0000 Exception <a 'java/lang/NoClassDefFoundError': oracle/security/pki/OraclePKIProvider> (0x00000000d57d40e0) thrown at [C:\cygwin64\tmp\ojdkbuild\lookaside\java-1.8.0-openjdk\hotspot\src\share\vm\classfile\systemDictionary.cpp, line 206]
Event: 5.717 Thread 0x0000025170eb0000 Exception <a 'java/lang/ClassNotFoundException': java/lang/ObjectCustomizer> (0x00000000dc1ae8e8) thrown at [C:\cygwin64\tmp\ojdkbuild\lookaside\java-1.8.0-openjdk\hotspot\src\share\vm\classfile\systemDictionary.cpp, line 217]
Event: 5.717 Thread 0x0000025170eb0000 Exception <a 'java/lang/ClassNotFoundException': org/apache/camel/model/IdentifiedTypeCustomizer> (0x00000000dc1e2598) thrown at [C:\cygwin64\tmp\ojdkbuild\lookaside\java-1.8.0-openjdk\hotspot\src\share\vm\classfile\systemDictionary.cpp, line 217]
Event: 5.718 Thread 0x0000025170eb0000 Exception <a 'java/lang/ClassNotFoundException': org/apache/camel/spring/CamelRouteContextFactoryBeanCustomizer> (0x00000000dc20bae8) thrown at [C:\cygwin64\tmp\ojdkbuild\lookaside\java-1.8.0-openjdk\hotspot\src\share\vm\classfile\systemDictionary.cpp, li
Event: 5.719 Thread 0x0000025170eb0000 Exception <a 'java/lang/ClassNotFoundException': org/springframework/beans/factory/FactoryBeanCustomizer> (0x00000000dc23dfb8) thrown at [C:\cygwin64\tmp\ojdkbuild\lookaside\java-1.8.0-openjdk\hotspot\src\share\vm\classfile\systemDictionary.cpp, line 217]
Event: 5.723 Thread 0x0000025170eb0000 Exception <a 'java/lang/ClassNotFoundException': java/lang/ObjectCustomizer> (0x00000000dc2a64c0) thrown at [C:\cygwin64\tmp\ojdkbuild\lookaside\java-1.8.0-openjdk\hotspot\src\share\vm\classfile\systemDictionary.cpp, line 217]
Event: 5.724 Thread 0x0000025170eb0000 Exception <a 'java/lang/ClassNotFoundException': org/apache/camel/model/IdentifiedTypeCustomizer> (0x00000000dc2d9708) thrown at [C:\cygwin64\tmp\ojdkbuild\lookaside\java-1.8.0-openjdk\hotspot\src\share\vm\classfile\systemDictionary.cpp, line 217]
Event: 5.724 Thread 0x0000025170eb0000 Exception <a 'java/lang/ClassNotFoundException': org/apache/camel/core/xml/AbstractCamelContextFactoryBeanCustomizer> (0x00000000dc304df8) thrown at [C:\cygwin64\tmp\ojdkbuild\lookaside\java-1.8.0-openjdk\hotspot\src\share\vm\classfile\systemDictionary.cp
Event: 5.725 Thread 0x0000025170eb0000 Exception <a 'java/lang/ClassNotFoundException': org/apache/camel/spring/CamelContextFactoryBeanCustomizer> (0x00000000dc380d20) thrown at [C:\cygwin64\tmp\ojdkbuild\lookaside\java-1.8.0-openjdk\hotspot\src\share\vm\classfile\systemDictionary.cpp, line 21
Event: 5.732 Thread 0x0000025170eb0000 Exception <a 'java/lang/ClassNotFoundException': org/springframework/beans/factory/FactoryBeanCustomizer> (0x00000000dc537820) thrown at [C:\cygwin64\tmp\ojdkbuild\lookaside\java-1.8.0-openjdk\hotspot\src\share\vm\classfile\systemDictionary.cpp, line 217]
Event: 5.733 Thread 0x0000025170eb0000 Exception <a 'java/lang/ClassNotFoundException': org/springframework/beans/factory/InitializingBeanCustomizer> (0x00000000dc558ee0) thrown at [C:\cygwin64\tmp\ojdkbuild\lookaside\java-1.8.0-openjdk\hotspot\src\share\vm\classfile\systemDictionary.cpp, line
Event: 5.733 Thread 0x0000025170eb0000 Exception <a 'java/lang/ClassNotFoundException': org/springframework/beans/factory/DisposableBeanCustomizer> (0x00000000dc5765e8) thrown at [C:\cygwin64\tmp\ojdkbuild\lookaside\java-1.8.0-openjdk\hotspot\src\share\vm\classfile\systemDictionary.cpp, line 2
Event: 5.733 Thread 0x0000025170eb0000 Exception <a 'java/lang/ClassNotFoundException': org/springframework/context/ApplicationContextAwareCustomizer> (0x00000000dc5955f8) thrown at [C:\cygwin64\tmp\ojdkbuild\lookaside\java-1.8.0-openjdk\hotspot\src\share\vm\classfile\systemDictionary.cpp, lin
Event: 5.734 Thread 0x0000025170eb0000 Exception <a 'java/lang/ClassNotFoundException': org/springframework/beans/factory/AwareCustomizer> (0x00000000dc5b0ef8) thrown at [C:\cygwin64\tmp\ojdkbuild\lookaside\java-1.8.0-openjdk\hotspot\src\share\vm\classfile\systemDictionary.cpp, line 217]
Event: 5.734 Thread 0x0000025170eb0000 Exception <a 'java/lang/ClassNotFoundException': org/springframework/context/LifecycleCustomizer> (0x00000000dc5ca7e8) thrown at [C:\cygwin64\tmp\ojdkbuild\lookaside\java-1.8.0-openjdk\hotspot\src\share\vm\classfile\systemDictionary.cpp, line 217]
Event: 5.734 Thread 0x0000025170eb0000 Exception <a 'java/lang/ClassNotFoundException': org/springframework/context/PhasedCustomizer> (0x00000000dc5e4b38) thrown at [C:\cygwin64\tmp\ojdkbuild\lookaside\java-1.8.0-openjdk\hotspot\src\share\vm\classfile\systemDictionary.cpp, line 217]
Event: 5.734 Thread 0x0000025170eb0000 Exception <a 'java/lang/ClassNotFoundException': org/springframework/context/ApplicationListenerCustomizer> (0x00000000dc6023c0) thrown at [C:\cygwin64\tmp\ojdkbuild\lookaside\java-1.8.0-openjdk\hotspot\src\share\vm\classfile\systemDictionary.cpp, line 21
Event: 5.735 Thread 0x0000025170eb0000 Exception <a 'java/lang/ClassNotFoundException': java/util/EventListenerCustomizer> (0x00000000dc6104c0) thrown at [C:\cygwin64\tmp\ojdkbuild\lookaside\java-1.8.0-openjdk\hotspot\src\share\vm\classfile\systemDictionary.cpp, line 217]
Event: 5.735 Thread 0x0000025170eb0000 Exception <a 'java/lang/ClassNotFoundException': org/springframework/core/OrderedCustomizer> (0x00000000dc627660) thrown at [C:\cygwin64\tmp\ojdkbuild\lookaside\java-1.8.0-openjdk\hotspot\src\share\vm\classfile\systemDictionary.cpp, line 217]
Event: 5.735 Thread 0x0000025170eb0000 Exception <a 'java/lang/ClassNotFoundException': org/apache/camel/model/RouteContainerCustomizer> (0x00000000dc657dc8) thrown at [C:\cygwin64\tmp\ojdkbuild\lookaside\java-1.8.0-openjdk\hotspot\src\share\vm\classfile\systemDictionary.cpp, line 217]
Event: 5.736 Thread 0x0000025170eb0000 Exception <a 'java/lang/ClassNotFoundException': org/apache/camel/model/rest/RestContainerCustomizer> (0x00000000dc68f4f8) thrown at [C:\cygwin64\tmp\ojdkbuild\lookaside\java-1.8.0-openjdk\hotspot\src\share\vm\classfile\systemDictionary.cpp, line 217]
Event: 5.953 Thread 0x0000025170eb0000 Exception <a 'java/lang/NoSuchMethodError': java.lang.Object.lambda$negate$1(Ljava/lang/Object;)Z> (0x00000000de187718) thrown at [C:\cygwin64\tmp\ojdkbuild\lookaside\java-1.8.0-openjdk\hotspot\src\share\vm\interpreter\linkResolver.cpp, line 620]
Event: 5.984 Thread 0x0000025170eb0000 Exception <a 'java/lang/ClassNotFoundException': java/lang/ObjectCustomizer> (0x00000000de7f1700) thrown at [C:\cygwin64\tmp\ojdkbuild\lookaside\java-1.8.0-openjdk\hotspot\src\share\vm\classfile\systemDictionary.cpp, line 217]
Event: 5.985 Thread 0x0000025170eb0000 Exception <a 'java/lang/ClassNotFoundException': ai/pelican/camel/authentication/AuthenticationConfigurationManagerCustomizer> (0x00000000de818798) thrown at [C:\cygwin64\tmp\ojdkbuild\lookaside\java-1.8.0-openjdk\hotspot\src\share\vm\classfile\systemDict
Event: 6.506 Thread 0x0000025170eb0000 Exception <a 'java/lang/ClassNotFoundException': java/lang/ObjectCustomizer> (0x00000000e1b5f690) thrown at [C:\cygwin64\tmp\ojdkbuild\lookaside\java-1.8.0-openjdk\hotspot\src\share\vm\classfile\systemDictionary.cpp, line 217]
Event: 6.506 Thread 0x0000025170eb0000 Exception <a 'java/lang/ClassNotFoundException': ai/pelican/camel/js/engine/JSEngineGraalCustomizer> (0x00000000e1b7ce68) thrown at [C:\cygwin64\tmp\ojdkbuild\lookaside\java-1.8.0-openjdk\hotspot\src\share\vm\classfile\systemDictionary.cpp, line 217]
Event: 6.507 Thread 0x0000025170eb0000 Exception <a 'java/lang/ClassNotFoundException': ai/pelican/camel/js/engine/JSEngineInterfaceCustomizer> (0x00000000e1ba4620) thrown at [C:\cygwin64\tmp\ojdkbuild\lookaside\java-1.8.0-openjdk\hotspot\src\share\vm\classfile\systemDictionary.cpp, line 217]
Event: 6.904 Thread 0x0000025170eb0000 Exception <a 'sun/nio/fs/WindowsException'> (0x00000000e3e4aa50) thrown at [C:\cygwin64\tmp\ojdkbuild\lookaside\java-1.8.0-openjdk\hotspot\src\share\vm\prims\jni.cpp, line 713]
Event: 6.904 Thread 0x0000025170eb0000 Exception <a 'sun/nio/fs/WindowsException'> (0x00000000e3e4b620) thrown at [C:\cygwin64\tmp\ojdkbuild\lookaside\java-1.8.0-openjdk\hotspot\src\share\vm\prims\jni.cpp, line 713]
Event: 6.904 Thread 0x0000025170eb0000 Exception <a 'sun/nio/fs/WindowsException'> (0x00000000e3e4bd98) thrown at [C:\cygwin64\tmp\ojdkbuild\lookaside\java-1.8.0-openjdk\hotspot\src\share\vm\prims\jni.cpp, line 713]
Event: 7.039 Thread 0x0000025170eb0000 Implicit null exception at 0x00000251012680af to 0x00000251012681ad
Event: 7.150 Thread 0x0000025170eb0000 Exception <a 'java/lang/ClassNotFoundException': sun/net/www/protocol/e/Handler> (0x00000000e5093968) thrown at [C:\cygwin64\tmp\ojdkbuild\lookaside\java-1.8.0-openjdk\hotspot\src\share\vm\classfile\systemDictionary.cpp, line 217]
Event: 7.215 Thread 0x0000025170eb0000 Exception <a 'java/lang/NoSuchMethodError': java.lang.Object.lambda$static$0(Lcom/oracle/truffle/regex/RegexSource;Lcom/oracle/truffle/regex/tregex/parser/RegexFeatures;)Ljava/util/Optional;> (0x00000000e57345b0) thrown at [C:\cygwin64\tmp\ojdkbuild\looka
Event: 7.481 Thread 0x0000025170eb0000 Exception <a 'java/lang/ClassNotFoundException': sun/net/www/protocol/e/Handler> (0x00000000e6dff250) thrown at [C:\cygwin64\tmp\ojdkbuild\lookaside\java-1.8.0-openjdk\hotspot\src\share\vm\classfile\systemDictionary.cpp, line 217]
Event: 7.521 Thread 0x0000025170eb0000 Exception <a 'java/lang/ClassNotFoundException': sun/net/www/protocol/e/Handler> (0x00000000d55c5718) thrown at [C:\cygwin64\tmp\ojdkbuild\lookaside\java-1.8.0-openjdk\hotspot\src\share\vm\classfile\systemDictionary.cpp, line 217]
Event: 7.541 Thread 0x0000025170eb0000 Exception <a 'java/lang/NoSuchMethodError': java.lang.Object.lambda$applyCompound$0(Ljava/util/function/Supplier;)Lcom/oracle/truffle/js/nodes/JavaScriptNode;> (0x00000000d575c960) thrown at [C:\cygwin64\tmp\ojdkbuild\lookaside\java-1.8.0-openjdk\hotspot\
Event: 7.541 Thread 0x0000025170eb0000 Exception <a 'java/lang/NoSuchMethodError': java.lang.Object.lambda$applyCompound$1(Ljava/util/function/UnaryOperator;Lcom/oracle/truffle/js/nodes/JavaScriptNode;)Lcom/oracle/truffle/js/nodes/JavaScriptNode;> (0x00000000d5762150) thrown at [C:\cygwin64\tm
Event: 7.588 Thread 0x0000025170eb0000 Exception <a 'java/lang/ClassNotFoundException': sun/net/www/protocol/e/Handler> (0x00000000d5d4a210) thrown at [C:\cygwin64\tmp\ojdkbuild\lookaside\java-1.8.0-openjdk\hotspot\src\share\vm\classfile\systemDictionary.cpp, line 217]
Event: 7.592 Thread 0x0000025170eb0000 Exception <a 'java/lang/ClassNotFoundException': sun/net/www/protocol/e/Handler> (0x00000000d5d9bba0) thrown at [C:\cygwin64\tmp\ojdkbuild\lookaside\java-1.8.0-openjdk\hotspot\src\share\vm\classfile\systemDictionary.cpp, line 217]
Event: 7.594 Thread 0x0000025170eb0000 Exception <a 'java/lang/ClassNotFoundException': sun/net/www/protocol/e/Handler> (0x00000000d5dc2da8) thrown at [C:\cygwin64\tmp\ojdkbuild\lookaside\java-1.8.0-openjdk\hotspot\src\share\vm\classfile\systemDictionary.cpp, line 217]
Event: 7.596 Thread 0x0000025170eb0000 Exception <a 'java/lang/ClassNotFoundException': sun/net/www/protocol/e/Handler> (0x00000000d5de1260) thrown at [C:\cygwin64\tmp\ojdkbuild\lookaside\java-1.8.0-openjdk\hotspot\src\share\vm\classfile\systemDictionary.cpp, line 217]
Event: 7.688 Thread 0x0000025170eb0000 Exception <a 'java/lang/ClassNotFoundException': sun/net/www/protocol/e/Handler> (0x00000000d6bfa700) thrown at [C:\cygwin64\tmp\ojdkbuild\lookaside\java-1.8.0-openjdk\hotspot\src\share\vm\classfile\systemDictionary.cpp, line 217]
Event: 7.692 Thread 0x0000025170eb0000 Exception <a 'java/lang/ClassNotFoundException': sun/net/www/protocol/e/Handler> (0x00000000d6c0b8e8) thrown at [C:\cygwin64\tmp\ojdkbuild\lookaside\java-1.8.0-openjdk\hotspot\src\share\vm\classfile\systemDictionary.cpp, line 217]
Event: 7.693 Thread 0x0000025170eb0000 Exception <a 'java/lang/ClassNotFoundException': sun/net/www/protocol/e/Handler> (0x00000000d6c1cd08) thrown at [C:\cygwin64\tmp\ojdkbuild\lookaside\java-1.8.0-openjdk\hotspot\src\share\vm\classfile\systemDictionary.cpp, line 217]
Event: 7.696 Thread 0x0000025170eb0000 Exception <a 'java/lang/ClassNotFoundException': sun/net/www/protocol/e/Handler> (0x00000000d7049f68) thrown at [C:\cygwin64\tmp\ojdkbuild\lookaside\java-1.8.0-openjdk\hotspot\src\share\vm\classfile\systemDictionary.cpp, line 217]
Event: 7.697 Thread 0x0000025170eb0000 Exception <a 'java/lang/ClassNotFoundException': sun/net/www/protocol/e/Handler> (0x00000000d705f398) thrown at [C:\cygwin64\tmp\ojdkbuild\lookaside\java-1.8.0-openjdk\hotspot\src\share\vm\classfile\systemDictionary.cpp, line 217]
Event: 7.697 Thread 0x0000025170eb0000 Exception <a 'java/lang/ClassNotFoundException': sun/net/www/protocol/e/Handler> (0x00000000d706ef78) thrown at [C:\cygwin64\tmp\ojdkbuild\lookaside\java-1.8.0-openjdk\hotspot\src\share\vm\classfile\systemDictionary.cpp, line 217]
Event: 7.698 Thread 0x0000025170eb0000 Exception <a 'java/lang/ClassNotFoundException': sun/net/www/protocol/e/Handler> (0x00000000d707e238) thrown at [C:\cygwin64\tmp\ojdkbuild\lookaside\java-1.8.0-openjdk\hotspot\src\share\vm\classfile\systemDictionary.cpp, line 217]
Event: 7.704 Thread 0x0000025170eb0000 Exception <a 'java/lang/ClassNotFoundException': sun/net/www/protocol/e/Handler> (0x00000000d7191c08) thrown at [C:\cygwin64\tmp\ojdkbuild\lookaside\java-1.8.0-openjdk\hotspot\src\share\vm\classfile\systemDictionary.cpp, line 217]
Event: 7.707 Thread 0x0000025170eb0000 Exception <a 'java/lang/ClassNotFoundException': sun/net/www/protocol/e/Handler> (0x00000000d739b9e0) thrown at [C:\cygwin64\tmp\ojdkbuild\lookaside\java-1.8.0-openjdk\hotspot\src\share\vm\classfile\systemDictionary.cpp, line 217]
Event: 7.708 Thread 0x0000025170eb0000 Exception <a 'java/lang/ClassNotFoundException': sun/net/www/protocol/e/Handler> (0x00000000d73ace00) thrown at [C:\cygwin64\tmp\ojdkbuild\lookaside\java-1.8.0-openjdk\hotspot\src\share\vm\classfile\systemDictionary.cpp, line 217]
Event: 7.710 Thread 0x0000025170eb0000 Exception <a 'java/lang/ClassNotFoundException': sun/net/www/protocol/e/Handler> (0x00000000d73febd8) thrown at [C:\cygwin64\tmp\ojdkbuild\lookaside\java-1.8.0-openjdk\hotspot\src\share\vm\classfile\systemDictionary.cpp, line 217]
Event: 7.711 Thread 0x0000025170eb0000 Exception <a 'java/lang/ClassNotFoundException': sun/net/www/protocol/e/Handler> (0x00000000d7414008) thrown at [C:\cygwin64\tmp\ojdkbuild\lookaside\java-1.8.0-openjdk\hotspot\src\share\vm\classfile\systemDictionary.cpp, line 217]
Event: 7.712 Thread 0x0000025170eb0000 Exception <a 'java/lang/ClassNotFoundException': sun/net/www/protocol/e/Handler> (0x00000000d7423be8) thrown at [C:\cygwin64\tmp\ojdkbuild\lookaside\java-1.8.0-openjdk\hotspot\src\share\vm\classfile\systemDictionary.cpp, line 217]
Event: 7.713 Thread 0x0000025170eb0000 Exception <a 'java/lang/ClassNotFoundException': sun/net/www/protocol/e/Handler> (0x00000000d7432ea8) thrown at [C:\cygwin64\tmp\ojdkbuild\lookaside\java-1.8.0-openjdk\hotspot\src\share\vm\classfile\systemDictionary.cpp, line 217]
Event: 7.718 Thread 0x0000025170eb0000 Exception <a 'java/lang/ClassNotFoundException': sun/net/www/protocol/e/Handler> (0x00000000d7696fd8) thrown at [C:\cygwin64\tmp\ojdkbuild\lookaside\java-1.8.0-openjdk\hotspot\src\share\vm\classfile\systemDictionary.cpp, line 217]
Event: 7.721 Thread 0x0000025170eb0000 Exception <a 'java/lang/ClassNotFoundException': sun/net/www/protocol/e/Handler> (0x00000000d79f15b0) thrown at [C:\cygwin64\tmp\ojdkbuild\lookaside\java-1.8.0-openjdk\hotspot\src\share\vm\classfile\systemDictionary.cpp, line 217]
Event: 7.722 Thread 0x0000025170eb0000 Exception <a 'java/lang/ClassNotFoundException': sun/net/www/protocol/e/Handler> (0x00000000d7a029d0) thrown at [C:\cygwin64\tmp\ojdkbuild\lookaside\java-1.8.0-openjdk\hotspot\src\share\vm\classfile\systemDictionary.cpp, line 217]
Event: 7.724 Thread 0x0000025170eb0000 Exception <a 'java/lang/ClassNotFoundException': sun/net/www/protocol/e/Handler> (0x00000000d7a547a8) thrown at [C:\cygwin64\tmp\ojdkbuild\lookaside\java-1.8.0-openjdk\hotspot\src\share\vm\classfile\systemDictionary.cpp, line 217]
Event: 7.725 Thread 0x0000025170eb0000 Exception <a 'java/lang/ClassNotFoundException': sun/net/www/protocol/e/Handler> (0x00000000d7a69bd8) thrown at [C:\cygwin64\tmp\ojdkbuild\lookaside\java-1.8.0-openjdk\hotspot\src\share\vm\classfile\systemDictionary.cpp, line 217]
Event: 7.725 Thread 0x0000025170eb0000 Exception <a 'java/lang/ClassNotFoundException': sun/net/www/protocol/e/Handler> (0x00000000d7a797b8) thrown at [C:\cygwin64\tmp\ojdkbuild\lookaside\java-1.8.0-openjdk\hotspot\src\share\vm\classfile\systemDictionary.cpp, line 217]
Event: 7.726 Thread 0x0000025170eb0000 Exception <a 'java/lang/ClassNotFoundException': sun/net/www/protocol/e/Handler> (0x00000000d7a88a78) thrown at [C:\cygwin64\tmp\ojdkbuild\lookaside\java-1.8.0-openjdk\hotspot\src\share\vm\classfile\systemDictionary.cpp, line 217]
Event: 7.730 Thread 0x0000025170eb0000 Exception <a 'java/lang/ClassNotFoundException': sun/net/www/protocol/e/Handler> (0x00000000d7b9d220) thrown at [C:\cygwin64\tmp\ojdkbuild\lookaside\java-1.8.0-openjdk\hotspot\src\share\vm\classfile\systemDictionary.cpp, line 217]
Event: 7.734 Thread 0x0000025170eb0000 Exception <a 'java/lang/ClassNotFoundException': sun/net/www/protocol/e/Handler> (0x00000000d7ef7798) thrown at [C:\cygwin64\tmp\ojdkbuild\lookaside\java-1.8.0-openjdk\hotspot\src\share\vm\classfile\systemDictionary.cpp, line 217]
Event: 7.735 Thread 0x0000025170eb0000 Exception <a 'java/lang/ClassNotFoundException': sun/net/www/protocol/e/Handler> (0x00000000d7f08bb8) thrown at [C:\cygwin64\tmp\ojdkbuild\lookaside\java-1.8.0-openjdk\hotspot\src\share\vm\classfile\systemDictionary.cpp, line 217]
Event: 7.736 Thread 0x0000025170eb0000 Exception <a 'java/lang/ClassNotFoundException': sun/net/www/protocol/e/Handler> (0x00000000d7f5a990) thrown at [C:\cygwin64\tmp\ojdkbuild\lookaside\java-1.8.0-openjdk\hotspot\src\share\vm\classfile\systemDictionary.cpp, line 217]
Event: 7.737 Thread 0x0000025170eb0000 Exception <a 'java/lang/ClassNotFoundException': sun/net/www/protocol/e/Handler> (0x00000000d7f6fdc0) thrown at [C:\cygwin64\tmp\ojdkbuild\lookaside\java-1.8.0-openjdk\hotspot\src\share\vm\classfile\systemDictionary.cpp, line 217]
Event: 7.738 Thread 0x0000025170eb0000 Exception <a 'java/lang/ClassNotFoundException': sun/net/www/protocol/e/Handler> (0x00000000d7f7f9a0) thrown at [C:\cygwin64\tmp\ojdkbuild\lookaside\java-1.8.0-openjdk\hotspot\src\share\vm\classfile\systemDictionary.cpp, line 217]
Event: 7.738 Thread 0x0000025170eb0000 Exception <a 'java/lang/ClassNotFoundException': sun/net/www/protocol/e/Handler> (0x00000000d7f8ec60) thrown at [C:\cygwin64\tmp\ojdkbuild\lookaside\java-1.8.0-openjdk\hotspot\src\share\vm\classfile\systemDictionary.cpp, line 217]
Event: 7.748 Thread 0x0000025170eb0000 Exception <a 'java/lang/ClassNotFoundException': java/lang/ObjectCustomizer> (0x00000000d81066e0) thrown at [C:\cygwin64\tmp\ojdkbuild\lookaside\java-1.8.0-openjdk\hotspot\src\share\vm\classfile\systemDictionary.cpp, line 217]
Event: 7.748 Thread 0x0000025170eb0000 Exception <a 'java/lang/ClassNotFoundException': ai/pelican/camel/debulk/InMemoryPainGeneratorFilterCustomizer> (0x00000000d8128f10) thrown at [C:\cygwin64\tmp\ojdkbuild\lookaside\java-1.8.0-openjdk\hotspot\src\share\vm\classfile\systemDictionary.cpp, lin
Event: 7.822 Thread 0x0000025170eb0000 Exception <a 'java/lang/ClassNotFoundException': java/lang/ObjectCustomizer> (0x00000000d873ebe0) thrown at [C:\cygwin64\tmp\ojdkbuild\lookaside\java-1.8.0-openjdk\hotspot\src\share\vm\classfile\systemDictionary.cpp, line 217]
Event: 7.822 Thread 0x0000025170eb0000 Exception <a 'java/lang/ClassNotFoundException': ai/pelican/camel/js/processor/JavascriptProcessorCustomizer> (0x00000000d8760570) thrown at [C:\cygwin64\tmp\ojdkbuild\lookaside\java-1.8.0-openjdk\hotspot\src\share\vm\classfile\systemDictionary.cpp, line 
Event: 7.824 Thread 0x0000025170eb0000 Exception <a 'java/lang/ClassNotFoundException': java/lang/ObjectCustomizer> (0x00000000d878fec8) thrown at [C:\cygwin64\tmp\ojdkbuild\lookaside\java-1.8.0-openjdk\hotspot\src\share\vm\classfile\systemDictionary.cpp, line 217]
Event: 7.824 Thread 0x0000025170eb0000 Exception <a 'java/lang/ClassNotFoundException': ai/pelican/camel/js/processor/JSAggregateCustomizer> (0x00000000d87aed08) thrown at [C:\cygwin64\tmp\ojdkbuild\lookaside\java-1.8.0-openjdk\hotspot\src\share\vm\classfile\systemDictionary.cpp, line 217]
Event: 7.825 Thread 0x0000025170eb0000 Exception <a 'java/lang/ClassNotFoundException': org/apache/camel/processor/aggregate/AggregationStrategyCustomizer> (0x00000000d87e2ad8) thrown at [C:\cygwin64\tmp\ojdkbuild\lookaside\java-1.8.0-openjdk\hotspot\src\share\vm\classfile\systemDictionary.cpp
Event: 7.829 Thread 0x0000025170eb0000 Exception <a 'java/lang/ClassNotFoundException': ai/pelican/camel/init/TableInformationXMLBeanInfo> (0x00000000d8833f68) thrown at [C:\cygwin64\tmp\ojdkbuild\lookaside\java-1.8.0-openjdk\hotspot\src\share\vm\classfile\systemDictionary.cpp, line 217]
Event: 7.829 Thread 0x0000025170eb0000 Exception <a 'java/lang/ClassNotFoundException': ai/pelican/camel/init/TableInformationXMLCustomizer> (0x00000000d884ed58) thrown at [C:\cygwin64\tmp\ojdkbuild\lookaside\java-1.8.0-openjdk\hotspot\src\share\vm\classfile\systemDictionary.cpp, line 217]
Event: 7.846 Thread 0x0000025170eb0000 Exception <a 'java/lang/ClassNotFoundException': java/lang/ObjectCustomizer> (0x00000000d8d17ec0) thrown at [C:\cygwin64\tmp\ojdkbuild\lookaside\java-1.8.0-openjdk\hotspot\src\share\vm\classfile\systemDictionary.cpp, line 217]
Event: 7.847 Thread 0x0000025170eb0000 Exception <a 'java/lang/ClassNotFoundException': ai/pelican/camel/hazelcast/HazelCastDataLoaderCustomizer> (0x00000000d8d38140) thrown at [C:\cygwin64\tmp\ojdkbuild\lookaside\java-1.8.0-openjdk\hotspot\src\share\vm\classfile\systemDictionary.cpp, line 217
Event: 7.848 Thread 0x0000025170eb0000 Exception <a 'java/lang/ClassNotFoundException': java/lang/ObjectCustomizer> (0x00000000d8d5ed18) thrown at [C:\cygwin64\tmp\ojdkbuild\lookaside\java-1.8.0-openjdk\hotspot\src\share\vm\classfile\systemDictionary.cpp, line 217]
Event: 7.849 Thread 0x0000025170eb0000 Exception <a 'java/lang/ClassNotFoundException': ai/pelican/camel/hazelcast/HazelCastFileLoaderCustomizer> (0x00000000d8d7ef98) thrown at [C:\cygwin64\tmp\ojdkbuild\lookaside\java-1.8.0-openjdk\hotspot\src\share\vm\classfile\systemDictionary.cpp, line 217
Event: 7.853 Thread 0x0000025170eb0000 Exception <a 'java/lang/ClassNotFoundException': java/lang/ObjectCustomizer> (0x00000000d8df43c0) thrown at [C:\cygwin64\tmp\ojdkbuild\lookaside\java-1.8.0-openjdk\hotspot\src\share\vm\classfile\systemDictionary.cpp, line 217]
Event: 7.854 Thread 0x0000025170eb0000 Exception <a 'java/lang/ClassNotFoundException': org/apache/camel/impl/DefaultHeaderFilterStrategyCustomizer> (0x00000000d8e2b660) thrown at [C:\cygwin64\tmp\ojdkbuild\lookaside\java-1.8.0-openjdk\hotspot\src\share\vm\classfile\systemDictionary.cpp, line 
Event: 7.855 Thread 0x0000025170eb0000 Exception <a 'java/lang/ClassNotFoundException': org/apache/camel/spi/HeaderFilterStrategyCustomizer> (0x00000000d8e66170) thrown at [C:\cygwin64\tmp\ojdkbuild\lookaside\java-1.8.0-openjdk\hotspot\src\share\vm\classfile\systemDictionary.cpp, line 217]
Event: 7.864 Thread 0x0000025170eb0000 Exception <a 'java/lang/ClassNotFoundException': ai/pelican/camel/license/LicensePulseUtilityBeanInfo> (0x00000000d8f3a290) thrown at [C:\cygwin64\tmp\ojdkbuild\lookaside\java-1.8.0-openjdk\hotspot\src\share\vm\classfile\systemDictionary.cpp, line 217]
Event: 7.864 Thread 0x0000025170eb0000 Exception <a 'java/lang/ClassNotFoundException': ai/pelican/camel/license/LicensePulseUtilityCustomizer> (0x00000000d93033a8) thrown at [C:\cygwin64\tmp\ojdkbuild\lookaside\java-1.8.0-openjdk\hotspot\src\share\vm\classfile\systemDictionary.cpp, line 217]
Event: 7.885 Thread 0x0000025170eb0000 Exception <a 'java/lang/ClassNotFoundException': com/ibm/net/ssl/internal/www/protocol/https/Handler> (0x00000000d94df358) thrown at [C:\cygwin64\tmp\ojdkbuild\lookaside\java-1.8.0-openjdk\hotspot\src\share\vm\classfile\systemDictionary.cpp, line 217]
Event: 7.965 Thread 0x000002511317e800 Exception <a 'java/io/FileNotFoundException'> (0x00000000d99c5e10) thrown at [C:\cygwin64\tmp\ojdkbuild\lookaside\java-1.8.0-openjdk\hotspot\src\share\vm\prims\jni.cpp, line 713]
Event: 8.125 Thread 0x000002511317e800 Exception <a 'java/lang/NoSuchMethodError': <clinit>> (0x00000000d9c6d798) thrown at [C:\cygwin64\tmp\ojdkbuild\lookaside\java-1.8.0-openjdk\hotspot\src\share\vm\prims\jni.cpp, line 1618]
Event: 8.126 Thread 0x000002511317e800 Exception <a 'java/lang/NoSuchMethodError': <clinit>> (0x00000000d9c80ef8) thrown at [C:\cygwin64\tmp\ojdkbuild\lookaside\java-1.8.0-openjdk\hotspot\src\share\vm\prims\jni.cpp, line 1618]
Event: 8.127 Thread 0x000002511317e800 Exception <a 'java/lang/NoSuchMethodError': <clinit>> (0x00000000d9cabb50) thrown at [C:\cygwin64\tmp\ojdkbuild\lookaside\java-1.8.0-openjdk\hotspot\src\share\vm\prims\jni.cpp, line 1618]
Event: 8.128 Thread 0x000002511317e800 Exception <a 'java/lang/NoSuchMethodError': <clinit>> (0x00000000d9ccafd8) thrown at [C:\cygwin64\tmp\ojdkbuild\lookaside\java-1.8.0-openjdk\hotspot\src\share\vm\prims\jni.cpp, line 1618]
Event: 8.217 Thread 0x000002511317e800 Exception <a 'java/lang/NoSuchMethodError': <clinit>> (0x00000000d9ce4978) thrown at [C:\cygwin64\tmp\ojdkbuild\lookaside\java-1.8.0-openjdk\hotspot\src\share\vm\prims\jni.cpp, line 1618]
Event: 8.217 Thread 0x000002511317e800 Exception <a 'java/lang/NoSuchMethodError': <clinit>> (0x00000000d9cee8f8) thrown at [C:\cygwin64\tmp\ojdkbuild\lookaside\java-1.8.0-openjdk\hotspot\src\share\vm\prims\jni.cpp, line 1618]
Event: 8.218 Thread 0x000002511317e800 Exception <a 'java/lang/NoSuchMethodError': <clinit>> (0x00000000d9cf89d8) thrown at [C:\cygwin64\tmp\ojdkbuild\lookaside\java-1.8.0-openjdk\hotspot\src\share\vm\prims\jni.cpp, line 1618]
Event: 8.222 Thread 0x000002511317e800 Exception <a 'java/lang/NoSuchMethodError': <clinit>> (0x00000000d9d4d720) thrown at [C:\cygwin64\tmp\ojdkbuild\lookaside\java-1.8.0-openjdk\hotspot\src\share\vm\prims\jni.cpp, line 1618]
Event: 8.225 Thread 0x000002511317e800 Exception <a 'java/lang/NoSuchMethodError': <clinit>> (0x00000000d9d85150) thrown at [C:\cygwin64\tmp\ojdkbuild\lookaside\java-1.8.0-openjdk\hotspot\src\share\vm\prims\jni.cpp, line 1618]
Event: 8.246 Thread 0x000002511317e800 Exception <a 'java/lang/NoSuchMethodError': <clinit>> (0x00000000d9e6f338) thrown at [C:\cygwin64\tmp\ojdkbuild\lookaside\java-1.8.0-openjdk\hotspot\src\share\vm\prims\jni.cpp, line 1618]
Event: 8.253 Thread 0x000002511317e800 Exception <a 'java/lang/NoSuchMethodError': <clinit>> (0x00000000d9f31998) thrown at [C:\cygwin64\tmp\ojdkbuild\lookaside\java-1.8.0-openjdk\hotspot\src\share\vm\prims\jni.cpp, line 1618]
Event: 8.257 Thread 0x0000025170eb0000 Exception <a 'java/lang/ClassNotFoundException': java/lang/ObjectCustomizer> (0x00000000d9602f18) thrown at [C:\cygwin64\tmp\ojdkbuild\lookaside\java-1.8.0-openjdk\hotspot\src\share\vm\classfile\systemDictionary.cpp, line 217]
Event: 8.257 Thread 0x0000025170eb0000 Exception <a 'java/lang/ClassNotFoundException': ai/pelican/camel/interact/InterActFileCustomizer> (0x00000000d9620648) thrown at [C:\cygwin64\tmp\ojdkbuild\lookaside\java-1.8.0-openjdk\hotspot\src\share\vm\classfile\systemDictionary.cpp, line 217]
Event: 8.300 Thread 0x0000025170eb0000 Exception <a 'java/lang/ClassNotFoundException': java/lang/ObjectCustomizer> (0x00000000da2df940) thrown at [C:\cygwin64\tmp\ojdkbuild\lookaside\java-1.8.0-openjdk\hotspot\src\share\vm\classfile\systemDictionary.cpp, line 217]
Event: 8.300 Thread 0x0000025170eb0000 Exception <a 'java/lang/ClassNotFoundException': org/xml/sax/helpers/DefaultHandlerCustomizer> (0x00000000da2efb00) thrown at [C:\cygwin64\tmp\ojdkbuild\lookaside\java-1.8.0-openjdk\hotspot\src\share\vm\classfile\systemDictionary.cpp, line 217]
Event: 8.301 Thread 0x0000025170eb0000 Exception <a 'java/lang/ClassNotFoundException': ai/pelican/camel/extractors/MXMsgExtractorCustomizer> (0x00000000da3147b8) thrown at [C:\cygwin64\tmp\ojdkbuild\lookaside\java-1.8.0-openjdk\hotspot\src\share\vm\classfile\systemDictionary.cpp, line 217]
Event: 8.301 Thread 0x0000025170eb0000 Exception <a 'java/lang/ClassNotFoundException': ai/pelican/camel/extractors/ServiceExtratorInterfaceCustomizer> (0x00000000da343e78) thrown at [C:\cygwin64\tmp\ojdkbuild\lookaside\java-1.8.0-openjdk\hotspot\src\share\vm\classfile\systemDictionary.cpp, li
Event: 8.301 Thread 0x0000025170eb0000 Exception <a 'java/lang/ClassNotFoundException': ai/pelican/camel/exception/ErrorHandlerCustomizer> (0x00000000da35ee58) thrown at [C:\cygwin64\tmp\ojdkbuild\lookaside\java-1.8.0-openjdk\hotspot\src\share\vm\classfile\systemDictionary.cpp, line 217]
Event: 8.301 Thread 0x0000025170eb0000 Exception <a 'java/lang/ClassNotFoundException': org/xml/sax/EntityResolverCustomizer> (0x00000000da36a0b0) thrown at [C:\cygwin64\tmp\ojdkbuild\lookaside\java-1.8.0-openjdk\hotspot\src\share\vm\classfile\systemDictionary.cpp, line 217]
Event: 8.302 Thread 0x0000025170eb0000 Exception <a 'java/lang/ClassNotFoundException': org/xml/sax/DTDHandlerCustomizer> (0x00000000da375368) thrown at [C:\cygwin64\tmp\ojdkbuild\lookaside\java-1.8.0-openjdk\hotspot\src\share\vm\classfile\systemDictionary.cpp, line 217]
Event: 8.302 Thread 0x0000025170eb0000 Exception <a 'java/lang/ClassNotFoundException': org/xml/sax/ContentHandlerCustomizer> (0x00000000da381c18) thrown at [C:\cygwin64\tmp\ojdkbuild\lookaside\java-1.8.0-openjdk\hotspot\src\share\vm\classfile\systemDictionary.cpp, line 217]
Event: 8.302 Thread 0x0000025170eb0000 Exception <a 'java/lang/ClassNotFoundException': org/xml/sax/ErrorHandlerCustomizer> (0x00000000da391df0) thrown at [C:\cygwin64\tmp\ojdkbuild\lookaside\java-1.8.0-openjdk\hotspot\src\share\vm\classfile\systemDictionary.cpp, line 217]
Event: 8.306 Thread 0x0000025170eb0000 Exception <a 'java/lang/ClassNotFoundException': java/lang/ObjectCustomizer> (0x00000000da4086d8) thrown at [C:\cygwin64\tmp\ojdkbuild\lookaside\java-1.8.0-openjdk\hotspot\src\share\vm\classfile\systemDictionary.cpp, line 217]
Event: 8.306 Thread 0x0000025170eb0000 Exception <a 'java/lang/ClassNotFoundException': ai/pelican/camel/interfaces/FileDebulkAggregationStrategyCustomizer> (0x00000000da42cb78) thrown at [C:\cygwin64\tmp\ojdkbuild\lookaside\java-1.8.0-openjdk\hotspot\src\share\vm\classfile\systemDictionary.cp
Event: 8.307 Thread 0x0000025170eb0000 Exception <a 'java/lang/ClassNotFoundException': org/apache/camel/processor/aggregate/AggregationStrategyCustomizer> (0x00000000da461550) thrown at [C:\cygwin64\tmp\ojdkbuild\lookaside\java-1.8.0-openjdk\hotspot\src\share\vm\classfile\systemDictionary.cpp
Event: 8.309 Thread 0x0000025170eb0000 Exception <a 'java/lang/ClassNotFoundException': java/lang/ObjectCustomizer> (0x00000000da47d4f0) thrown at [C:\cygwin64\tmp\ojdkbuild\lookaside\java-1.8.0-openjdk\hotspot\src\share\vm\classfile\systemDictionary.cpp, line 217]
Event: 8.309 Thread 0x0000025170eb0000 Exception <a 'java/lang/ClassNotFoundException': ai/pelican/camel/interfaces/FileDebulkAggregationCompletionCustomizer> (0x00000000da4a1fb8) thrown at [C:\cygwin64\tmp\ojdkbuild\lookaside\java-1.8.0-openjdk\hotspot\src\share\vm\classfile\systemDictionary.
Event: 8.317 Thread 0x0000025170eb0000 Exception <a 'java/lang/ClassNotFoundException': java/lang/ObjectCustomizer> (0x00000000da567018) thrown at [C:\cygwin64\tmp\ojdkbuild\lookaside\java-1.8.0-openjdk\hotspot\src\share\vm\classfile\systemDictionary.cpp, line 217]
Event: 8.317 Thread 0x0000025170eb0000 Exception <a 'java/lang/ClassNotFoundException': org/springframework/transaction/support/AbstractPlatformTransactionManagerCustomizer> (0x00000000da590e80) thrown at [C:\cygwin64\tmp\ojdkbuild\lookaside\java-1.8.0-openjdk\hotspot\src\share\vm\classfile\sy
Event: 8.318 Thread 0x0000025170eb0000 Exception <a 'java/lang/ClassNotFoundException': org/springframework/jdbc/datasource/DataSourceTransactionManagerCustomizer> (0x00000000da5cbc20) thrown at [C:\cygwin64\tmp\ojdkbuild\lookaside\java-1.8.0-openjdk\hotspot\src\share\vm\classfile\systemDictio
Event: 8.319 Thread 0x0000025170eb0000 Exception <a 'java/lang/ClassNotFoundException': org/springframework/transaction/support/ResourceTransactionManagerCustomizer> (0x00000000da60b320) thrown at [C:\cygwin64\tmp\ojdkbuild\lookaside\java-1.8.0-openjdk\hotspot\src\share\vm\classfile\systemDict
Event: 8.319 Thread 0x0000025170eb0000 Exception <a 'java/lang/ClassNotFoundException': org/springframework/transaction/PlatformTransactionManagerCustomizer> (0x00000000da62d500) thrown at [C:\cygwin64\tmp\ojdkbuild\lookaside\java-1.8.0-openjdk\hotspot\src\share\vm\classfile\systemDictionary.c
Event: 8.319 Thread 0x0000025170eb0000 Exception <a 'java/lang/ClassNotFoundException': org/springframework/transaction/TransactionManagerCustomizer> (0x00000000da64d6e0) thrown at [C:\cygwin64\tmp\ojdkbuild\lookaside\java-1.8.0-openjdk\hotspot\src\share\vm\classfile\systemDictionary.cpp, line
Event: 8.319 Thread 0x0000025170eb0000 Exception <a 'java/lang/ClassNotFoundException': org/springframework/beans/factory/InitializingBeanCustomizer> (0x00000000da66b910) thrown at [C:\cygwin64\tmp\ojdkbuild\lookaside\java-1.8.0-openjdk\hotspot\src\share\vm\classfile\systemDictionary.cpp, line
Event: 8.319 Thread 0x0000025170eb0000 Exception <a 'java/lang/ClassNotFoundException': org/springframework/transaction/PlatformTransactionManagerCustomizer> (0x00000000da68cf28) thrown at [C:\cygwin64\tmp\ojdkbuild\lookaside\java-1.8.0-openjdk\hotspot\src\share\vm\classfile\systemDictionary.c
Event: 8.320 Thread 0x0000025170eb0000 Exception <a 'java/lang/ClassNotFoundException': org/springframework/transaction/TransactionManagerCustomizer> (0x00000000da6ace20) thrown at [C:\cygwin64\tmp\ojdkbuild\lookaside\java-1.8.0-openjdk\hotspot\src\share\vm\classfile\systemDictionary.cpp, line
Event: 8.325 Thread 0x0000025170eb0000 Exception <a 'java/lang/ClassNotFoundException': java/lang/ObjectCustomizer> (0x00000000da72dba8) thrown at [C:\cygwin64\tmp\ojdkbuild\lookaside\java-1.8.0-openjdk\hotspot\src\share\vm\classfile\systemDictionary.cpp, line 217]
Event: 8.325 Thread 0x0000025170eb0000 Exception <a 'java/lang/ClassNotFoundException': ai/pelican/camel/utils/HeaderFilterCustomizer> (0x00000000da74a320) thrown at [C:\cygwin64\tmp\ojdkbuild\lookaside\java-1.8.0-openjdk\hotspot\src\share\vm\classfile\systemDictionary.cpp, line 217]
Event: 8.326 Thread 0x0000025170eb0000 Exception <a 'java/lang/ClassNotFoundException': org/apache/camel/spi/HeaderFilterStrategyCustomizer> (0x00000000da7747d8) thrown at [C:\cygwin64\tmp\ojdkbuild\lookaside\java-1.8.0-openjdk\hotspot\src\share\vm\classfile\systemDictionary.cpp, line 217]
Event: 8.370 Thread 0x0000025170eb0000 Exception <a 'java/lang/ClassNotFoundException': java/lang/ObjectCustomizer> (0x00000000dacc3c10) thrown at [C:\cygwin64\tmp\ojdkbuild\lookaside\java-1.8.0-openjdk\hotspot\src\share\vm\classfile\systemDictionary.cpp, line 217]
Event: 8.370 Thread 0x0000025170eb0000 Exception <a 'java/lang/ClassNotFoundException': org/springframework/web/servlet/config/annotation/WebMvcConfigurationSupportCustomizer> (0x00000000dacee640) thrown at [C:\cygwin64\tmp\ojdkbuild\lookaside\java-1.8.0-openjdk\hotspot\src\share\vm\classfile\
Event: 8.371 Thread 0x0000025170eb0000 Exception <a 'java/lang/ClassNotFoundException': org/springframework/web/servlet/config/annotation/DelegatingWebMvcConfigurationCustomizer> (0x00000000dad2e058) thrown at [C:\cygwin64\tmp\ojdkbuild\lookaside\java-1.8.0-openjdk\hotspot\src\share\vm\classfi
Event: 8.371 Thread 0x0000025170eb0000 Exception <a 'java/lang/ClassNotFoundException': org/springframework/boot/autoconfigure/web/servlet/WebMvcAutoConfiguration$EnableWebMvcConfigurationCustomizer> (0x00000000dad64fe8) thrown at [C:\cygwin64\tmp\ojdkbuild\lookaside\java-1.8.0-openjdk\hotspot
Event: 8.372 Thread 0x0000025170eb0000 Exception <a 'java/lang/ClassNotFoundException': org/springframework/context/ResourceLoaderAwareCustomizer> (0x00000000dad9cc68) thrown at [C:\cygwin64\tmp\ojdkbuild\lookaside\java-1.8.0-openjdk\hotspot\src\share\vm\classfile\systemDictionary.cpp, line 21
Event: 8.372 Thread 0x0000025170eb0000 Exception <a 'java/lang/ClassNotFoundException': org/springframework/beans/factory/AwareCustomizer> (0x00000000dadb7f00) thrown at [C:\cygwin64\tmp\ojdkbuild\lookaside\java-1.8.0-openjdk\hotspot\src\share\vm\classfile\systemDictionary.cpp, line 217]
Event: 8.373 Thread 0x0000025170eb0000 Exception <a 'java/lang/ClassNotFoundException': org/springframework/context/ApplicationContextAwareCustomizer> (0x00000000dadd65e0) thrown at [C:\cygwin64\tmp\ojdkbuild\lookaside\java-1.8.0-openjdk\hotspot\src\share\vm\classfile\systemDictionary.cpp, lin
Event: 8.373 Thread 0x0000025170eb0000 Exception <a 'java/lang/ClassNotFoundException': org/springframework/beans/factory/AwareCustomizer> (0x00000000dadf1e80) thrown at [C:\cygwin64\tmp\ojdkbuild\lookaside\java-1.8.0-openjdk\hotspot\src\share\vm\classfile\systemDictionary.cpp, line 217]
Event: 8.373 Thread 0x0000025170eb0000 Exception <a 'java/lang/ClassNotFoundException': org/springframework/web/context/ServletContextAwareCustomizer> (0x00000000dae10690) thrown at [C:\cygwin64\tmp\ojdkbuild\lookaside\java-1.8.0-openjdk\hotspot\src\share\vm\classfile\systemDictionary.cpp, lin
Event: 8.373 Thread 0x0000025170eb0000 Exception <a 'java/lang/ClassNotFoundException': org/springframework/beans/factory/AwareCustomizer> (0x00000000dae2b9a0) thrown at [C:\cygwin64\tmp\ojdkbuild\lookaside\java-1.8.0-openjdk\hotspot\src\share\vm\classfile\systemDictionary.cpp, line 217]
Event: 8.558 Thread 0x0000025170eb0000 Exception <a 'java/lang/NoSuchMethodError': java.lang.Object.lambda$thenComparing$36697e65$1(Ljava/util/Comparator;Ljava/lang/Object;Ljava/lang/Object;)I> (0x00000000dc65b870) thrown at [C:\cygwin64\tmp\ojdkbuild\lookaside\java-1.8.0-openjdk\hotspot\src\s
Event: 8.597 Thread 0x0000025170eb0000 Exception <a 'java/lang/IncompatibleClassChangeError': Found class java.lang.Object, but interface was expected> (0x00000000dc9d9878) thrown at [C:\cygwin64\tmp\ojdkbuild\lookaside\java-1.8.0-openjdk\hotspot\src\share\vm\interpreter\linkResolver.cpp, line
Event: 8.988 Thread 0x0000025170eb0000 Exception <a 'java/lang/ClassNotFoundException': com/sun/org/glassfish/hk2/osgiresourcelocator/ServiceLoader> (0x00000000dff436e8) thrown at [C:\cygwin64\tmp\ojdkbuild\lookaside\java-1.8.0-openjdk\hotspot\src\share\vm\classfile\systemDictionary.cpp, line 
Event: 8.993 Thread 0x0000025170eb0000 Implicit null exception at 0x00000251010bc148 to 0x00000251010bc71d
Event: 3851.738 Thread 0x00000251167d0800 Exception <a 'java/net/SocketTimeoutException': Read timed out> (0x00000000e5bf5470) thrown at [C:\cygwin64\tmp\ojdkbuild\lookaside\java-1.8.0-openjdk\hotspot\src\share\vm\prims\jni.cpp, line 740]
Event: 42250.385 Thread 0x00000251167c8800 Implicit null exception at 0x0000025102abe3b0 to 0x0000025102ac1f99
Event: 42250.392 Thread 0x00000251167c5000 Implicit null exception at 0x0000025102abe3b0 to 0x0000025102ac1f99
Event: 42401.094 Thread 0x0000025113179800 Implicit null exception at 0x0000025100e49ca0 to 0x0000025100e4a109
Event: 42408.812 Thread 0x0000025113179800 Implicit null exception at 0x0000025102b66e7d to 0x0000025102b66ee1
Event: 42409.001 Thread 0x0000025113179800 Implicit null exception at 0x00000251020ef162 to 0x00000251020ef1fd
Event: 42412.326 Thread 0x0000025113179800 Exception <a 'java/net/SocketTimeoutException': Read timed out> (0x00000000de57a378) thrown at [C:\cygwin64\tmp\ojdkbuild\lookaside\java-1.8.0-openjdk\hotspot\src\share\vm\prims\jni.cpp, line 740]
Event: 42413.369 Thread 0x0000025113179800 Implicit null exception at 0x00000251022a966c to 0x00000251022a96d1
Event: 124867.500 Thread 0x000002517ef2d800 Exception <a 'java/net/SocketTimeoutException': Read timed out> (0x00000000d797b948) thrown at [C:\cygwin64\tmp\ojdkbuild\lookaside\java-1.8.0-openjdk\hotspot\src\share\vm\prims\jni.cpp, line 740]
Event: 215179.465 Thread 0x000002517ef2b000 Exception <a 'java/net/SocketTimeoutException': Read timed out> (0x00000000db2c90e0) thrown at [C:\cygwin64\tmp\ojdkbuild\lookaside\java-1.8.0-openjdk\hotspot\src\share\vm\prims\jni.cpp, line 740]
Event: 433747.089 Thread 0x00000251167c6000 Implicit null exception at 0x00000251022a7e13 to 0x00000251022a8789
Event: 433748.100 Thread 0x000002517ef31000 Exception <a 'java/net/ConnectException': Connection refused: connect> (0x00000000d7899f18) thrown at [C:\cygwin64\tmp\ojdkbuild\lookaside\java-1.8.0-openjdk\hotspot\src\share\vm\prims\jni.cpp, line 740]
Event: 433749.356 Thread 0x000002517ef31000 Exception <a 'java/net/ConnectException': Connection refused: connect> (0x00000000d799b8f0) thrown at [C:\cygwin64\tmp\ojdkbuild\lookaside\java-1.8.0-openjdk\hotspot\src\share\vm\prims\jni.cpp, line 740]
Event: 433750.738 Thread 0x000002517ef31000 Exception <a 'java/net/ConnectException': Connection refused: connect> (0x00000000d79af870) thrown at [C:\cygwin64\tmp\ojdkbuild\lookaside\java-1.8.0-openjdk\hotspot\src\share\vm\prims\jni.cpp, line 740]
Event: 433752.306 Thread 0x000002517ef31000 Exception <a 'java/net/ConnectException': Connection refused: connect> (0x00000000d79c2f90) thrown at [C:\cygwin64\tmp\ojdkbuild\lookaside\java-1.8.0-openjdk\hotspot\src\share\vm\prims\jni.cpp, line 740]
Event: 433753.890 Thread 0x000002517ef2f000 Exception <a 'java/lang/NoSuchMethodError': <clinit>> (0x00000000d7a84598) thrown at [C:\cygwin64\tmp\ojdkbuild\lookaside\java-1.8.0-openjdk\hotspot\src\share\vm\prims\jni.cpp, line 1618]
Event: 433753.893 Thread 0x000002517ef2f000 Exception <a 'java/lang/NoSuchMethodError': <clinit>> (0x00000000d7ab2748) thrown at [C:\cygwin64\tmp\ojdkbuild\lookaside\java-1.8.0-openjdk\hotspot\src\share\vm\prims\jni.cpp, line 1618]
Event: 433753.893 Thread 0x000002517ef2f000 Exception <a 'java/lang/NoSuchMethodError': <clinit>> (0x00000000d7abd930) thrown at [C:\cygwin64\tmp\ojdkbuild\lookaside\java-1.8.0-openjdk\hotspot\src\share\vm\prims\jni.cpp, line 1618]
Event: 433754.153 Thread 0x000002517ef31000 Exception <a 'java/net/ConnectException': Connection refused: connect> (0x00000000d79e5990) thrown at [C:\cygwin64\tmp\ojdkbuild\lookaside\java-1.8.0-openjdk\hotspot\src\share\vm\prims\jni.cpp, line 740]
Event: 433754.909 Thread 0x000002517ef2d800 Exception <a 'java/lang/InterruptedException': sleep interrupted> (0x00000000d7c35a70) thrown at [C:\cygwin64\tmp\ojdkbuild\lookaside\java-1.8.0-openjdk\hotspot\src\share\vm\prims\jvm.cpp, line 3381]
Event: 433756.090 Thread 0x000002517ef2c000 Exception <a 'java/lang/NoSuchMethodError': <clinit>> (0x00000000d8a5deb0) thrown at [C:\cygwin64\tmp\ojdkbuild\lookaside\java-1.8.0-openjdk\hotspot\src\share\vm\prims\jni.cpp, line 1618]
Event: 433756.421 Thread 0x000002517ef31000 Exception <a 'java/net/ConnectException': Connection refused: connect> (0x00000000d8a70d18) thrown at [C:\cygwin64\tmp\ojdkbuild\lookaside\java-1.8.0-openjdk\hotspot\src\share\vm\prims\jni.cpp, line 740]
Event: 433759.323 Thread 0x000002517ef31000 Exception <a 'java/net/ConnectException': Connection refused: connect> (0x00000000d8aca840) thrown at [C:\cygwin64\tmp\ojdkbuild\lookaside\java-1.8.0-openjdk\hotspot\src\share\vm\prims\jni.cpp, line 740]
Event: 433763.181 Thread 0x000002517ef31000 Exception <a 'java/net/ConnectException': Connection refused: connect> (0x00000000d8addf60) thrown at [C:\cygwin64\tmp\ojdkbuild\lookaside\java-1.8.0-openjdk\hotspot\src\share\vm\prims\jni.cpp, line 740]
Event: 433768.452 Thread 0x000002517ef31000 Exception <a 'java/net/ConnectException': Connection refused: connect> (0x00000000d8b0c268) thrown at [C:\cygwin64\tmp\ojdkbuild\lookaside\java-1.8.0-openjdk\hotspot\src\share\vm\prims\jni.cpp, line 740]
Event: 433775.855 Thread 0x000002517ef31000 Exception <a 'java/net/ConnectException': Connection refused: connect> (0x00000000d8bd9e40) thrown at [C:\cygwin64\tmp\ojdkbuild\lookaside\java-1.8.0-openjdk\hotspot\src\share\vm\prims\jni.cpp, line 740]
Event: 433786.459 Thread 0x000002517ef31000 Exception <a 'java/net/ConnectException': Connection refused: connect> (0x00000000d8bed640) thrown at [C:\cygwin64\tmp\ojdkbuild\lookaside\java-1.8.0-openjdk\hotspot\src\share\vm\prims\jni.cpp, line 740]
Event: 433817.461 Thread 0x000002517ef31000 Exception <a 'java/net/ConnectException': Connection timed out: connect> (0x00000000d8cf09d0) thrown at [C:\cygwin64\tmp\ojdkbuild\lookaside\java-1.8.0-openjdk\hotspot\src\share\vm\prims\jni.cpp, line 740]
Event: 447886.648 Thread 0x000002517ef2d800 Exception <a 'java/lang/OutOfMemoryError': unable to create new native thread> (0x00000000dc7b6b40) thrown at [C:\cygwin64\tmp\ojdkbuild\lookaside\java-1.8.0-openjdk\hotspot\src\share\vm\prims\jvm.cpp, line 3172]

Events (250 events):
Event: 447832.226 Thread 0x000002517ef30000 Thread exited: 0x000002517ef30000
Event: 447832.728 Thread 0x000002517ef30000 Thread added: 0x000002517ef30000
Event: 447832.729 Thread 0x000002517ef30000 Thread exited: 0x000002517ef30000
Event: 447833.230 Thread 0x000002517ef30000 Thread added: 0x000002517ef30000
Event: 447833.231 Thread 0x000002517ef30000 Thread exited: 0x000002517ef30000
Event: 447833.733 Thread 0x000002517ef31000 Thread added: 0x000002517ef31000
Event: 447833.734 Thread 0x000002517ef31000 Thread exited: 0x000002517ef31000
Event: 447834.236 Thread 0x000002517ef30000 Thread added: 0x000002517ef30000
Event: 447834.236 Thread 0x000002517ef30000 Thread exited: 0x000002517ef30000
Event: 447834.739 Thread 0x000002517ef30000 Thread added: 0x000002517ef30000
Event: 447834.740 Thread 0x000002517ef30000 Thread exited: 0x000002517ef30000
Event: 447835.243 Thread 0x000002517ef30000 Thread added: 0x000002517ef30000
Event: 447835.243 Thread 0x000002517ef30000 Thread exited: 0x000002517ef30000
Event: 447835.745 Thread 0x000002517ef30000 Thread added: 0x000002517ef30000
Event: 447835.746 Thread 0x000002517ef30000 Thread exited: 0x000002517ef30000
Event: 447836.248 Thread 0x000002517ef2c000 Thread added: 0x000002517ef2c000
Event: 447836.248 Thread 0x000002517ef2c000 Thread exited: 0x000002517ef2c000
Event: 447836.751 Thread 0x000002517ef2b000 Thread added: 0x000002517ef2b000
Event: 447836.752 Thread 0x000002517ef2b000 Thread exited: 0x000002517ef2b000
Event: 447837.254 Thread 0x000002517ef2b000 Thread added: 0x000002517ef2b000
Event: 447837.255 Thread 0x000002517ef2b000 Thread exited: 0x000002517ef2b000
Event: 447837.452 Thread 0x000002517ef2b000 Thread added: 0x000002517ef2b000
Event: 447837.457 Thread 0x000002517ef31000 Thread added: 0x000002517ef31000
Event: 447837.458 Thread 0x000002517ef31000 Thread exited: 0x000002517ef31000
Event: 447837.461 Executing VM operation: RevokeBias
Event: 447837.461 Executing VM operation: RevokeBias done
Event: 447837.461 Thread 0x000002517ef2b000 Thread exited: 0x000002517ef2b000
Event: 447837.758 Thread 0x000002517ef2b000 Thread added: 0x000002517ef2b000
Event: 447837.758 Thread 0x000002517ef2b000 Thread exited: 0x000002517ef2b000
Event: 447838.261 Thread 0x000002517ef30000 Thread added: 0x000002517ef30000
Event: 447838.261 Thread 0x000002517ef30000 Thread exited: 0x000002517ef30000
Event: 447838.763 Thread 0x000002517ef2c000 Thread added: 0x000002517ef2c000
Event: 447838.764 Thread 0x000002517ef2c000 Thread exited: 0x000002517ef2c000
Event: 447839.265 Thread 0x000002517ef30000 Thread added: 0x000002517ef30000
Event: 447839.266 Thread 0x000002517ef30000 Thread exited: 0x000002517ef30000
Event: 447839.768 Thread 0x000002517ef30000 Thread added: 0x000002517ef30000
Event: 447839.769 Thread 0x000002517ef30000 Thread exited: 0x000002517ef30000
Event: 447840.271 Thread 0x000002517ef30000 Thread added: 0x000002517ef30000
Event: 447840.272 Thread 0x000002517ef30000 Thread exited: 0x000002517ef30000
Event: 447840.775 Thread 0x000002517ef30000 Thread added: 0x000002517ef30000
Event: 447840.775 Thread 0x000002517ef30000 Thread exited: 0x000002517ef30000
Event: 447841.277 Thread 0x000002517ef30000 Thread added: 0x000002517ef30000
Event: 447841.278 Thread 0x000002517ef30000 Thread exited: 0x000002517ef30000
Event: 447841.780 Thread 0x000002517ef30000 Thread added: 0x000002517ef30000
Event: 447841.783 Thread 0x000002517ef30000 Thread exited: 0x000002517ef30000
Event: 447842.286 Thread 0x000002517ef31000 Thread added: 0x000002517ef31000
Event: 447842.286 Thread 0x000002517ef31000 Thread exited: 0x000002517ef31000
Event: 447842.789 Thread 0x000002517ef2c000 Thread added: 0x000002517ef2c000
Event: 447842.790 Thread 0x000002517ef2c000 Thread exited: 0x000002517ef2c000
Event: 447843.292 Thread 0x000002517ef30000 Thread added: 0x000002517ef30000
Event: 447843.293 Thread 0x000002517ef30000 Thread exited: 0x000002517ef30000
Event: 447843.796 Thread 0x000002517ef31000 Thread added: 0x000002517ef31000
Event: 447843.796 Thread 0x000002517ef31000 Thread exited: 0x000002517ef31000
Event: 447844.300 Thread 0x000002517ef30000 Thread added: 0x000002517ef30000
Event: 447844.300 Thread 0x000002517ef30000 Thread exited: 0x000002517ef30000
Event: 447844.802 Thread 0x000002517ef30000 Thread added: 0x000002517ef30000
Event: 447844.803 Thread 0x000002517ef30000 Thread exited: 0x000002517ef30000
Event: 447845.305 Thread 0x000002517ef30000 Thread added: 0x000002517ef30000
Event: 447845.306 Thread 0x000002517ef30000 Thread exited: 0x000002517ef30000
Event: 447845.808 Thread 0x000002517ef2c000 Thread added: 0x000002517ef2c000
Event: 447845.808 Thread 0x000002517ef2c000 Thread exited: 0x000002517ef2c000
Event: 447846.310 Thread 0x000002517ef30000 Thread added: 0x000002517ef30000
Event: 447846.310 Thread 0x000002517ef30000 Thread exited: 0x000002517ef30000
Event: 447846.812 Thread 0x000002517ef30000 Thread added: 0x000002517ef30000
Event: 447846.813 Thread 0x000002517ef30000 Thread exited: 0x000002517ef30000
Event: 447847.315 Thread 0x000002517ef30000 Thread added: 0x000002517ef30000
Event: 447847.315 Thread 0x000002517ef30000 Thread exited: 0x000002517ef30000
Event: 447847.818 Thread 0x000002517ef31000 Thread added: 0x000002517ef31000
Event: 447847.819 Thread 0x000002517ef31000 Thread exited: 0x000002517ef31000
Event: 447848.320 Thread 0x000002517ef31000 Thread added: 0x000002517ef31000
Event: 447848.321 Thread 0x000002517ef31000 Thread exited: 0x000002517ef31000
Event: 447848.823 Thread 0x000002517ef30000 Thread added: 0x000002517ef30000
Event: 447848.823 Thread 0x000002517ef30000 Thread exited: 0x000002517ef30000
Event: 447849.327 Thread 0x000002517ef30000 Thread added: 0x000002517ef30000
Event: 447849.328 Thread 0x000002517ef30000 Thread exited: 0x000002517ef30000
Event: 447849.829 Thread 0x000002517ef2c000 Thread added: 0x000002517ef2c000
Event: 447849.830 Thread 0x000002517ef2c000 Thread exited: 0x000002517ef2c000
Event: 447850.332 Thread 0x000002517ef2c000 Thread added: 0x000002517ef2c000
Event: 447850.332 Thread 0x000002517ef2c000 Thread exited: 0x000002517ef2c000
Event: 447850.835 Thread 0x000002517ef30000 Thread added: 0x000002517ef30000
Event: 447850.836 Thread 0x000002517ef30000 Thread exited: 0x000002517ef30000
Event: 447851.337 Thread 0x000002517ef2b000 Thread added: 0x000002517ef2b000
Event: 447851.344 Thread 0x000002517ef2b000 Thread exited: 0x000002517ef2b000
Event: 447851.846 Thread 0x000002517ef30000 Thread added: 0x000002517ef30000
Event: 447851.847 Thread 0x000002517ef30000 Thread exited: 0x000002517ef30000
Event: 447852.349 Thread 0x000002517ef30000 Thread added: 0x000002517ef30000
Event: 447852.349 Thread 0x000002517ef30000 Thread exited: 0x000002517ef30000
Event: 447852.451 Thread 0x000002517ef30000 Thread added: 0x000002517ef30000
Event: 447852.455 Thread 0x000002517ef2c000 Thread added: 0x000002517ef2c000
Event: 447852.455 Thread 0x000002517ef2c000 Thread exited: 0x000002517ef2c000
Event: 447852.459 Executing VM operation: RevokeBias
Event: 447852.459 Executing VM operation: RevokeBias done
Event: 447852.459 Thread 0x000002517ef30000 Thread exited: 0x000002517ef30000
Event: 447852.851 Thread 0x000002517ef30000 Thread added: 0x000002517ef30000
Event: 447852.852 Thread 0x000002517ef30000 Thread exited: 0x000002517ef30000
Event: 447853.354 Thread 0x000002517ef30000 Thread added: 0x000002517ef30000
Event: 447853.354 Thread 0x000002517ef30000 Thread exited: 0x000002517ef30000
Event: 447853.856 Thread 0x000002517ef30000 Thread added: 0x000002517ef30000
Event: 447853.857 Thread 0x000002517ef30000 Thread exited: 0x000002517ef30000
Event: 447854.358 Thread 0x000002517ef30000 Thread added: 0x000002517ef30000
Event: 447854.359 Thread 0x000002517ef30000 Thread exited: 0x000002517ef30000
Event: 447854.861 Thread 0x000002517ef30000 Thread added: 0x000002517ef30000
Event: 447854.862 Thread 0x000002517ef30000 Thread exited: 0x000002517ef30000
Event: 447855.366 Thread 0x000002517ef30000 Thread added: 0x000002517ef30000
Event: 447855.366 Thread 0x000002517ef30000 Thread exited: 0x000002517ef30000
Event: 447855.869 Thread 0x000002517ef30000 Thread added: 0x000002517ef30000
Event: 447855.869 Thread 0x000002517ef30000 Thread exited: 0x000002517ef30000
Event: 447856.372 Thread 0x000002517ef30000 Thread added: 0x000002517ef30000
Event: 447856.373 Thread 0x000002517ef30000 Thread exited: 0x000002517ef30000
Event: 447856.875 Thread 0x000002517ef2b000 Thread added: 0x000002517ef2b000
Event: 447856.876 Thread 0x000002517ef2b000 Thread exited: 0x000002517ef2b000
Event: 447857.377 Thread 0x000002517ef2b000 Thread added: 0x000002517ef2b000
Event: 447857.378 Thread 0x000002517ef2b000 Thread exited: 0x000002517ef2b000
Event: 447857.881 Thread 0x000002517ef2c000 Thread added: 0x000002517ef2c000
Event: 447857.881 Thread 0x000002517ef2c000 Thread exited: 0x000002517ef2c000
Event: 447858.384 Thread 0x000002517ef30000 Thread added: 0x000002517ef30000
Event: 447858.385 Thread 0x000002517ef30000 Thread exited: 0x000002517ef30000
Event: 447858.886 Thread 0x000002517ef30000 Thread added: 0x000002517ef30000
Event: 447858.887 Thread 0x000002517ef30000 Thread exited: 0x000002517ef30000
Event: 447859.389 Thread 0x000002517ef30000 Thread added: 0x000002517ef30000
Event: 447859.389 Thread 0x000002517ef30000 Thread exited: 0x000002517ef30000
Event: 447859.892 Thread 0x000002517ef30000 Thread added: 0x000002517ef30000
Event: 447859.892 Thread 0x000002517ef30000 Thread exited: 0x000002517ef30000
Event: 447860.395 Thread 0x000002517ef30000 Thread added: 0x000002517ef30000
Event: 447860.395 Thread 0x000002517ef30000 Thread exited: 0x000002517ef30000
Event: 447860.899 Thread 0x000002517ef30000 Thread added: 0x000002517ef30000
Event: 447860.899 Thread 0x000002517ef30000 Thread exited: 0x000002517ef30000
Event: 447861.401 Thread 0x000002517ef30000 Thread added: 0x000002517ef30000
Event: 447861.402 Thread 0x000002517ef30000 Thread exited: 0x000002517ef30000
Event: 447861.903 Thread 0x000002517ef30000 Thread added: 0x000002517ef30000
Event: 447861.904 Thread 0x000002517ef30000 Thread exited: 0x000002517ef30000
Event: 447862.406 Thread 0x000002517ef2b000 Thread added: 0x000002517ef2b000
Event: 447862.408 Thread 0x000002517ef2b000 Thread exited: 0x000002517ef2b000
Event: 447862.910 Thread 0x000002517ef2b000 Thread added: 0x000002517ef2b000
Event: 447862.911 Thread 0x000002517ef2b000 Thread exited: 0x000002517ef2b000
Event: 447863.413 Thread 0x000002517ef2c000 Thread added: 0x000002517ef2c000
Event: 447863.414 Thread 0x000002517ef2c000 Thread exited: 0x000002517ef2c000
Event: 447863.915 Thread 0x000002517ef2b000 Thread added: 0x000002517ef2b000
Event: 447863.916 Thread 0x000002517ef2b000 Thread exited: 0x000002517ef2b000
Event: 447864.418 Thread 0x000002517ef30000 Thread added: 0x000002517ef30000
Event: 447864.418 Thread 0x000002517ef30000 Thread exited: 0x000002517ef30000
Event: 447864.920 Thread 0x000002517ef30000 Thread added: 0x000002517ef30000
Event: 447864.921 Thread 0x000002517ef30000 Thread exited: 0x000002517ef30000
Event: 447865.423 Thread 0x000002517ef31000 Thread added: 0x000002517ef31000
Event: 447865.424 Thread 0x000002517ef31000 Thread exited: 0x000002517ef31000
Event: 447865.927 Thread 0x000002517ef2b000 Thread added: 0x000002517ef2b000
Event: 447865.928 Thread 0x000002517ef2b000 Thread exited: 0x000002517ef2b000
Event: 447866.431 Thread 0x000002517ef30000 Thread added: 0x000002517ef30000
Event: 447866.431 Thread 0x000002517ef30000 Thread exited: 0x000002517ef30000
Event: 447866.933 Thread 0x000002517ef30000 Thread added: 0x000002517ef30000
Event: 447866.934 Thread 0x000002517ef30000 Thread exited: 0x000002517ef30000
Event: 447867.435 Thread 0x000002517ef2b000 Thread added: 0x000002517ef2b000
Event: 447867.436 Thread 0x000002517ef2b000 Thread exited: 0x000002517ef2b000
Event: 447867.451 Thread 0x000002517ef30000 Thread added: 0x000002517ef30000
Event: 447867.456 Thread 0x000002517ef2b000 Thread added: 0x000002517ef2b000
Event: 447867.456 Thread 0x000002517ef2b000 Thread exited: 0x000002517ef2b000
Event: 447867.459 Executing VM operation: RevokeBias
Event: 447867.459 Executing VM operation: RevokeBias done
Event: 447867.459 Thread 0x000002517ef30000 Thread exited: 0x000002517ef30000
Event: 447867.939 Thread 0x000002517ef31000 Thread added: 0x000002517ef31000
Event: 447867.939 Thread 0x000002517ef31000 Thread exited: 0x000002517ef31000
Event: 447868.443 Thread 0x000002517ef2b000 Thread added: 0x000002517ef2b000
Event: 447868.443 Thread 0x000002517ef2b000 Thread exited: 0x000002517ef2b000
Event: 447868.946 Thread 0x000002517ef2b000 Thread added: 0x000002517ef2b000
Event: 447868.946 Thread 0x000002517ef2b000 Thread exited: 0x000002517ef2b000
Event: 447869.449 Thread 0x000002517ef30000 Thread added: 0x000002517ef30000
Event: 447869.450 Thread 0x000002517ef30000 Thread exited: 0x000002517ef30000
Event: 447869.953 Thread 0x000002517ef30000 Thread added: 0x000002517ef30000
Event: 447869.954 Thread 0x000002517ef30000 Thread exited: 0x000002517ef30000
Event: 447870.457 Thread 0x000002517ef30000 Thread added: 0x000002517ef30000
Event: 447870.457 Thread 0x000002517ef30000 Thread exited: 0x000002517ef30000
Event: 447870.959 Thread 0x000002517ef30000 Thread added: 0x000002517ef30000
Event: 447870.960 Thread 0x000002517ef30000 Thread exited: 0x000002517ef30000
Event: 447871.463 Thread 0x000002517ef30000 Thread added: 0x000002517ef30000
Event: 447871.464 Thread 0x000002517ef30000 Thread exited: 0x000002517ef30000
Event: 447871.966 Thread 0x000002517ef30000 Thread added: 0x000002517ef30000
Event: 447871.967 Thread 0x000002517ef30000 Thread exited: 0x000002517ef30000
Event: 447872.468 Thread 0x000002517ef2b000 Thread added: 0x000002517ef2b000
Event: 447872.469 Thread 0x000002517ef2b000 Thread exited: 0x000002517ef2b000
Event: 447872.972 Thread 0x000002517ef2c000 Thread added: 0x000002517ef2c000
Event: 447872.973 Thread 0x000002517ef2c000 Thread exited: 0x000002517ef2c000
Event: 447873.474 Thread 0x000002517ef30000 Thread added: 0x000002517ef30000
Event: 447873.474 Thread 0x000002517ef30000 Thread exited: 0x000002517ef30000
Event: 447873.976 Thread 0x000002517ef30000 Thread added: 0x000002517ef30000
Event: 447873.977 Thread 0x000002517ef30000 Thread exited: 0x000002517ef30000
Event: 447874.479 Thread 0x000002517ef2c000 Thread added: 0x000002517ef2c000
Event: 447874.479 Thread 0x000002517ef2c000 Thread exited: 0x000002517ef2c000
Event: 447874.981 Thread 0x000002517ef30000 Thread added: 0x000002517ef30000
Event: 447874.981 Thread 0x000002517ef30000 Thread exited: 0x000002517ef30000
Event: 447875.483 Thread 0x000002517ef30000 Thread added: 0x000002517ef30000
Event: 447875.484 Thread 0x000002517ef30000 Thread exited: 0x000002517ef30000
Event: 447875.987 Thread 0x000002517ef31000 Thread added: 0x000002517ef31000
Event: 447875.988 Thread 0x000002517ef31000 Thread exited: 0x000002517ef31000
Event: 447876.490 Thread 0x000002517ef30000 Thread added: 0x000002517ef30000
Event: 447876.491 Thread 0x000002517ef30000 Thread exited: 0x000002517ef30000
Event: 447876.993 Thread 0x000002517ef2b000 Thread added: 0x000002517ef2b000
Event: 447876.994 Thread 0x000002517ef2b000 Thread exited: 0x000002517ef2b000
Event: 447877.496 Thread 0x000002517ef30000 Thread added: 0x000002517ef30000
Event: 447877.497 Thread 0x000002517ef30000 Thread exited: 0x000002517ef30000
Event: 447877.999 Thread 0x000002517ef30000 Thread added: 0x000002517ef30000
Event: 447877.999 Thread 0x000002517ef30000 Thread exited: 0x000002517ef30000
Event: 447878.500 Thread 0x000002517ef2b000 Thread added: 0x000002517ef2b000
Event: 447878.501 Thread 0x000002517ef2b000 Thread exited: 0x000002517ef2b000
Event: 447879.004 Thread 0x000002517ef31000 Thread added: 0x000002517ef31000
Event: 447879.004 Thread 0x000002517ef31000 Thread exited: 0x000002517ef31000
Event: 447879.506 Thread 0x000002517ef30000 Thread added: 0x000002517ef30000
Event: 447879.508 Thread 0x000002517ef30000 Thread exited: 0x000002517ef30000
Event: 447880.010 Thread 0x000002517ef30000 Thread added: 0x000002517ef30000
Event: 447880.010 Thread 0x000002517ef30000 Thread exited: 0x000002517ef30000
Event: 447880.513 Thread 0x000002517ef30000 Thread added: 0x000002517ef30000
Event: 447880.514 Thread 0x000002517ef30000 Thread exited: 0x000002517ef30000
Event: 447881.017 Thread 0x000002517ef30000 Thread added: 0x000002517ef30000
Event: 447881.017 Thread 0x000002517ef30000 Thread exited: 0x000002517ef30000
Event: 447881.519 Thread 0x000002517ef30000 Thread added: 0x000002517ef30000
Event: 447881.519 Thread 0x000002517ef30000 Thread exited: 0x000002517ef30000
Event: 447882.021 Thread 0x000002517ef30000 Thread added: 0x000002517ef30000
Event: 447882.021 Thread 0x000002517ef30000 Thread exited: 0x000002517ef30000
Event: 447882.450 Thread 0x000002517ef30000 Thread added: 0x000002517ef30000
Event: 447882.455 Thread 0x000002517ef31000 Thread added: 0x000002517ef31000
Event: 447882.455 Thread 0x000002517ef31000 Thread exited: 0x000002517ef31000
Event: 447882.458 Executing VM operation: RevokeBias
Event: 447882.458 Executing VM operation: RevokeBias done
Event: 447882.458 Thread 0x000002517ef30000 Thread exited: 0x000002517ef30000
Event: 447882.523 Thread 0x000002517ef30000 Thread added: 0x000002517ef30000
Event: 447882.524 Thread 0x000002517ef30000 Thread exited: 0x000002517ef30000
Event: 447883.027 Thread 0x000002517ef30000 Thread added: 0x000002517ef30000
Event: 447883.028 Thread 0x000002517ef30000 Thread exited: 0x000002517ef30000
Event: 447883.532 Thread 0x000002517ef30000 Thread added: 0x000002517ef30000
Event: 447883.532 Thread 0x000002517ef30000 Thread exited: 0x000002517ef30000
Event: 447884.034 Thread 0x000002517ef30000 Thread added: 0x000002517ef30000
Event: 447884.034 Thread 0x000002517ef30000 Thread exited: 0x000002517ef30000
Event: 447884.537 Thread 0x000002517ef30000 Thread added: 0x000002517ef30000
Event: 447884.537 Thread 0x000002517ef30000 Thread exited: 0x000002517ef30000
Event: 447885.039 Thread 0x000002517ef2c000 Thread added: 0x000002517ef2c000
Event: 447885.040 Thread 0x000002517ef2c000 Thread exited: 0x000002517ef2c000
Event: 447885.543 Thread 0x000002517ef30000 Thread added: 0x000002517ef30000
Event: 447885.543 Thread 0x000002517ef30000 Thread exited: 0x000002517ef30000
Event: 447886.044 Thread 0x000002517ef31000 Thread added: 0x000002517ef31000
Event: 447886.045 Thread 0x000002517ef31000 Thread exited: 0x000002517ef31000
Event: 447886.648 Thread 0x000002517ef2d800 Uncommon trap: trap_request=0x0000008f fr.pc=0x0000025102a105c8
Event: 447886.648 Thread 0x000002517ef2d800 DEOPT PACKING pc=0x0000025102a105c8 sp=0x0000009f38cff1c0
Event: 447886.648 Thread 0x000002517ef2d800 DEOPT UNPACKING pc=0x0000025100045583 sp=0x0000009f38cff150 mode 2
Event: 447886.649 Executing VM operation: RevokeBias
Event: 447886.649 Executing VM operation: RevokeBias done
Event: 447886.650 Thread 0x0000025170ed0000 flushing nmethod 0x0000025102454d10
Event: 447886.651 loading class org/apache/logging/log4j/util/PrivateSecurityManagerStackTraceUtil
Event: 447886.651 loading class org/apache/logging/log4j/util/PrivateSecurityManagerStackTraceUtil done
Event: 447886.651 Thread 0x0000025170ed0000 flushing nmethod 0x00000251029194d0
Event: 447886.652 loading class org/apache/logging/log4j/util/PrivateSecurityManagerStackTraceUtil$PrivateSecurityManager
Event: 447886.652 loading class org/apache/logging/log4j/util/PrivateSecurityManagerStackTraceUtil$PrivateSecurityManager done


Dynamic libraries:
0x00007ff71e7b0000 - 0x00007ff71e84b000 	C:\Program Files\RedHat\java-1.8.0-openjdk-1.8.0.452-1\jre\bin\java.exe
0x00007ffb099d0000 - 0x00007ffb09bbe000 	C:\WINDOWS\SYSTEM32\ntdll.dll
0x00007ffb07680000 - 0x00007ffb07733000 	C:\WINDOWS\System32\KERNEL32.DLL
0x00007ffb05a90000 - 0x00007ffb05d2e000 	C:\WINDOWS\System32\KERNELBASE.dll
0x00007ffb06d30000 - 0x00007ffb06dd9000 	C:\WINDOWS\System32\ADVAPI32.dll
0x00007ffb09420000 - 0x00007ffb094be000 	C:\WINDOWS\System32\msvcrt.dll
0x00007ffb075d0000 - 0x00007ffb07672000 	C:\WINDOWS\System32\sechost.dll
0x00007ffb074b0000 - 0x00007ffb075c8000 	C:\WINDOWS\System32\RPCRT4.dll
0x00007ffb063e0000 - 0x00007ffb06406000 	C:\WINDOWS\System32\bcrypt.dll
0x00007ffb08c40000 - 0x00007ffb08dd7000 	C:\WINDOWS\System32\USER32.dll
0x00007ffb05fc0000 - 0x00007ffb05fe0000 	C:\WINDOWS\System32\win32u.dll
0x00007ffb08de0000 - 0x00007ffb08e09000 	C:\WINDOWS\System32\GDI32.dll
0x00007ffb06230000 - 0x00007ffb063dc000 	C:\WINDOWS\System32\gdi32full.dll
0x00007ffb06190000 - 0x00007ffb06230000 	C:\WINDOWS\System32\msvcp_win.dll
0x00007ffb05fe0000 - 0x00007ffb060da000 	C:\WINDOWS\System32\ucrtbase.dll
0x00007ffaf0f60000 - 0x00007ffaf11d9000 	C:\WINDOWS\WinSxS\amd64_microsoft.windows.common-controls_6595b64144ccf1df_6.0.17763.7434_none_de70930c534be02a\COMCTL32.dll
0x00007ffb09080000 - 0x00007ffb093aa000 	C:\WINDOWS\System32\combase.dll
0x00007ffb06410000 - 0x00007ffb06492000 	C:\WINDOWS\System32\bcryptPrimitives.dll
0x00007ffadb5c0000 - 0x00007ffadb89e000 	C:\Program Files\dynatrace\oneagent\agent\bin\1.315.68.20250627-182234\windows-x86-64\oneagentproc.dll
0x00007ffb07440000 - 0x00007ffb074ad000 	C:\WINDOWS\System32\WS2_32.dll
0x00007ffafe380000 - 0x00007ffafe395000 	C:\Program Files\RedHat\java-1.8.0-openjdk-1.8.0.452-1\jre\bin\vcruntime140.dll
0x00007ffad1170000 - 0x00007ffad120b000 	C:\Program Files\RedHat\java-1.8.0-openjdk-1.8.0.452-1\jre\bin\msvcp140.dll
0x0000000075370000 - 0x0000000075c3a000 	C:\Program Files\RedHat\java-1.8.0-openjdk-1.8.0.452-1\jre\bin\server\jvm.dll
0x00007ffb09410000 - 0x00007ffb09418000 	C:\WINDOWS\System32\PSAPI.DLL
0x00007ffafa650000 - 0x00007ffafa659000 	C:\WINDOWS\SYSTEM32\WSOCK32.dll
0x00007ffafb040000 - 0x00007ffafb064000 	C:\WINDOWS\SYSTEM32\WINMM.dll
0x00007ffafc530000 - 0x00007ffafc53a000 	C:\WINDOWS\SYSTEM32\VERSION.dll
0x00007ffaface0000 - 0x00007ffafad0d000 	C:\WINDOWS\SYSTEM32\WINMMBASE.dll
0x00007ffb05f70000 - 0x00007ffb05fba000 	C:\WINDOWS\System32\cfgmgr32.dll
0x00007ffb05970000 - 0x00007ffb05981000 	C:\WINDOWS\System32\kernel.appcore.dll
0x00007ffb023b0000 - 0x00007ffb023c0000 	C:\Program Files\RedHat\java-1.8.0-openjdk-1.8.0.452-1\jre\bin\verify.dll
0x00007ffaefbd0000 - 0x00007ffaefbfb000 	C:\Program Files\RedHat\java-1.8.0-openjdk-1.8.0.452-1\jre\bin\java.dll
0x00007ffac01a0000 - 0x00007ffac1b76000 	C:\PROGRA~1\DYNATR~1\oneagent\agent\bin\131568~1.202\WINDOW~2\oneagentjava.dll
0x00007ffb07740000 - 0x00007ffb08c38000 	C:\WINDOWS\System32\SHELL32.dll
0x00007ffafbf40000 - 0x00007ffafbf4c000 	C:\WINDOWS\SYSTEM32\Secur32.dll
0x00007ffb07330000 - 0x00007ffb073d7000 	C:\WINDOWS\System32\shcore.dll
0x00007ffb064a0000 - 0x00007ffb06be8000 	C:\WINDOWS\System32\windows.storage.dll
0x00007ffb05990000 - 0x00007ffb059b3000 	C:\WINDOWS\System32\profapi.dll
0x00007ffb059c0000 - 0x00007ffb05a1d000 	C:\WINDOWS\System32\powrprof.dll
0x00007ffb08ec0000 - 0x00007ffb08f16000 	C:\WINDOWS\System32\shlwapi.dll
0x00007ffb05f50000 - 0x00007ffb05f6b000 	C:\WINDOWS\System32\cryptsp.dll
0x00007ffb08f20000 - 0x00007ffb09077000 	C:\WINDOWS\System32\ole32.dll
0x00007ffb06de0000 - 0x00007ffb06ea4000 	C:\WINDOWS\System32\OLEAUT32.dll
0x00007ffb04b30000 - 0x00007ffb04b6d000 	C:\WINDOWS\SYSTEM32\IPHLPAPI.DLL
0x00007ffb05880000 - 0x00007ffb058af000 	C:\WINDOWS\SYSTEM32\SSPICLI.DLL
0x00007ffb05010000 - 0x00007ffb0501c000 	C:\WINDOWS\SYSTEM32\CRYPTBASE.DLL
0x00007ffb049f0000 - 0x00007ffb04a21000 	C:\WINDOWS\SYSTEM32\ntmarta.dll
0x00007ffafb6f0000 - 0x00007ffafb706000 	c:\windows\system32\napinsp.dll
0x00007ffb04e40000 - 0x00007ffb04ea7000 	c:\windows\System32\mswsock.dll
0x00007ffb04b70000 - 0x00007ffb04c36000 	C:\WINDOWS\SYSTEM32\DNSAPI.dll
0x00007ffb094c0000 - 0x00007ffb094c8000 	C:\WINDOWS\System32\NSI.dll
0x00007ffafacd0000 - 0x00007ffafacde000 	c:\windows\System32\winrnr.dll
0x00007ffb00980000 - 0x00007ffb0099b000 	c:\windows\system32\NLAapi.dll
0x00007ffafaa80000 - 0x00007ffafaa95000 	c:\windows\system32\wshbth.dll
0x00007ffb02db0000 - 0x00007ffb02dc6000 	C:\WINDOWS\SYSTEM32\dhcpcsvc6.DLL
0x00007ffb02d30000 - 0x00007ffb02d4c000 	C:\WINDOWS\SYSTEM32\dhcpcsvc.DLL
0x00007ffb04960000 - 0x00007ffb04993000 	c:\windows\system32\rsaenh.dll
0x00007ffb008a0000 - 0x00007ffb008aa000 	C:\Windows\System32\rasadhlp.dll
0x00007ffb02e30000 - 0x00007ffb02ea9000 	c:\windows\System32\fwpuclnt.dll
0x00007ffaefbb0000 - 0x00007ffaefbc8000 	C:\Program Files\RedHat\java-1.8.0-openjdk-1.8.0.452-1\jre\bin\zip.dll
0x00007ffb004c0000 - 0x00007ffb004cd000 	C:\Program Files\RedHat\java-1.8.0-openjdk-1.8.0.452-1\jre\bin\management.dll
0x00007ffae3d10000 - 0x00007ffae3d2c000 	C:\Program Files\RedHat\java-1.8.0-openjdk-1.8.0.452-1\jre\bin\net.dll
0x00007ffae3cf0000 - 0x00007ffae3d03000 	C:\Program Files\RedHat\java-1.8.0-openjdk-1.8.0.452-1\jre\bin\nio.dll
0x00007ffb05850000 - 0x00007ffb05879000 	C:\WINDOWS\SYSTEM32\USERENV.dll
0x00007ffae0d70000 - 0x00007ffae0d94000 	C:\Program Files\RedHat\java-1.8.0-openjdk-1.8.0.452-1\jre\bin\sunec.dll
0x00007ffaff410000 - 0x00007ffaff41e000 	C:\Program Files\RedHat\java-1.8.0-openjdk-1.8.0.452-1\jre\bin\sunmscapi.dll
0x00007ffb05d30000 - 0x00007ffb05f46000 	C:\WINDOWS\System32\CRYPT32.dll
0x00007ffb05950000 - 0x00007ffb05962000 	C:\WINDOWS\System32\MSASN1.dll
0x00007ffb05110000 - 0x00007ffb0513c000 	C:\WINDOWS\SYSTEM32\ncrypt.dll
0x00007ffb050d0000 - 0x00007ffb0510c000 	C:\WINDOWS\SYSTEM32\NTASN1.dll
0x00007ffb02780000 - 0x00007ffb027ce000 	C:\WINDOWS\SYSTEM32\pdh.dll
0x00007ffadf130000 - 0x00007ffadf13f000 	c:\windows\System32\perfproc.dll
0x00007ffadf140000 - 0x00007ffadf14e000 	c:\windows\System32\perfos.dll
0x00007ffac29b0000 - 0x00007ffac2b99000 	C:\Program Files\RedHat\java-1.8.0-openjdk-1.8.0.452-1\jre\bin\awt.dll
0x00007ffb027d0000 - 0x00007ffb0285c000 	C:\WINDOWS\SYSTEM32\apphelp.dll

VM Arguments:
jvm_args: -Dspring.config.location=E:/pelican/ace.solution.ppay/svc-camel-sepa-pacs004/svc-camel-sepa.properties -Dlog4j2.configurationFile=file:E:/pelican/ace.solution.ppay/svc-camel-sepa-pacs004/log4j2.xml -Xbootclasspath/p: -XX:+HeapDumpOnOutOfMemoryError -XX:HeapDumpPath=E:/pelican/ace.solution.ppay/svc-camel-sepa-pacs004/vk/mydump -Dorg.apache.camel.jmx.disabled=true -Djava.library.path=E:/pelican/ace.ppay/conf/dependency-jars -Xrs -Dwrapper.service=true -Dwrapper.console.visible=false -Xms512m -Xmx2048m -Dwrapper.port=15021 -Dwrapper.key=-4611638860997078112 -Dwrapper.teeName=-4611638860997078112$1752176470373 -Dwrapper.tmp.path=C:\Users\ADMIN~1.NAR\AppData\Local\Temp -Djna.tmpdir=C:\Users\ADMIN~1.NAR\AppData\Local\Temp -Dwrapper.working.dir=E:\Pelican\ace.solution.ppay\svc-camel-sepa-pacs004 -Dwrapper.java.command=C:/Program Files/RedHat/java-1.8.0-openjdk-1.8.0.452-1/jre/bin/java -Dwrapper.ntservice.displayname=Pelican Camel SEPA Pacs004 Server -Dwrapper.ntservice.name=svc-camel-sepa-pacs004 -Dwrapper.additional.1x=-Xrs -Dwrapper.ntservice.description=Pelican Camel SEPA Pacs004 Server -Dwrapper.config=E:\Pelican\ace.solution.ppay\conf\wrapper-svc-camel-sepa-pacs004.conf -Dwrapper.app.pre.script=E:\Pelican\ace.pelican\conf\mapNetworkDrive.gv -agentpath:C:/PROGRA~1/DYNATR~1/oneagent/agent/bin/131568~1.202/WINDOW~2/oneagentjava.dll=loglevelcon=none,datastorage=C:\ProgramData\dynatrace\oneagent\datastorage,logdir=C:/ProgramData/dynatrace/oneagent/log 
java_command: org.rzo.yajsw.app.WrapperJVMMain
java_class_path (initial): /E:/Pelican/ace.solution.ppay/yajsw/./wrapperApp.jar;E:\Pelican\ace.solution.ppay\svc-camel-sepa-pacs004;E:\Pelican\ace.pelican\lib\dependency-jars\graal-sdk-20.2.0.jar;E:\Pelican\ace.pelican\lib\dependency-jars\js-20.2.0.jar;E:\Pelican\ace.pelican\lib\dependency-jars\regex-20.2.0.jar;E:\Pelican\ace.pelican\lib\dependency-jars\truffle-api-20.2.0.jar;E:\Pelican\ace.pelican\lib\dependency-jars\asm-9.2.0.redhat-00002.jar;E:\Pelican\ace.pelican\lib\dependency-jars\asm-tree-7.1.jar;E:\Pelican\ace.pelican\lib\dependency-jars\asm-analysis-7.1.jar;E:\Pelican\ace.pelican\lib\dependency-jars\asm-commons-7.1.jar;E:\Pelican\ace.pelican\lib\dependency-jars\asm-util-7.1.jar;E:\Pelican\ace.pelican\lib\dependency-jars\icu4j-67.1.jar;E:\Pelican\ace.pelican\lib\dependency-jars\js-scriptengine-20.2.0.jar;E:\Pelican\ace.pelican\lib\dependency-jars\profiler-20.2.0.jar;E:\Pelican\ace.pelican\lib\dependency-jars\json-20210307.jar;E:\Pelican\ace.pelican\lib\dependency-jars\jackson-databind-2.9.9.jar;E:\Pelican\ace.pelican\lib\dependency-jars\jackson-annotations-2.9.0.jar;E:\Pelican\ace.pelican\lib\dependency-jars\jackson-core-2.9.9.jar;E:\Pelican\ace.pelican\lib\dependency-jars\slf4j-api-1.7.25.jar;E:\Pelican\ace.pelican\lib\dependency-jars\commons-dbcp2-2.5.0.jar;E:\Pelican\ace.pelican\lib\dependency-jars\commons-pool2-2.6.1.jar;E:\Pelican\ace.pelican\lib\dependency-jars\HikariCP-3.2.0.jar;E:\Pelican\ace.pelican\lib\dependency-jars\camel-sql-starter-2.23.2.fuse-7_11_0-00037-redhat-00001.jar;E:\Pelican\ace.pelican\lib\dependency-jars\spring-boot-starter-2.5.13.jar;E:\Pelican\ace.pelican\lib\dependency-jars\spring-boot-2.5.13.jar;E:\Pelican\ace.pelican\lib\dependency-jars\spring-boot-autoconfigure-2.5.13.jar;E:\Pelican\ace.pelican\lib\dependency-jars\spring-boot-starter-logging-2.5.13.jar;E:\Pelican\ace.pelican\lib\dependency-jars\log4j-core-2.17.2.jar;E:\Pelican\ace.pelican\lib\dependency-jars\log4j-slf4j-impl-2.17.2.jar;E:\Pelican\ace.pelican\lib\dependency-ja
Launcher Type: SUN_STANDARD

Environment Variables:
PATH=;C:/Program Files/RedHat/java-1.8.0-openjdk-1.8.0.452-1/jre/bin;E:/pelican/ace.pelican/bin;
USERNAME=SRV_PEL-APL-ACP
OS=Windows_NT
PROCESSOR_IDENTIFIER=Intel64 Family 6 Model 85 Stepping 7, GenuineIntel



---------------  S Y S T E M  ---------------

OS: Windows Server 2019 , 64 bit Build 17763 (10.0.17763.7009)

CPU:total 8 (initial active 8) (1 cores per cpu, 1 threads per core) family 6 model 85 stepping 7, cmov, cx8, fxsr, mmx, sse, sse2, sse3, ssse3, sse4.1, sse4.2, popcnt, avx, avx2, aes, clmul, erms, 3dnowpref, lzcnt, tsc, tscinvbit, bmi1, bmi2, adx

Memory: 4k page, physical 50331056k(3765012k free), swap 100512876k(340k free)

vm_info: OpenJDK 64-Bit Server VM (25.452-b09) for windows-amd64 JRE (1.8.0_452-b09), built on Apr 12 2025 07:56:15 by "build" with MS VC++ 15.9 (VS2017)

time: Wed Jul 16 02:06:11 2025
timezone: Romance Daylight Time
elapsed time: 447886.680718 seconds (5d 4h 24m 46s)

