JvmtiExport can_access_local_variables 0
JvmtiExport can_hotswap_or_post_breakpoint 1
JvmtiExport can_post_on_exceptions 0
# 166 ciObject found
instanceKlass org/apache/logging/log4j/core/impl/ThrowableProxyRenderer
instanceKlass org/apache/logging/log4j/core/impl/ExtendedClassInfo
instanceKlass org/apache/logging/log4j/core/impl/ThrowableProxyHelper$CacheEntry
instanceKlass org/apache/logging/log4j/core/impl/ExtendedStackTraceElement
instanceKlass org/apache/logging/log4j/core/impl/ThrowableProxyHelper
instanceKlass org/apache/logging/log4j/util/PrivateSecurityManagerStackTraceUtil
instanceKlass java/lang/invoke/LambdaForm$MH
instanceKlass java/lang/invoke/LambdaForm$DMH
instanceKlass java/lang/invoke/LambdaForm$DMH
instanceKlass org/apache/camel/com/github/benmanes/caffeine/cache/BoundedLocalCache$$Lambda$1427
instanceKlass java/lang/invoke/LambdaForm$DMH
instanceKlass org/apache/camel/com/github/benmanes/caffeine/cache/BoundedLocalCache$$Lambda$1426
instanceKlass org/apache/camel/impl/DefaultInflightRepository$$Lambda$1425
instanceKlass org/apache/camel/impl/DefaultInflightRepository$InflightExchangeEntry
instanceKlass org/apache/camel/impl/DefaultInflightRepository$$Lambda$1424
instanceKlass org/apache/camel/util/CollectionStringBuffer
instanceKlass org/apache/camel/impl/DefaultShutdownStrategy$ShutdownDeferredConsumer
instanceKlass org/apache/camel/impl/DefaultShutdownStrategy$ShutdownTask
instanceKlass org/apache/camel/impl/DefaultShutdownStrategy$1
instanceKlass java/lang/Throwable$PrintStreamOrWriter
instanceKlass oracle/net/nt/DownHostsCacheKey
instanceKlass oracle/net/ns/Message11
instanceKlass oracle/net/ns/Message
instanceKlass java/util/Hashtable$1
instanceKlass org/ietf/jgss/GSSCredential
instanceKlass java/net/Inet6Address$1
instanceKlass com/hazelcast/client/impl/spi/impl/ClientClusterServiceImpl$1
instanceKlass com/hazelcast/client/impl/protocol/ClientMessage$1
instanceKlass javax/net/ssl/SNIServerName
instanceKlass sun/security/ssl/SSLSocketImpl$1
instanceKlass sun/security/ssl/SSLAuthentication
instanceKlass sun/security/ssl/SSLEngineOutputRecord$1
instanceKlass sun/security/ssl/KeyShareExtension$1
instanceKlass java/net/InetSocketAddress$1
instanceKlass sun/nio/cs/US_ASCII$1
instanceKlass sun/net/ProgressSource
instanceKlass com/dynatrace/agent/introspection/uem/UemAttribute
instanceKlass java/lang/StringCoding$1
instanceKlass org/apache/catalina/webresources/Cache$1
instanceKlass org/apache/camel/spi/SubUnitOfWorkCallback
instanceKlass com/hazelcast/cluster/impl/MemberImpl$1
instanceKlass com/hazelcast/instance/impl/HazelcastInstanceImpl
instanceKlass org/apache/camel/processor/MulticastProcessor$ParallelAggregateTask
instanceKlass com/hazelcast/client/impl/protocol/codec/MapReplaceIfSameCodec$ResponseParameters
instanceKlass com/hazelcast/client/impl/protocol/codec/MapReplaceIfSameCodec
instanceKlass org/apache/camel/com/github/benmanes/caffeine/cache/BoundedLocalCache$RemovalTask
instanceKlass ai/pelican/camel/component/aceq/handler/AuditHandler$3
instanceKlass org/springframework/jdbc/core/JdbcTemplate$$Lambda$1423
instanceKlass ai/pelican/camel/component/aceq/handler/DBWriterHandler
instanceKlass ai/pelican/camel/component/aceq/handler/AuditHandler$1
instanceKlass ai/pelican/camel/component/aceq/handler/AuditHandler
instanceKlass oracle/jdbc/driver/OraclePreparedStatement$BatchFIFONode
instanceKlass oracle/sql/CustomDatum
instanceKlass org/springframework/jdbc/core/InterruptibleBatchPreparedStatementSetter
instanceKlass org/springframework/jdbc/core/JdbcTemplate$$Lambda$1422
instanceKlass org/springframework/jdbc/core/namedparam/NamedParameterJdbcTemplate$1
instanceKlass ai/pelican/camel/component/aceq/handler/DBBatchWriterHandler
instanceKlass java/lang/invoke/LambdaForm$BMH
instanceKlass java/lang/invoke/LambdaForm$BMH
instanceKlass java/lang/invoke/LambdaForm$BMH
instanceKlass java/lang/invoke/LambdaForm$BMH
instanceKlass java/lang/invoke/LambdaForm$BMH
instanceKlass java/lang/invoke/LambdaForm$DMH
instanceKlass com/oracle/truffle/polyglot/HostObject$IsMemberReadable
instanceKlass java/lang/invoke/LambdaForm$BMH
instanceKlass java/lang/invoke/LambdaForm$BMH
instanceKlass java/lang/invoke/LambdaForm$BMH
instanceKlass java/lang/invoke/LambdaForm$BMH
instanceKlass java/lang/invoke/LambdaForm$BMH
instanceKlass java/lang/invoke/LambdaForm$DMH
instanceKlass com/oracle/truffle/polyglot/HostObject$IsMemberInvocable
instanceKlass java/lang/invoke/LambdaForm$BMH
instanceKlass java/lang/invoke/LambdaForm$BMH
instanceKlass java/lang/invoke/LambdaForm$BMH
instanceKlass java/lang/invoke/LambdaForm$DMH
instanceKlass java/lang/invoke/LambdaForm$BMH
instanceKlass java/lang/invoke/LambdaForm$DMH
instanceKlass java/lang/invoke/LambdaForm$BMH
instanceKlass java/lang/invoke/LambdaForm$BMH
instanceKlass java/lang/invoke/LambdaForm$BMH
instanceKlass java/lang/invoke/LambdaForm$BMH
instanceKlass java/lang/invoke/LambdaForm$DMH
instanceKlass java/lang/invoke/LambdaForm$DMH
instanceKlass java/lang/invoke/LambdaForm$BMH
instanceKlass java/lang/invoke/LambdaForm$BMH
instanceKlass java/lang/invoke/LambdaForm$BMH
instanceKlass java/lang/invoke/LambdaForm$DMH
instanceKlass java/lang/invoke/LambdaForm$DMH
instanceKlass java/lang/invoke/LambdaForm$BMH
instanceKlass java/lang/invoke/LambdaForm$BMH
instanceKlass java/lang/invoke/LambdaForm$BMH
instanceKlass java/lang/invoke/LambdaForm$DMH
instanceKlass java/lang/invoke/LambdaForm$BMH
instanceKlass java/lang/invoke/LambdaForm$DMH
instanceKlass java/lang/invoke/LambdaForm$DMH
instanceKlass java/lang/invoke/LambdaForm$DMH
instanceKlass java/lang/invoke/LambdaForm$BMH
instanceKlass java/lang/invoke/LambdaForm$BMH
instanceKlass java/lang/invoke/LambdaForm$DMH
instanceKlass java/lang/invoke/LambdaForm$BMH
instanceKlass java/lang/invoke/LambdaForm$BMH
instanceKlass java/lang/invoke/LambdaForm$DMH
instanceKlass java/lang/invoke/LambdaForm$DMH
instanceKlass java/lang/invoke/LambdaForm$BMH
instanceKlass java/lang/invoke/LambdaForm$BMH
instanceKlass java/lang/invoke/LambdaForm$DMH
instanceKlass com/oracle/truffle/polyglot/HostObject$ReadArrayElement
instanceKlass org/apache/camel/processor/aggregate/AggregateProcessor$AggregateOnCompletion
instanceKlass org/apache/camel/processor/aggregate/AggregateProcessor$1
instanceKlass org/apache/camel/processor/aggregate/CompletionAwareAggregationStrategy
instanceKlass java/lang/invoke/LambdaForm$BMH
instanceKlass java/lang/invoke/LambdaForm$BMH
instanceKlass java/lang/invoke/LambdaForm$BMH
instanceKlass java/lang/invoke/LambdaForm$BMH
instanceKlass java/lang/invoke/LambdaForm$BMH
instanceKlass java/lang/invoke/LambdaForm$BMH
instanceKlass java/lang/invoke/LambdaForm$BMH
instanceKlass java/lang/invoke/LambdaForm$BMH
instanceKlass java/lang/invoke/LambdaForm$BMH
instanceKlass java/lang/invoke/LambdaForm$BMH
instanceKlass java/lang/invoke/LambdaForm$BMH
instanceKlass java/lang/invoke/LambdaForm$BMH
instanceKlass java/lang/invoke/LambdaForm$BMH
instanceKlass java/lang/invoke/LambdaForm$BMH
instanceKlass java/lang/invoke/LambdaForm$BMH
instanceKlass org/apache/commons/httpclient/util/ExceptionUtil
instanceKlass java/lang/invoke/LambdaForm$BMH
instanceKlass com/oracle/truffle/api/ArrayUtils
instanceKlass java/lang/invoke/LambdaForm$BMH
instanceKlass java/lang/invoke/LambdaForm$BMH
instanceKlass java/lang/invoke/LambdaForm$BMH
instanceKlass com/oracle/truffle/regex/tregex/nodes/dfa/AllTransitionsInOneTreeMatcher
instanceKlass com/oracle/truffle/regex/tregex/nodes/dfa/DFASimpleCG
instanceKlass com/oracle/truffle/regex/tregex/nodes/dfa/DFACaptureGroupLazyTransition
instanceKlass com/oracle/truffle/regex/tregex/nodes/dfa/TRegexDFAExecutorDebugRecorder
instanceKlass com/oracle/truffle/regex/tregex/util/MathUtil
instanceKlass com/oracle/truffle/regex/charset/CompressedCodePointSet
instanceKlass com/oracle/truffle/regex/charset/CharMatchers
instanceKlass com/oracle/truffle/regex/tregex/dfa/DFAGenerator$$Lambda$1421
instanceKlass com/oracle/truffle/regex/charset/ImmutableSortedListOfRanges$IntersectAndSubtractResult
instanceKlass com/oracle/truffle/regex/tregex/nodes/dfa/Matchers$Builder
instanceKlass com/oracle/truffle/regex/tregex/dfa/DFAGenerator
instanceKlass com/oracle/truffle/regex/tregex/nodes/dfa/TRegexDFAExecutorProperties
instanceKlass java/lang/invoke/LambdaForm$BMH
instanceKlass java/lang/invoke/LambdaForm$BMH
instanceKlass java/lang/invoke/LambdaForm$BMH
instanceKlass ai/pelican/camel/interfaces/FileDBBatchDetails
instanceKlass com/oracle/truffle/api/nodes/EncapsulatingNodeReference
instanceKlass com/oracle/truffle/js/builtins/RegExpPrototypeBuiltins$JSRegExpReplaceNode$ReplaceStringConsumer
instanceKlass java/lang/invoke/LambdaForm$BMH
instanceKlass java/lang/invoke/LambdaForm$BMH
instanceKlass java/lang/invoke/LambdaForm$BMH
instanceKlass java/time/LocalTime$1
instanceKlass java/time/format/DateTimeFormatterBuilder$3
instanceKlass sun/util/locale/provider/CalendarDataUtility$CalendarFieldValueNameGetter
instanceKlass sun/util/resources/LocaleData$2
instanceKlass sun/util/locale/provider/CalendarNameProviderImpl$LengthBasedComparator
instanceKlass sun/util/locale/provider/CalendarDataUtility$CalendarFieldValueNamesMapGetter
instanceKlass java/time/ZonedDateTime$1
instanceKlass java/time/format/DateTimePrintContext
instanceKlass com/oracle/truffle/js/nodes/cast/JSToPrimitiveNode$1
instanceKlass com/oracle/truffle/js/builtins/ObjectPrototypeBuiltins$1
instanceKlass com/oracle/truffle/js/builtins/BooleanPrototypeBuiltins$1
instanceKlass com/oracle/truffle/polyglot/HostObject$IsInstantiable
instanceKlass org/w3c/dom/Notation
instanceKlass org/w3c/dom/Entity
instanceKlass org/w3c/dom/ranges/Range
instanceKlass org/w3c/dom/traversal/TreeWalker
instanceKlass org/w3c/dom/traversal/NodeIterator
instanceKlass org/w3c/dom/traversal/NodeFilter
instanceKlass com/oracle/truffle/polyglot/HostObjectFactory$LookupFunctionalMethodNodeGen$CachedData
instanceKlass com/oracle/truffle/js/nodes/IntToLongTypeSystem
instanceKlass com/oracle/truffle/js/nodes/access/JSHasPropertyNodeGen$ArrayLongCachedData
instanceKlass com/oracle/truffle/js/nodes/access/PropertyGetNodeFactory$GetPropertyFromJSObjectNodeGen$JSObjectCachedData
instanceKlass com/oracle/truffle/js/nodes/access/PropertyGetNodeFactory
instanceKlass com/oracle/truffle/js/builtins/GlobalBuiltinsFactory
instanceKlass java/lang/invoke/LambdaForm$BMH
instanceKlass com/hazelcast/client/impl/protocol/codec/MapPutCodec$$Lambda$1420
instanceKlass com/hazelcast/client/impl/protocol/codec/MapPutCodec$ResponseParameters
instanceKlass com/hazelcast/client/impl/protocol/codec/MapPutCodec
instanceKlass java/lang/invoke/LambdaForm$BMH
instanceKlass java/lang/invoke/LambdaForm$BMH
instanceKlass java/lang/invoke/LambdaForm$BMH
instanceKlass java/lang/invoke/LambdaForm$BMH
instanceKlass java/lang/invoke/LambdaForm$BMH
instanceKlass java/lang/invoke/LambdaForm$BMH
instanceKlass java/lang/invoke/LambdaForm$DMH
instanceKlass java/lang/invoke/LambdaForm$DMH
instanceKlass com/oracle/truffle/js/runtime/objects/JSLazyStringGen
instanceKlass java/lang/invoke/LambdaForm$BMH
instanceKlass com/oracle/truffle/polyglot/HostFunctionGen
instanceKlass com/oracle/truffle/polyglot/HostFunction
instanceKlass java/lang/invoke/LambdaForm$BMH
instanceKlass java/lang/invoke/LambdaForm$BMH
instanceKlass com/oracle/truffle/js/builtins/math/CeilNodeGen$CeilReturnsDoubleData
instanceKlass com/oracle/truffle/js/builtins/math/MathBuiltins$1
instanceKlass com/oracle/truffle/js/nodes/function/JSBuiltinNode$Inlined
instanceKlass com/oracle/truffle/regex/tregex/parser/ast/visitors/NFATraversalRegexASTVisitor$1
instanceKlass com/oracle/truffle/regex/tregex/parser/ast/CalcASTPropsVisitor$1
instanceKlass java/util/jar/JarFile$1
instanceKlass com/oracle/truffle/js/nodes/array/JSArrayNextElementIndexNodeGen$WithoutHolesCachedData
instanceKlass com/oracle/truffle/js/nodes/array/ArrayLengthNodeFactory$ArrayLengthReadNodeGen$LongLengthData
instanceKlass com/oracle/truffle/js/nodes/array/ArrayLengthNodeFactory$ArrayLengthReadNodeGen$IntLengthData
instanceKlass com/oracle/truffle/js/nodes/array/ArrayLengthNodeFactory
instanceKlass com/oracle/truffle/js/builtins/ArrayPrototypeBuiltins$1
instanceKlass com/oracle/truffle/js/runtime/array/dyn/AbstractWritableArray$1
instanceKlass com/oracle/truffle/js/runtime/array/dyn/AbstractWritableArray$SetSupportedProfileAccess
instanceKlass com/oracle/truffle/js/builtins/DatePrototypeBuiltins$1
instanceKlass com/oracle/truffle/js/builtins/ConstructorBuiltins$1
instanceKlass java/lang/invoke/LambdaForm$BMH
instanceKlass com/oracle/truffle/js/nodes/cast/ToArrayIndexNodeGen$ConvertFromStringData
instanceKlass org/apache/camel/support/SynchronizationAdapter
instanceKlass org/apache/camel/spi/SynchronizationVetoable
instanceKlass org/apache/camel/component/http/HttpProducer$$Lambda$1419
instanceKlass org/apache/camel/converter/stream/FileInputStreamCache$TempFileManager
instanceKlass org/apache/camel/util/GZIPHelper
instanceKlass org/apache/commons/httpclient/HttpMethodBase$1
instanceKlass org/apache/commons/httpclient/StatusLine
instanceKlass org/apache/commons/httpclient/HttpParser
instanceKlass org/apache/commons/httpclient/util/ParameterFormatter
instanceKlass org/apache/commons/httpclient/cookie/IgnoreCookiesSpec
instanceKlass org/apache/commons/httpclient/cookie/CookieVersionSupport
instanceKlass org/apache/commons/httpclient/cookie/CookieSpecBase
instanceKlass org/apache/commons/httpclient/cookie/CookieSpec
instanceKlass org/apache/commons/httpclient/cookie/CookiePolicy
instanceKlass org/apache/commons/httpclient/Wire
instanceKlass org/apache/commons/httpclient/MultiThreadedHttpConnectionManager$ConnectionSource
instanceKlass org/apache/commons/httpclient/MultiThreadedHttpConnectionManager$HostConnectionPool
instanceKlass org/apache/commons/httpclient/util/LangUtils
instanceKlass org/apache/commons/httpclient/auth/AuthChallengeProcessor
instanceKlass org/apache/commons/httpclient/HttpMethodDirector
instanceKlass java/util/Collections$CheckedCollection
instanceKlass java/util/Collections$CheckedMap
instanceKlass java/util/Collections$ReverseComparator
instanceKlass com/hazelcast/map/listener/MapPartitionLostListener
instanceKlass com/hazelcast/aggregation/Aggregator
instanceKlass com/hazelcast/config/IndexConfig
instanceKlass com/hazelcast/map/listener/MapListener
instanceKlass com/hazelcast/map/EntryProcessor
instanceKlass com/hazelcast/projection/Projection
instanceKlass com/hazelcast/query/Predicate
instanceKlass com/hazelcast/map/MapInterceptor
instanceKlass org/apache/commons/httpclient/NameValuePair
instanceKlass org/apache/camel/util/ObjectHelper$5$1
instanceKlass org/apache/camel/util/ObjectHelper$5
instanceKlass org/apache/commons/httpclient/protocol/DefaultProtocolSocketFactory
instanceKlass org/apache/commons/httpclient/protocol/SecureProtocolSocketFactory
instanceKlass org/apache/commons/httpclient/protocol/ProtocolSocketFactory
instanceKlass org/apache/commons/httpclient/protocol/Protocol
instanceKlass org/apache/commons/codec/net/URLCodec
instanceKlass org/apache/commons/codec/StringDecoder
instanceKlass org/apache/commons/codec/StringEncoder
instanceKlass org/apache/commons/codec/BinaryDecoder
instanceKlass org/apache/commons/codec/Decoder
instanceKlass org/apache/commons/codec/BinaryEncoder
instanceKlass org/apache/commons/codec/Encoder
instanceKlass org/apache/commons/httpclient/util/EncodingUtil
instanceKlass org/apache/commons/httpclient/HttpHost
instanceKlass org/apache/commons/httpclient/URI$LocaleToCharsetMap
instanceKlass org/apache/commons/httpclient/URI
instanceKlass org/apache/commons/httpclient/auth/AuthState
instanceKlass org/apache/commons/httpclient/HeaderGroup
instanceKlass org/apache/commons/httpclient/ResponseConsumedWatcher
instanceKlass org/apache/commons/httpclient/HttpMethodBase
instanceKlass org/apache/commons/httpclient/methods/InputStreamRequestEntity
instanceKlass org/apache/camel/http/common/HttpHelper
instanceKlass org/apache/camel/processor/SendDynamicProcessor$1$1
instanceKlass org/apache/commons/httpclient/HostConfiguration
instanceKlass org/apache/commons/httpclient/HttpState
instanceKlass com/dynatrace/agent/introspection/agentcore/ApacheHttpClientTechnologyDetector$1
instanceKlass com/dynatrace/agent/introspection/agentcore/ApacheHttpClientTechnologyDetector$3
instanceKlass org/apache/camel/processor/SendDynamicProcessor$1
instanceKlass org/apache/commons/httpclient/util/IdleConnectionHandler
instanceKlass org/apache/commons/httpclient/MultiThreadedHttpConnectionManager$ConnectionPool
instanceKlass org/apache/commons/httpclient/HttpConnection
instanceKlass org/apache/commons/httpclient/MultiThreadedHttpConnectionManager
instanceKlass org/apache/commons/httpclient/DefaultHttpMethodRetryHandler
instanceKlass org/apache/commons/httpclient/HttpMethodRetryHandler
instanceKlass org/apache/commons/httpclient/SimpleHttpConnectionManager
instanceKlass org/apache/commons/httpclient/HttpVersion
instanceKlass org/apache/commons/httpclient/params/DefaultHttpParamsFactory
instanceKlass org/apache/commons/httpclient/params/HttpParamsFactory
instanceKlass org/apache/camel/http/common/UrlRewrite
instanceKlass org/apache/camel/util/function/Suppliers$$Lambda$1418
instanceKlass org/apache/camel/component/http/HttpComponent$$Lambda$1417
instanceKlass org/apache/camel/component/extension/ComponentVerifierExtension$VerificationError$Attribute
instanceKlass org/apache/commons/httpclient/HttpMethod
instanceKlass org/apache/camel/component/extension/ComponentVerifierExtension$VerificationError$Code
instanceKlass org/apache/camel/component/extension/verifier/DefaultComponentVerifierExtension
instanceKlass org/apache/camel/ComponentAware
instanceKlass org/apache/camel/cloud/DiscoverableService
instanceKlass org/apache/commons/httpclient/params/DefaultHttpParams
instanceKlass org/apache/commons/httpclient/params/HttpParams
instanceKlass org/apache/commons/httpclient/HttpConnectionManager
instanceKlass org/apache/camel/component/http/HttpClientConfigurer
instanceKlass org/apache/camel/impl/cloud/DefaultServiceCallProcessor$$Lambda$1416
instanceKlass org/apache/camel/impl/cloud/DefaultServiceCallProcessor$$Lambda$1415
instanceKlass org/apache/camel/impl/cloud/BlacklistServiceFilter$$Lambda$1414
instanceKlass org/apache/camel/impl/cloud/BlacklistServiceFilter$$Lambda$1413
instanceKlass org/apache/camel/impl/cloud/HealthyServiceFilter$$Lambda$1412
instanceKlass org/apache/camel/impl/cloud/StaticServiceDiscovery$$Lambda$1411
instanceKlass org/apache/camel/impl/cloud/DefaultServiceCallProcessor$$Lambda$1410
instanceKlass org/apache/camel/cloud/ServiceLoadBalancerFunction
instanceKlass com/oracle/truffle/js/builtins/helper/ReplaceStringParser$1
instanceKlass org/w3c/dom/events/Event
instanceKlass org/w3c/dom/events/EventListener
instanceKlass java/lang/invoke/LambdaForm$BMH
instanceKlass java/lang/invoke/LambdaForm$BMH
instanceKlass java/lang/invoke/LambdaForm$BMH
instanceKlass java/lang/invoke/LambdaForm$MH
instanceKlass java/lang/invoke/LambdaForm$DMH
instanceKlass java/lang/invoke/MethodHandles$1
instanceKlass java/lang/invoke/LambdaForm$BMH
instanceKlass java/lang/invoke/LambdaForm$DMH
instanceKlass java/lang/invoke/LambdaForm$DMH
instanceKlass sun/invoke/util/ValueConversions$1
instanceKlass java/lang/invoke/LambdaForm$BMH
instanceKlass java/lang/invoke/LambdaForm$BMH
instanceKlass com/oracle/truffle/js/runtime/objects/JSLazyString$JSLazyIntWrapper
instanceKlass java/lang/invoke/LambdaForm$BMH
instanceKlass java/lang/invoke/LambdaForm$BMH
instanceKlass java/lang/invoke/LambdaForm$BMH
instanceKlass java/lang/invoke/LambdaForm$BMH
instanceKlass java/lang/invoke/LambdaForm$BMH
instanceKlass java/lang/invoke/LambdaForm$BMH
instanceKlass java/lang/invoke/LambdaForm$BMH
instanceKlass java/lang/invoke/LambdaForm$BMH
instanceKlass java/lang/invoke/LambdaForm$BMH
instanceKlass java/lang/invoke/LambdaForm$BMH
instanceKlass com/sun/org/apache/xalan/internal/xsltc/DOM
instanceKlass com/sun/org/apache/xalan/internal/xsltc/Translet
instanceKlass com/sun/org/apache/xalan/internal/xsltc/compiler/XSLTC
instanceKlass javax/xml/transform/sax/TemplatesHandler
instanceKlass javax/xml/transform/sax/TransformerHandler
instanceKlass javax/xml/transform/Templates
instanceKlass java/lang/invoke/LambdaForm$BMH
instanceKlass java/lang/invoke/LambdaForm$BMH
instanceKlass java/lang/invoke/LambdaForm$MH
instanceKlass com/oracle/truffle/js/nodes/cast/JSDoubleToStringNodeGen$DoubleData
instanceKlass oracle/jdbc/replay/driver/TxnReplayableBase
instanceKlass oracle/jdbc/replay/driver/JDBCReplayable
instanceKlass oracle/jdbc/oracore/PickleContext
instanceKlass oracle/jdbc/oracore/TDSPatch
instanceKlass oracle/jdbc/oracore/TDSReader
instanceKlass oracle/jdbc/oracore/Util
instanceKlass oracle/sql/SQLName
instanceKlass oracle/jdbc/replay/ReplayableConnection
instanceKlass oracle/sql/ConcreteProxyUtil
instanceKlass java/sql/SQLInput
instanceKlass oracle/jdbc/internal/OracleTypeMetaData$Opaque
instanceKlass oracle/jdbc/OracleTypeMetaData$Opaque
instanceKlass ai/pelican/camel/interfaces/SplitterHelper$2
instanceKlass ai/pelican/camel/interfaces/SplitterHelper$1
instanceKlass org/apache/camel/converter/jaxp/XmlErrorListener
instanceKlass com/sun/org/apache/xalan/internal/XalanConstants
instanceKlass com/sun/org/apache/xerces/internal/dom/CoreDOMImplementationImpl
instanceKlass org/w3c/dom/ls/DOMImplementationLS
instanceKlass org/apache/camel/util/ObjectHelper$3$1
instanceKlass org/apache/camel/util/ObjectHelper$3
instanceKlass com/sun/org/apache/xpath/internal/axes/NodeSequence$IteratorCache
instanceKlass com/sun/org/apache/xml/internal/dtm/ref/DTMNodeListBase
instanceKlass com/sun/org/apache/xpath/internal/compiler/Token
instanceKlass com/sun/org/apache/xml/internal/utils/XMLString
instanceKlass com/sun/org/apache/xml/internal/utils/FastStringBuffer
instanceKlass com/sun/org/apache/xml/internal/utils/ObjectPool
instanceKlass com/sun/org/apache/xml/internal/utils/StringBufferPool
instanceKlass com/sun/org/apache/xml/internal/utils/XMLCharacterRecognizer
instanceKlass com/sun/org/apache/xml/internal/dtm/DTMAxisTraverser
instanceKlass com/sun/org/apache/xml/internal/dtm/Axis
instanceKlass com/sun/org/apache/xpath/internal/objects/Comparator
instanceKlass com/sun/org/apache/xml/internal/dtm/ref/dom2dtm/DOM2DTMdefaultNamespaceDeclarationNode
instanceKlass com/sun/org/apache/xml/internal/utils/TreeWalker
instanceKlass com/sun/org/apache/xml/internal/utils/SuballocatedIntVector
instanceKlass com/sun/org/apache/xml/internal/dtm/ref/DTMDefaultBase
instanceKlass com/sun/org/apache/xml/internal/dtm/ref/DTMNodeProxy
instanceKlass com/sun/org/apache/xml/internal/dtm/ref/ExpandedNameTable$HashEntry
instanceKlass com/sun/org/apache/xml/internal/dtm/ref/ExtendedType
instanceKlass com/sun/org/apache/xml/internal/dtm/ref/ExpandedNameTable
instanceKlass com/sun/org/apache/xml/internal/dtm/DTM
instanceKlass com/sun/org/apache/xml/internal/utils/XMLStringFactory
instanceKlass com/sun/org/apache/xpath/internal/XPathContext$XPathExpressionContext
instanceKlass com/sun/org/apache/xalan/internal/extensions/ExpressionContext
instanceKlass com/sun/org/apache/xml/internal/utils/NodeVector
instanceKlass com/sun/org/apache/xpath/internal/SourceTreeManager
instanceKlass com/sun/org/apache/xpath/internal/VariableStack
instanceKlass com/sun/org/apache/xml/internal/utils/IntVector
instanceKlass com/sun/org/apache/xml/internal/dtm/DTMManager
instanceKlass com/sun/org/apache/xpath/internal/jaxp/JAXPExtensionsProvider
instanceKlass com/sun/org/apache/xpath/internal/ExtensionsProvider
instanceKlass org/apache/camel/util/MessageHelper
instanceKlass org/apache/camel/builder/xml/XPathBuilder$7
instanceKlass org/apache/camel/processor/MulticastProcessor$2
instanceKlass org/apache/camel/util/ObjectHelper$1
instanceKlass sun/misc/LRUCache
instanceKlass org/apache/camel/support/TokenXMLExpressionIterator$XMLTokenIterator
instanceKlass java/lang/invoke/LambdaForm$BMH
instanceKlass java/lang/invoke/LambdaForm$BMH
instanceKlass java/lang/invoke/LambdaForm$BMH
instanceKlass com/oracle/truffle/js/builtins/StringPrototypeBuiltins$JSStringReplaceBaseNode$ReplaceStringConsumer
instanceKlass com/oracle/truffle/js/builtins/helper/ReplaceStringParser$Token
instanceKlass com/oracle/truffle/js/builtins/helper/ReplaceStringParser$TokenConsumer
instanceKlass com/oracle/truffle/js/builtins/helper/ReplaceStringParser
instanceKlass com/oracle/truffle/js/builtins/StringPrototypeBuiltinsFactory$JSStringReplaceNodeGen$ReplaceStringCachedData
instanceKlass com/oracle/truffle/js/builtins/helper/ReplaceStringParser$Consumer
instanceKlass com/oracle/truffle/js/nodes/unary/JSIsNullOrUndefinedNodeGen$JSValueCachedData
instanceKlass com/oracle/truffle/js/nodes/unary/JSIsNullOrUndefinedNodeGen$JSObjectCachedTypeData
instanceKlass com/oracle/truffle/js/nodes/unary/JSIsNullOrUndefinedNodeGen$JSObjectCachedShapeData
instanceKlass com/oracle/truffle/js/builtins/StringPrototypeBuiltinsFactory
instanceKlass com/oracle/truffle/regex/tregex/string/AbstractStringIterator
instanceKlass com/oracle/truffle/regex/tregex/string/StringUTF16
instanceKlass com/oracle/truffle/regex/result/PreCalculatedResultFactory
instanceKlass com/oracle/truffle/js/nodes/binary/JSIdenticalNodeGen$NumberCachedData
instanceKlass com/oracle/truffle/js/nodes/binary/JSIdenticalNodeGen$DifferentTypesCachedData
instanceKlass com/oracle/truffle/js/nodes/CompileRegexNodeGen$GetCachedData
instanceKlass com/oracle/truffle/js/nodes/binary/JSConcatStringsNodeGen$ConcatData
instanceKlass com/oracle/truffle/js/nodes/cast/JSTrimWhitespaceNodeGen$StringData
instanceKlass com/oracle/truffle/js/builtins/StringPrototypeBuiltins$1
instanceKlass com/oracle/truffle/regex/result/RegexResultFactory
instanceKlass com/oracle/truffle/regex/result/RegexResultFactory$IsInvocableCacheNodeGen$CacheEqualsData
instanceKlass com/oracle/truffle/regex/result/RegexResultFactory$IsInvocableCacheNodeGen$CacheIdentityData
instanceKlass com/oracle/truffle/regex/result/RegexResultGen$InteropLibraryExports$Cached$ReadMemberReadEqualsData
instanceKlass com/oracle/truffle/regex/result/RegexResultGen$InteropLibraryExports$Cached$ReadMemberReadIdentityData
instanceKlass com/oracle/truffle/regex/result/RegexResultGen$InteropLibraryExports$Cached$IsMemberReadableCacheEqualsData
instanceKlass com/oracle/truffle/regex/result/RegexResultGen$InteropLibraryExports$Cached$IsMemberReadableCacheIdentityData
instanceKlass com/oracle/truffle/regex/result/RegexResultGen
instanceKlass com/oracle/truffle/regex/RegexProfile
instanceKlass com/oracle/truffle/regex/CompiledRegexObject
instanceKlass com/oracle/truffle/regex/tregex/TRegexCompilationRequest$$Lambda$1409
instanceKlass java/util/Tripwire$$Lambda$1408
instanceKlass java/util/Tripwire
instanceKlass com/oracle/truffle/regex/util/BitSets$BitSetIterator
instanceKlass com/oracle/truffle/regex/tregex/nodes/TRegexExecutorLocals
instanceKlass com/oracle/truffle/regex/tregex/nfa/NFA
instanceKlass com/oracle/truffle/regex/tregex/nfa/QuantifierGuard
instanceKlass com/oracle/truffle/regex/tregex/buffer/ObjectArrayBuffer$ObjectBufferIterator
instanceKlass com/oracle/truffle/regex/tregex/automaton/StateTransitionCanonicalizer$$Lambda$1407
instanceKlass com/oracle/truffle/regex/tregex/automaton/TransitionSet
instanceKlass com/oracle/truffle/regex/tregex/automaton/TransitionBuilder
instanceKlass com/oracle/truffle/regex/tregex/nfa/ASTTransition
instanceKlass com/oracle/truffle/regex/tregex/nfa/ASTSuccessor
instanceKlass com/oracle/truffle/regex/tregex/nfa/ASTStep
instanceKlass com/oracle/truffle/regex/tregex/automaton/StateSetImpl$StateListIterator
instanceKlass com/oracle/truffle/regex/tregex/automaton/StateSetImpl$StateSetIterator
instanceKlass com/oracle/truffle/regex/tregex/parser/ast/GroupBoundaries
instanceKlass com/oracle/truffle/regex/tregex/nfa/NFAStateTransition
instanceKlass com/oracle/truffle/regex/tregex/automaton/BasicState
instanceKlass com/oracle/truffle/regex/tregex/automaton/StateTransitionCanonicalizer
instanceKlass com/oracle/truffle/regex/tregex/automaton/AbstractTransition
instanceKlass com/oracle/truffle/regex/tregex/nfa/NFAGenerator
instanceKlass com/oracle/truffle/regex/literal/LiteralRegexEngine
instanceKlass com/oracle/truffle/regex/tregex/automaton/StateSetImpl
instanceKlass com/oracle/truffle/regex/tregex/automaton/StateSet$1
instanceKlass com/oracle/truffle/regex/tregex/automaton/StateSet
instanceKlass com/oracle/truffle/regex/tregex/parser/ast/visitors/NFATraversalRegexASTVisitor
instanceKlass com/oracle/truffle/regex/tregex/parser/RegexParser$$Lambda$1406
instanceKlass com/oracle/truffle/regex/tregex/parser/RegexParser$1
instanceKlass com/oracle/truffle/regex/tregex/parser/ast/visitors/RegexASTVisitor
instanceKlass com/oracle/truffle/regex/tregex/automaton/SimpleStateIndex
instanceKlass com/oracle/truffle/regex/tregex/parser/RegexProperties
instanceKlass com/oracle/truffle/regex/tregex/parser/Counter
instanceKlass com/oracle/truffle/regex/tregex/parser/ast/RegexAST
instanceKlass com/oracle/truffle/regex/tregex/automaton/StateIndex
instanceKlass com/oracle/truffle/regex/tregex/parser/ast/visitors/RegexASTVisitorIterable
instanceKlass com/oracle/truffle/regex/tregex/automaton/AbstractState
instanceKlass com/oracle/truffle/regex/tregex/parser/ast/RegexASTNode
instanceKlass com/oracle/truffle/regex/tregex/parser/RegexParser
instanceKlass com/oracle/truffle/regex/tregex/TRegexCompilationRequest$$Lambda$1405
instanceKlass com/oracle/truffle/regex/tregex/buffer/CompilationBuffer
instanceKlass com/oracle/truffle/regex/tregex/util/Loggers
instanceKlass com/oracle/truffle/regex/RegexProfile$TracksRegexProfile
instanceKlass com/oracle/truffle/regex/tregex/TRegexCompilationRequest
instanceKlass com/oracle/truffle/regex/RegexObjectFactory
instanceKlass com/oracle/truffle/regex/RegexObjectFactory$GetCompiledRegexNodeGen$ExecuteFixedData
instanceKlass com/oracle/truffle/regex/RegexObjectFactory$IsInvocableCacheNodeGen$CacheEqualsData
instanceKlass com/oracle/truffle/regex/RegexObjectFactory$IsInvocableCacheNodeGen$CacheIdentityData
instanceKlass com/oracle/truffle/regex/AbstractConstantKeysObjectGen$InteropLibraryExports$Cached$ReadMemberReadEqualsData
instanceKlass com/oracle/truffle/regex/AbstractConstantKeysObjectGen$InteropLibraryExports$Cached$ReadMemberReadIdentityData
instanceKlass com/oracle/truffle/regex/AbstractConstantKeysObjectGen$InteropLibraryExports$Cached$IsMemberReadableCacheEqualsData
instanceKlass com/oracle/truffle/regex/AbstractConstantKeysObjectGen$InteropLibraryExports$Cached$IsMemberReadableCacheIdentityData
instanceKlass com/oracle/truffle/js/builtins/helper/JSRegExpExecIntlNodeGen$JSRegExpExecBuiltinNodeGen$CachedData
instanceKlass com/oracle/truffle/js/nodes/access/IsJSClassNodeGen$IsInstanceShapeData
instanceKlass com/oracle/truffle/js/builtins/helper/IsPristineObjectNodeGen$CachedData
instanceKlass com/oracle/truffle/js/builtins/RegExpPrototypeBuiltins$1
instanceKlass com/oracle/truffle/regex/util/TruffleNullGen
instanceKlass com/oracle/truffle/regex/AbstractConstantKeysObject$ReadMember
instanceKlass com/oracle/truffle/regex/AbstractConstantKeysObject$IsMemberReadable
instanceKlass com/oracle/truffle/regex/RegexObjectGen$InteropLibraryExports$Cached$ReadMemberReadEqualsData
instanceKlass com/oracle/truffle/regex/RegexObjectGen$InteropLibraryExports$Cached$ReadMemberReadIdentityData
instanceKlass com/oracle/truffle/regex/RegexObjectGen$InteropLibraryExports$Cached$IsMemberReadableCacheEqualsData
instanceKlass com/oracle/truffle/regex/RegexObjectGen$InteropLibraryExports$Cached$IsMemberReadableCacheIdentityData
instanceKlass com/oracle/truffle/regex/RegexObjectGen
instanceKlass com/oracle/truffle/regex/util/CompilationResult
instanceKlass com/oracle/truffle/regex/CachingRegexEngine$$Lambda$1404
instanceKlass com/oracle/truffle/regex/RegexEngineGen$InteropLibraryExports$Cached$ReadMemberReadEqualsData
instanceKlass com/oracle/truffle/regex/RegexEngineGen$InteropLibraryExports$Cached$ReadMemberReadIdentityData
instanceKlass com/oracle/truffle/regex/RegexEngineGen$InteropLibraryExports$Cached$IsMemberReadableCacheEqualsData
instanceKlass com/oracle/truffle/regex/RegexEngineGen$InteropLibraryExports$Cached$IsMemberReadableCacheIdentityData
instanceKlass com/hazelcast/internal/serialization/SerializationServiceAware
instanceKlass com/hazelcast/internal/usercodedeployment/impl/ThreadLocalClassCache
instanceKlass com/hazelcast/spi/impl/operationservice/UrgentSystemOperation
instanceKlass com/hazelcast/spi/impl/operationservice/Operation
instanceKlass com/hazelcast/internal/usercodedeployment/impl/ClassLocator
instanceKlass com/hazelcast/client/impl/protocol/codec/MapGetCodec$$Lambda$1403
instanceKlass com/hazelcast/client/impl/protocol/codec/MapGetCodec$ResponseParameters
instanceKlass com/hazelcast/client/impl/protocol/codec/MapGetCodec
instanceKlass java/lang/invoke/LambdaForm$BMH
instanceKlass java/lang/invoke/LambdaForm$BMH
instanceKlass java/lang/invoke/LambdaForm$BMH
instanceKlass java/lang/invoke/LambdaForm$BMH
instanceKlass java/lang/invoke/LambdaForm$DMH
instanceKlass java/lang/invoke/LambdaForm$BMH
instanceKlass org/apache/camel/converter/jaxp/XMLReaderPool
instanceKlass org/apache/camel/converter/jaxp/XmlConverter$DocumentBuilderLoggingErrorHandler
instanceKlass java/lang/invoke/LambdaForm$BMH
instanceKlass java/lang/invoke/LambdaForm$BMH
instanceKlass java/lang/invoke/LambdaForm$BMH
instanceKlass org/w3c/dom/UserDataHandler
instanceKlass org/w3c/dom/CDATASection
instanceKlass org/w3c/dom/ProcessingInstruction
instanceKlass org/w3c/dom/EntityReference
instanceKlass org/w3c/dom/DocumentFragment
instanceKlass org/w3c/dom/DOMImplementation
instanceKlass com/oracle/truffle/polyglot/HostObjectFactory$LookupInnerClassNodeGen$CachedData
instanceKlass com/oracle/truffle/js/runtime/Boundaries
instanceKlass java/lang/invoke/LambdaForm$BMH
instanceKlass java/lang/invoke/LambdaForm$BMH
instanceKlass java/lang/invoke/LambdaForm$BMH
instanceKlass java/lang/invoke/LambdaForm$BMH
instanceKlass java/lang/invoke/LambdaForm$BMH
instanceKlass java/lang/invoke/LambdaForm$BMH
instanceKlass com/oracle/truffle/polyglot/HostFieldDesc
instanceKlass com/oracle/truffle/js/nodes/binary/JSEqualNodeGen$NumberCachedData
instanceKlass com/oracle/truffle/api/utilities/FinalBitSet
instanceKlass com/oracle/truffle/api/library/LibraryExport$DelegateExport
instanceKlass com/oracle/truffle/js/runtime/truffleinterop/InteropBoundFunctionGen
instanceKlass com/oracle/truffle/polyglot/PolyglotLanguageContext$Generic
instanceKlass com/oracle/truffle/js/nodes/access/IsJSObjectNodeGen$IsObjectJSClassData
instanceKlass com/oracle/truffle/js/nodes/access/IsJSObjectNodeGen$IsObjectShapeData
instanceKlass com/oracle/truffle/js/nodes/access/IsArrayNodeGen$IsArrayJSClassData
instanceKlass com/oracle/truffle/js/nodes/access/IsArrayNodeGen$IsArrayShapeData
instanceKlass com/oracle/truffle/polyglot/PolyglotLanguageInstance$1
instanceKlass com/oracle/truffle/js/runtime/objects/PropertyDescriptor
instanceKlass com/oracle/truffle/object/DynamicObjectImpl$Accepts
instanceKlass com/oracle/truffle/js/runtime/builtins/JSClassGen$InteropLibraryExports$Cached$GetMembersNonArrayCachedData
instanceKlass com/oracle/truffle/js/runtime/builtins/JSClassGen
instanceKlass com/oracle/truffle/object/DynamicObjectImpl$Dispatch
instanceKlass com/oracle/truffle/js/runtime/objects/DynamicScopeWrapperGen
instanceKlass com/oracle/truffle/polyglot/PolyglotLanguageBindingsGen
instanceKlass com/oracle/truffle/polyglot/PolyglotValueFactory
instanceKlass org/apache/camel/component/bean/BeanHelper
instanceKlass org/apache/camel/util/StringQuoteHelper
instanceKlass org/apache/camel/converter/IOConverter$$Lambda$1402
instanceKlass org/springframework/util/LinkedCaseInsensitiveMap$EntryIterator
instanceKlass org/apache/camel/support/EmptyAsyncCallback
instanceKlass org/apache/camel/component/file/GenericFileOnCompletion
instanceKlass org/apache/camel/component/file/FileBinding
instanceKlass java/lang/invoke/LambdaForm$MH
instanceKlass java/lang/invoke/LambdaForm$DMH
instanceKlass java/lang/invoke/LambdaForm$DMH
instanceKlass org/apache/camel/component/file/FileConsumer$$Lambda$1401
instanceKlass java/lang/invoke/LambdaForm$DMH
instanceKlass org/apache/camel/component/file/FileConsumer$CanPollMore
instanceKlass java/nio/file/Files$$Lambda$1400
instanceKlass java/nio/file/Files$2
instanceKlass org/apache/camel/impl/BridgeExceptionHandlerToErrorHandler
instanceKlass org/apache/camel/component/file/FileEndpoint$$Lambda$1399
instanceKlass org/apache/camel/component/file/strategy/GenericFileRenamer
instanceKlass org/apache/camel/component/file/strategy/FileProcessStrategyFactory
instanceKlass org/apache/camel/component/file/GenericFileBinding
instanceKlass org/apache/camel/component/file/GenericFileProcessStrategy
instanceKlass org/apache/camel/component/file/GenericFileExclusiveReadLockStrategy
instanceKlass org/apache/camel/component/file/GenericFileConfiguration
instanceKlass org/apache/camel/component/file/FileOperations
instanceKlass org/apache/camel/component/file/GenericFileOperations
instanceKlass org/apache/camel/component/file/strategy/FileMoveExistingStrategy
instanceKlass org/apache/camel/com/github/benmanes/caffeine/cache/BoundedLocalCache$$Lambda$1398
instanceKlass org/apache/camel/component/file/GenericFileFilter
instanceKlass java/lang/invoke/LambdaForm$MH
instanceKlass java/lang/invoke/LambdaForm$DMH
instanceKlass java/lang/invoke/LambdaForm$DMH
instanceKlass org/apache/camel/com/github/benmanes/caffeine/cache/BoundedLocalCache$$Lambda$1397
instanceKlass java/lang/invoke/LambdaForm$DMH
instanceKlass org/apache/camel/spi/SynchronizationRouteAware
instanceKlass oracle/jdbc/driver/OracleStatement$1
instanceKlass java/math/MathContext
instanceKlass oracle/sql/LnxLibThin
instanceKlass oracle/sql/LnxLib
instanceKlass oracle/sql/NUMBER$LnxLibHolder
instanceKlass oracle/jdbc/internal/TTCData
instanceKlass org/springframework/jdbc/core/JdbcTemplate$$Lambda$1396
instanceKlass org/springframework/jdbc/core/CallableStatementCreatorFactory$CallableStatementCreatorImpl
instanceKlass org/springframework/jdbc/core/CallableStatementCreatorFactory
instanceKlass org/apache/camel/component/sql/stored/template/ast/InParameter$$Lambda$1395
instanceKlass org/apache/camel/component/sql/stored/template/ast/ValueExtractor
instanceKlass org/apache/camel/component/sql/stored/template/ast/InParameter
instanceKlass org/apache/camel/component/sql/stored/template/ast/ParseHelper
instanceKlass org/apache/camel/component/sql/stored/template/ast/Template
instanceKlass org/apache/camel/component/sql/stored/template/generated/Token
instanceKlass org/apache/camel/component/sql/stored/template/generated/SSPTParserTokenManager
instanceKlass org/apache/camel/component/sql/stored/template/generated/SimpleCharStream
instanceKlass org/apache/camel/component/sql/stored/template/generated/SSPTParser
instanceKlass org/apache/camel/component/sql/stored/template/generated/SSPTParserConstants
instanceKlass org/springframework/jdbc/object/RdbmsOperation
instanceKlass org/apache/camel/component/sql/stored/SqlStoredProducer$1
instanceKlass org/apache/camel/component/sql/stored/CallableStatementWrapper
instanceKlass org/apache/camel/processor/SendProcessor$2$1
instanceKlass java/lang/invoke/LambdaForm$MH
instanceKlass org/apache/camel/impl/ProducerCache$$Lambda$1394
instanceKlass java/lang/invoke/LambdaForm$DMH
instanceKlass org/apache/camel/processor/SendProcessor$2
instanceKlass sun/nio/fs/WindowsFileCopy
instanceKlass org/apache/logging/log4j/core/appender/rolling/RolloverDescriptionImpl
instanceKlass org/apache/logging/log4j/core/impl/Log4jLogEvent$Builder
instanceKlass org/apache/logging/log4j/core/pattern/NotANumber
instanceKlass org/apache/camel/util/AttachmentMap$AttachmentEntrySetIterator
instanceKlass org/springframework/jdbc/core/ArgumentPreparedStatementSetter
instanceKlass org/springframework/util/CompositeIterator
instanceKlass org/apache/camel/component/sql/DefaultSqlPrepareStatementStrategy$PopulateIterator
instanceKlass oracle/jdbc/driver/OracleParameterMetaDataParserStates
instanceKlass oracle/jdbc/driver/OracleParameterMetaDataParser
instanceKlass org/apache/camel/component/sql/SqlProducer$2
instanceKlass org/apache/camel/component/sql/SqlProducer$1
instanceKlass org/apache/camel/processor/SendProcessor$1
instanceKlass org/apache/camel/processor/idempotent/IdempotentConsumer$IdempotentConsumerCallback
instanceKlass org/apache/camel/processor/idempotent/IdempotentOnCompletion
instanceKlass com/hazelcast/client/impl/protocol/codec/MapUnlockCodec
instanceKlass com/hazelcast/client/impl/protocol/codec/MapPutIfAbsentCodec$$Lambda$1393
instanceKlass com/hazelcast/client/impl/protocol/codec/MapPutIfAbsentCodec$ResponseParameters
instanceKlass com/hazelcast/client/impl/protocol/codec/MapPutIfAbsentCodec
instanceKlass com/hazelcast/client/impl/protocol/codec/MapLockCodec
instanceKlass com/hazelcast/internal/util/TimeUtil
instanceKlass org/apache/camel/spi/ExchangeIdempotentRepository
instanceKlass org/apache/camel/spring/boot/SpringTypeConverter$$Lambda$1392
instanceKlass org/apache/camel/spring/boot/SpringTypeConverter$$Lambda$1391
instanceKlass org/apache/camel/language/bean/BeanExpression
instanceKlass org/apache/camel/language/LanguageAnnotation
instanceKlass org/apache/camel/ExchangeException
instanceKlass org/apache/camel/OutHeaders
instanceKlass org/apache/camel/Headers
instanceKlass org/apache/camel/util/AsyncProcessorHelper$1
instanceKlass org/apache/camel/util/AsyncProcessorHelper
instanceKlass org/apache/camel/Rejectable
instanceKlass org/apache/camel/processor/MulticastProcessor$1
instanceKlass org/apache/camel/util/Scanner
instanceKlass java/util/Scanner
instanceKlass org/apache/camel/processor/MulticastProcessor$DefaultProcessorExchangePair
instanceKlass org/apache/camel/util/KeyValueHolder
instanceKlass org/apache/camel/processor/MulticastProcessor$AggregateOnTheFlyTask
instanceKlass org/apache/camel/processor/Splitter$SplitterIterable$1
instanceKlass java/util/concurrent/ExecutorCompletionService
instanceKlass org/apache/camel/processor/Splitter$SplitterIterable
instanceKlass org/apache/camel/processor/aggregate/UseOriginalAggregationStrategy
instanceKlass org/apache/camel/processor/DelegateAsyncProcessor$1
instanceKlass org/apache/camel/component/sql/SqlConsumer$DataHolder
instanceKlass sun/security/ssl/SupportedVersionsExtension$1
instanceKlass com/hazelcast/internal/metrics/impl/MetricsCollectionCycle$1
instanceKlass sun/security/ssl/Authenticator$1
instanceKlass sun/nio/cs/UTF_8$1
instanceKlass org/apache/camel/processor/CamelInternalProcessor$1
instanceKlass org/apache/catalina/Cluster
instanceKlass org/apache/camel/component/sql/DefaultSqlPrepareStatementStrategy$1
instanceKlass java/util/IdentityHashMap$1
instanceKlass sun/security/jca/GetInstance$1
instanceKlass com/zaxxer/hikari/pool/HikariPool$$Lambda$1390
instanceKlass java/nio/DirectByteBuffer$1
instanceKlass sun/security/util/math/intpoly/IntegerPolynomial$1
instanceKlass com/hazelcast/internal/metrics/impl/MetricsDictionary$1
instanceKlass java/security/Provider$1
instanceKlass com/dynatrace/agent/introspection/uem/RUMStatistics
instanceKlass com/dynatrace/agent/introspection/uem/constants/RUMStatisticsConstants
instanceKlass com/dynatrace/agent/metrics/jvm/JvmMetrics$GarbageCollectorStats
instanceKlass com/dynatrace/agent/metrics/core/Dimension
instanceKlass com/dynatrace/agent/metrics/core/SimpleAgentMeasurement
instanceKlass com/dynatrace/agent/util/MemoryUtil
instanceKlass sun/management/HotspotThread
instanceKlass sun/management/HotspotCompilationMBean
instanceKlass sun/management/HotspotMemoryMBean
instanceKlass sun/management/HotspotThreadMBean
instanceKlass sun/management/HotspotClassLoadingMBean
instanceKlass sun/management/HotspotRuntimeMBean
instanceKlass com/dynatrace/agent/metrics/jvm/InternalThreadCpuTimes
instanceKlass com/dynatrace/agent/metrics/jvm/GarbageCollectionBackgroundCpuTime
instanceKlass com/dynatrace/agent/metrics/jmx/AMXSupport
instanceKlass com/hazelcast/client/impl/protocol/codec/ClientPingCodec
instanceKlass com/dynatrace/agent/metrics/plugins/PmiPluginParser
instanceKlass com/dynatrace/agent/metrics/jmx/MBeanSubscriptionManager
instanceKlass com/dynatrace/agent/metrics/jmx/MBeanTracker
instanceKlass com/dynatrace/agent/metrics/plugins/JmxPlugin
instanceKlass com/dynatrace/agent/metrics/plugins/JmxPluginParser
instanceKlass com/dynatrace/agent/metrics/jmx/MBeanSubscription
instanceKlass com/dynatrace/agent/metrics/core/MetricSubscription
instanceKlass com/dynatrace/agent/metrics/jmx/AbstractMBeanSplittingProvider
instanceKlass com/dynatrace/agent/metrics/jmx/MBeanSplittingProvider
instanceKlass com/dynatrace/agent/metrics/jmx/MBeanSubscriptionBuilder
instanceKlass com/dynatrace/agent/metrics/DefaultMetricSubscription
instanceKlass com/dynatrace/agent/metrics/plugins/PluginParser$1
instanceKlass com/dynatrace/agent/metrics/plugins/RawPlugin
instanceKlass com/dynatrace/agent/metrics/plugins/PluginParser
instanceKlass org/apache/tomcat/PeriodicEventListener
instanceKlass org/apache/catalina/webresources/Cache$EvictionOrder
instanceKlass oracle/jdbc/driver/OracleParameterMetaData
instanceKlass oracle/jdbc/internal/OracleParameterMetaData
instanceKlass oracle/jdbc/OracleParameterMetaData
instanceKlass java/sql/ParameterMetaData
instanceKlass org/springframework/jdbc/core/JdbcTemplate$SimplePreparedStatementCreator
instanceKlass org/apache/camel/component/sql/SqlConsumer$1
instanceKlass org/apache/camel/component/sql/DefaultSqlPrepareStatementStrategy$NamedQueryParser
instanceKlass org/apache/camel/language/simple/ast/BinaryExpression$5
instanceKlass org/apache/camel/builder/BinaryPredicateSupport
instanceKlass org/apache/camel/BinaryPredicate
instanceKlass org/apache/camel/builder/PredicateBuilder
instanceKlass org/apache/camel/processor/ChoiceProcessor$1
instanceKlass com/hazelcast/client/impl/protocol/codec/MapContainsKeyCodec$ResponseParameters
instanceKlass com/hazelcast/client/impl/protocol/codec/builtin/DataCodec
instanceKlass com/hazelcast/client/impl/protocol/codec/MapContainsKeyCodec
instanceKlass com/hazelcast/internal/serialization/impl/HeapData
instanceKlass com/hazelcast/partition/PartitionAware
instanceKlass com/hazelcast/internal/serialization/impl/bufferpool/BufferPoolImpl
instanceKlass com/hazelcast/client/impl/protocol/codec/MapIsEmptyCodec$ResponseParameters
instanceKlass com/hazelcast/client/impl/protocol/codec/MapIsEmptyCodec
instanceKlass org/apache/camel/processor/PipelineHelper
instanceKlass org/apache/camel/component/bean/MethodInfo$1
instanceKlass org/apache/camel/util/CamelLogger$1
instanceKlass org/apache/camel/processor/RedeliveryErrorHandler$2
instanceKlass org/apache/camel/processor/RedeliveryErrorHandler$RedeliveryData
instanceKlass org/apache/camel/impl/DefaultMessageHistory
instanceKlass org/apache/camel/processor/Pipeline$1
instanceKlass org/apache/camel/processor/CamelInternalProcessor$InternalCallback
instanceKlass org/apache/camel/util/UnitOfWorkHelper
instanceKlass org/apache/camel/spi/TracedRouteNodes
instanceKlass org/apache/camel/impl/DefaultUnitOfWork
instanceKlass org/apache/camel/component/timer/TimerConsumer$3
instanceKlass org/apache/camel/impl/DefaultExchange
instanceKlass org/springframework/boot/SpringApplicationRunListeners$$Lambda$1389
instanceKlass org/springframework/boot/CommandLineRunner
instanceKlass org/springframework/boot/ApplicationRunner
instanceKlass org/springframework/boot/SpringApplicationRunListeners$$Lambda$1388
instanceKlass org/springframework/util/StopWatch$TaskInfo
instanceKlass org/springframework/util/ConcurrentReferenceHashMap$EntryIterator
instanceKlass java/util/AbstractMap$1$1
instanceKlass org/springframework/beans/CachedIntrospectionResults$$Lambda$1387
instanceKlass org/springframework/beans/CachedIntrospectionResults$$Lambda$1386
instanceKlass org/springframework/beans/CachedIntrospectionResults$$Lambda$1385
instanceKlass org/springframework/context/support/LiveBeansView
instanceKlass org/springframework/context/support/LiveBeansViewMBean
instanceKlass org/springframework/boot/autoconfigure/logging/ConditionEvaluationReportMessage$$Lambda$1384
instanceKlass org/springframework/boot/autoconfigure/logging/ConditionEvaluationReportMessage$$Lambda$1383
instanceKlass org/springframework/boot/autoconfigure/logging/ConditionEvaluationReportMessage$$Lambda$1382
instanceKlass org/springframework/boot/autoconfigure/logging/ConditionEvaluationReportMessage$$Lambda$1381
instanceKlass org/springframework/boot/autoconfigure/logging/ConditionEvaluationReportMessage$$Lambda$1380
instanceKlass org/springframework/boot/autoconfigure/logging/ConditionEvaluationReportMessage
instanceKlass org/springframework/boot/autoconfigure/condition/ConditionEvaluationReport$$Lambda$1379
instanceKlass org/springframework/boot/autoconfigure/condition/ConditionEvaluationReport$$Lambda$1378
instanceKlass org/apache/camel/ExtendedStartupListener
instanceKlass org/apache/camel/util/TimeUtils
instanceKlass org/apache/camel/builder/xml/XPathBuilder$6
instanceKlass org/apache/camel/builder/xml/XPathBuilder$5
instanceKlass org/apache/camel/builder/xml/XPathBuilder$4
instanceKlass org/apache/camel/builder/xml/XPathBuilder$3
instanceKlass org/apache/camel/builder/xml/XPathBuilder$2
instanceKlass org/apache/camel/builder/xml/XPathBuilder$1
instanceKlass org/apache/camel/processor/aggregate/DefaultAggregateController
instanceKlass org/apache/camel/spi/RecoverableAggregationRepository
instanceKlass org/apache/camel/processor/aggregate/PreCompletionAwareAggregationStrategy
instanceKlass org/apache/camel/processor/aggregate/DelegateAggregationStrategy
instanceKlass java/util/AbstractList$1
instanceKlass org/apache/camel/com/github/benmanes/caffeine/cache/BoundedLocalCache$ValueIterator
instanceKlass org/apache/camel/processor/SendDynamicAwareResolver
instanceKlass org/apache/camel/util/ExchangeHelper
instanceKlass org/apache/camel/component/bean/BeanInvocation
instanceKlass org/jboss/netty/handler/codec/http/HttpRequest
instanceKlass org/apache/camel/converter/NIOConverterOptimised
instanceKlass org/apache/camel/converter/IOConverterOptimised
instanceKlass com/hazelcast/client/impl/protocol/codec/ClientCreateProxyCodec
instanceKlass com/hazelcast/map/QueryCache
instanceKlass com/hazelcast/map/LocalMapStats
instanceKlass com/hazelcast/instance/LocalInstanceStats
instanceKlass com/hazelcast/core/EntryView
instanceKlass com/hazelcast/spi/eviction/EvictableEntryView
instanceKlass com/hazelcast/internal/config/ConfigUtils$$Lambda$1377
instanceKlass com/hazelcast/internal/config/ConfigUtils
instanceKlass com/hazelcast/client/impl/spi/ProxyManager$ClientProxyFuture
instanceKlass com/hazelcast/internal/services/DistributedObjectNamespace
instanceKlass org/apache/camel/component/sql/SqlHelper
instanceKlass org/apache/camel/component/sql/stored/WrapperExecuteCallback
instanceKlass org/apache/camel/component/sql/stored/template/TemplateParser
instanceKlass org/apache/camel/component/sql/stored/StatementWrapper
instanceKlass org/apache/camel/spi/ScheduledPollConsumerScheduler
instanceKlass org/apache/camel/BatchConsumer
instanceKlass org/apache/camel/component/sql/DefaultSqlProcessingStrategy
instanceKlass org/apache/camel/util/concurrent/SizedScheduledExecutorService
instanceKlass org/apache/camel/util/AsyncProcessorConverterHelper$ProcessorToAsyncProcessorBridge
instanceKlass org/apache/camel/ServicePoolAware
instanceKlass org/apache/camel/component/sql/DefaultSqlPrepareStatementStrategy
instanceKlass org/apache/camel/impl/InterceptSendToEndpoint
instanceKlass org/apache/camel/processor/SharedCamelInternalProcessor
instanceKlass org/apache/camel/spi/EndpointUtilizationStatistics
instanceKlass org/apache/camel/ProducerCallback
instanceKlass org/apache/camel/impl/RouteService$MDCHelper
instanceKlass org/apache/camel/impl/HeadersMapFactoryResolver
instanceKlass org/apache/camel/impl/DefaultStreamCachingStrategy$FixedThresholdSpoolRule
instanceKlass org/apache/camel/spi/StreamCachingStrategy$SpoolRule
instanceKlass org/apache/camel/util/FilePathResolver
instanceKlass java/util/UUID$Holder
instanceKlass com/dynatrace/agent/metrics/core/PluginMeasurement
instanceKlass org/apache/camel/converter/ObjectConverterOptimised
instanceKlass org/apache/camel/converter/TimePatternConverterOptimised
instanceKlass org/apache/camel/util/concurrent/CamelThreadFactory
instanceKlass org/apache/camel/builder/xml/DefaultNamespaceContext
instanceKlass org/apache/camel/builder/xml/MessageVariableResolver
instanceKlass javax/xml/xpath/XPathFunctionResolver
instanceKlass javax/xml/xpath/XPathFunction
instanceKlass javax/xml/xpath/XPathVariableResolver
instanceKlass org/apache/camel/processor/PollEnricher$CopyAggregationStrategy
instanceKlass java/util/concurrent/CopyOnWriteArrayList$1
instanceKlass org/apache/camel/support/LoggingExceptionHandler
instanceKlass org/apache/camel/processor/aggregate/AggregateProcessor$Statistics
instanceKlass org/apache/camel/TimeoutMap
instanceKlass org/apache/camel/processor/aggregate/AggregateProcessorStatistics
instanceKlass org/apache/camel/model/cloud/ServiceCallDefinition$$Lambda$1376
instanceKlass org/apache/camel/model/cloud/ServiceCallDefinition$$Lambda$1375
instanceKlass org/apache/camel/model/cloud/ServiceCallDefinition$$Lambda$1374
instanceKlass org/apache/camel/model/cloud/ServiceCallDefinition$$Lambda$1373
instanceKlass org/apache/camel/model/cloud/ServiceCallDefinition$$Lambda$1372
instanceKlass org/apache/camel/model/cloud/ServiceCallDefinition$$Lambda$1371
instanceKlass org/apache/camel/model/cloud/ServiceCallDefinition$$Lambda$1370
instanceKlass org/apache/camel/model/cloud/ServiceCallDefinition$$Lambda$1369
instanceKlass org/apache/camel/model/cloud/ServiceCallDefinition$$Lambda$1368
instanceKlass org/apache/camel/model/cloud/ServiceCallDefinition$$Lambda$1367
instanceKlass org/apache/camel/model/cloud/ServiceCallDefinition$$Lambda$1366
instanceKlass org/apache/camel/model/cloud/ServiceCallDefinition$$Lambda$1365
instanceKlass org/apache/camel/model/cloud/ServiceCallDefinition$$Lambda$1364
instanceKlass org/apache/camel/model/cloud/ServiceCallDefinition$$Lambda$1363
instanceKlass org/apache/camel/model/cloud/ServiceCallDefinition$$Lambda$1362
instanceKlass org/apache/camel/model/cloud/ServiceCallDefinition$$Lambda$1361
instanceKlass org/apache/camel/util/function/ThrowingFunction
instanceKlass org/apache/camel/cloud/ServiceFilterAware
instanceKlass org/apache/camel/cloud/ServiceChooserAware
instanceKlass org/apache/camel/cloud/ServiceDiscoveryAware
instanceKlass org/apache/camel/model/cloud/ServiceCallDefinition$$Lambda$1360
instanceKlass org/apache/camel/model/cloud/ServiceCallDefinition$$Lambda$1359
instanceKlass org/apache/camel/model/cloud/ServiceCallDefinition$$Lambda$1358
instanceKlass org/apache/camel/model/cloud/ServiceCallDefinition$$Lambda$1357
instanceKlass org/apache/camel/model/cloud/ServiceCallDefinition$$Lambda$1356
instanceKlass org/apache/camel/model/cloud/ServiceCallDefinition$$Lambda$1355
instanceKlass org/apache/camel/model/cloud/ServiceCallDefinition$$Lambda$1354
instanceKlass org/apache/camel/model/cloud/ServiceCallDefinition$$Lambda$1353
instanceKlass org/apache/camel/model/cloud/ServiceCallDefinition$$Lambda$1352
instanceKlass org/apache/camel/model/cloud/ServiceCallDefinition$$Lambda$1351
instanceKlass org/apache/camel/model/cloud/ServiceCallDefinition$$Lambda$1350
instanceKlass org/apache/camel/model/cloud/ServiceCallDefinition$$Lambda$1349
instanceKlass org/apache/camel/model/cloud/ServiceCallDefinition$$Lambda$1348
instanceKlass org/apache/camel/impl/cloud/RoundRobinServiceChooser
instanceKlass org/apache/camel/model/cloud/ServiceCallDefinition$$Lambda$1347
instanceKlass org/apache/camel/model/cloud/ServiceCallDefinition$$Lambda$1346
instanceKlass org/apache/camel/model/cloud/ServiceCallDefinition$$Lambda$1345
instanceKlass org/apache/camel/model/cloud/ServiceCallDefinition$$Lambda$1344
instanceKlass org/apache/camel/model/cloud/ServiceCallDefinition$$Lambda$1343
instanceKlass org/apache/camel/model/cloud/ServiceCallDefinition$$Lambda$1342
instanceKlass org/apache/camel/model/cloud/ServiceCallDefinition$$Lambda$1341
instanceKlass org/apache/camel/model/cloud/ServiceCallDefinition$$Lambda$1340
instanceKlass org/apache/camel/model/cloud/ServiceCallDefinition$$Lambda$1339
instanceKlass org/apache/camel/model/cloud/ServiceCallDefinition$$Lambda$1338
instanceKlass org/apache/camel/model/cloud/ServiceCallDefinition$$Lambda$1337
instanceKlass org/apache/camel/model/cloud/ServiceCallDefinition$$Lambda$1336
instanceKlass org/apache/camel/model/cloud/ServiceCallDefinition$$Lambda$1335
instanceKlass org/apache/camel/impl/cloud/CombinedServiceFilter
instanceKlass org/apache/camel/impl/cloud/HealthyServiceFilter
instanceKlass org/apache/camel/impl/cloud/BlacklistServiceFilter
instanceKlass org/apache/camel/model/cloud/ServiceCallDefinition$$Lambda$1334
instanceKlass org/apache/camel/model/cloud/ServiceCallDefinition$$Lambda$1333
instanceKlass org/apache/camel/model/cloud/ServiceCallDefinition$$Lambda$1332
instanceKlass org/apache/camel/model/cloud/ServiceCallDefinition$$Lambda$1331
instanceKlass org/apache/camel/model/cloud/ServiceCallDefinition$$Lambda$1330
instanceKlass org/apache/camel/model/cloud/ServiceCallDefinition$$Lambda$1329
instanceKlass org/apache/camel/model/cloud/ServiceCallDefinition$$Lambda$1328
instanceKlass org/apache/camel/model/cloud/ServiceCallDefinition$$Lambda$1327
instanceKlass org/apache/camel/model/cloud/ServiceCallDefinition$$Lambda$1326
instanceKlass org/apache/camel/model/cloud/ServiceCallDefinition$$Lambda$1325
instanceKlass org/apache/camel/model/cloud/ServiceCallDefinition$$Lambda$1324
instanceKlass org/apache/camel/model/cloud/ServiceCallDefinition$$Lambda$1323
instanceKlass org/apache/camel/model/cloud/ServiceCallDefinition$$Lambda$1322
instanceKlass org/apache/camel/impl/cloud/DefaultServiceDefinition$$Lambda$1321
instanceKlass org/apache/camel/impl/cloud/StaticServiceDiscovery$$Lambda$1320
instanceKlass org/apache/camel/impl/cloud/DefaultServiceDefinition$$Lambda$1319
instanceKlass org/apache/camel/impl/cloud/DefaultServiceDefinition$$Lambda$1318
instanceKlass org/apache/camel/util/CollectionHelper
instanceKlass org/apache/camel/impl/cloud/DefaultServiceHealth
instanceKlass org/apache/camel/cloud/ServiceHealth
instanceKlass org/apache/camel/impl/cloud/DefaultServiceDefinition
instanceKlass org/apache/camel/impl/cloud/StaticServiceDiscovery$$Lambda$1317
instanceKlass org/apache/camel/model/cloud/ServiceCallServiceDiscoveryConfiguration$$Lambda$1316
instanceKlass org/apache/camel/impl/cloud/StaticServiceDiscoveryFactory
instanceKlass org/apache/camel/cloud/ServiceDefinition
instanceKlass org/apache/camel/model/cloud/ServiceCallDefinition$$Lambda$1315
instanceKlass org/apache/camel/model/cloud/ServiceCallDefinition$$Lambda$1314
instanceKlass org/apache/camel/model/cloud/ServiceCallDefinition$$Lambda$1313
instanceKlass org/apache/camel/model/cloud/ServiceCallDefinition$$Lambda$1312
instanceKlass org/apache/camel/util/function/Suppliers
instanceKlass org/apache/camel/model/cloud/ServiceCallDefinition$$Lambda$1311
instanceKlass org/apache/camel/model/cloud/ServiceCallDefinition$$Lambda$1310
instanceKlass org/apache/camel/model/cloud/ServiceCallDefinition$$Lambda$1309
instanceKlass org/apache/camel/model/cloud/ServiceCallDefinition$$Lambda$1308
instanceKlass org/apache/camel/model/cloud/ServiceCallDefinition$$Lambda$1307
instanceKlass org/apache/camel/model/cloud/ServiceCallDefinition$$Lambda$1306
instanceKlass org/apache/camel/util/function/ThrowingSupplier
instanceKlass org/apache/camel/util/OgnlHelper
instanceKlass org/apache/logging/log4j/core/impl/ThrowableProxy
instanceKlass org/apache/camel/processor/CamelInternalProcessor$RoutePolicyAdvice
instanceKlass org/apache/camel/processor/CamelInternalProcessor$RouteLifecycleAdvice
instanceKlass org/apache/camel/api/management/PerformanceCounter
instanceKlass org/apache/camel/processor/CamelInternalProcessor$InstrumentationAdvice
instanceKlass org/apache/camel/processor/CamelInternalProcessor$RouteInflightRepositoryAdvice
instanceKlass org/apache/camel/processor/CamelInternalProcessor$UnitOfWorkProcessorAdvice
instanceKlass org/apache/camel/processor/exceptionpolicy/ExceptionPolicyKey
instanceKlass org/apache/camel/processor/exceptionpolicy/DefaultExceptionPolicyStrategy
instanceKlass org/apache/camel/util/AsyncProcessorConverterHelper
instanceKlass org/apache/camel/processor/ProcessorExchangePair
instanceKlass java/util/concurrent/CompletionService
instanceKlass org/apache/camel/AsyncProducerCallback
instanceKlass org/apache/camel/impl/DefaultPollingConsumerPollStrategy
instanceKlass org/apache/camel/component/sql/SqlProcessingStrategy
instanceKlass org/apache/camel/component/sql/SqlPrepareStatementStrategy
instanceKlass org/apache/camel/spi/PollingConsumerPollStrategy
instanceKlass org/apache/camel/ExchangeProperties
instanceKlass org/apache/camel/Properties
instanceKlass org/apache/camel/ExchangeProperty
instanceKlass org/apache/camel/Property
instanceKlass org/apache/camel/Attachments
instanceKlass org/apache/camel/AttachmentObjects
instanceKlass org/apache/camel/Header
instanceKlass org/apache/camel/Body
instanceKlass org/apache/camel/component/bean/AbstractBeanProcessor
instanceKlass org/apache/camel/component/bean/ConstantBeanHolder
instanceKlass org/apache/camel/RecipientList
instanceKlass org/apache/camel/DynamicRouter
instanceKlass org/apache/camel/RoutingSlip
instanceKlass org/apache/camel/Pattern
instanceKlass org/apache/camel/component/bean/MethodInfo$ParameterExpression
instanceKlass org/apache/camel/component/bean/MethodInvocation
instanceKlass org/apache/camel/component/bean/MethodInfo
instanceKlass org/apache/camel/component/bean/ParameterInfo
instanceKlass org/apache/camel/Handler
instanceKlass org/apache/camel/component/bean/MethodsFilter
instanceKlass org/apache/camel/component/bean/DefaultParameterMappingStrategy
instanceKlass org/apache/camel/component/bean/ParameterMappingStrategy
instanceKlass org/apache/camel/component/bean/RegistryBean
instanceKlass org/apache/camel/builder/SimpleBuilder
instanceKlass org/apache/camel/processor/CamelInternalProcessor$StreamCachingAdvice
instanceKlass org/apache/camel/processor/CamelInternalProcessor$MessageHistoryAdvice
instanceKlass org/apache/camel/processor/CamelInternalProcessor$BacklogDebuggerAdvice
instanceKlass org/apache/camel/impl/DefaultDebugger
instanceKlass org/apache/camel/spi/Breakpoint
instanceKlass org/apache/camel/util/OrderedComparator
instanceKlass org/apache/camel/processor/CamelInternalProcessor$BacklogTracerAdvice
instanceKlass org/apache/camel/AsyncCallback
instanceKlass org/apache/camel/language/simple/ast/BlockEnd
instanceKlass org/apache/camel/language/simple/ast/BlockStart
instanceKlass org/apache/camel/language/simple/ast/Block
instanceKlass org/apache/camel/language/simple/BaseSimpleParser
instanceKlass org/apache/camel/language/simple/ast/LiteralNode
instanceKlass org/apache/camel/language/simple/ast/BaseSimpleNode
instanceKlass org/apache/camel/language/simple/ast/SimpleNode
instanceKlass org/apache/camel/language/simple/types/SimpleToken
instanceKlass org/apache/camel/language/simple/types/SimpleTokenType
instanceKlass org/apache/camel/language/simple/SimpleTokenizer
instanceKlass org/apache/camel/language/simple/SimpleBackwardsCompatibleParser
instanceKlass org/apache/camel/AfterPropertiesConfigured
instanceKlass org/apache/camel/util/ExpressionToPredicateAdapter
instanceKlass org/apache/camel/support/ExpressionSupport
instanceKlass org/apache/camel/builder/ExpressionBuilder$KeyedOgnlExpressionAdapter$KeyedEntityRetrievalStrategy
instanceKlass org/apache/camel/builder/ExpressionBuilder
instanceKlass org/apache/camel/util/ResourceHelper
instanceKlass org/springframework/context/annotation/ScopedProxyCreator
instanceKlass org/apache/camel/PollingConsumer
instanceKlass org/apache/camel/spi/ExceptionHandler
instanceKlass org/apache/camel/util/EndpointHelper
instanceKlass org/apache/camel/spring/boot/util/CamelPropertiesHelper
instanceKlass org/apache/camel/impl/DefaultComponentResolver
instanceKlass org/apache/camel/impl/DefaultCamelContext$2
instanceKlass org/apache/camel/util/UnsafeUriCharactersEncoder
instanceKlass org/apache/camel/util/URISupport
instanceKlass org/apache/camel/impl/DefaultRouteContext
instanceKlass org/apache/camel/com/github/benmanes/caffeine/cache/BoundedLocalCache$EntryIterator
instanceKlass org/apache/camel/util/CompoundIterator
instanceKlass org/apache/camel/support/LifecycleStrategySupport
instanceKlass org/apache/camel/util/ResolverHelper$LookupExceptionHandler
instanceKlass org/apache/camel/util/ResolverHelper
instanceKlass org/apache/camel/impl/DefaultLanguageResolver
instanceKlass org/apache/camel/util/EventHelper
instanceKlass org/apache/camel/impl/DefaultCamelContext$4
instanceKlass org/apache/camel/spi/Container
instanceKlass org/apache/camel/spi/Container$Instance
instanceKlass org/apache/camel/impl/DefaultCamelContext$MDCHelper
instanceKlass org/apache/camel/impl/DefaultRouteError
instanceKlass org/apache/camel/spi/RouteError
instanceKlass org/apache/camel/com/github/benmanes/caffeine/cache/BBHeader$PadReadCounter
instanceKlass org/apache/camel/com/github/benmanes/caffeine/cache/UnsafeRefArrayAccess
instanceKlass org/apache/camel/com/github/benmanes/caffeine/cache/BoundedLocalCache$AddTask
instanceKlass org/apache/camel/com/github/benmanes/caffeine/cache/Ticker
instanceKlass org/apache/camel/util/IntrospectionSupport$MethodInfo
instanceKlass org/apache/camel/util/IntrospectionSupport$ClassInfo
instanceKlass org/apache/camel/com/github/benmanes/caffeine/cache/References$LookupKeyReference
instanceKlass org/apache/camel/util/IntrospectionSupport
instanceKlass org/apache/camel/model/ProcessorDefinitionHelper$RestoreAction
instanceKlass org/apache/camel/model/RouteDefinitionHelper
instanceKlass org/apache/camel/model/ProcessorDefinitionHelper
instanceKlass com/sun/org/apache/xerces/internal/parsers/AbstractSAXParser$LocatorProxy
instanceKlass com/sun/org/apache/xerces/internal/parsers/AbstractSAXParser$AttributesProxy
instanceKlass org/xml/sax/ext/Attributes2
instanceKlass org/xml/sax/AttributeList
instanceKlass org/xml/sax/Parser
instanceKlass com/sun/org/apache/xerces/internal/xs/PSVIProvider
instanceKlass javax/xml/parsers/SAXParser
instanceKlass com/sun/xml/bind/v2/util/XmlFactory$1
instanceKlass com/sun/xml/bind/v2/util/XmlFactory
instanceKlass com/sun/xml/bind/v2/runtime/reflect/Lister$CollectionLister$1
instanceKlass com/sun/xml/bind/marshaller/MinimumEscapeHandler
instanceKlass com/sun/xml/bind/v2/runtime/output/Encoded
instanceKlass com/sun/xml/bind/v2/runtime/output/NamespaceContextImpl$Element
instanceKlass com/sun/xml/bind/marshaller/NamespacePrefixMapper
instanceKlass com/sun/xml/bind/v2/runtime/output/NamespaceContextImpl
instanceKlass com/sun/xml/bind/v2/runtime/NamespaceContext2
instanceKlass com/sun/xml/bind/CycleRecoverable$Context
instanceKlass com/sun/xml/bind/v2/runtime/output/XmlOutputAbstractImpl
instanceKlass org/xml/sax/helpers/XMLFilterImpl
instanceKlass org/xml/sax/XMLFilter
instanceKlass com/sun/xml/bind/marshaller/CharacterEscapeHandler
instanceKlass javax/xml/bind/helpers/AbstractMarshallerImpl
instanceKlass org/apache/camel/model/RouteContextRefDefinitionHelper
instanceKlass org/apache/camel/spring/boot/RoutesCollector$1
instanceKlass org/apache/camel/spring/boot/CamelMainRunController$DaemonTask
instanceKlass org/apache/camel/spring/boot/CamelMainRunController
instanceKlass org/springframework/boot/web/embedded/tomcat/TomcatWebServer$$Lambda$1305
instanceKlass org/springframework/boot/web/embedded/tomcat/TomcatWebServer$$Lambda$1304
instanceKlass org/springframework/boot/web/embedded/tomcat/TomcatWebServer$$Lambda$1303
instanceKlass org/springframework/boot/web/embedded/tomcat/TomcatEmbeddedContext$$Lambda$1302
instanceKlass org/springframework/boot/web/embedded/tomcat/TomcatEmbeddedContext$$Lambda$1301
instanceKlass java/util/TreeMap$TreeMapSpliterator
instanceKlass org/apache/coyote/AbstractProtocol$$Lambda$1300
instanceKlass org/springframework/boot/web/embedded/tomcat/TomcatEmbeddedContext$$Lambda$1299
instanceKlass org/apache/coyote/AbstractProtocol$$Lambda$1298
instanceKlass org/apache/tomcat/util/net/Acceptor
instanceKlass org/apache/tomcat/util/collections/SynchronizedQueue
instanceKlass org/apache/tomcat/util/net/NioEndpoint$Poller
instanceKlass org/apache/tomcat/util/threads/ThreadPoolExecutor$RejectPolicy
instanceKlass org/apache/tomcat/util/threads/ThreadPoolExecutor$RejectedExecutionHandler
instanceKlass org/springframework/context/support/DefaultLifecycleProcessor$$Lambda$1297
instanceKlass java/lang/invoke/LambdaForm$DMH
instanceKlass org/springframework/context/support/DefaultLifecycleProcessor$LifecycleGroupMember
instanceKlass java/lang/invoke/LambdaForm$MH
instanceKlass java/lang/invoke/LambdaForm$DMH
instanceKlass java/lang/invoke/LambdaForm$DMH
instanceKlass org/springframework/context/support/DefaultLifecycleProcessor$$Lambda$1296
instanceKlass java/lang/invoke/LambdaForm$DMH
instanceKlass java/lang/invoke/LambdaForm$MH
instanceKlass java/lang/invoke/LambdaForm$DMH
instanceKlass java/lang/invoke/LambdaForm$DMH
instanceKlass org/springframework/context/support/DefaultLifecycleProcessor$$Lambda$1295
instanceKlass java/lang/invoke/LambdaForm$DMH
instanceKlass javax/servlet/descriptor/JspConfigDescriptor
instanceKlass javax/xml/transform/URIResolver
instanceKlass org/apache/camel/component/xslt/XsltUriResolverFactory
instanceKlass org/apache/camel/component/validator/ValidatorResourceResolverFactory
instanceKlass org/apache/camel/MultipleConsumersSupport
instanceKlass org/apache/camel/component/seda/QueueReference
instanceKlass org/apache/camel/component/seda/BlockingQueueFactory
instanceKlass org/apache/camel/PollingConsumerPollingStrategy
instanceKlass org/apache/camel/http/common/HttpBinding
instanceKlass org/apache/camel/http/common/HttpConfiguration
instanceKlass org/apache/http/client/CookieStore
instanceKlass org/apache/http/protocol/HttpContext
instanceKlass org/apache/camel/ComponentVerifier
instanceKlass org/apache/camel/component/extension/ComponentVerifierExtension
instanceKlass org/apache/camel/component/extension/ComponentVerifierExtension$Result
instanceKlass org/apache/http/impl/client/HttpClientBuilder
instanceKlass org/apache/http/config/Registry
instanceKlass org/apache/http/config/Lookup
instanceKlass org/apache/http/conn/HttpClientConnectionManager
instanceKlass org/apache/camel/component/http4/HttpClientConfigurer
instanceKlass org/apache/camel/spi/BrowsableEndpoint
instanceKlass org/apache/camel/RouteAware
instanceKlass org/apache/camel/Consumer
instanceKlass org/apache/camel/AsyncEndpoint
instanceKlass org/apache/camel/component/bean/BeanInfo
instanceKlass org/apache/camel/component/bean/BeanInfoCacheKey
instanceKlass org/apache/camel/spi/Synchronization
instanceKlass org/springframework/context/event/EventListenerMethodProcessor$$Lambda$1294
instanceKlass org/springframework/context/event/EventListener
instanceKlass org/springframework/ws/client/support/destination/DestinationProvider
instanceKlass org/springframework/ws/client/core/FaultMessageResolver
instanceKlass org/springframework/ws/WebServiceMessageFactory
instanceKlass org/springframework/ws/client/support/interceptor/ClientInterceptor
instanceKlass org/springframework/boot/webservices/client/WebServiceTemplateBuilder$WebServiceMessageSenders
instanceKlass org/springframework/boot/webservices/client/WebServiceTemplateCustomizer
instanceKlass org/springframework/ws/soap/server/endpoint/SoapFaultDefinition
instanceKlass org/springframework/xml/transform/TraxUtils$ResultCallback
instanceKlass org/springframework/ws/stream/StreamingPayload
instanceKlass org/springframework/xml/transform/TraxUtils$SourceCallback
instanceKlass org/springframework/ws/soap/server/endpoint/adapter/method/SoapHeaderElementMethodArgumentResolver
instanceKlass org/springframework/ws/soap/server/endpoint/adapter/method/SoapMethodArgumentResolver
instanceKlass org/springframework/ws/server/endpoint/adapter/method/XPathParamMethodArgumentResolver
instanceKlass org/springframework/xml/XMLInputFactoryUtils
instanceKlass org/springframework/ws/server/endpoint/adapter/method/MessageContextMethodArgumentResolver
instanceKlass org/springframework/ws/server/endpoint/adapter/method/MethodReturnValueHandler
instanceKlass org/springframework/ws/server/endpoint/adapter/method/MethodArgumentResolver
instanceKlass org/springframework/core/annotation/AnnotationUtils$$Lambda$1293
instanceKlass org/springframework/ws/server/endpoint/annotation/PayloadRoot
instanceKlass org/springframework/xml/transform/TransformerFactoryUtils
instanceKlass org/springframework/web/multipart/MultipartHttpServletRequest
instanceKlass org/springframework/web/multipart/MultipartRequest
instanceKlass org/springframework/boot/convert/DurationUnit
instanceKlass org/springframework/transaction/support/TransactionCallback
instanceKlass org/springframework/boot/task/TaskSchedulerBuilder$$Lambda$1292
instanceKlass org/springframework/boot/task/TaskSchedulerCustomizer
instanceKlass org/springframework/boot/autoconfigure/task/ScheduledBeanLazyInitializationExcludeFilter
instanceKlass org/springframework/scheduling/annotation/SchedulingConfigurer
instanceKlass org/springframework/jdbc/core/namedparam/NamedParameterJdbcTemplate$$Lambda$1291
instanceKlass org/springframework/jdbc/core/ParameterizedPreparedStatementSetter
instanceKlass org/springframework/jdbc/support/rowset/SqlRowSet
instanceKlass org/springframework/jdbc/core/RowCallbackHandler
instanceKlass org/springframework/jdbc/support/KeyHolder
instanceKlass org/springframework/boot/sql/init/AbstractScriptDatabaseInitializer$ScriptLocationResolver$$Lambda$1290
instanceKlass org/springframework/boot/sql/init/AbstractScriptDatabaseInitializer$ScriptLocationResolver
instanceKlass org/springframework/boot/sql/init/DatabaseInitializationSettings
instanceKlass org/springframework/boot/autoconfigure/sql/init/SettingsCreator
instanceKlass org/springframework/boot/info/InfoProperties
instanceKlass org/springframework/context/support/DefaultLifecycleProcessor$LifecycleGroup
instanceKlass org/springframework/boot/jdbc/EmbeddedDatabaseConnection$$Lambda$1289
instanceKlass org/springframework/boot/jdbc/EmbeddedDatabaseConnection$$Lambda$1288
instanceKlass org/springframework/boot/jdbc/EmbeddedDatabaseConnection$$Lambda$1287
instanceKlass org/springframework/boot/jdbc/EmbeddedDatabaseConnection$$Lambda$1286
instanceKlass org/springframework/boot/jdbc/EmbeddedDatabaseConnection$$Lambda$1285
instanceKlass org/springframework/jdbc/core/ConnectionCallback
instanceKlass org/springframework/boot/autoconfigure/jdbc/metadata/DataSourcePoolMetadataProvidersConfiguration$HikariPoolDataSourceMetadataProviderConfiguration$$Lambda$1284
instanceKlass org/springframework/boot/autoconfigure/jdbc/metadata/DataSourcePoolMetadataProvidersConfiguration$CommonsDbcp2PoolDataSourceMetadataProviderConfiguration$$Lambda$1283
instanceKlass org/apache/camel/spring/boot/cloud/CamelCloudServiceFilterAutoConfiguration$$Lambda$1282
instanceKlass org/apache/camel/spring/boot/cloud/CamelCloudServiceDiscoveryAutoConfiguration$$Lambda$1281
instanceKlass org/apache/camel/spi/LanguageCustomizer
instanceKlass org/apache/camel/spring/boot/LanguageConfigurationPropertiesCommon$CustomizerProperties
instanceKlass org/apache/camel/impl/springboot/ZipDataFormatAutoConfiguration$1
instanceKlass org/apache/camel/impl/springboot/StringDataFormatAutoConfiguration$1
instanceKlass org/apache/camel/impl/springboot/SerializationDataFormatAutoConfiguration$1
instanceKlass org/apache/camel/impl/springboot/GzipDataFormatAutoConfiguration$1
instanceKlass org/apache/camel/spi/DataFormatCustomizer
instanceKlass org/apache/camel/spring/boot/DataFormatConfigurationPropertiesCommon$CustomizerProperties
instanceKlass org/apache/camel/spi/ComponentCustomizer
instanceKlass org/apache/camel/spring/boot/ComponentConfigurationPropertiesCommon$CustomizerProperties
instanceKlass org/apache/camel/component/extension/ComponentExtension
instanceKlass org/apache/camel/component/properties/ServicePortPropertiesFunction
instanceKlass org/apache/camel/component/properties/ServiceHostPropertiesFunction
instanceKlass org/apache/camel/component/properties/ServicePropertiesFunction
instanceKlass org/apache/camel/component/properties/SysPropertiesFunction
instanceKlass org/apache/camel/component/properties/EnvPropertiesFunction
instanceKlass org/apache/camel/component/properties/DefaultPropertiesResolver
instanceKlass org/apache/camel/DelegateEndpoint
instanceKlass org/apache/camel/component/properties/PropertiesFunction
instanceKlass org/apache/camel/component/properties/DefaultPropertiesParser
instanceKlass org/apache/camel/main/MainSupport$Option
instanceKlass org/springframework/web/servlet/view/ContentNegotiatingViewResolver$1
instanceKlass org/springframework/web/servlet/view/AbstractCachingViewResolver$$Lambda$1280
instanceKlass org/springframework/web/servlet/view/AbstractCachingViewResolver$CacheFilter
instanceKlass java/lang/invoke/LambdaForm$DMH
instanceKlass org/springframework/web/servlet/view/AbstractCachingViewResolver$1
instanceKlass org/springframework/web/servlet/SmartView
instanceKlass org/springframework/web/servlet/view/DefaultRequestToViewNameTranslator
instanceKlass org/springframework/web/servlet/view/ViewResolverComposite
instanceKlass org/springframework/web/servlet/config/annotation/UrlBasedViewResolverRegistration
instanceKlass org/springframework/web/servlet/handler/HandlerExceptionResolverComposite
instanceKlass org/springframework/web/util/UriComponentsBuilder
instanceKlass org/springframework/web/util/UriBuilder
instanceKlass org/springframework/web/servlet/function/ServerResponse
instanceKlass org/springframework/web/servlet/function/ServerResponse$Context
instanceKlass org/springframework/web/servlet/handler/SimpleUrlHandlerMapping$$Lambda$1279
instanceKlass org/springframework/web/servlet/resource/ResourceHttpRequestHandler$$Lambda$1278
instanceKlass org/springframework/web/servlet/resource/DefaultResourceTransformerChain
instanceKlass org/springframework/web/servlet/resource/DefaultResourceResolverChain
instanceKlass org/springframework/web/servlet/resource/AbstractResourceResolver
instanceKlass org/springframework/web/servlet/resource/ResourceResolver
instanceKlass org/springframework/web/servlet/resource/ResourceTransformerChain
instanceKlass org/springframework/web/HttpRequestHandler
instanceKlass org/springframework/boot/autoconfigure/web/servlet/WebMvcAutoConfiguration$WebMvcAutoConfigurationAdapter$$Lambda$1277
instanceKlass org/springframework/boot/autoconfigure/web/WebProperties$Resources$Cache$Cachecontrol$$Lambda$1276
instanceKlass org/springframework/boot/autoconfigure/web/WebProperties$Resources$Cache$Cachecontrol$$Lambda$1275
instanceKlass org/springframework/boot/autoconfigure/web/WebProperties$Resources$Cache$Cachecontrol$$Lambda$1274
instanceKlass org/springframework/boot/autoconfigure/web/WebProperties$Resources$Cache$Cachecontrol$$Lambda$1273
instanceKlass org/springframework/boot/autoconfigure/web/WebProperties$Resources$Cache$Cachecontrol$$Lambda$1272
instanceKlass org/springframework/boot/autoconfigure/web/WebProperties$Resources$Cache$Cachecontrol$$Lambda$1271
instanceKlass org/springframework/boot/autoconfigure/web/WebProperties$Resources$Cache$Cachecontrol$$Lambda$1270
instanceKlass org/springframework/boot/autoconfigure/web/WebProperties$Resources$Cache$Cachecontrol$$Lambda$1269
instanceKlass org/springframework/boot/autoconfigure/web/WebProperties$Resources$Cache$Cachecontrol$$Lambda$1268
instanceKlass org/springframework/boot/autoconfigure/web/WebProperties$Resources$Cache$Cachecontrol$$Lambda$1267
instanceKlass org/springframework/boot/autoconfigure/web/WebProperties$Resources$Cache$Cachecontrol$$Lambda$1266
instanceKlass org/springframework/boot/autoconfigure/web/WebProperties$Resources$Cache$Cachecontrol$$Lambda$1265
instanceKlass org/springframework/boot/autoconfigure/web/WebProperties$Resources$Cache$Cachecontrol$$Lambda$1264
instanceKlass org/springframework/boot/autoconfigure/web/WebProperties$Resources$Cache$Cachecontrol$$Lambda$1263
instanceKlass org/springframework/boot/autoconfigure/web/WebProperties$Resources$Cache$Cachecontrol$$Lambda$1262
instanceKlass org/springframework/boot/context/properties/PropertyMapper$Source$$Lambda$1261
instanceKlass org/springframework/boot/autoconfigure/web/WebProperties$Resources$Cache$Cachecontrol$$Lambda$1260
instanceKlass org/springframework/boot/autoconfigure/web/servlet/WebMvcAutoConfiguration$WebMvcAutoConfigurationAdapter$$Lambda$1259
instanceKlass org/springframework/web/servlet/function/support/RouterFunctionMapping$$Lambda$1258
instanceKlass java/util/stream/ReduceOps$2ReducingSink
instanceKlass org/springframework/web/servlet/function/support/RouterFunctionMapping$$Lambda$1257
instanceKlass org/springframework/web/servlet/function/HandlerFunction
instanceKlass org/springframework/web/servlet/function/ServerRequest
instanceKlass org/springframework/web/servlet/function/RouterFunction
instanceKlass org/springframework/web/servlet/support/AbstractFlashMapManager
instanceKlass org/springframework/web/servlet/theme/AbstractThemeResolver
instanceKlass org/springframework/web/servlet/i18n/AcceptHeaderLocaleResolver
instanceKlass org/springframework/http/server/RequestPath
instanceKlass java/util/stream/Collectors$$Lambda$1256
instanceKlass java/util/stream/Collectors$$Lambda$1255
instanceKlass java/util/stream/Collectors$$Lambda$1254
instanceKlass org/springframework/web/servlet/handler/AbstractHandlerMethodMapping$$Lambda$1253
instanceKlass org/springframework/web/servlet/handler/AbstractHandlerMethodMapping$$Lambda$1252
instanceKlass org/springframework/web/servlet/handler/AbstractHandlerMethodMapping$MappingRegistration
instanceKlass org/springframework/web/servlet/handler/AbstractHandlerMethodMapping$$Lambda$1251
instanceKlass org/springframework/web/servlet/handler/AbstractHandlerMethodMapping$$Lambda$1250
instanceKlass org/springframework/util/MimeType$$Lambda$1249
instanceKlass org/springframework/web/servlet/handler/AbstractHandlerMethodMapping$$Lambda$1248
instanceKlass org/springframework/web/servlet/handler/AbstractHandlerMethodMapping$$Lambda$1247
instanceKlass org/springframework/web/servlet/handler/AbstractHandlerMethodMapping$$Lambda$1246
instanceKlass org/springframework/web/servlet/mvc/method/RequestMappingInfo$DefaultBuilder
instanceKlass org/springframework/http/MediaType$$Lambda$1245
instanceKlass org/springframework/util/MimeTypeUtils$$Lambda$1244
instanceKlass org/springframework/util/MimeTypeUtils
instanceKlass org/springframework/web/servlet/mvc/condition/AbstractMediaTypeExpression
instanceKlass org/springframework/web/servlet/mvc/condition/MediaTypeExpression
instanceKlass java/util/Comparators$NullComparator
instanceKlass org/springframework/web/util/pattern/PathPattern$$Lambda$1243
instanceKlass org/springframework/web/util/pattern/PathPattern$$Lambda$1242
instanceKlass java/util/Comparator$$Lambda$1241
instanceKlass org/springframework/web/util/pattern/PathPattern$$Lambda$1240
instanceKlass org/springframework/web/util/pattern/PathPattern$$Lambda$1239
instanceKlass org/springframework/http/server/DefaultPathContainer$DefaultSeparator
instanceKlass org/springframework/http/server/PathContainer$Separator
instanceKlass org/springframework/http/server/PathContainer$PathSegment
instanceKlass org/springframework/http/server/PathContainer$Element
instanceKlass org/springframework/http/server/DefaultPathContainer
instanceKlass org/springframework/web/util/pattern/PathElement
instanceKlass org/springframework/web/util/pattern/InternalPathPatternParser
instanceKlass org/springframework/http/server/PathContainer$Options
instanceKlass org/springframework/web/servlet/mvc/method/RequestMappingInfo$Builder
instanceKlass org/springframework/core/MethodIntrospector$$Lambda$1238
instanceKlass org/springframework/core/MethodIntrospector
instanceKlass org/springframework/web/servlet/handler/AbstractHandlerMethodMapping$$Lambda$1237
instanceKlass org/springframework/core/MethodIntrospector$MetadataLookup
instanceKlass org/springframework/web/servlet/handler/MappedInterceptor
instanceKlass org/springframework/http/server/PathContainer
instanceKlass org/springframework/web/util/pattern/PathPattern
instanceKlass org/springframework/web/servlet/mvc/condition/AbstractRequestCondition
instanceKlass org/springframework/web/servlet/handler/RequestMatchResult
instanceKlass org/springframework/web/bind/annotation/CrossOrigin
instanceKlass org/springframework/web/servlet/mvc/method/RequestMappingInfo
instanceKlass org/springframework/web/servlet/mvc/condition/RequestCondition
instanceKlass org/springframework/web/servlet/config/annotation/InterceptorRegistry$$Lambda$1236
instanceKlass org/springframework/web/servlet/config/annotation/InterceptorRegistry$$Lambda$1235
instanceKlass org/springframework/web/servlet/resource/ResourceUrlProviderExposingInterceptor
instanceKlass org/springframework/web/servlet/config/annotation/InterceptorRegistration
instanceKlass org/springframework/web/servlet/handler/ConversionServiceExposingInterceptor
instanceKlass org/springframework/web/servlet/config/annotation/InterceptorRegistry$$Lambda$1234
instanceKlass org/springframework/web/servlet/mvc/method/RequestMappingInfo$BuilderConfiguration
instanceKlass org/springframework/web/servlet/mvc/method/RequestMappingInfoHandlerMethodMappingNamingStrategy
instanceKlass org/springframework/web/servlet/handler/AbstractHandlerMethodMapping$MappingRegistry
instanceKlass org/springframework/web/cors/DefaultCorsProcessor
instanceKlass org/springframework/web/servlet/mvc/method/RequestMappingInfoHandlerMapping$HttpOptionsHandler
instanceKlass org/springframework/web/cors/CorsConfiguration$OriginPattern
instanceKlass org/springframework/web/cors/CorsConfiguration
instanceKlass org/springframework/core/annotation/AnnotatedElementUtils$$Lambda$1233
instanceKlass org/springframework/web/bind/annotation/ResponseStatus
instanceKlass org/springframework/web/servlet/handler/AbstractHandlerMethodMapping$EmptyHandler
instanceKlass org/springframework/web/servlet/handler/HandlerMethodMappingNamingStrategy
instanceKlass org/springframework/web/cors/CorsProcessor
instanceKlass java/util/stream/ReduceOps$8ReducingSink
instanceKlass java/util/stream/Sink$OfLong
instanceKlass java/util/function/LongConsumer
instanceKlass java/util/stream/LongPipeline$$Lambda$1232
instanceKlass java/util/function/LongBinaryOperator
instanceKlass java/lang/invoke/LambdaForm$DMH
instanceKlass java/util/stream/LongStream
instanceKlass java/util/stream/ReferencePipeline$$Lambda$1231
instanceKlass org/springframework/boot/autoconfigure/web/servlet/WebMvcAutoConfiguration$WebMvcAutoConfigurationAdapter$$Lambda$1230
instanceKlass org/springframework/boot/autoconfigure/web/servlet/WebMvcAutoConfiguration$WebMvcAutoConfigurationAdapter$$Lambda$1229
instanceKlass org/springframework/boot/autoconfigure/web/servlet/WebMvcAutoConfiguration$WebMvcAutoConfigurationAdapter$$Lambda$1228
instanceKlass org/springframework/web/servlet/resource/ResourceResolverChain
instanceKlass org/springframework/web/servlet/mvc/method/annotation/ViewNameMethodReturnValueHandler
instanceKlass org/springframework/web/servlet/mvc/method/annotation/AsyncTaskMethodReturnValueHandler
instanceKlass org/springframework/util/concurrent/ListenableFutureCallback
instanceKlass org/springframework/util/concurrent/FailureCallback
instanceKlass org/springframework/util/concurrent/SuccessCallback
instanceKlass org/springframework/web/servlet/mvc/method/annotation/DeferredResultMethodReturnValueHandler
instanceKlass org/springframework/web/servlet/mvc/method/annotation/CallableMethodReturnValueHandler
instanceKlass org/springframework/web/servlet/mvc/method/annotation/HttpHeadersReturnValueHandler
instanceKlass org/springframework/web/servlet/mvc/method/annotation/StreamingResponseBodyReturnValueHandler
instanceKlass org/springframework/core/task/SyncTaskExecutor
instanceKlass org/springframework/web/servlet/mvc/method/annotation/ResponseBodyEmitter
instanceKlass org/springframework/web/servlet/mvc/method/annotation/ReactiveTypeHandler
instanceKlass org/springframework/web/servlet/mvc/method/annotation/ResponseBodyEmitter$Handler
instanceKlass org/springframework/web/servlet/mvc/method/annotation/ResponseBodyEmitterReturnValueHandler
instanceKlass org/springframework/web/servlet/mvc/method/annotation/ViewMethodReturnValueHandler
instanceKlass org/springframework/web/servlet/mvc/method/annotation/ModelAndViewMethodReturnValueHandler
instanceKlass org/springframework/web/servlet/mvc/method/annotation/PrincipalMethodArgumentResolver
instanceKlass org/springframework/web/servlet/mvc/method/annotation/UriComponentsBuilderMethodArgumentResolver
instanceKlass org/springframework/web/method/annotation/SessionStatusMethodArgumentResolver
instanceKlass org/springframework/web/method/annotation/ErrorsMethodArgumentResolver
instanceKlass org/springframework/web/method/annotation/MapMethodProcessor
instanceKlass org/springframework/web/method/annotation/ModelMethodProcessor
instanceKlass org/springframework/web/servlet/mvc/support/RedirectAttributes
instanceKlass org/springframework/ui/Model
instanceKlass org/springframework/web/servlet/mvc/method/annotation/RedirectAttributesMethodArgumentResolver
instanceKlass org/springframework/web/servlet/mvc/method/annotation/ServletResponseMethodArgumentResolver
instanceKlass org/springframework/web/servlet/mvc/method/annotation/ServletRequestMethodArgumentResolver
instanceKlass javax/servlet/http/PushBuilder
instanceKlass javax/servlet/http/HttpUpgradeHandler
instanceKlass javax/servlet/http/Part
instanceKlass javax/servlet/http/Cookie
instanceKlass javax/servlet/http/HttpServletMapping
instanceKlass org/springframework/web/method/annotation/RequestHeaderMapMethodArgumentResolver
instanceKlass org/springframework/web/accept/ContentNegotiationManager$$Lambda$1227
instanceKlass org/springframework/core/io/support/ResourceRegion
instanceKlass org/springframework/core/ParameterizedTypeReference
instanceKlass org/springframework/http/server/ServerHttpRequest
instanceKlass org/springframework/http/HttpRequest
instanceKlass org/springframework/http/server/ServerHttpResponse
instanceKlass org/springframework/web/servlet/mvc/method/annotation/AbstractMessageConverterMethodArgumentResolver
instanceKlass org/springframework/validation/DataBinder
instanceKlass org/springframework/web/method/annotation/ModelAttributeMethodProcessor
instanceKlass org/springframework/web/servlet/mvc/method/annotation/MatrixVariableMapMethodArgumentResolver
instanceKlass org/springframework/web/servlet/mvc/method/annotation/PathVariableMapMethodArgumentResolver
instanceKlass org/springframework/web/method/annotation/RequestParamMapMethodArgumentResolver
instanceKlass org/springframework/web/method/annotation/AbstractNamedValueMethodArgumentResolver$NamedValueInfo
instanceKlass org/springframework/web/method/annotation/AbstractNamedValueMethodArgumentResolver
instanceKlass org/springframework/web/servlet/mvc/method/annotation/RequestResponseBodyAdviceChain
instanceKlass org/springframework/web/bind/annotation/ControllerAdvice
instanceKlass org/springframework/web/method/support/HandlerMethodReturnValueHandlerComposite
instanceKlass org/springframework/web/method/support/HandlerMethodReturnValueHandler
instanceKlass org/springframework/web/method/support/HandlerMethodArgumentResolverComposite
instanceKlass org/springframework/web/method/support/HandlerMethodArgumentResolver
instanceKlass org/springframework/http/CacheControl
instanceKlass org/springframework/web/method/support/ModelAndViewContainer
instanceKlass org/springframework/web/method/ControllerAdviceBean
instanceKlass org/springframework/web/method/annotation/ModelFactory
instanceKlass org/springframework/web/method/annotation/SessionAttributesHandler
instanceKlass org/springframework/boot/task/TaskExecutorBuilder$$Lambda$1226
instanceKlass org/springframework/boot/task/TaskExecutorBuilder$$Lambda$1225
instanceKlass org/springframework/boot/task/TaskExecutorBuilder$$Lambda$1224
instanceKlass java/lang/invoke/LambdaForm$DMH
instanceKlass org/springframework/boot/task/TaskExecutorBuilder$$Lambda$1223
instanceKlass org/springframework/boot/task/TaskExecutorBuilder$$Lambda$1222
instanceKlass org/springframework/boot/task/TaskExecutorBuilder$$Lambda$1221
instanceKlass org/springframework/boot/task/TaskExecutorBuilder$$Lambda$1220
instanceKlass org/springframework/boot/task/TaskExecutorBuilder$$Lambda$1219
instanceKlass org/springframework/boot/task/TaskExecutorBuilder$$Lambda$1218
instanceKlass org/springframework/boot/task/TaskExecutorBuilder$$Lambda$1217
instanceKlass org/springframework/boot/task/TaskExecutorBuilder$$Lambda$1216
instanceKlass java/lang/invoke/LambdaForm$DMH
instanceKlass org/springframework/web/servlet/mvc/method/annotation/AbstractMappingJacksonResponseBodyAdvice
instanceKlass org/springframework/web/servlet/mvc/method/annotation/ResponseBodyAdvice
instanceKlass org/springframework/web/servlet/mvc/method/annotation/RequestBodyAdviceAdapter
instanceKlass org/springframework/web/servlet/mvc/method/annotation/RequestBodyAdvice
instanceKlass com/fasterxml/jackson/annotation/JsonAutoDetect$Value
instanceKlass com/fasterxml/jackson/databind/jsonschema/JsonSchema
instanceKlass com/fasterxml/jackson/databind/jsonFormatVisitors/JsonFormatVisitorWrapper
instanceKlass com/fasterxml/jackson/databind/jsonFormatVisitors/JsonFormatVisitorWithSerializerProvider
instanceKlass com/fasterxml/jackson/databind/deser/DeserializationProblemHandler
instanceKlass com/fasterxml/jackson/databind/MappingIterator
instanceKlass com/fasterxml/jackson/core/io/CharacterEscapes
instanceKlass com/fasterxml/jackson/databind/ObjectWriter
instanceKlass com/fasterxml/jackson/core/type/TypeReference
instanceKlass com/fasterxml/jackson/databind/InjectableValues
instanceKlass com/fasterxml/jackson/core/FormatSchema
instanceKlass org/springframework/core/io/ProtocolResolver
instanceKlass org/springframework/beans/factory/config/BeanDefinitionCustomizer
instanceKlass org/springframework/http/converter/json/Jackson2ObjectMapperBuilder$$Lambda$1215
instanceKlass java/lang/SafeVarargs
instanceKlass com/fasterxml/jackson/databind/ser/FilterProvider
instanceKlass org/springframework/boot/jackson/JsonComponent
instanceKlass com/fasterxml/jackson/databind/module/SimpleKeyDeserializers
instanceKlass com/fasterxml/jackson/databind/PropertyNamingStrategy
instanceKlass com/fasterxml/jackson/databind/deser/ValueInstantiators$Base
instanceKlass com/fasterxml/jackson/databind/ser/Serializers$Base
instanceKlass com/fasterxml/jackson/databind/jsontype/NamedType
instanceKlass org/springframework/boot/autoconfigure/jackson/JacksonAutoConfiguration$Jackson2ObjectMapperBuilderCustomizerConfiguration$StandardJackson2ObjectMapperBuilderCustomizer$$Lambda$1214
instanceKlass org/springframework/boot/autoconfigure/jackson/JacksonAutoConfiguration$Jackson2ObjectMapperBuilderCustomizerConfiguration$StandardJackson2ObjectMapperBuilderCustomizer$$Lambda$1213
instanceKlass org/springframework/http/HttpHeaders
instanceKlass org/springframework/boot/context/properties/bind/Binder$$Lambda$1212
instanceKlass org/springframework/boot/autoconfigure/web/servlet/WebMvcAutoConfiguration$WebMvcAutoConfigurationAdapter$$Lambda$1211
instanceKlass org/springframework/web/bind/support/DefaultSessionAttributeStore
instanceKlass org/springframework/web/context/request/async/DeferredResultProcessingInterceptor
instanceKlass org/springframework/util/ConcurrencyThrottleSupport
instanceKlass org/springframework/util/concurrent/ListenableFuture
instanceKlass org/springframework/web/servlet/mvc/method/annotation/RequestMappingHandlerAdapter$$Lambda$1210
instanceKlass org/springframework/web/servlet/mvc/method/annotation/RequestMappingHandlerAdapter$$Lambda$1209
instanceKlass org/springframework/web/bind/support/SessionAttributeStore
instanceKlass org/springframework/web/bind/support/DefaultDataBinderFactory
instanceKlass org/springframework/web/method/HandlerMethod
instanceKlass org/springframework/web/bind/support/WebDataBinderFactory
instanceKlass org/springframework/boot/autoconfigure/validation/ValidatorAdapter
instanceKlass org/springframework/boot/autoconfigure/web/format/DateTimeFormatters
instanceKlass org/springframework/web/context/request/NativeWebRequest
instanceKlass org/springframework/web/accept/MappingMediaTypeFileExtensionResolver$$Lambda$1208
instanceKlass org/springframework/web/accept/MappingMediaTypeFileExtensionResolver$$Lambda$1207
instanceKlass org/springframework/web/accept/HeaderContentNegotiationStrategy
instanceKlass org/springframework/web/accept/ContentNegotiationManagerFactoryBean$$Lambda$1206
instanceKlass org/springframework/boot/autoconfigure/web/servlet/WebMvcAutoConfiguration$WebMvcAutoConfigurationAdapter$$Lambda$1205
instanceKlass org/springframework/web/accept/MappingMediaTypeFileExtensionResolver
instanceKlass org/springframework/web/accept/ContentNegotiationManagerFactoryBean
instanceKlass org/springframework/core/annotation/AnnotationUtils$$Lambda$1204
instanceKlass org/springframework/web/servlet/config/annotation/WebMvcConfigurerComposite
instanceKlass org/springframework/boot/autoconfigure/web/servlet/WebMvcRegistrations
instanceKlass org/springframework/boot/autoconfigure/web/servlet/WebMvcAutoConfiguration$ResourceChainCustomizerConfiguration
instanceKlass org/springframework/boot/autoconfigure/web/servlet/WebMvcAutoConfiguration$ResourceChainResourceHandlerRegistrationCustomizer
instanceKlass org/springframework/boot/autoconfigure/web/servlet/WebMvcAutoConfiguration$ResourceHandlerRegistrationCustomizer
instanceKlass org/springframework/boot/autoconfigure/web/servlet/WebMvcAutoConfiguration$OptionalPathExtensionContentNegotiationStrategy
instanceKlass org/springframework/web/bind/annotation/ExceptionHandler
instanceKlass org/springframework/http/HttpEntity
instanceKlass org/springframework/boot/web/error/ErrorAttributeOptions
instanceKlass org/springframework/boot/autoconfigure/web/WebProperties$Resources$Cache$Cachecontrol
instanceKlass org/springframework/boot/autoconfigure/web/WebProperties$Resources$Chain$Strategy$Content
instanceKlass org/springframework/boot/autoconfigure/web/WebProperties$Resources$Chain$Strategy$Fixed
instanceKlass org/springframework/boot/autoconfigure/web/WebProperties$Resources$Chain$Strategy
instanceKlass org/springframework/context/support/MessageSourceAccessor
instanceKlass org/springframework/boot/autoconfigure/web/servlet/error/ErrorMvcAutoConfiguration$StaticView
instanceKlass org/springframework/validation/beanvalidation/LocalValidatorFactoryBean$$Lambda$1203
instanceKlass java/lang/invoke/LambdaForm$DMH
instanceKlass org/springframework/validation/beanvalidation/LocalValidatorFactoryBean$1
instanceKlass org/springframework/validation/beanvalidation/SpringConstraintValidatorFactory
instanceKlass org/springframework/validation/beanvalidation/LocaleContextMessageInterpolator
instanceKlass org/springframework/validation/BindingResult
instanceKlass org/springframework/validation/Errors
instanceKlass javax/validation/ConstraintViolation
instanceKlass org/springframework/boot/validation/MessageInterpolatorFactory
instanceKlass org/springframework/context/support/DefaultMessageSourceResolvable
instanceKlass org/springframework/context/MessageSourceResolvable
instanceKlass org/springframework/boot/task/TaskExecutorBuilder$$Lambda$1202
instanceKlass org/springframework/boot/autoconfigure/task/TaskExecutionAutoConfiguration$$Lambda$1201
instanceKlass org/springframework/core/task/TaskDecorator
instanceKlass org/springframework/boot/task/TaskExecutorCustomizer
instanceKlass org/springframework/beans/factory/support/BeanDefinitionValueResolver$KeyedArgName
instanceKlass org/springframework/jdbc/datasource/DelegatingDataSource
instanceKlass org/springframework/transaction/support/AbstractPlatformTransactionManager$SuspendedResourcesHolder
instanceKlass org/springframework/transaction/support/AbstractTransactionStatus
instanceKlass ai/pelican/camel/interfaces/SplitterHelper$$Lambda$1200
instanceKlass org/springframework/jdbc/core/CallableStatementCallback
instanceKlass com/sun/org/apache/xml/internal/serializer/WriterChain
instanceKlass com/sun/org/apache/xalan/internal/xsltc/trax/DOM2TO
instanceKlass org/xml/sax/ext/Locator2
instanceKlass com/sun/org/apache/xml/internal/serializer/NamespaceMappings$MappingRecord
instanceKlass com/sun/org/apache/xml/internal/serializer/NamespaceMappings
instanceKlass java/nio/charset/Charset$1
instanceKlass java/nio/charset/Charset$2
instanceKlass java/nio/charset/Charset$ExtendedProviderHolder$1
instanceKlass java/nio/charset/Charset$ExtendedProviderHolder
instanceKlass com/sun/org/apache/xalan/internal/utils/SecuritySupport$7
instanceKlass com/sun/org/apache/xalan/internal/utils/SecuritySupport$5
instanceKlass com/sun/org/apache/xml/internal/serializer/Encodings$EncodingInfos
instanceKlass com/sun/org/apache/xml/internal/serializer/Encodings
instanceKlass com/sun/org/apache/xml/internal/serializer/EncodingInfo
instanceKlass com/sun/org/apache/xml/internal/serializer/ToStream$BoolStack
instanceKlass com/sun/org/apache/xml/internal/serializer/CharInfo$CharKey
instanceKlass sun/util/ResourceBundleEnumeration
instanceKlass com/sun/org/apache/xml/internal/serializer/CharInfo
instanceKlass com/sun/org/apache/xml/internal/serializer/ElemContext
instanceKlass com/sun/org/apache/xml/internal/serializer/SerializerBase
instanceKlass com/sun/org/apache/xml/internal/serializer/SerializerConstants
instanceKlass com/sun/org/apache/xml/internal/serializer/SerializationHandler
instanceKlass com/sun/org/apache/xml/internal/serializer/Serializer
instanceKlass com/sun/org/apache/xml/internal/serializer/DOMSerializer
instanceKlass org/xml/sax/ext/DeclHandler
instanceKlass com/sun/org/apache/xml/internal/serializer/XSLOutputAttributes
instanceKlass com/sun/org/apache/xml/internal/serializer/ExtendedLexicalHandler
instanceKlass org/xml/sax/ext/LexicalHandler
instanceKlass com/sun/org/apache/xml/internal/serializer/ExtendedContentHandler
instanceKlass javax/xml/transform/dom/DOMResult
instanceKlass javax/xml/transform/stax/StAXResult
instanceKlass javax/xml/transform/sax/SAXResult
instanceKlass com/sun/org/apache/xalan/internal/xsltc/runtime/output/TransletOutputHandlerFactory
instanceKlass com/sun/org/apache/xml/internal/utils/XMLReaderManager
instanceKlass com/sun/org/apache/xml/internal/serializer/OutputPropertiesFactory$1
instanceKlass com/sun/org/apache/xml/internal/serializer/OutputPropertiesFactory
instanceKlass com/sun/org/apache/xalan/internal/xsltc/DOMCache
instanceKlass com/acesw/pulse/PulseObject
instanceKlass sun/security/ssl/PreSharedKeyExtension$SHPreSharedKeySpec
instanceKlass sun/security/ssl/SSLEngineOutputRecord$RecordMemo
instanceKlass sun/security/ssl/SSLEngineOutputRecord$HandshakeFragment
instanceKlass sun/security/ssl/PreSharedKeyExtension$CHPreSharedKeySpec
instanceKlass sun/security/ssl/PreSharedKeyExtension$PskIdentity
instanceKlass sun/security/ssl/Alert$AlertConsumer
instanceKlass com/acesw/usersecurity/UserApplicationInstanceSessionPkey
instanceKlass java/util/Hashtable$UnsafeHolder
instanceKlass java/io/SerialCallbackContext
instanceKlass com/acesw/usersecurity/MyProfile
instanceKlass sun/net/www/http/Hurryable
instanceKlass sun/net/www/protocol/http/AuthCacheImpl
instanceKlass sun/net/www/protocol/http/AuthCache
instanceKlass sun/net/www/protocol/http/AuthCacheValue
instanceKlass com/acesw/usersecurity/UserPkey
instanceKlass java/io/ObjectStreamClass$6
instanceKlass java/io/ObjectStreamClass$5
instanceKlass java/io/ObjectStreamClass$4
instanceKlass java/io/ObjectStreamClass$MemberSignature
instanceKlass java/io/ObjectStreamClass$2
instanceKlass com/acesw/appletservlet/ACEDBResponse
instanceKlass com/acesw/appletservlet/ACEResponseAdapter
instanceKlass com/acesw/appletservlet/CommunicationEvent
instanceKlass com/acesw/appletservlet/CommunicationListener
instanceKlass com/acesw/appletservlet/InvalidRequestEvent
instanceKlass com/acesw/appletservlet/ACEResponse
instanceKlass java/io/ObjectOutputStream$ReplaceTable
instanceKlass java/io/ObjectOutputStream$HandleTable
instanceKlass sun/security/util/HostnameChecker
instanceKlass sun/security/ssl/TransportContext$NotifyHandshake$1
instanceKlass sun/security/ssl/TransportContext$NotifyHandshake
instanceKlass sun/security/ssl/SSLBasicKeyDerivation$SecretSizeSpec
instanceKlass sun/security/ssl/SSLBasicKeyDerivation
instanceKlass sun/security/ssl/Finished$1
instanceKlass sun/security/ssl/Finished$T13VerifyDataGenerator
instanceKlass sun/security/ssl/Finished$T12VerifyDataGenerator
instanceKlass sun/security/ssl/Finished$T10VerifyDataGenerator
instanceKlass sun/security/ssl/Finished$S30VerifyDataGenerator
instanceKlass sun/security/ssl/Finished$VerifyDataGenerator
instanceKlass sun/security/rsa/MGF1
instanceKlass sun/security/rsa/RSACore
instanceKlass java/security/interfaces/RSAPrivateKey
instanceKlass sun/security/util/SignatureUtil
instanceKlass sun/security/ssl/X509Authentication$X509Credentials
instanceKlass sun/security/util/DisabledAlgorithmConstraints$CertPathHolder
instanceKlass java/security/cert/PKIXCertPathChecker
instanceKlass java/security/cert/CertPathChecker
instanceKlass java/security/Timestamp
instanceKlass sun/security/ssl/SSLAlgorithmConstraints$SupportedSignatureAlgorithmConstraints
instanceKlass sun/text/normalizer/NormalizerBase$1
instanceKlass sun/text/normalizer/NormalizerBase$QuickCheckResult
instanceKlass sun/text/normalizer/NormalizerBase$Mode
instanceKlass sun/text/normalizer/NormalizerBase
instanceKlass java/text/Normalizer
instanceKlass sun/security/pkcs/SignerInfo
instanceKlass sun/security/util/KnownOIDs$10
instanceKlass sun/security/pkcs/PKCS9Attribute
instanceKlass sun/security/x509/AVAKeyword
instanceKlass java/security/cert/PKIXParameters
instanceKlass java/security/cert/CertPathParameters
instanceKlass sun/security/provider/certpath/CertPathHelper
instanceKlass java/security/cert/TrustAnchor
instanceKlass sun/security/validator/EndEntityChecker
instanceKlass sun/security/validator/Validator
instanceKlass sun/security/ssl/CertificateMessage$CertificateEntry
instanceKlass com/sun/crypto/provider/GHASH
instanceKlass com/sun/crypto/provider/GCTR
instanceKlass javax/crypto/spec/GCMParameterSpec
instanceKlass sun/security/ssl/ChangeCipherSpec$T13ChangeCipherSpecConsumer
instanceKlass sun/security/ssl/ChangeCipherSpec$T10ChangeCipherSpecProducer
instanceKlass sun/security/ssl/ChangeCipherSpec$T10ChangeCipherSpecConsumer
instanceKlass sun/security/ssl/ChangeCipherSpec
instanceKlass sun/security/ssl/SSLTrafficKeyDerivation$T13TrafficKeyDerivation
instanceKlass sun/security/ssl/SSLTrafficKeyDerivation$1
instanceKlass sun/security/ssl/SSLTrafficKeyDerivation$T13TrafficKeyDerivationGenerator
instanceKlass sun/security/ssl/SSLTrafficKeyDerivation$T12TrafficKeyDerivationGenerator
instanceKlass sun/security/ssl/SSLTrafficKeyDerivation$T10TrafficKeyDerivationGenerator
instanceKlass sun/security/ssl/SSLTrafficKeyDerivation$S30TrafficKeyDerivationGenerator
instanceKlass sun/security/ssl/SSLKeyDerivationGenerator
instanceKlass sun/security/ssl/SSLSecretDerivation
instanceKlass sun/security/ssl/HKDF
instanceKlass sun/security/ec/ECDHKeyAgreement$$Lambda$1199
instanceKlass javax/crypto/KeyAgreementSpi
instanceKlass sun/security/ssl/ECDHKeyExchange$ECDHEKAKeyDerivation
instanceKlass sun/security/ssl/SSLKeyDerivation
instanceKlass sun/security/util/Length
instanceKlass java/security/spec/ECPublicKeySpec
instanceKlass sun/security/ssl/ECDHKeyExchange$ECDHECredentials
instanceKlass sun/security/ssl/SSLCredentials
instanceKlass sun/security/ssl/KeyShareExtension$SHKeyShareSpec
instanceKlass sun/security/ssl/HandshakeHash$NonCloneableHash
instanceKlass sun/security/ssl/HandshakeHash$T13HandshakeHash
instanceKlass sun/security/ssl/SupportedVersionsExtension$SHSupportedVersionsSpec
instanceKlass sun/security/ssl/TransportContext$1
instanceKlass sun/security/ssl/Plaintext
instanceKlass sun/security/ssl/OutputRecord$T13PaddingHolder
instanceKlass sun/security/ssl/KeyShareExtension$CHKeyShareSpec
instanceKlass sun/security/ssl/KeyShareExtension$KeyShareEntry
instanceKlass java/security/KeyPair
instanceKlass java/security/interfaces/ECPublicKey
instanceKlass sun/security/util/ArrayUtil
instanceKlass java/security/interfaces/ECPrivateKey
instanceKlass sun/security/pkcs/PKCS8Key
instanceKlass sun/security/util/math/MutableIntegerModuloP
instanceKlass sun/security/ec/point/AffinePoint
instanceKlass sun/security/ec/point/ImmutablePoint
instanceKlass sun/security/ec/point/ProjectivePoint
instanceKlass sun/security/util/math/intpoly/IntegerPolynomial$Limb
instanceKlass sun/security/util/math/SmallValue
instanceKlass sun/security/util/math/ImmutableIntegerModuloP
instanceKlass sun/security/util/math/intpoly/IntegerPolynomial$Element
instanceKlass java/math/MutableBigInteger
instanceKlass sun/security/util/math/intpoly/IntegerPolynomial
instanceKlass sun/security/util/math/IntegerFieldModuloP
instanceKlass sun/security/ec/point/MutablePoint
instanceKlass sun/security/util/math/IntegerModuloP
instanceKlass sun/security/ec/ECOperations
instanceKlass sun/security/ssl/ECDHKeyExchange$ECDHEPossession
instanceKlass sun/security/ssl/SSLPossession
instanceKlass sun/security/ssl/KrbKeyExchange$KrbKAGenerator
instanceKlass sun/security/ssl/KrbKeyExchange$KrbPossessionGenerator
instanceKlass sun/security/ssl/KrbKeyExchange
instanceKlass sun/security/ssl/ECDHKeyExchange$ECDHKAGenerator
instanceKlass sun/security/ssl/ECDHKeyExchange$ECDHEKAGenerator
instanceKlass sun/security/ssl/ECDHKeyExchange$ECDHEPossessionGenerator
instanceKlass sun/security/ssl/ECDHKeyExchange
instanceKlass sun/security/ssl/DHKeyExchange$DHEKAGenerator
instanceKlass sun/security/ssl/DHKeyExchange$DHEPossessionGenerator
instanceKlass sun/security/ssl/DHKeyExchange
instanceKlass sun/security/ssl/RSAKeyExchange$RSAKAGenerator
instanceKlass sun/security/ssl/RSAKeyExchange$EphemeralRSAPossessionGenerator
instanceKlass sun/security/ssl/RSAKeyExchange
instanceKlass sun/security/ssl/SSLKeyExchange$T13KeyAgreement
instanceKlass sun/security/ssl/SSLKeyAgreement
instanceKlass sun/security/ssl/SSLPossessionGenerator
instanceKlass sun/security/ssl/SSLKeyExchange
instanceKlass sun/security/ssl/SSLHandshakeBinding
instanceKlass sun/security/ssl/SSLKeyAgreementGenerator
instanceKlass sun/security/ssl/PskKeyExchangeModesExtension$PskKeyExchangeModesSpec
instanceKlass sun/security/ssl/SupportedVersionsExtension$CHSupportedVersionsSpec
instanceKlass sun/security/ssl/ExtendedMasterSecretExtension$ExtendedMasterSecretSpec
instanceKlass sun/security/ssl/SignatureAlgorithmsExtension$SignatureSchemesSpec
instanceKlass java/security/spec/MGF1ParameterSpec
instanceKlass java/security/spec/PSSParameterSpec
instanceKlass sun/security/ssl/ECPointFormatsExtension$ECPointFormatsSpec
instanceKlass sun/security/ssl/SupportedGroupsExtension$SupportedGroupsSpec
instanceKlass sun/security/ssl/SSLExtension$SSLExtensionSpec
instanceKlass sun/security/ssl/SSLExtension$ClientExtensions
instanceKlass sun/security/ssl/PreSharedKeyExtension$SHPreSharedKeyStringizer
instanceKlass sun/security/ssl/PreSharedKeyExtension$SHPreSharedKeyAbsence
instanceKlass sun/security/ssl/PreSharedKeyExtension$SHPreSharedKeyConsumer
instanceKlass sun/security/ssl/PreSharedKeyExtension$SHPreSharedKeyProducer
instanceKlass sun/security/ssl/PreSharedKeyExtension$CHPreSharedKeyStringizer
instanceKlass sun/security/ssl/PreSharedKeyExtension$CHPreSharedKeyUpdate
instanceKlass sun/security/ssl/PreSharedKeyExtension$CHPreSharedKeyAbsence
instanceKlass sun/security/ssl/PreSharedKeyExtension$CHPreSharedKeyConsumer
instanceKlass sun/security/ssl/PreSharedKeyExtension$CHPreSharedKeyProducer
instanceKlass sun/security/ssl/PreSharedKeyExtension
instanceKlass sun/security/ssl/RenegoInfoExtension$RenegotiationInfoStringizer
instanceKlass sun/security/ssl/RenegoInfoExtension$SHRenegotiationInfoAbsence
instanceKlass sun/security/ssl/RenegoInfoExtension$SHRenegotiationInfoConsumer
instanceKlass sun/security/ssl/RenegoInfoExtension$SHRenegotiationInfoProducer
instanceKlass sun/security/ssl/RenegoInfoExtension$CHRenegotiationInfoAbsence
instanceKlass sun/security/ssl/RenegoInfoExtension$CHRenegotiationInfoConsumer
instanceKlass sun/security/ssl/RenegoInfoExtension$CHRenegotiationInfoProducer
instanceKlass sun/security/ssl/RenegoInfoExtension
instanceKlass sun/security/ssl/KeyShareExtension$HRRKeyShareStringizer
instanceKlass sun/security/ssl/KeyShareExtension$HRRKeyShareReproducer
instanceKlass sun/security/ssl/KeyShareExtension$HRRKeyShareConsumer
instanceKlass sun/security/ssl/KeyShareExtension$HRRKeyShareProducer
instanceKlass sun/security/ssl/KeyShareExtension$SHKeyShareStringizer
instanceKlass sun/security/ssl/KeyShareExtension$SHKeyShareAbsence
instanceKlass sun/security/ssl/KeyShareExtension$SHKeyShareConsumer
instanceKlass sun/security/ssl/KeyShareExtension$SHKeyShareProducer
instanceKlass sun/security/ssl/KeyShareExtension$CHKeyShareStringizer
instanceKlass sun/security/ssl/KeyShareExtension$CHKeyShareConsumer
instanceKlass sun/security/ssl/KeyShareExtension$CHKeyShareProducer
instanceKlass sun/security/ssl/KeyShareExtension
instanceKlass sun/security/ssl/CertificateAuthoritiesExtension$CertificateAuthoritiesStringizer
instanceKlass sun/security/ssl/CertificateAuthoritiesExtension$CRCertificateAuthoritiesConsumer
instanceKlass sun/security/ssl/CertificateAuthoritiesExtension$CRCertificateAuthoritiesProducer
instanceKlass sun/security/ssl/CertificateAuthoritiesExtension$CHCertificateAuthoritiesConsumer
instanceKlass sun/security/ssl/CertificateAuthoritiesExtension$CHCertificateAuthoritiesProducer
instanceKlass sun/security/ssl/CertificateAuthoritiesExtension
instanceKlass sun/security/ssl/PskKeyExchangeModesExtension$PskKeyExchangeModesStringizer
instanceKlass sun/security/ssl/PskKeyExchangeModesExtension$PskKeyExchangeModesOnTradeAbsence
instanceKlass sun/security/ssl/PskKeyExchangeModesExtension$PskKeyExchangeModesOnLoadAbsence
instanceKlass sun/security/ssl/PskKeyExchangeModesExtension$PskKeyExchangeModesConsumer
instanceKlass sun/security/ssl/PskKeyExchangeModesExtension$PskKeyExchangeModesProducer
instanceKlass sun/security/ssl/PskKeyExchangeModesExtension
instanceKlass sun/security/ssl/CookieExtension$CookieStringizer
instanceKlass sun/security/ssl/CookieExtension$HRRCookieReproducer
instanceKlass sun/security/ssl/CookieExtension$HRRCookieConsumer
instanceKlass sun/security/ssl/CookieExtension$HRRCookieProducer
instanceKlass sun/security/ssl/CookieExtension$CHCookieUpdate
instanceKlass sun/security/ssl/CookieExtension$CHCookieConsumer
instanceKlass sun/security/ssl/CookieExtension$CHCookieProducer
instanceKlass sun/security/ssl/CookieExtension
instanceKlass sun/security/ssl/SupportedVersionsExtension$HRRSupportedVersionsReproducer
instanceKlass sun/security/ssl/SupportedVersionsExtension$HRRSupportedVersionsConsumer
instanceKlass sun/security/ssl/SupportedVersionsExtension$HRRSupportedVersionsProducer
instanceKlass sun/security/ssl/SupportedVersionsExtension$SHSupportedVersionsStringizer
instanceKlass sun/security/ssl/SupportedVersionsExtension$SHSupportedVersionsConsumer
instanceKlass sun/security/ssl/SupportedVersionsExtension$SHSupportedVersionsProducer
instanceKlass sun/security/ssl/SupportedVersionsExtension$CHSupportedVersionsStringizer
instanceKlass sun/security/ssl/SupportedVersionsExtension$CHSupportedVersionsConsumer
instanceKlass sun/security/ssl/SupportedVersionsExtension$CHSupportedVersionsProducer
instanceKlass sun/security/ssl/SupportedVersionsExtension
instanceKlass sun/security/ssl/ExtendedMasterSecretExtension$ExtendedMasterSecretStringizer
instanceKlass sun/security/ssl/ExtendedMasterSecretExtension$SHExtendedMasterSecretAbsence
instanceKlass sun/security/ssl/ExtendedMasterSecretExtension$SHExtendedMasterSecretConsumer
instanceKlass sun/security/ssl/ExtendedMasterSecretExtension$SHExtendedMasterSecretProducer
instanceKlass sun/security/ssl/ExtendedMasterSecretExtension$CHExtendedMasterSecretAbsence
instanceKlass sun/security/ssl/ExtendedMasterSecretExtension$CHExtendedMasterSecretConsumer
instanceKlass sun/security/ssl/ExtendedMasterSecretExtension$CHExtendedMasterSecretProducer
instanceKlass sun/security/ssl/ExtendedMasterSecretExtension
instanceKlass sun/security/ssl/AlpnExtension$$Lambda$1198
instanceKlass sun/security/ssl/AlpnExtension$AlpnStringizer
instanceKlass sun/security/ssl/AlpnExtension$SHAlpnAbsence
instanceKlass sun/security/ssl/AlpnExtension$SHAlpnConsumer
instanceKlass sun/security/ssl/AlpnExtension$SHAlpnProducer
instanceKlass sun/security/ssl/AlpnExtension$CHAlpnAbsence
instanceKlass sun/security/ssl/AlpnExtension$CHAlpnConsumer
instanceKlass sun/security/ssl/AlpnExtension$CHAlpnProducer
instanceKlass sun/security/ssl/AlpnExtension
instanceKlass sun/security/ssl/CertSignAlgsExtension$CertSignatureSchemesStringizer
instanceKlass sun/security/ssl/CertSignAlgsExtension$CRCertSignatureSchemesUpdate
instanceKlass sun/security/ssl/CertSignAlgsExtension$CRCertSignatureSchemesConsumer
instanceKlass sun/security/ssl/CertSignAlgsExtension$CRCertSignatureSchemesProducer
instanceKlass sun/security/ssl/CertSignAlgsExtension$CHCertSignatureSchemesUpdate
instanceKlass sun/security/ssl/CertSignAlgsExtension$CHCertSignatureSchemesConsumer
instanceKlass sun/security/ssl/CertSignAlgsExtension$CHCertSignatureSchemesProducer
instanceKlass sun/security/ssl/CertSignAlgsExtension
instanceKlass sun/security/ssl/SignatureAlgorithmsExtension$SignatureSchemesStringizer
instanceKlass sun/security/ssl/SignatureAlgorithmsExtension$CRSignatureSchemesUpdate
instanceKlass sun/security/ssl/SignatureAlgorithmsExtension$CRSignatureSchemesAbsence
instanceKlass sun/security/ssl/SignatureAlgorithmsExtension$CRSignatureSchemesConsumer
instanceKlass sun/security/ssl/SignatureAlgorithmsExtension$CRSignatureSchemesProducer
instanceKlass sun/security/ssl/SignatureAlgorithmsExtension$CHSignatureSchemesOnTradeAbsence
instanceKlass sun/security/ssl/SignatureAlgorithmsExtension$CHSignatureSchemesUpdate
instanceKlass sun/security/ssl/SignatureAlgorithmsExtension$CHSignatureSchemesOnLoadAbsence
instanceKlass sun/security/ssl/SignatureAlgorithmsExtension$CHSignatureSchemesConsumer
instanceKlass sun/security/ssl/SignatureAlgorithmsExtension$CHSignatureSchemesProducer
instanceKlass sun/security/ssl/SignatureAlgorithmsExtension
instanceKlass sun/security/ssl/ECPointFormatsExtension$ECPointFormatsStringizer
instanceKlass sun/security/ssl/ECPointFormatsExtension$SHECPointFormatsConsumer
instanceKlass sun/security/ssl/ECPointFormatsExtension$CHECPointFormatsConsumer
instanceKlass sun/security/ssl/ECPointFormatsExtension$CHECPointFormatsProducer
instanceKlass sun/security/ssl/ECPointFormatsExtension
instanceKlass sun/security/ssl/SupportedGroupsExtension$EESupportedGroupsConsumer
instanceKlass sun/security/ssl/SupportedGroupsExtension$SupportedGroupsStringizer
instanceKlass sun/security/ssl/SupportedGroupsExtension$CHSupportedGroupsConsumer
instanceKlass sun/security/ssl/SupportedGroupsExtension
instanceKlass sun/security/ssl/CertStatusExtension$CertStatusRespStringizer
instanceKlass sun/security/ssl/CertStatusExtension$CertStatusRequestsStringizer
instanceKlass sun/security/ssl/CertStatusExtension$SHCertStatusReqV2Consumer
instanceKlass sun/security/ssl/CertStatusExtension$SHCertStatusReqV2Producer
instanceKlass sun/security/ssl/CertStatusExtension$CHCertStatusReqV2Consumer
instanceKlass sun/security/ssl/CertStatusExtension$CHCertStatusReqV2Producer
instanceKlass sun/security/ssl/CertStatusExtension$CertStatusRequestStringizer
instanceKlass sun/security/ssl/CertStatusExtension$CTCertStatusResponseConsumer
instanceKlass sun/security/ssl/CertStatusExtension$CTCertStatusResponseProducer
instanceKlass sun/security/ssl/CertStatusExtension$SHCertStatusReqConsumer
instanceKlass sun/security/ssl/CertStatusExtension$SHCertStatusReqProducer
instanceKlass sun/security/ssl/CertStatusExtension$CHCertStatusReqConsumer
instanceKlass sun/security/ssl/CertStatusExtension$CHCertStatusReqProducer
instanceKlass sun/security/ssl/CertStatusExtension
instanceKlass sun/security/ssl/MaxFragExtension$MaxFragLenStringizer
instanceKlass sun/security/ssl/MaxFragExtension$EEMaxFragmentLengthUpdate
instanceKlass sun/security/ssl/MaxFragExtension$EEMaxFragmentLengthConsumer
instanceKlass sun/security/ssl/MaxFragExtension$EEMaxFragmentLengthProducer
instanceKlass sun/security/ssl/MaxFragExtension$SHMaxFragmentLengthUpdate
instanceKlass sun/security/ssl/MaxFragExtension$SHMaxFragmentLengthConsumer
instanceKlass sun/security/ssl/MaxFragExtension$SHMaxFragmentLengthProducer
instanceKlass sun/security/ssl/MaxFragExtension$CHMaxFragmentLengthConsumer
instanceKlass sun/security/ssl/MaxFragExtension$CHMaxFragmentLengthProducer
instanceKlass sun/security/ssl/MaxFragExtension
instanceKlass sun/security/ssl/ServerNameExtension$EEServerNameConsumer
instanceKlass sun/security/ssl/ServerNameExtension$EEServerNameProducer
instanceKlass sun/security/ssl/ServerNameExtension$SHServerNamesStringizer
instanceKlass sun/security/ssl/ServerNameExtension$SHServerNameConsumer
instanceKlass sun/security/ssl/ServerNameExtension$SHServerNameProducer
instanceKlass sun/security/ssl/ServerNameExtension$CHServerNamesStringizer
instanceKlass sun/security/ssl/ServerNameExtension$CHServerNameConsumer
instanceKlass sun/security/ssl/SSLExtension$ExtensionConsumer
instanceKlass sun/security/ssl/ServerNameExtension$CHServerNameProducer
instanceKlass sun/security/ssl/ServerNameExtension
instanceKlass sun/security/ssl/SSLStringizer
instanceKlass sun/security/ssl/SSLExtensions
instanceKlass sun/security/ssl/SSLHandshake$HandshakeMessage
instanceKlass sun/security/ssl/RandomCookie
instanceKlass sun/security/util/KeyUtil
instanceKlass javax/crypto/spec/DHParameterSpec
instanceKlass sun/security/ssl/PredefinedDHParameterSpecs$1
instanceKlass sun/security/ssl/PredefinedDHParameterSpecs
instanceKlass sun/security/ssl/SupportedGroupsExtension$1
instanceKlass sun/security/ssl/SupportedGroupsExtension$SupportedGroups
instanceKlass sun/security/ssl/HandshakeContext
instanceKlass sun/security/ssl/SSLConfiguration$1
instanceKlass sun/security/ssl/SessionId
instanceKlass javax/net/ssl/ExtendedSSLSession
instanceKlass sun/security/ssl/SSLConfiguration$CustomizedClientSignatureSchemes
instanceKlass javax/crypto/KeyGeneratorSpi
instanceKlass javax/crypto/KeyGenerator
instanceKlass sun/security/ssl/SSLConfiguration
instanceKlass sun/security/ssl/SSLCipher$SSLWriteCipher
instanceKlass sun/security/ssl/KeyUpdate$KeyUpdateProducer
instanceKlass sun/security/ssl/KeyUpdate$KeyUpdateConsumer
instanceKlass sun/security/ssl/KeyUpdate$KeyUpdateKickstartProducer
instanceKlass sun/security/ssl/KeyUpdate
instanceKlass sun/security/ssl/CertificateStatus$CertificateStatusAbsence
instanceKlass sun/security/ssl/HandshakeAbsence
instanceKlass sun/security/ssl/CertificateStatus$CertificateStatusProducer
instanceKlass sun/security/ssl/CertificateStatus$CertificateStatusConsumer
instanceKlass sun/security/ssl/CertificateStatus
instanceKlass sun/security/ssl/Finished$T13FinishedProducer
instanceKlass sun/security/ssl/Finished$T13FinishedConsumer
instanceKlass sun/security/ssl/Finished$T12FinishedProducer
instanceKlass sun/security/ssl/Finished$T12FinishedConsumer
instanceKlass sun/security/ssl/Finished
instanceKlass sun/security/ssl/ClientKeyExchange$ClientKeyExchangeProducer
instanceKlass sun/security/ssl/ClientKeyExchange$ClientKeyExchangeConsumer
instanceKlass sun/security/ssl/ClientKeyExchange
instanceKlass sun/security/ssl/CertificateVerify$T13CertificateVerifyProducer
instanceKlass sun/security/ssl/CertificateVerify$T13CertificateVerifyConsumer
instanceKlass sun/security/ssl/CertificateVerify$T12CertificateVerifyProducer
instanceKlass sun/security/ssl/CertificateVerify$T12CertificateVerifyConsumer
instanceKlass sun/security/ssl/CertificateVerify$T10CertificateVerifyProducer
instanceKlass sun/security/ssl/CertificateVerify$T10CertificateVerifyConsumer
instanceKlass sun/security/ssl/CertificateVerify$S30CertificateVerifyProducer
instanceKlass sun/security/ssl/CertificateVerify$S30CertificateVerifyConsumer
instanceKlass sun/security/ssl/CertificateVerify
instanceKlass sun/security/ssl/ServerHelloDone$ServerHelloDoneProducer
instanceKlass sun/security/ssl/ServerHelloDone$ServerHelloDoneConsumer
instanceKlass sun/security/ssl/ServerHelloDone
instanceKlass sun/security/ssl/CertificateRequest$T13CertificateRequestProducer
instanceKlass sun/security/ssl/CertificateRequest$T13CertificateRequestConsumer
instanceKlass sun/security/ssl/CertificateRequest$T12CertificateRequestProducer
instanceKlass sun/security/ssl/CertificateRequest$T12CertificateRequestConsumer
instanceKlass sun/security/ssl/CertificateRequest$T10CertificateRequestProducer
instanceKlass sun/security/ssl/CertificateRequest$T10CertificateRequestConsumer
instanceKlass sun/security/ssl/CertificateRequest
instanceKlass sun/security/ssl/ServerKeyExchange$ServerKeyExchangeProducer
instanceKlass sun/security/ssl/ServerKeyExchange$ServerKeyExchangeConsumer
instanceKlass sun/security/ssl/ServerKeyExchange
instanceKlass sun/security/ssl/CertificateMessage$T13CertificateProducer
instanceKlass sun/security/ssl/CertificateMessage$T13CertificateConsumer
instanceKlass sun/security/ssl/CertificateMessage$T12CertificateProducer
instanceKlass sun/security/ssl/CertificateMessage$T12CertificateConsumer
instanceKlass sun/security/ssl/CertificateMessage
instanceKlass sun/security/ssl/EncryptedExtensions$EncryptedExtensionsConsumer
instanceKlass sun/security/ssl/EncryptedExtensions$EncryptedExtensionsProducer
instanceKlass sun/security/ssl/EncryptedExtensions
instanceKlass sun/security/ssl/NewSessionTicket$NewSessionTicketProducer
instanceKlass sun/security/ssl/NewSessionTicket$NewSessionTicketKickstartProducer
instanceKlass sun/security/ssl/NewSessionTicket$NewSessionTicketConsumer
instanceKlass sun/security/ssl/NewSessionTicket
instanceKlass sun/security/ssl/ServerHello$T13HelloRetryRequestConsumer
instanceKlass sun/security/ssl/ServerHello$T13ServerHelloConsumer
instanceKlass sun/security/ssl/ServerHello$T12ServerHelloConsumer
instanceKlass sun/security/ssl/ServerHello$T13HelloRetryRequestReproducer
instanceKlass sun/security/ssl/ServerHello$T13HelloRetryRequestProducer
instanceKlass sun/security/ssl/ServerHello$T13ServerHelloProducer
instanceKlass sun/security/ssl/ServerHello$T12ServerHelloProducer
instanceKlass sun/security/ssl/ServerHello$ServerHelloConsumer
instanceKlass sun/security/ssl/ServerHello
instanceKlass sun/security/ssl/ClientHello$T13ClientHelloConsumer
instanceKlass sun/security/ssl/ClientHello$T12ClientHelloConsumer
instanceKlass sun/security/ssl/HandshakeConsumer
instanceKlass sun/security/ssl/ClientHello$ClientHelloProducer
instanceKlass sun/security/ssl/ClientHello$ClientHelloConsumer
instanceKlass sun/security/ssl/ClientHello$ClientHelloKickstartProducer
instanceKlass sun/security/ssl/ClientHello
instanceKlass sun/security/ssl/HelloRequest$HelloRequestProducer
instanceKlass sun/security/ssl/HelloRequest$HelloRequestConsumer
instanceKlass sun/security/ssl/HelloRequest$HelloRequestKickstartProducer
instanceKlass sun/security/ssl/SSLProducer
instanceKlass sun/security/ssl/HelloRequest
instanceKlass sun/security/ssl/HandshakeProducer
instanceKlass sun/security/ssl/SSLConsumer
instanceKlass sun/security/ssl/Authenticator$MacImpl
instanceKlass sun/security/ssl/Authenticator$MAC
instanceKlass sun/security/ssl/Authenticator
instanceKlass sun/security/ssl/SSLCipher$SSLReadCipher
instanceKlass sun/security/ssl/SSLRecord
instanceKlass sun/security/ssl/InputRecord
instanceKlass sun/security/ssl/Record
instanceKlass sun/security/ssl/TransportContext
instanceKlass sun/security/ssl/ConnectionContext
instanceKlass sun/security/ssl/HandshakeHash$CacheOnlyHash
instanceKlass sun/security/ssl/HandshakeHash$TranscriptHash
instanceKlass sun/security/ssl/HandshakeHash
instanceKlass sun/security/ssl/SSLTransport
instanceKlass sun/net/www/http/KeepAliveKey
instanceKlass sun/net/NetworkClient$1
instanceKlass javax/net/ssl/HandshakeCompletedListener
instanceKlass sun/net/NetworkClient
instanceKlass sun/net/www/protocol/http/HttpURLConnection$7
instanceKlass java/awt/MediaTracker
instanceKlass javax/accessibility/AccessibleContext
instanceKlass sun/awt/EventQueueItem
instanceKlass sun/java2d/pipe/Region
instanceKlass java/awt/event/InputMethodListener
instanceKlass java/awt/event/MouseWheelListener
instanceKlass java/awt/event/MouseMotionListener
instanceKlass java/awt/event/MouseListener
instanceKlass java/awt/event/KeyListener
instanceKlass java/awt/event/HierarchyBoundsListener
instanceKlass java/awt/event/HierarchyListener
instanceKlass java/awt/event/FocusListener
instanceKlass java/awt/event/ComponentListener
instanceKlass java/awt/geom/Dimension2D
instanceKlass java/awt/dnd/DropTarget
instanceKlass java/awt/dnd/DropTargetListener
instanceKlass java/awt/image/BufferStrategy
instanceKlass java/awt/GraphicsConfiguration
instanceKlass java/awt/Cursor
instanceKlass java/awt/peer/ComponentPeer
instanceKlass sun/awt/PostEventQueue
instanceKlass sun/awt/MostRecentKeyValue
instanceKlass java/awt/Queue
instanceKlass java/awt/EventQueue$2
instanceKlass sun/awt/AWTAccessor$EventQueueAccessor
instanceKlass java/awt/EventQueue$1
instanceKlass java/awt/EventQueue
instanceKlass sun/awt/AppContext$1
instanceKlass sun/awt/KeyboardFocusManagerPeerProvider
instanceKlass sun/awt/InputMethodSupport
instanceKlass sun/awt/ComponentFactory
instanceKlass sun/awt/WindowClosingListener
instanceKlass sun/awt/WindowClosingSupport
instanceKlass sun/awt/AppContext$2
instanceKlass sun/awt/AppContext$3
instanceKlass sun/awt/AppContext$6
instanceKlass sun/misc/JavaAWTAccess
instanceKlass sun/awt/AppContext$GetAppContextLock
instanceKlass sun/awt/AppContext
instanceKlass java/awt/ComponentOrientation
instanceKlass java/awt/Component$DummyRequestFocusController
instanceKlass sun/awt/RequestFocusController
instanceKlass java/awt/Component$1
instanceKlass sun/awt/AWTAccessor$ComponentAccessor
instanceKlass java/awt/Component$AWTTreeLock
instanceKlass javax/swing/ImageIcon$2
instanceKlass javax/swing/ImageIcon$1
instanceKlass javax/swing/ImageIcon
instanceKlass javax/swing/Icon
instanceKlass java/awt/Color
instanceKlass java/awt/Paint
instanceKlass sun/font/AttributeValues
instanceKlass java/awt/geom/AffineTransform
instanceKlass sun/font/FontAccess
instanceKlass java/awt/GraphicsEnvironment$$Lambda$1197
instanceKlass java/awt/GraphicsEnvironment
instanceKlass java/awt/Toolkit$1
instanceKlass java/awt/Toolkit$3
instanceKlass java/awt/Toolkit$5
instanceKlass sun/awt/AWTAccessor
instanceKlass java/awt/Toolkit$4
instanceKlass sun/awt/AWTAccessor$ToolkitAccessor
instanceKlass java/awt/Toolkit
instanceKlass java/awt/Font
instanceKlass com/acesw/cmn/ACEVariables
instanceKlass com/acesw/appletservlet/HttpMessage$MyVerified
instanceKlass java/net/ResponseCache
instanceKlass sun/net/www/protocol/http/HttpURLConnection$3
instanceKlass java/net/CookieHandler
instanceKlass sun/net/www/protocol/http/HttpURLConnection$2
instanceKlass java/util/logging/Logger$1
instanceKlass sun/net/www/protocol/http/HttpURLConnection$$Lambda$1196
instanceKlass sun/security/provider/JavaKeyStore$KeyEntry
instanceKlass javax/net/ssl/X509ExtendedKeyManager
instanceKlass javax/net/ssl/X509KeyManager
instanceKlass javax/net/ssl/KeyManager
instanceKlass javax/net/ssl/KeyManagerFactorySpi
instanceKlass javax/net/ssl/KeyManagerFactory$1
instanceKlass javax/net/ssl/KeyManagerFactory
instanceKlass sun/security/ssl/SSLContextImpl$DefaultManagersHolder$2
instanceKlass sun/security/ssl/SSLContextImpl$DefaultManagersHolder$1
instanceKlass javax/net/ssl/X509ExtendedTrustManager
instanceKlass javax/net/ssl/X509TrustManager
instanceKlass javax/net/ssl/TrustManager
instanceKlass sun/security/validator/TrustStoreUtil
instanceKlass sun/security/util/MemoryCache$CacheEntry
instanceKlass sun/security/x509/X509AttributeName
instanceKlass sun/security/x509/AccessDescription
instanceKlass sun/security/x509/URIName
instanceKlass sun/security/x509/DistributionPoint
instanceKlass sun/security/x509/DNSName
instanceKlass sun/security/x509/GeneralName
instanceKlass sun/security/x509/GeneralNames
instanceKlass sun/security/x509/KeyIdentifier
instanceKlass sun/security/x509/OIDMap$OIDInfo
instanceKlass sun/security/x509/PKIXExtensions
instanceKlass sun/security/x509/OIDMap
instanceKlass sun/security/x509/Extension
instanceKlass java/security/cert/Extension
instanceKlass sun/security/x509/CertificateExtensions
instanceKlass sun/security/rsa/RSAUtil
instanceKlass java/security/interfaces/RSAPublicKey
instanceKlass java/security/interfaces/RSAKey
instanceKlass java/security/spec/RSAPrivateKeySpec
instanceKlass java/security/spec/RSAPublicKeySpec
instanceKlass java/security/spec/EncodedKeySpec
instanceKlass sun/security/util/BitArray
instanceKlass sun/security/x509/X509Key
instanceKlass sun/security/x509/CertificateX509Key
instanceKlass sun/security/x509/CertificateValidity
instanceKlass sun/security/x509/AVA
instanceKlass sun/security/util/DerIndefLenConverter
instanceKlass sun/security/x509/RDN
instanceKlass javax/security/auth/x500/X500Principal
instanceKlass sun/security/x509/X500Name$1
instanceKlass sun/security/x509/X500Name
instanceKlass sun/security/x509/GeneralNameInterface
instanceKlass sun/security/x509/CertificateAlgorithmId
instanceKlass sun/security/x509/SerialNumber
instanceKlass sun/security/x509/CertificateSerialNumber
instanceKlass sun/security/x509/CertificateVersion
instanceKlass sun/security/x509/X509CertInfo
instanceKlass sun/security/x509/CertAttrSet
instanceKlass sun/security/x509/AlgorithmId
instanceKlass sun/security/util/DerInputStream
instanceKlass sun/security/util/DerValue
instanceKlass java/security/cert/X509Extension
instanceKlass sun/security/util/Cache$EqualByteArray
instanceKlass java/security/cert/CertificateFactorySpi
instanceKlass java/security/cert/CertificateFactory
instanceKlass sun/security/provider/JavaKeyStore$TrustedCertEntry
instanceKlass sun/security/action/OpenFileInputStreamAction
instanceKlass sun/security/provider/KeyStoreDelegator$1
instanceKlass java/security/KeyStoreSpi
instanceKlass java/security/KeyStore$1
instanceKlass java/security/KeyStore
instanceKlass sun/security/ssl/TrustStoreManager$TrustStoreDescriptor$1
instanceKlass sun/security/util/SecurityProperties
instanceKlass sun/security/tools/KeyStoreUtil
instanceKlass sun/security/ssl/TrustStoreManager$TrustStoreDescriptor$$Lambda$1195
instanceKlass sun/security/ssl/TrustStoreManager$TrustStoreDescriptor
instanceKlass sun/security/ssl/TrustStoreManager$TrustAnchorManager
instanceKlass sun/security/ssl/TrustStoreManager
instanceKlass javax/net/ssl/TrustManagerFactorySpi
instanceKlass javax/net/ssl/TrustManagerFactory$1
instanceKlass javax/net/ssl/TrustManagerFactory
instanceKlass sun/security/ssl/SSLContextImpl$DefaultManagersHolder
instanceKlass sun/security/util/Cache
instanceKlass sun/security/ssl/SSLSessionContextImpl
instanceKlass javax/net/ssl/SSLSessionContext
instanceKlass sun/security/ssl/EphemeralKeyManager$EphemeralKeyPair
instanceKlass sun/security/ssl/EphemeralKeyManager
instanceKlass sun/security/ssl/SSLContextImpl$CustomizedSSLProtocols
instanceKlass java/security/spec/ECGenParameterSpec
instanceKlass sun/security/util/ECKeySizeParameterSpec
instanceKlass java/security/AlgorithmParametersSpi
instanceKlass java/security/AlgorithmParameters
instanceKlass sun/security/util/ECUtil
instanceKlass sun/security/util/SecurityProviderConstants
instanceKlass sun/security/ec/point/Point
instanceKlass java/security/KeyPairGeneratorSpi
instanceKlass java/security/PublicKey
instanceKlass java/security/PrivateKey
instanceKlass java/security/KeyFactorySpi
instanceKlass java/security/KeyFactory
instanceKlass javax/crypto/KeyAgreement
instanceKlass java/security/interfaces/ECKey
instanceKlass java/security/Signature$1
instanceKlass sun/misc/JavaSecuritySignatureAccess
instanceKlass java/security/SignatureSpi
instanceKlass sun/security/ssl/JsseJce$EcAvailability
instanceKlass sun/security/ssl/SSLAlgorithmDecomposer$1
instanceKlass sun/security/ssl/SSLCipher$1
instanceKlass sun/security/ssl/SSLCipher$T13GcmWriteCipherGenerator
instanceKlass sun/security/ssl/SSLCipher$T13GcmReadCipherGenerator
instanceKlass sun/security/ssl/SSLCipher$T12GcmWriteCipherGenerator
instanceKlass sun/security/ssl/SSLCipher$T12GcmReadCipherGenerator
instanceKlass sun/security/ssl/SSLCipher$T11BlockWriteCipherGenerator
instanceKlass sun/security/ssl/SSLCipher$T11BlockReadCipherGenerator
instanceKlass sun/security/ssl/SSLCipher$T10BlockWriteCipherGenerator
instanceKlass sun/security/ssl/SSLCipher$T10BlockReadCipherGenerator
instanceKlass sun/security/krb5/Realm
instanceKlass sun/security/krb5/PrincipalName
instanceKlass sun/security/ssl/JsseJce$1
instanceKlass sun/security/ssl/Utilities
instanceKlass sun/security/ssl/JsseJce
instanceKlass sun/security/ssl/SSLCipher$StreamWriteCipherGenerator
instanceKlass sun/security/ssl/SSLCipher$StreamReadCipherGenerator
instanceKlass sun/security/ssl/SSLCipher$NullWriteCipherGenerator
instanceKlass sun/security/ssl/SSLCipher$WriteCipherGenerator
instanceKlass sun/security/ssl/SSLCipher$NullReadCipherGenerator
instanceKlass sun/security/ssl/SSLCipher$ReadCipherGenerator
instanceKlass sun/security/util/DisabledAlgorithmConstraints$Constraints$Holder
instanceKlass sun/security/util/DisabledAlgorithmConstraints$1
instanceKlass sun/security/util/DisabledAlgorithmConstraints$Constraint
instanceKlass sun/security/util/DisabledAlgorithmConstraints$Constraints
instanceKlass sun/security/util/AbstractAlgorithmConstraints$1
instanceKlass sun/security/util/AlgorithmDecomposer
instanceKlass sun/security/util/AbstractAlgorithmConstraints
instanceKlass sun/security/ssl/SSLAlgorithmConstraints
instanceKlass sun/security/ssl/SSLLogger
instanceKlass javax/net/ssl/SSLContextSpi
instanceKlass javax/net/ssl/SSLContext
instanceKlass javax/net/ssl/SSLSocketFactory$1
instanceKlass javax/net/SocketFactory
instanceKlass javax/net/ssl/HttpsURLConnection$DefaultHostnameVerifier
instanceKlass javax/net/ssl/HostnameVerifier
instanceKlass com/acesw/appletservlet/HttpMessage
instanceKlass com/acesw/appletservlet/InvalidRequestListener
instanceKlass java/util/Base64$Encoder
instanceKlass java/util/Base64
instanceKlass com/acesw/db/DBRecordAdapter
instanceKlass com/acesw/appletservlet/ACEDBRequest
instanceKlass com/acesw/appletservlet/ACERequestAdapter
instanceKlass com/acesw/appletservlet/ACERequest
instanceKlass com/acesw/db/PrimaryKey
instanceKlass com/acesw/usersecurity/UserInformation
instanceKlass com/acesw/db/DBRecord
instanceKlass com/acesw/util/TransactionUtilities
instanceKlass com/acesw/util/ACESystem
instanceKlass com/acesw/exception/ErrorDetailLookup
instanceKlass com/acesw/trace/Trace
instanceKlass com/acesw/midnightindicator/MidNightEventListener
instanceKlass com/acesw/log/LogManager
instanceKlass com/acesw/server/connection/LPServerConnectionBase
instanceKlass org/springframework/beans/ExtendedBeanInfo$$Lambda$1194
instanceKlass org/springframework/beans/PropertyDescriptorUtils
instanceKlass org/springframework/beans/ExtendedBeanInfo$PropertyDescriptorComparator
instanceKlass org/springframework/jdbc/core/DisposableSqlTypeValue
instanceKlass oracle/jdbc/driver/T4CTTIrxd$MinHeap
instanceKlass oracle/jdbc/driver/OraclePreparedStatement$3
instanceKlass org/springframework/jdbc/support/SqlValue
instanceKlass org/springframework/jdbc/core/SqlTypeValue
instanceKlass org/springframework/jdbc/core/StatementCreatorUtils
instanceKlass oracle/jdbc/driver/OraclePreparedStatementReadOnly
instanceKlass oracle/jdbc/driver/Binder
instanceKlass org/springframework/jdbc/core/JdbcTemplate$1
instanceKlass org/springframework/jdbc/core/PreparedStatementCreatorFactory$PreparedStatementCreatorImpl
instanceKlass org/springframework/jdbc/core/ParameterDisposer
instanceKlass org/springframework/jdbc/core/namedparam/SqlParameterSourceUtils
instanceKlass org/springframework/jdbc/core/PreparedStatementCreatorFactory
instanceKlass org/springframework/jdbc/core/namedparam/NamedParameterUtils$ParameterHolder
instanceKlass org/springframework/jdbc/core/namedparam/MapSqlParameterSource$$Lambda$1193
instanceKlass org/springframework/jdbc/core/namedparam/AbstractSqlParameterSource
instanceKlass ai/pelican/camel/database/service/TabledetailsService
instanceKlass org/springframework/jdbc/core/namedparam/NamedParameterJdbcTemplate$$Lambda$1192
instanceKlass org/springframework/jdbc/core/namedparam/ParsedSql
instanceKlass org/springframework/jdbc/core/namedparam/NamedParameterUtils
instanceKlass org/springframework/util/ConcurrentLruCache
instanceKlass org/springframework/jdbc/core/namedparam/SqlParameterSource
instanceKlass ai/pelican/camel/debulk/PAINMessage
instanceKlass ai/pelican/camel/debulk/InMemoryStructure
instanceKlass org/apache/camel/processor/exceptionpolicy/ExceptionPolicyStrategy
instanceKlass org/apache/camel/util/CamelLogger
instanceKlass org/apache/camel/processor/ErrorHandler
instanceKlass com/oracle/truffle/polyglot/PolyglotLanguageBindings
instanceKlass com/oracle/truffle/api/Scope$Builder
instanceKlass com/oracle/truffle/api/Scope
instanceKlass com/oracle/truffle/js/runtime/objects/JSScope$DynamicScopeWrapper
instanceKlass com/oracle/truffle/js/runtime/objects/JSScope
instanceKlass org/graalvm/polyglot/proxy/ProxyDuration
instanceKlass org/graalvm/polyglot/proxy/ProxyInstant
instanceKlass org/graalvm/polyglot/proxy/ProxyTime
instanceKlass org/graalvm/polyglot/proxy/ProxyDate
instanceKlass org/graalvm/polyglot/proxy/ProxyTimeZone
instanceKlass org/graalvm/polyglot/proxy/ProxyObject
instanceKlass org/graalvm/polyglot/proxy/ProxyNativeObject
instanceKlass org/graalvm/polyglot/proxy/ProxyExecutable
instanceKlass org/graalvm/polyglot/proxy/ProxyInstantiable
instanceKlass com/oracle/truffle/polyglot/PolyglotProxy$1
instanceKlass org/graalvm/polyglot/proxy/ProxyArray
instanceKlass com/oracle/truffle/polyglot/PolyglotProxy
instanceKlass com/oracle/truffle/polyglot/PolyglotLanguageContext$ToHostValueNode
instanceKlass org/graalvm/polyglot/TypeLiteral
instanceKlass com/oracle/truffle/polyglot/PolyglotValue$InteropCodeCache
instanceKlass com/oracle/truffle/polyglot/PolyglotLanguageContext$1
instanceKlass java/lang/invoke/LambdaForm$BMH
instanceKlass java/lang/invoke/LambdaForm$BMH
instanceKlass com/oracle/truffle/polyglot/HostObject$Instantiate
instanceKlass com/oracle/truffle/polyglot/HostObjectFactory$LookupConstructorNodeGen$CachedData
instanceKlass ai/pelican/camel/js/processor/ExecuteCamelRoute
instanceKlass ai/pelican/camel/interfaces/FileBatchDetails
instanceKlass ai/pelican/camel/interfaces/FileDebulkAggregateMessage
instanceKlass ai/pelican/camel/interfaces/FileDebulkData
instanceKlass ai/pelican/camel/authentication/AuthCodeGenerator
instanceKlass javax/xml/transform/OutputKeys
instanceKlass javax/xml/transform/stream/StreamResult
instanceKlass ai/pelican/camel/utils/JSHelperClass
instanceKlass com/oracle/truffle/js/runtime/truffleinterop/InteropFunction
instanceKlass com/oracle/truffle/polyglot/HostWrapper
instanceKlass org/graalvm/polyglot/proxy/Proxy
instanceKlass java/lang/invoke/LambdaForm$BMH
instanceKlass java/lang/invoke/LambdaForm$BMH
instanceKlass java/lang/invoke/LambdaForm$BMH
instanceKlass com/oracle/truffle/polyglot/PolyglotLanguageContextFactory$ToGuestValueNodeGen$CachedData
instanceKlass com/oracle/truffle/polyglot/HostClassDesc$Members$1MethodInfo
instanceKlass com/oracle/truffle/polyglot/HostClassDesc$Members$1
instanceKlass com/oracle/truffle/polyglot/HostMethodDesc
instanceKlass com/oracle/truffle/polyglot/HostClassDesc$Members
instanceKlass com/oracle/truffle/polyglot/HostClassDesc
instanceKlass com/oracle/truffle/polyglot/HostInteropReflect
instanceKlass com/oracle/truffle/polyglot/HostObjectFactory$LookupFieldNodeGen$CachedData
instanceKlass com/oracle/truffle/polyglot/HostObjectFactory$LookupMethodNodeGen$CachedData
instanceKlass com/oracle/truffle/polyglot/HostObjectGen$InteropLibraryExports$Cached$IsMemberInvocableCachedData
instanceKlass com/oracle/truffle/polyglot/HostObjectGen$InteropLibraryExports$Cached$IsMemberInternalCachedData
instanceKlass com/oracle/truffle/polyglot/HostObjectGen$InteropLibraryExports$Cached$IsMemberModifiableCachedData
instanceKlass com/oracle/truffle/polyglot/HostObjectGen$InteropLibraryExports$Cached$IsMemberReadableCachedData
instanceKlass com/oracle/truffle/polyglot/HostObjectGen
instanceKlass java/util/concurrent/ConcurrentLinkedQueue$Itr
instanceKlass com/oracle/truffle/js/parser/env/Environment$WrapClosure$$Lambda$1191
instanceKlass com/oracle/truffle/js/parser/env/Environment$WrapClosure$$Lambda$1190
instanceKlass com/oracle/truffle/js/runtime/objects/JSLazyString
instanceKlass com/oracle/truffle/js/runtime/objects/PropertyReference
instanceKlass com/oracle/truffle/api/frame/FrameUtil
instanceKlass com/oracle/truffle/js/nodes/function/FunctionNameHolder$Delegate
instanceKlass javax/xml/xpath/XPathConstants
instanceKlass com/oracle/truffle/polyglot/HostClassLoader$Loader
instanceKlass com/oracle/truffle/js/builtins/JavaBuiltins$1
instanceKlass com/oracle/truffle/js/nodes/access/ObjectLiteralNode$CachingObjectLiteralMemberNode$CacheEntry
instanceKlass com/oracle/truffle/js/nodes/access/PropertySetNode$DefinePropertyCache
instanceKlass com/oracle/truffle/js/runtime/objects/JSObjectUtil$$Lambda$1189
instanceKlass com/oracle/truffle/js/nodes/JSGuards
instanceKlass com/oracle/truffle/js/nodes/access/JSGetOwnPropertyNodeGen$CachedOrdinaryData
instanceKlass com/oracle/truffle/js/runtime/objects/Dead
instanceKlass com/oracle/truffle/js/parser/env/Environment$VarRef$$Lambda$1188
instanceKlass com/oracle/truffle/js/parser/env/Environment$VarRef$$Lambda$1187
instanceKlass com/oracle/truffle/js/runtime/util/Pair
instanceKlass com/oracle/truffle/api/nodes/RepeatingNode$2
instanceKlass com/oracle/truffle/api/nodes/RepeatingNode$1
instanceKlass com/oracle/truffle/js/parser/env/FunctionEnvironment$JumpTargetCloseable
instanceKlass com/oracle/truffle/js/nodes/access/LocalVarIncNode$LocalVarOp
instanceKlass com/oracle/truffle/js/nodes/Truncatable
instanceKlass com/oracle/truffle/js/nodes/NodeFactory$2
instanceKlass com/oracle/truffle/js/parser/GraalJSTranslator$4
instanceKlass com/oracle/js/parser/ir/LexicalContext$NodeIterator
instanceKlass com/oracle/truffle/js/parser/env/Environment$FrameSlotFlags
instanceKlass com/oracle/truffle/regex/charset/Constants
instanceKlass com/oracle/truffle/regex/tregex/parser/RegexValidator$1
instanceKlass com/oracle/truffle/regex/tregex/buffer/AbstractArrayBuffer
instanceKlass com/oracle/truffle/regex/charset/CodePointSetAccumulator
instanceKlass com/oracle/truffle/regex/charset/UnicodeGeneralCategories
instanceKlass com/oracle/truffle/regex/charset/UnicodePropertyData
instanceKlass com/oracle/truffle/regex/charset/UnicodeProperties
instanceKlass com/oracle/truffle/regex/util/BitSets
instanceKlass com/oracle/truffle/regex/util/CompilationFinalBitSet
instanceKlass com/oracle/truffle/regex/tregex/parser/Token
instanceKlass com/oracle/truffle/regex/tregex/parser/RegexLexer
instanceKlass com/oracle/truffle/regex/tregex/parser/RegexValidator
instanceKlass com/oracle/truffle/regex/tregex/util/json/JsonValue
instanceKlass com/oracle/truffle/regex/tregex/string/AbstractStringBuffer
instanceKlass com/oracle/truffle/regex/tregex/string/AbstractString
instanceKlass com/oracle/truffle/regex/charset/ImmutableSortedListOfRanges$1
instanceKlass com/oracle/truffle/regex/charset/SortedListOfRanges$1
instanceKlass com/oracle/truffle/regex/charset/RangesBuffer
instanceKlass com/oracle/truffle/regex/charset/ImmutableSortedListOfIntRanges
instanceKlass com/oracle/truffle/regex/charset/ImmutableSortedListOfRanges
instanceKlass com/oracle/truffle/regex/charset/SortedListOfRanges
instanceKlass com/oracle/truffle/regex/chardata/CharacterSet
instanceKlass com/oracle/truffle/regex/tregex/string/Encodings$Encoding
instanceKlass com/oracle/truffle/regex/tregex/string/Encodings
instanceKlass com/oracle/truffle/regex/RegexEngineGen
instanceKlass com/oracle/truffle/regex/AbstractConstantKeysObjectGen
instanceKlass com/oracle/truffle/js/runtime/util/TRegexUtilFactory
instanceKlass com/oracle/truffle/regex/tregex/TRegexCompiler
instanceKlass com/oracle/truffle/regex/tregex/parser/RegexFeatureSet$$Lambda$1186
instanceKlass com/oracle/truffle/regex/tregex/parser/RegexFeatures
instanceKlass com/oracle/truffle/regex/RegexSource
instanceKlass com/oracle/truffle/regex/tregex/util/json/JsonConvertible
instanceKlass com/oracle/truffle/regex/tregex/parser/RegexFeatureSet
instanceKlass com/oracle/truffle/regex/tregex/parser/flavors/RegexFlavor
instanceKlass com/oracle/truffle/regex/RegexOptions
instanceKlass com/oracle/truffle/regex/RegexEngineBuilderGen
instanceKlass com/oracle/truffle/regex/AbstractRegexObjectGen
instanceKlass com/oracle/truffle/regex/RegexLanguage$RegexContext
instanceKlass com/oracle/truffle/regex/RegexCompiler
instanceKlass com/oracle/truffle/regex/AbstractRegexObject
instanceKlass com/oracle/truffle/js/runtime/RegexCompilerInterface
instanceKlass com/oracle/js/parser/Parser$ForVariableDeclarationListResult
instanceKlass com/oracle/truffle/js/parser/GraalJSParserHelper$1$$Lambda$1185
instanceKlass com/oracle/js/parser/Parser$ParserState
instanceKlass com/oracle/js/parser/ir/BinaryNode$1
instanceKlass com/oracle/js/parser/ir/Symbol
instanceKlass com/oracle/truffle/api/impl/ReadOnlyArrayList
instanceKlass com/oracle/truffle/api/TruffleFile$ByteChannelDecorator
instanceKlass com/oracle/truffle/js/lang/JSFileTypeDetector
instanceKlass com/oracle/truffle/polyglot/FileSystems$FileTypeDetectorsSupplier
instanceKlass sun/nio/fs/WindowsLinkSupport
instanceKlass sun/nio/fs/AbstractBasicFileAttributeView$AttributesBuilder
instanceKlass java/nio/file/attribute/GroupPrincipal
instanceKlass java/nio/file/attribute/UserPrincipal
instanceKlass com/oracle/truffle/api/TruffleFile$AttributeGroup
instanceKlass com/oracle/truffle/api/TruffleFile$AttributeDescriptor
instanceKlass com/oracle/truffle/api/nodes/Node$1
instanceKlass com/oracle/truffle/js/nodes/function/JSBuiltinNode$Inlineable
instanceKlass com/oracle/truffle/api/ReplaceObserver
instanceKlass com/oracle/truffle/api/nodes/Node$2
instanceKlass com/oracle/truffle/js/nodes/function/BuiltinArgumentBuilder
instanceKlass com/oracle/truffle/js/builtins/GlobalBuiltins$1
instanceKlass com/oracle/truffle/polyglot/FinalIntMap$Entry
instanceKlass com/oracle/truffle/polyglot/FinalIntMap
instanceKlass com/oracle/truffle/js/runtime/objects/JSLazyStringRaw
instanceKlass com/oracle/truffle/js/runtime/objects/JSLazyStringFlattened
instanceKlass com/oracle/truffle/js/nodes/JSTypes
instanceKlass com/oracle/truffle/api/impl/DefaultTruffleRuntime$DefaultFrameInstance
instanceKlass com/oracle/truffle/js/nodes/access/GlobalScopeLookupNodeGen$CachedData
instanceKlass com/oracle/truffle/js/nodes/ScriptNode
instanceKlass com/oracle/truffle/js/nodes/control/ResumableNode$1
instanceKlass com/oracle/truffle/api/frame/FrameSlot
instanceKlass com/oracle/js/parser/Lexer$LexerToken
instanceKlass com/oracle/truffle/js/parser/env/Environment$3
instanceKlass com/oracle/truffle/js/parser/GraalJSTranslator$EnvironmentCloseable
instanceKlass com/oracle/truffle/js/nodes/control/BreakTarget
instanceKlass com/oracle/truffle/js/parser/env/Environment$WrapClosure
instanceKlass com/oracle/js/parser/ir/LexicalContext
instanceKlass com/oracle/js/parser/TokenType$1
instanceKlass com/oracle/js/parser/Lexer$1
instanceKlass com/oracle/js/parser/Parser$9
instanceKlass com/oracle/js/parser/ParserContextBreakableNode
instanceKlass com/oracle/js/parser/ParserContextBaseNode
instanceKlass com/oracle/js/parser/ParserContextScopableNode
instanceKlass com/oracle/js/parser/ParserContext$NodeIterator
instanceKlass com/oracle/js/parser/ir/Scope
instanceKlass com/oracle/js/parser/Token$1
instanceKlass com/oracle/js/parser/IdentUtils
instanceKlass com/oracle/js/parser/TokenLookup
instanceKlass com/oracle/js/parser/Scanner$State
instanceKlass com/oracle/js/parser/Scanner
instanceKlass com/oracle/js/parser/TokenStream
instanceKlass com/oracle/js/parser/ParserContext
instanceKlass com/oracle/js/parser/Token
instanceKlass com/oracle/js/parser/Options
instanceKlass com/oracle/js/parser/Lexer$LineInfoReceiver
instanceKlass com/oracle/js/parser/ParserContextNode
instanceKlass com/oracle/js/parser/Namespace
instanceKlass com/oracle/js/parser/ScriptEnvironment$Builder
instanceKlass com/oracle/js/parser/ScriptEnvironment
instanceKlass com/oracle/js/parser/Source$RawData
instanceKlass com/oracle/js/parser/Source$Data
instanceKlass com/oracle/js/parser/Source
instanceKlass com/oracle/js/parser/AbstractParser
instanceKlass com/oracle/js/parser/ErrorManager
instanceKlass com/oracle/truffle/js/parser/GraalJSParserHelper
instanceKlass com/oracle/truffle/api/instrumentation/InstrumentableNode$WrapperNode
instanceKlass com/oracle/truffle/js/parser/env/Environment$VarRef
instanceKlass com/oracle/truffle/api/nodes/BlockNode$ElementExecutor
instanceKlass com/oracle/truffle/js/nodes/control/SequenceNode
instanceKlass com/oracle/js/parser/ir/visitor/NodeVisitor
instanceKlass com/oracle/js/parser/ir/PropertyKey
instanceKlass com/oracle/js/parser/ir/LexicalContextScope
instanceKlass com/oracle/js/parser/ir/Flags
instanceKlass com/oracle/js/parser/ir/FunctionCall
instanceKlass com/oracle/js/parser/ir/BreakableNode
instanceKlass com/oracle/js/parser/ir/LexicalContextNode
instanceKlass com/oracle/js/parser/ir/Assignment
instanceKlass com/oracle/js/parser/ir/Terminal
instanceKlass com/oracle/js/parser/ir/Node
instanceKlass com/oracle/js/parser/ir/visitor/TranslatorNodeVisitor
instanceKlass com/oracle/truffle/api/TruffleLanguage$ParsingRequest
instanceKlass java/util/SplittableRandom
instanceKlass com/oracle/truffle/js/runtime/java/JavaPackage$$Lambda$1184
instanceKlass com/oracle/truffle/js/runtime/JSRealm$$Lambda$1183
instanceKlass com/oracle/truffle/js/runtime/JSRealm$$Lambda$1182
instanceKlass com/oracle/truffle/js/runtime/builtins/JSON
instanceKlass com/oracle/truffle/js/runtime/JSConsoleUtil
instanceKlass com/oracle/truffle/js/runtime/builtins/JSFunction$$Lambda$1181
instanceKlass com/oracle/truffle/js/runtime/builtins/JSMath
instanceKlass com/oracle/truffle/js/runtime/builtins/JSSharedArrayBuffer$$Lambda$1180
instanceKlass com/oracle/truffle/js/builtins/SharedArrayBufferPrototypeBuiltins$$Lambda$1179
instanceKlass com/oracle/truffle/js/builtins/SharedArrayBufferFunctionBuiltins$$Lambda$1178
instanceKlass com/oracle/truffle/js/runtime/builtins/JSLocale$$Lambda$1177
instanceKlass com/oracle/truffle/js/runtime/builtins/JSLocale$$Lambda$1176
instanceKlass com/oracle/truffle/js/runtime/builtins/JSLocale$$Lambda$1175
instanceKlass com/oracle/truffle/js/runtime/builtins/JSLocale$$Lambda$1174
instanceKlass com/oracle/truffle/js/runtime/builtins/JSLocale$$Lambda$1173
instanceKlass com/oracle/truffle/js/runtime/builtins/JSLocale$$Lambda$1172
instanceKlass com/oracle/truffle/js/runtime/builtins/JSLocale$$Lambda$1171
instanceKlass com/oracle/truffle/js/runtime/builtins/JSLocale$$Lambda$1170
instanceKlass com/oracle/truffle/js/runtime/builtins/JSLocale$$Lambda$1169
instanceKlass com/oracle/truffle/js/runtime/builtins/JSLocale$$Lambda$1168
instanceKlass com/oracle/truffle/js/runtime/builtins/JSSegmenter$$Lambda$1167
instanceKlass com/oracle/truffle/js/nodes/access/HasHiddenKeyCacheNodeGen$CachedData
instanceKlass com/oracle/truffle/js/runtime/builtins/JSSegmenter$$Lambda$1166
instanceKlass com/oracle/truffle/js/runtime/builtins/JSDateTimeFormat$$Lambda$1165
instanceKlass com/oracle/truffle/js/runtime/builtins/JSNumberFormat$$Lambda$1164
instanceKlass com/oracle/truffle/js/nodes/access/PropertyCacheNode$ConstantObjectReceiverCheck
instanceKlass com/oracle/truffle/js/runtime/builtins/JSCollator$$Lambda$1163
instanceKlass com/oracle/truffle/js/runtime/builtins/JSDataView$$Lambda$1162
instanceKlass com/oracle/truffle/js/runtime/builtins/JSDataView$$Lambda$1161
instanceKlass com/oracle/truffle/js/runtime/builtins/JSDataView$$Lambda$1160
instanceKlass com/oracle/truffle/js/runtime/builtins/JSDataView$$Lambda$1159
instanceKlass com/oracle/truffle/js/runtime/builtins/JSArrayBufferView$$Lambda$1158
instanceKlass com/oracle/truffle/js/runtime/builtins/JSArrayBufferView$$Lambda$1157
instanceKlass com/oracle/truffle/js/runtime/builtins/JSArrayBuffer$$Lambda$1156
instanceKlass com/oracle/truffle/js/builtins/ArrayBufferPrototypeBuiltins$$Lambda$1155
instanceKlass com/oracle/truffle/js/builtins/ArrayBufferFunctionBuiltins$$Lambda$1154
instanceKlass com/oracle/truffle/js/runtime/builtins/JSError$$Lambda$1153
instanceKlass com/oracle/truffle/js/builtins/ErrorFunctionBuiltins$$Lambda$1152
instanceKlass com/oracle/truffle/js/builtins/JSBuiltinsContainer$Switch$1FactoryImpl
instanceKlass com/oracle/truffle/js/builtins/ProxyFunctionBuiltins$$Lambda$1151
instanceKlass com/oracle/truffle/js/runtime/builtins/JSSet$$Lambda$1150
instanceKlass com/oracle/truffle/js/runtime/builtins/JSMap$$Lambda$1149
instanceKlass com/oracle/truffle/js/runtime/builtins/JSSymbol$$Lambda$1148
instanceKlass com/oracle/truffle/js/runtime/util/DefinePropertyUtil
instanceKlass com/oracle/truffle/js/runtime/builtins/JSConstructor
instanceKlass com/oracle/truffle/object/DynamicObjectLibraryImpl$2
instanceKlass com/oracle/truffle/object/DynamicObjectLibraryImpl$1
instanceKlass com/oracle/truffle/object/DynamicObjectLibraryImplGen
instanceKlass com/oracle/truffle/object/DynamicObjectLibraryImpl
instanceKlass com/oracle/truffle/object/DynamicObjectImplGen
instanceKlass org/graalvm/collections/EconomicMapImpl$1
instanceKlass com/oracle/truffle/js/runtime/objects/JSObjectUtil$1
instanceKlass com/oracle/truffle/js/runtime/objects/Accessor
instanceKlass com/oracle/truffle/js/runtime/objects/JSShape$$Lambda$1147
instanceKlass com/oracle/truffle/js/runtime/objects/JSShape$$Lambda$1146
instanceKlass com/oracle/truffle/js/runtime/objects/JSShape$$Lambda$1145
instanceKlass com/oracle/truffle/js/runtime/objects/JSProperty
instanceKlass com/oracle/truffle/api/impl/DefaultVirtualFrame
instanceKlass com/oracle/truffle/api/impl/DefaultMaterializedFrame
instanceKlass com/oracle/truffle/js/runtime/JSArguments
instanceKlass com/oracle/truffle/js/runtime/JSFrameUtil
instanceKlass com/oracle/truffle/object/DynamicObjectSupport
instanceKlass com/oracle/truffle/object/Flags
instanceKlass com/oracle/truffle/js/runtime/objects/JSObjectUtil$$Lambda$1144
instanceKlass com/oracle/truffle/js/runtime/array/DynamicArray$DynamicArrayCache
instanceKlass com/oracle/truffle/js/runtime/array/dyn/AbstractConstantArray$1
instanceKlass com/oracle/truffle/js/runtime/array/dyn/AbstractConstantArray$CreateWritableProfileAccess
instanceKlass com/oracle/truffle/js/runtime/builtins/JSFunctionData$1
instanceKlass com/oracle/truffle/js/nodes/FrameDescriptorProvider
instanceKlass com/oracle/truffle/js/nodes/function/JSBuiltin
instanceKlass com/oracle/truffle/js/runtime/builtins/JSFunctionData$CallTargetInitializer
instanceKlass com/oracle/truffle/js/runtime/builtins/Builtin
instanceKlass com/oracle/truffle/js/builtins/JSBuiltinsContainer$SwitchEnum$1FactoryImpl
instanceKlass com/oracle/truffle/js/runtime/builtins/BuiltinEnum
instanceKlass com/oracle/truffle/js/nodes/function/BuiltinNodeFactory
instanceKlass com/oracle/truffle/js/builtins/JSBuiltinsContainer
instanceKlass com/oracle/truffle/js/runtime/objects/Undefined
instanceKlass com/oracle/truffle/js/runtime/JSRealm$RealmSharedPropertyProxy
instanceKlass sun/nio/fs/WindowsChannelFactory$2
instanceKlass org/graalvm/home/HomeFinder
instanceKlass com/oracle/truffle/js/runtime/JSContext$$Lambda$1143
instanceKlass com/oracle/truffle/js/runtime/JSContext$$Lambda$1142
instanceKlass com/oracle/truffle/js/runtime/builtins/JSLocale$InternalState
instanceKlass com/oracle/truffle/js/runtime/builtins/JSDisplayNames$InternalState
instanceKlass com/oracle/truffle/js/runtime/JSContext$$Lambda$1141
instanceKlass com/oracle/truffle/js/runtime/JSContext$$Lambda$1140
instanceKlass com/oracle/truffle/js/runtime/builtins/JSSegmenter$IcuIteratorHelper
instanceKlass com/ibm/icu/text/BreakIterator
instanceKlass com/oracle/truffle/js/runtime/JSRuntime
instanceKlass com/oracle/truffle/js/runtime/builtins/JSSegmenter$InternalState
instanceKlass com/oracle/truffle/js/runtime/builtins/JSRelativeTimeFormat$$Lambda$1139
instanceKlass com/oracle/truffle/js/runtime/builtins/JSListFormat$InternalState
instanceKlass com/oracle/truffle/js/runtime/builtins/JSDateTimeFormat$$Lambda$1138
instanceKlass com/oracle/truffle/js/runtime/builtins/JSDateTimeFormat$InternalState
instanceKlass com/oracle/truffle/js/runtime/builtins/JSDateTimeFormat$$Lambda$1137
instanceKlass com/ibm/icu/util/Calendar
instanceKlass com/oracle/truffle/js/runtime/builtins/JSNumberFormat$$Lambda$1136
instanceKlass com/oracle/truffle/js/runtime/util/LazyValue
instanceKlass com/oracle/truffle/js/runtime/builtins/JSNumberFormat$BasicInternalState
instanceKlass com/ibm/icu/number/Notation
instanceKlass com/ibm/icu/util/MeasureUnit
instanceKlass com/ibm/icu/text/FormattedValue
instanceKlass com/oracle/truffle/js/runtime/builtins/JSCollator$InternalState
instanceKlass com/oracle/truffle/js/runtime/JSContext$$Lambda$1135
instanceKlass com/oracle/truffle/js/runtime/JSContext$$Lambda$1134
instanceKlass com/oracle/truffle/js/runtime/JSContext$$Lambda$1133
instanceKlass com/oracle/truffle/js/runtime/JSContext$$Lambda$1132
instanceKlass com/oracle/truffle/js/runtime/JSContext$$Lambda$1131
instanceKlass com/oracle/truffle/js/runtime/JSContext$$Lambda$1130
instanceKlass com/oracle/truffle/js/runtime/JSContext$$Lambda$1129
instanceKlass com/oracle/truffle/js/runtime/JSContext$$Lambda$1128
instanceKlass com/oracle/truffle/js/runtime/JSContext$$Lambda$1127
instanceKlass com/oracle/truffle/js/runtime/JSContext$$Lambda$1126
instanceKlass com/oracle/truffle/js/runtime/JSContext$$Lambda$1125
instanceKlass com/oracle/truffle/js/runtime/JSContext$$Lambda$1124
instanceKlass com/oracle/truffle/js/runtime/JSContext$$Lambda$1123
instanceKlass com/oracle/truffle/js/runtime/JSContext$$Lambda$1122
instanceKlass com/oracle/truffle/js/runtime/JSContext$$Lambda$1121
instanceKlass com/oracle/truffle/js/runtime/builtins/JSError$1
instanceKlass com/oracle/truffle/js/runtime/JSContext$$Lambda$1120
instanceKlass com/oracle/truffle/js/runtime/JSContext$$Lambda$1119
instanceKlass com/oracle/truffle/js/runtime/array/ScriptArray$1
instanceKlass com/oracle/truffle/js/runtime/array/ScriptArray$SetLengthProfileAccess
instanceKlass com/oracle/truffle/js/runtime/array/ScriptArray$ProfileAccess
instanceKlass com/oracle/truffle/js/runtime/JSAgentWaiterList
instanceKlass com/oracle/truffle/js/runtime/util/JSHashMap
instanceKlass com/oracle/truffle/js/runtime/builtins/JSRegExp$1
instanceKlass com/oracle/truffle/js/runtime/builtins/JSRegExp$LazyRegexResultIndexProxyProperty
instanceKlass com/oracle/truffle/js/runtime/builtins/JSString$StringLengthProxyProperty
instanceKlass com/oracle/truffle/js/runtime/BigInt
instanceKlass com/oracle/truffle/js/runtime/JSContext$$Lambda$1118
instanceKlass com/oracle/truffle/js/runtime/JSContext$$Lambda$1117
instanceKlass com/oracle/truffle/js/runtime/builtins/JSArray$ArrayLengthProxyProperty
instanceKlass com/oracle/truffle/js/runtime/array/ArrayAllocationSite
instanceKlass com/oracle/truffle/js/runtime/array/ScriptArray
instanceKlass com/oracle/truffle/object/TransitionMap
instanceKlass com/oracle/truffle/js/runtime/builtins/JSFunction$CallerProxyProperty
instanceKlass com/oracle/truffle/js/runtime/builtins/JSFunction$ArgumentsProxyProperty
instanceKlass com/oracle/truffle/js/runtime/builtins/JSFunction$FunctionNamePropertyProxy
instanceKlass com/oracle/truffle/js/runtime/builtins/JSFunction$FunctionLengthPropertyProxy
instanceKlass com/oracle/truffle/js/runtime/builtins/JSFunction$ClassPrototypeProxyProperty
instanceKlass com/oracle/truffle/js/runtime/builtins/JSFunctionFactory
instanceKlass com/oracle/truffle/js/runtime/builtins/JSObjectFactory$IntrinsicBuilder
instanceKlass com/oracle/truffle/js/runtime/JSContext$$Lambda$1116
instanceKlass com/oracle/truffle/js/runtime/util/CompilableBiFunction
instanceKlass com/oracle/truffle/js/nodes/access/GetPrototypeNodeGen$CachedShapeData
instanceKlass com/oracle/truffle/js/nodes/cast/JSToObjectNodeGen$JSObjectCheckShapeData
instanceKlass com/oracle/truffle/js/nodes/cast/JSToObjectNodeGen$JSObjectNoCheckShapeData
instanceKlass com/oracle/truffle/js/nodes/JSNodeUtil
instanceKlass com/oracle/truffle/js/runtime/builtins/JSFunctionData
instanceKlass com/oracle/truffle/api/nodes/NodeCloneable
instanceKlass com/oracle/truffle/api/nodes/NodeClassImpl$1
instanceKlass com/oracle/truffle/api/nodes/Node$Children
instanceKlass com/oracle/truffle/api/CompilerDirectives$CompilationFinal
instanceKlass com/oracle/truffle/api/nodes/Node$Child
instanceKlass com/oracle/truffle/api/nodes/NodeFieldAccessor
instanceKlass com/oracle/truffle/api/nodes/NodeClassImpl$NodeFieldFilter
instanceKlass com/oracle/truffle/api/nodes/NodeClass$1$1
instanceKlass com/oracle/truffle/api/nodes/NodeClass
instanceKlass com/oracle/truffle/api/nodes/NodeUtil
instanceKlass com/oracle/truffle/api/impl/DefaultCallTarget
instanceKlass com/oracle/truffle/api/frame/FrameDescriptor
instanceKlass com/oracle/truffle/api/nodes/ExecutableNode$ReferenceCache
instanceKlass com/oracle/truffle/js/runtime/builtins/JSObjectFactory
instanceKlass com/oracle/truffle/object/ShapeImpl$DynamicObjectFactoryImpl
instanceKlass com/oracle/truffle/object/LinkedImmutableMap$LinkedIterator
instanceKlass com/oracle/truffle/js/runtime/objects/JSAttributes
instanceKlass com/oracle/truffle/js/runtime/Symbol
instanceKlass com/oracle/truffle/api/nodes/RepeatingNode
instanceKlass com/oracle/truffle/js/nodes/control/SuspendNode
instanceKlass com/oracle/truffle/js/runtime/builtins/JSFunctionData$Initializer
instanceKlass com/oracle/truffle/js/nodes/function/FunctionNameHolder
instanceKlass com/oracle/truffle/js/runtime/JavaScriptFunctionCallNode
instanceKlass com/oracle/truffle/js/nodes/access/WriteNode
instanceKlass com/oracle/truffle/js/nodes/ReadNode
instanceKlass com/oracle/truffle/js/nodes/RepeatableNode
instanceKlass com/oracle/truffle/js/nodes/NodeFactory
instanceKlass com/oracle/truffle/object/TriePropertyMap$LinkedPropertyEntry
instanceKlass com/oracle/truffle/object/TrieNode
instanceKlass com/oracle/truffle/object/LinkedImmutableMap$LinkedEntry
instanceKlass com/oracle/truffle/object/LinkedImmutableMap
instanceKlass com/oracle/truffle/object/DebugCounter
instanceKlass com/oracle/truffle/object/ShapeImpl$PropertyAssumptions
instanceKlass com/oracle/truffle/object/PropertyMap
instanceKlass com/oracle/truffle/object/ImmutableMap
instanceKlass com/oracle/truffle/api/object/DynamicObjectFactory
instanceKlass com/oracle/truffle/js/runtime/objects/Null
instanceKlass com/oracle/truffle/js/runtime/util/DebugCounter
instanceKlass com/oracle/truffle/js/runtime/objects/JSSharedData
instanceKlass com/oracle/truffle/api/object/ShapeListener
instanceKlass com/oracle/truffle/js/runtime/objects/JSShape
instanceKlass com/oracle/truffle/js/runtime/objects/JSObjectUtil
instanceKlass com/oracle/truffle/object/ObjectStorageOptions
instanceKlass com/oracle/truffle/object/CoreLocations$IntLocation
instanceKlass com/oracle/truffle/api/object/IntLocation
instanceKlass com/oracle/truffle/object/CoreLocations$BooleanLocation
instanceKlass com/oracle/truffle/api/object/BooleanLocation
instanceKlass com/oracle/truffle/object/CoreLocations$DoubleLocation
instanceKlass com/oracle/truffle/api/object/DoubleLocation
instanceKlass com/oracle/truffle/object/CoreLocations
instanceKlass com/oracle/truffle/object/DefaultStrategy$1
instanceKlass com/oracle/truffle/api/object/LocationFactory
instanceKlass com/oracle/truffle/object/Transition
instanceKlass com/oracle/truffle/object/LayoutStrategy
instanceKlass com/oracle/truffle/api/object/Layout$Access
instanceKlass com/oracle/truffle/object/CoreLocations$LongLocation
instanceKlass com/oracle/truffle/api/object/LongLocation
instanceKlass com/oracle/truffle/object/LocationImpl$LocationVisitor
instanceKlass com/oracle/truffle/api/object/Shape$Allocator
instanceKlass com/oracle/truffle/object/CoreLocations$ObjectLocation
instanceKlass com/oracle/truffle/api/object/ObjectLocation
instanceKlass com/oracle/truffle/object/CoreLocations$TypedLocation
instanceKlass com/oracle/truffle/api/object/TypedLocation
instanceKlass com/oracle/truffle/api/object/Location
instanceKlass com/oracle/truffle/api/object/Layout$Builder
instanceKlass com/oracle/truffle/api/object/Property
instanceKlass com/oracle/truffle/object/CoreLayoutFactory
instanceKlass com/oracle/truffle/api/object/LayoutFactory
instanceKlass com/oracle/truffle/api/object/Layout
instanceKlass com/oracle/truffle/js/runtime/objects/JSObject
instanceKlass com/oracle/truffle/api/object/Shape
instanceKlass com/oracle/truffle/js/runtime/objects/JSPrototypeData
instanceKlass com/oracle/truffle/js/runtime/JSContext$$Lambda$1115
instanceKlass com/oracle/truffle/js/runtime/JSContext$$Lambda$1114
instanceKlass com/oracle/truffle/js/runtime/JSContext$$Lambda$1113
instanceKlass com/oracle/truffle/js/runtime/JSContext$$Lambda$1112
instanceKlass com/oracle/truffle/js/runtime/util/CompilableFunction
instanceKlass com/oracle/truffle/js/runtime/objects/JSModuleLoader
instanceKlass com/oracle/truffle/js/runtime/objects/PropertyProxy
instanceKlass com/oracle/truffle/api/object/DynamicObject
instanceKlass com/oracle/truffle/js/runtime/JSRealm
instanceKlass com/oracle/truffle/js/runtime/builtins/JSConstructorFactory$Default$WithSpecies
instanceKlass com/oracle/truffle/js/runtime/builtins/JSConstructorFactory$Default
instanceKlass com/oracle/truffle/js/runtime/builtins/JSConstructorFactory$WithFunctionsAndSpecies
instanceKlass com/oracle/truffle/js/runtime/builtins/JSConstructorFactory$WithFunctions
instanceKlass com/oracle/truffle/js/runtime/builtins/JSConstructorFactory
instanceKlass com/oracle/truffle/js/runtime/builtins/PrototypeSupplier
instanceKlass com/oracle/truffle/api/object/ObjectType
instanceKlass com/oracle/truffle/js/runtime/JSAgent
instanceKlass com/oracle/truffle/js/runtime/EcmaAgent
instanceKlass com/oracle/truffle/js/runtime/JSContext
instanceKlass com/oracle/truffle/js/runtime/JSContextOptions$$Lambda$1111
instanceKlass com/oracle/truffle/js/runtime/JSContextOptions$$Lambda$1110
instanceKlass com/oracle/truffle/js/runtime/JSContextOptions$$Lambda$1109
instanceKlass com/oracle/truffle/js/runtime/JSContextOptions$$Lambda$1108
instanceKlass com/oracle/truffle/js/runtime/JSContextOptions$$Lambda$1107
instanceKlass com/oracle/truffle/api/utilities/CyclicAssumption
instanceKlass com/oracle/truffle/js/runtime/JSParserOptions
instanceKlass com/oracle/truffle/api/object/HiddenKey
instanceKlass com/oracle/truffle/js/parser/env/Environment
instanceKlass com/oracle/truffle/js/runtime/objects/ScriptOrModule
instanceKlass com/oracle/truffle/js/parser/GraalJSEvaluator
instanceKlass com/oracle/truffle/js/parser/JSParser
instanceKlass com/oracle/truffle/js/runtime/Evaluator
instanceKlass com/oracle/truffle/js/runtime/JSEngine
instanceKlass org/graalvm/collections/EconomicMapImpl$SparseMapIterator
instanceKlass org/graalvm/collections/EconomicMapImpl$CollisionLink
instanceKlass com/oracle/truffle/api/source/SourceImpl$SourceId
instanceKlass com/oracle/truffle/api/source/InternedSources
instanceKlass org/graalvm/polyglot/io/ByteArraySequence
instanceKlass org/graalvm/polyglot/io/ByteSequence
instanceKlass com/oracle/truffle/api/source/SourceImpl$Key
instanceKlass com/oracle/truffle/api/source/Source
instanceKlass org/graalvm/polyglot/SourceSection
instanceKlass org/graalvm/polyglot/Source$Builder
instanceKlass org/graalvm/polyglot/Source
instanceKlass com/dynatrace/agent/util/Reflection
instanceKlass com/oracle/truffle/polyglot/HostLanguage$HostContext
instanceKlass com/oracle/truffle/api/TruffleFile
instanceKlass com/oracle/truffle/api/TruffleFile$FileSystemContext
instanceKlass com/oracle/truffle/polyglot/PolyglotLanguageContext$PolyglotUncaughtExceptionHandler
instanceKlass com/oracle/truffle/polyglot/PolyglotLanguageContext$Lazy
instanceKlass com/oracle/truffle/api/instrumentation/InstrumentationHandler$AbstractAsyncCollection$1
instanceKlass com/oracle/truffle/api/instrumentation/AllocationReporter
instanceKlass com/oracle/truffle/api/TruffleLanguage$Env
instanceKlass com/oracle/truffle/polyglot/PolyglotLanguage$1
instanceKlass com/oracle/truffle/polyglot/PolyglotLanguageContext
instanceKlass com/oracle/truffle/api/TruffleContext
instanceKlass com/oracle/truffle/polyglot/PolyglotBindings
instanceKlass com/oracle/truffle/polyglot/PolyglotThreadInfo
instanceKlass com/oracle/truffle/polyglot/PolyglotContextImpl$SingleContextState
instanceKlass com/oracle/truffle/api/TruffleLogger$LoggerCache$LoggerNode
instanceKlass com/oracle/truffle/polyglot/PolyglotLoggers$LoggerCacheImpl
instanceKlass com/oracle/truffle/api/TruffleLogger$LoggerCache
instanceKlass com/oracle/truffle/api/TruffleLogger
instanceKlass com/oracle/truffle/js/nodes/control/ResumableNode
instanceKlass com/oracle/truffle/api/instrumentation/InstrumentableNode
instanceKlass com/oracle/truffle/js/nodes/access/InitErrorObjectNodeFactory
instanceKlass com/oracle/truffle/api/dsl/Introspection$Provider
instanceKlass com/oracle/truffle/api/TruffleStackTraceElement
instanceKlass com/oracle/truffle/api/frame/FrameInstanceVisitor
instanceKlass com/oracle/truffle/js/runtime/GraalJSException$JSStackTraceElement
instanceKlass com/oracle/truffle/js/runtime/Errors
instanceKlass com/oracle/truffle/js/runtime/JSConfig
instanceKlass org/graalvm/options/OptionDescriptorsMap
instanceKlass org/graalvm/options/OptionDescriptor$Builder
instanceKlass org/graalvm/options/OptionDescriptor
instanceKlass com/oracle/truffle/js/runtime/JSContextOptionsOptionDescriptors
instanceKlass com/oracle/truffle/js/runtime/JSContextOptions$3
instanceKlass com/oracle/truffle/js/runtime/JSContextOptions$2
instanceKlass com/oracle/truffle/js/runtime/JSContextOptions$1
instanceKlass com/oracle/truffle/js/runtime/JSContextOptions
instanceKlass com/oracle/truffle/polyglot/PolyglotSourceCache
instanceKlass com/oracle/truffle/polyglot/PolyglotLanguageInstance
instanceKlass com/oracle/truffle/polyglot/PolyglotContextConfig
instanceKlass com/oracle/truffle/polyglot/ProcessHandlers$DefaultProcessHandler
instanceKlass org/graalvm/polyglot/io/ProcessHandler
instanceKlass com/oracle/truffle/polyglot/ProcessHandlers
instanceKlass com/oracle/truffle/polyglot/FileSystems$NIOFileSystem
instanceKlass java/nio/file/spi/FileSystemProvider$1
instanceKlass com/oracle/truffle/polyglot/FileSystems$InvalidFileSystem
instanceKlass com/oracle/truffle/polyglot/FileSystems$InternalFileSystem
instanceKlass com/oracle/truffle/polyglot/FileSystems
instanceKlass com/oracle/truffle/polyglot/PolyglotTargetMapping
instanceKlass com/oracle/truffle/polyglot/HostClassCache
instanceKlass org/graalvm/polyglot/EnvironmentAccess
instanceKlass org/graalvm/polyglot/PolyglotAccess
instanceKlass org/graalvm/polyglot/HostAccess$Implementable
instanceKlass org/graalvm/polyglot/HostAccess$Export
instanceKlass org/graalvm/polyglot/HostAccess$Builder
instanceKlass org/graalvm/polyglot/HostAccess
instanceKlass org/graalvm/polyglot/Context$Builder
instanceKlass org/graalvm/polyglot/Context$3
instanceKlass org/graalvm/polyglot/Context$2
instanceKlass org/graalvm/polyglot/Context$1
instanceKlass org/graalvm/polyglot/Context
instanceKlass com/oracle/truffle/polyglot/PolyglotEngineImpl$PolyglotShutDownHook
instanceKlass com/oracle/truffle/polyglot/PolyglotEngineOptions
instanceKlass com/oracle/truffle/polyglot/OptionValuesImpl
instanceKlass org/graalvm/options/UnionOptionDescriptors
instanceKlass org/graalvm/options/OptionDescriptors$1
instanceKlass com/oracle/truffle/polyglot/PolyglotEngineOptionsOptionDescriptors
instanceKlass org/graalvm/options/OptionDescriptors
instanceKlass org/graalvm/polyglot/Instrument
instanceKlass com/oracle/truffle/api/InstrumentInfo
instanceKlass com/oracle/truffle/polyglot/InstrumentCache$1
instanceKlass com/oracle/truffle/tools/profiler/impl/MemoryTracerInstrumentProvider
instanceKlass com/oracle/truffle/tools/profiler/impl/HeapMonitorInstrumentProvider
instanceKlass com/oracle/truffle/tools/profiler/impl/CPUSamplerInstrumentProvider
instanceKlass com/oracle/truffle/tools/profiler/impl/CPUTracerInstrumentProvider
instanceKlass com/oracle/truffle/api/instrumentation/TruffleInstrument$Registration
instanceKlass com/oracle/truffle/api/debug/impl/DebuggerInstrumentProvider
instanceKlass com/oracle/truffle/api/instrumentation/TruffleInstrument$Provider
instanceKlass com/hazelcast/client/impl/connection/nio/ClientConnectionManagerImpl$ConnectToAllClusterMembersTask$$Lambda$1106
instanceKlass com/oracle/truffle/polyglot/InstrumentCache$InstrumentReflection
instanceKlass com/oracle/truffle/api/instrumentation/TruffleInstrument
instanceKlass com/oracle/truffle/polyglot/InstrumentCache$Loader
instanceKlass com/oracle/truffle/polyglot/InstrumentCache
instanceKlass org/graalvm/polyglot/Language
instanceKlass com/oracle/truffle/polyglot/PolyglotReferences
instanceKlass com/oracle/truffle/api/nodes/LanguageInfo
instanceKlass com/oracle/truffle/api/utilities/NeverValidAssumption
instanceKlass com/oracle/truffle/polyglot/PolyglotLanguage$ContextProfile
instanceKlass com/oracle/truffle/api/TruffleFile$FileTypeDetector
instanceKlass com/oracle/truffle/regex/RegexLanguageProvider
instanceKlass com/oracle/truffle/api/instrumentation/Tag
instanceKlass com/oracle/truffle/api/instrumentation/ProvidedTags
instanceKlass com/oracle/truffle/api/dsl/GeneratedBy
instanceKlass com/oracle/truffle/api/TruffleLanguage$Registration
instanceKlass com/hazelcast/internal/networking/nio/NioNetworking$PublishAllTask$$Lambda$1105
instanceKlass com/hazelcast/internal/networking/nio/NioNetworking$PublishAllTask$$Lambda$1104
instanceKlass com/oracle/truffle/js/lang/JavaScriptLanguageProvider
instanceKlass com/oracle/truffle/api/TruffleLanguage$Provider
instanceKlass com/oracle/truffle/polyglot/LanguageCache$LanguageReflection
instanceKlass com/oracle/truffle/polyglot/LanguageCache$Loader
instanceKlass com/oracle/truffle/api/TruffleLanguage
instanceKlass com/oracle/truffle/polyglot/LanguageCache
instanceKlass com/oracle/truffle/api/instrumentation/LoadSourceSectionListener
instanceKlass com/oracle/truffle/api/instrumentation/EventBinding
instanceKlass com/oracle/truffle/api/instrumentation/Instrumenter
instanceKlass com/oracle/truffle/api/instrumentation/InstrumentationHandler
instanceKlass org/graalvm/collections/MapCursor
instanceKlass org/graalvm/collections/UnmodifiableMapCursor
instanceKlass org/graalvm/collections/EconomicMapImpl
instanceKlass org/graalvm/collections/EconomicMap
instanceKlass org/graalvm/collections/UnmodifiableEconomicMap
instanceKlass org/graalvm/collections/EconomicSet
instanceKlass org/graalvm/collections/Equivalence
instanceKlass org/graalvm/options/OptionType$9
instanceKlass org/graalvm/options/OptionType$8
instanceKlass org/graalvm/options/OptionType$7
instanceKlass org/graalvm/options/OptionType$6
instanceKlass org/graalvm/options/OptionType$5
instanceKlass org/graalvm/options/OptionType$4
instanceKlass org/graalvm/options/OptionType$2
instanceKlass org/graalvm/options/OptionType$3
instanceKlass org/graalvm/options/OptionType$1
instanceKlass org/graalvm/options/OptionType$Converter
instanceKlass org/graalvm/options/OptionType
instanceKlass org/graalvm/options/OptionKey
instanceKlass com/oracle/truffle/polyglot/ImageBuildTimeOptions
instanceKlass org/graalvm/collections/UnmodifiableEconomicSet
instanceKlass org/graalvm/options/OptionValues
instanceKlass org/graalvm/polyglot/impl/AbstractPolyglotImpl$AbstractLanguageImpl
instanceKlass org/graalvm/polyglot/io/FileSystem
instanceKlass org/graalvm/polyglot/impl/AbstractPolyglotImpl$AbstractInstrumentImpl
instanceKlass com/oracle/truffle/polyglot/PolyglotLoggers$LoggerCache
instanceKlass com/oracle/truffle/polyglot/PolyglotLoggers
instanceKlass com/oracle/truffle/api/impl/AbstractAssumption
instanceKlass com/oracle/truffle/api/interop/DefaultDoubleExportsGen
instanceKlass com/oracle/truffle/api/interop/DefaultDoubleExports
instanceKlass com/oracle/truffle/api/interop/DefaultFloatExportsGen
instanceKlass com/oracle/truffle/api/interop/DefaultFloatExports
instanceKlass com/oracle/truffle/api/interop/DefaultLongExportsGen
instanceKlass com/oracle/truffle/api/interop/DefaultLongExports
instanceKlass com/oracle/truffle/api/interop/DefaultIntegerExportsGen
instanceKlass com/oracle/truffle/api/interop/DefaultIntegerExports
instanceKlass com/oracle/truffle/api/interop/DefaultShortExportsGen
instanceKlass com/oracle/truffle/api/interop/DefaultShortExports
instanceKlass com/oracle/truffle/api/interop/DefaultByteExportsGen
instanceKlass com/oracle/truffle/api/interop/DefaultByteExports
instanceKlass com/oracle/truffle/api/interop/DefaultCharacterExportsGen
instanceKlass com/oracle/truffle/api/interop/DefaultCharacterExports
instanceKlass com/oracle/truffle/api/interop/DefaultStringExportsGen
instanceKlass com/oracle/truffle/api/interop/DefaultStringExports
instanceKlass com/oracle/truffle/api/interop/DefaultBooleanExportsGen
instanceKlass com/oracle/truffle/api/interop/DefaultBooleanExports
instanceKlass com/oracle/truffle/api/library/ExportLibrary$Repeat
instanceKlass sun/reflect/annotation/AnnotationSupport
instanceKlass com/oracle/truffle/api/library/ExportLibrary
instanceKlass org/graalvm/polyglot/Value
instanceKlass com/oracle/truffle/api/CompilerAsserts
instanceKlass com/oracle/truffle/api/CompilerDirectives
instanceKlass com/oracle/truffle/api/TruffleOptions$1GetOptions
instanceKlass com/oracle/truffle/api/TruffleOptions
instanceKlass com/oracle/truffle/api/library/LibraryFactory$ResolvedDispatch
instanceKlass com/oracle/truffle/api/library/LibraryFactory$1
instanceKlass com/oracle/truffle/polyglot/EngineAccessor$AbstractClassLoaderSupplier
instanceKlass com/oracle/truffle/api/impl/DefaultTruffleRuntime$Loader
instanceKlass com/oracle/truffle/api/impl/TruffleLocator
instanceKlass com/oracle/truffle/object/DynamicObjectLibraryImplGen$DynamicObjectLibraryProvider
instanceKlass com/oracle/truffle/api/impl/Accessor$RuntimeSupport
instanceKlass com/oracle/truffle/api/impl/TVMCI
instanceKlass com/oracle/truffle/api/Assumption
instanceKlass com/oracle/truffle/api/frame/MaterializedFrame
instanceKlass com/oracle/truffle/api/CompilerOptions
instanceKlass com/oracle/truffle/api/impl/TVMCI$Test
instanceKlass com/oracle/truffle/api/frame/FrameInstance
instanceKlass com/oracle/truffle/api/RootCallTarget
instanceKlass com/oracle/truffle/api/impl/DefaultTruffleRuntime
instanceKlass com/oracle/truffle/api/impl/TruffleJDKServices
instanceKlass com/oracle/truffle/api/TruffleRuntimeAccess
instanceKlass com/oracle/truffle/api/TruffleRuntime
instanceKlass com/oracle/truffle/api/Truffle$1
instanceKlass com/oracle/truffle/api/Truffle
instanceKlass org/graalvm/polyglot/impl/AbstractPolyglotImpl$AbstractContextImpl
instanceKlass com/oracle/truffle/api/frame/VirtualFrame
instanceKlass com/oracle/truffle/api/frame/Frame
instanceKlass com/oracle/truffle/api/impl/Accessor$Support
instanceKlass com/oracle/truffle/api/impl/Accessor$Constants
instanceKlass com/oracle/truffle/api/impl/Accessor$JDKSupport
instanceKlass com/oracle/truffle/api/impl/Accessor
instanceKlass com/oracle/truffle/api/library/GenerateLibrary
instanceKlass com/oracle/truffle/api/source/SourceSection
instanceKlass com/oracle/truffle/api/library/Message
instanceKlass com/oracle/truffle/api/library/DefaultExportProvider
instanceKlass com/oracle/truffle/api/library/LibraryExport
instanceKlass com/oracle/truffle/api/library/LibraryFactory
instanceKlass com/oracle/truffle/api/TruffleLanguage$LanguageReference
instanceKlass com/oracle/truffle/api/nodes/NodeVisitor
instanceKlass com/oracle/truffle/api/TruffleLanguage$ContextReference
instanceKlass com/oracle/truffle/api/CallTarget
instanceKlass com/oracle/truffle/api/nodes/Node
instanceKlass com/oracle/truffle/api/nodes/NodeInterface
instanceKlass com/oracle/truffle/polyglot/HostObject
instanceKlass com/oracle/truffle/api/interop/TruffleObject
instanceKlass com/oracle/truffle/api/instrumentation/ExecutionEventNodeFactory
instanceKlass com/oracle/truffle/api/instrumentation/SourceSectionFilter$SourcePredicate
instanceKlass com/oracle/truffle/api/source/Source$SourceBuilder
instanceKlass org/graalvm/polyglot/impl/AbstractPolyglotImpl$AbstractSourceSectionImpl
