JvmtiExport can_access_local_variables 0
JvmtiExport can_hotswap_or_post_breakpoint 0
JvmtiExport can_post_on_exceptions 0
# 157 ciObject found
ciMethod java/lang/System arraycopy (Ljava/lang/Object;ILjava/lang/Object;II)V 21505 1 2688 0 -1
ciMethod java/lang/Thread currentThread ()Ljava/lang/Thread; 2049 1 256 0 -1
ciMethod java/lang/Thread interrupt ()V 0 0 2 0 0
ciMethod java/lang/Thread checkAccess ()V 2049 1 1789 0 -1
ciMethod java/lang/Thread interrupt0 ()V 17 1 2 0 -1
ciMethod java/nio/Buffer position ()I 1049 1 131 0 0
ciMethod java/nio/Buffer limit ()I 1025 1 128 0 0
ciMethod java/nio/Buffer clear ()Ljava/nio/Buffer; 481 1 13417 0 64
ciMethod java/nio/Buffer flip ()Ljava/nio/Buffer; 1033 1 16979 0 64
ciMethod java/lang/Math min (II)I 4097 1 243064 0 -1
ciMethod java/io/OutputStream write ([BII)V 0 0 1 0 -1
ciMethod java/io/OutputStream flush ()V 2049 1 1280 0 -1
ciMethod java/util/Arrays copyOf ([BI)[B 3129 1 48924 0 0
ciMethod java/io/PrintStream ensureOpen ()V 2049 1 13366 0 0
ciMethod java/io/PrintStream write ([BII)V 2049 1 5576 0 1952
ciMethod java/io/BufferedOutputStream flushBuffer ()V 553 1 2247 0 -1
ciMethod java/io/BufferedOutputStream write ([BII)V 2121 1 5209 0 0
ciMethod sun/nio/cs/StreamEncoder writeBytes ()V 329 1 5352 0 -1
ciMethod java/nio/ByteBuffer array ()[B 11545 1 7677 0 0
ciMethod java/nio/ByteBuffer arrayOffset ()I 2057 1 11986 0 0
ciMethod java/io/ByteArrayOutputStream ensureCapacity (I)V 2041 1 41855 0 608
ciMethod java/io/ByteArrayOutputStream grow (I)V 25 1 2604 0 0
ciMethod java/io/ByteArrayOutputStream hugeCapacity (I)I 0 0 1 0 -1
ciMethod java/io/ByteArrayOutputStream write ([BII)V 2057 1 5377 0 1760
ciMethod java/nio/channels/WritableByteChannel write (Ljava/nio/ByteBuffer;)I 0 0 1 0 -1
ciMethod sun/nio/ch/Interruptible interrupt (Ljava/lang/Thread;)V 0 0 1 0 -1
ciMethodData java/util/Arrays copyOf ([BI)[B 2 48924 orig 264 168 227 165 82 0 0 0 0 96 135 244 20 0 0 0 0 112 1 0 0 0 0 0 0 0 0 0 0 0 0 0 0 0 0 0 0 0 0 0 0 0 0 0 0 0 0 0 0 0 0 0 0 0 0 0 0 0 0 0 0 0 0 0 0 0 0 0 0 0 0 0 0 0 0 0 0 0 0 0 0 77 68 79 32 101 120 116 114 97 32 100 97 116 97 32 108 111 99 107 0 0 0 0 0 0 0 0 0 0 0 0 0 0 0 0 0 0 0 0 0 0 0 0 0 0 0 0 0 0 0 0 0 0 0 0 0 0 0 0 0 0 0 0 0 0 0 0 0 0 0 0 0 0 0 0 0 0 0 0 0 0 0 0 0 0 0 0 0 0 0 0 0 0 0 0 0 0 0 0 0 0 0 0 0 0 0 0 0 0 0 0 0 0 0 0 0 0 0 0 0 0 0 0 0 0 0 0 0 0 0 0 0 0 0 0 0 135 1 0 0 169 236 5 0 1 0 0 0 0 0 0 0 0 0 0 0 2 0 0 0 0 0 7 0 2 0 0 0 32 0 0 0 255 255 255 255 2 0 11 0 0 0 0 0 data 4 0xb0002 0xbd95 0xe0002 0xbd95 oops 0
ciMethodData java/nio/ByteBuffer arrayOffset ()I 2 11986 orig 264 168 227 165 82 0 0 0 0 80 231 246 20 0 0 0 0 128 1 0 0 32 0 0 0 0 0 0 0 0 0 0 0 0 0 0 0 0 0 0 0 0 0 0 0 0 0 0 0 0 0 0 0 0 0 0 0 0 0 0 0 0 0 0 0 0 0 0 0 0 0 0 0 0 0 0 0 0 0 0 0 77 68 79 32 101 120 116 114 97 32 100 97 116 97 32 108 111 99 107 0 0 0 0 0 0 0 0 0 0 0 0 0 0 0 0 0 0 0 0 0 0 0 0 0 0 0 0 0 0 0 0 0 0 0 0 0 0 0 0 0 0 0 0 0 0 0 0 0 0 0 0 0 0 0 0 0 0 0 0 0 0 0 0 0 0 0 0 0 0 0 0 0 0 0 0 0 0 0 0 0 0 0 0 0 0 0 0 0 0 0 0 0 0 0 0 0 0 0 0 0 0 0 0 0 0 0 0 0 0 0 0 0 0 0 0 0 1 1 0 0 137 110 1 0 1 0 0 0 0 0 0 0 0 0 0 0 2 0 0 0 0 0 7 0 2 0 0 0 96 0 0 0 255 255 255 255 7 0 4 0 0 0 0 0 data 12 0x40007 0x2dd1 0x30 0x0 0xb0002 0x0 0x130007 0x2dd1 0x30 0x0 0x1a0002 0x0 oops 0
ciMethodData java/nio/Buffer clear ()Ljava/nio/Buffer; 2 13417 orig 264 168 227 165 82 0 0 0 0 120 5 236 20 0 0 0 0 32 1 0 0 0 0 0 0 0 0 0 0 0 0 0 0 0 0 0 0 0 0 0 0 0 0 0 0 0 0 0 0 0 0 0 0 0 0 0 0 0 0 0 0 0 0 0 0 0 0 0 0 0 0 0 0 0 0 0 0 0 0 0 0 77 68 79 32 101 120 116 114 97 32 100 97 116 97 32 108 111 99 107 0 0 0 0 0 0 0 0 0 0 0 0 0 0 0 0 0 0 0 0 0 0 0 0 0 0 0 0 0 0 0 0 0 0 0 0 0 0 0 0 0 0 0 0 0 0 0 0 0 0 0 0 0 0 0 0 0 0 0 0 0 0 0 0 0 0 0 0 0 0 0 0 0 0 0 0 0 0 0 0 0 0 0 0 0 0 0 0 0 0 0 0 0 0 0 0 0 0 0 0 0 0 0 0 0 0 0 0 0 0 0 0 0 0 0 0 0 60 0 0 0 105 161 1 0 1 0 0 0 0 0 0 0 0 0 0 0 2 0 0 0 0 0 3 0 1 0 0 0 0 0 0 0 255 255 255 255 0 0 0 0 0 0 0 0 data 0 oops 0
ciMethodData java/nio/Buffer flip ()Ljava/nio/Buffer; 2 16979 orig 264 168 227 165 82 0 0 0 0 24 6 236 20 0 0 0 0 32 1 0 0 0 0 0 0 0 0 0 0 0 0 0 0 0 0 0 0 0 0 0 0 0 0 0 0 0 0 0 0 0 0 0 0 0 0 0 0 0 0 0 0 0 0 0 0 0 0 0 0 0 0 0 0 0 0 0 0 0 0 0 0 77 68 79 32 101 120 116 114 97 32 100 97 116 97 32 108 111 99 107 0 0 0 0 0 0 0 0 0 0 0 0 0 0 0 0 0 0 0 0 0 0 0 0 0 0 0 0 0 0 0 0 0 0 0 0 0 0 0 0 0 0 0 0 0 0 0 0 0 0 0 0 0 0 0 0 0 0 0 0 0 0 0 0 0 0 0 0 0 0 0 0 0 0 0 0 0 0 0 0 0 0 0 0 0 0 0 0 0 0 0 0 0 0 0 0 0 0 0 0 0 0 0 0 0 0 0 0 0 0 0 0 0 0 0 0 0 129 0 0 0 145 14 2 0 1 0 0 0 0 0 0 0 0 0 0 0 2 0 0 0 0 0 3 0 1 0 0 0 0 0 0 0 255 255 255 255 0 0 0 0 0 0 0 0 data 0 oops 0
ciMethodData java/io/ByteArrayOutputStream ensureCapacity (I)V 2 41855 orig 264 168 227 165 82 0 0 0 0 128 214 5 21 0 0 0 0 88 1 0 0 0 0 0 0 0 0 0 0 0 0 0 0 0 0 0 0 0 0 0 0 0 0 0 0 0 0 0 0 0 0 0 0 0 0 0 0 0 0 0 0 0 0 0 0 0 0 0 0 0 0 0 0 0 0 0 0 0 0 0 0 77 68 79 32 101 120 116 114 97 32 100 97 116 97 32 108 111 99 107 0 0 0 0 0 0 0 0 0 0 0 0 0 0 0 0 0 0 0 0 0 0 0 0 0 0 0 0 0 0 0 0 0 0 0 0 0 0 0 0 0 0 0 0 0 0 0 0 0 0 0 0 0 0 0 0 0 0 0 0 0 0 0 0 0 0 0 0 0 0 0 0 0 0 0 0 0 0 0 0 0 0 0 0 0 0 0 0 0 0 0 0 0 0 0 0 0 0 0 0 0 0 0 0 0 0 0 0 0 0 0 0 0 0 0 0 0 255 0 0 0 1 20 5 0 1 0 0 0 0 0 0 0 0 0 0 0 2 0 0 0 0 0 0 0 0 0 0 0 48 0 0 0 255 255 255 255 7 0 7 0 0 0 0 0 data 6 0x70007 0x9c29 0x30 0x657 0xc0002 0x657 oops 0
ciMethodData java/io/ByteArrayOutputStream grow (I)V 2 2604 orig 264 168 227 165 82 0 0 0 0 56 215 5 21 0 0 0 0 176 1 0 0 64 0 0 0 0 0 0 0 0 0 0 0 0 0 0 0 0 0 0 0 0 0 0 0 0 0 0 0 0 0 0 0 0 0 0 0 0 0 0 0 0 0 0 0 0 0 0 0 0 0 0 0 0 0 0 0 0 0 0 0 77 68 79 32 101 120 116 114 97 32 100 97 116 97 32 108 111 99 107 0 0 0 0 0 0 0 0 0 0 0 0 0 0 0 0 0 0 0 0 0 0 0 0 0 0 0 0 0 0 0 0 0 0 0 0 0 0 0 0 0 0 0 0 0 0 0 0 0 0 0 0 0 0 0 0 0 0 0 0 0 0 0 0 0 0 0 0 0 0 0 0 0 0 0 0 0 0 0 0 0 0 0 0 0 17 0 0 0 0 0 0 0 0 0 0 0 0 0 0 0 1 0 0 0 0 0 0 0 0 0 0 0 0 0 0 0 3 0 0 0 73 81 0 0 1 0 0 0 0 0 0 0 0 0 0 0 2 0 0 0 0 0 20 0 2 0 0 0 96 0 0 0 255 255 255 255 7 0 13 0 0 0 0 0 data 12 0xd0007 0x5c3 0x20 0x466 0x160007 0xa29 0x30 0x0 0x1a0002 0x0 0x240002 0xa29 oops 0
ciMethodData java/lang/Thread interrupt ()V 1 2 orig 264 168 227 165 82 0 0 0 0 168 201 229 20 0 0 0 0 48 2 0 0 192 0 0 0 0 0 0 0 0 0 0 0 0 0 0 0 0 0 0 0 0 0 0 0 0 0 0 0 0 0 0 0 0 0 0 0 0 0 0 0 0 0 0 0 0 0 0 0 0 0 0 0 0 0 0 0 0 0 0 0 77 68 79 32 101 120 116 114 97 32 100 97 116 97 32 108 111 99 107 0 0 0 0 0 0 0 0 0 0 0 0 0 0 0 0 0 0 0 0 0 0 0 0 0 0 0 0 0 0 0 0 0 0 0 0 0 0 0 0 0 0 0 0 0 0 0 0 0 0 0 0 0 0 0 0 0 0 0 0 0 0 0 0 0 0 0 0 0 0 0 0 0 0 0 0 0 0 0 0 0 0 0 0 0 17 0 0 0 0 0 0 0 0 0 0 0 0 0 0 0 0 0 0 0 0 0 0 0 0 0 0 0 0 0 0 0 0 0 0 0 17 0 0 0 1 0 0 0 0 0 0 0 0 0 0 0 2 0 0 0 0 0 0 0 0 0 0 0 232 0 0 0 255 255 255 255 2 0 1 0 0 0 0 0 data 29 0x10002 0x2 0x40007 0x0 0x50 0x2 0x80005 0x2 0x0 0x0 0x0 0x0 0x180007 0x2 0x60 0x0 0x1c0002 0x0 0x210005 0x0 0x0 0x0 0x0 0x0 0x2b0003 0x2 0x18 0x340002 0x2 oops 0
ciMethodData java/nio/ByteBuffer array ()[B 2 7677 orig 264 168 227 165 82 0 0 0 0 160 230 246 20 0 0 0 0 128 1 0 0 32 0 0 0 0 0 0 0 0 0 0 0 0 0 0 0 0 0 0 0 0 0 0 0 0 0 0 0 0 0 0 0 0 0 0 0 0 0 0 0 0 0 0 0 0 0 0 0 0 0 0 0 0 0 0 0 0 0 0 0 77 68 79 32 101 120 116 114 97 32 100 97 116 97 32 108 111 99 107 0 0 0 0 0 0 0 0 0 0 0 0 0 0 0 0 0 0 0 0 0 0 0 0 0 0 0 0 0 0 0 0 0 0 0 0 0 0 0 0 0 0 0 0 0 0 0 0 0 0 0 0 0 0 0 0 0 0 0 0 0 0 0 0 0 0 0 0 0 0 0 0 0 0 0 0 0 0 0 0 0 0 0 0 0 0 0 0 0 0 0 0 0 0 0 0 0 0 0 0 0 0 0 0 0 0 0 0 0 0 0 0 0 0 0 0 0 245 0 0 0 209 194 0 0 1 0 0 0 0 0 0 0 0 0 0 0 2 0 0 0 0 0 7 0 2 0 0 0 96 0 0 0 255 255 255 255 7 0 4 0 0 0 0 0 data 12 0x40007 0x185a 0x30 0x0 0xb0002 0x0 0x130007 0x185a 0x30 0x0 0x1a0002 0x0 oops 0
ciMethodData java/io/ByteArrayOutputStream write ([BII)V 2 5377 orig 264 168 227 165 82 0 0 0 0 88 217 5 21 0 0 0 0 16 2 0 0 128 0 0 0 0 0 0 0 0 0 0 0 0 0 0 0 0 0 0 0 0 0 0 0 0 0 0 0 0 0 0 0 0 0 0 0 0 0 0 0 0 0 0 0 0 0 0 0 0 0 0 0 0 0 0 0 0 0 0 0 77 68 79 32 101 120 116 114 97 32 100 97 116 97 32 108 111 99 107 0 0 0 0 0 0 0 0 0 0 0 0 0 0 0 0 0 0 0 0 0 0 0 0 0 0 0 0 0 0 0 0 0 0 0 0 0 0 0 0 0 0 0 0 0 0 0 0 0 0 0 0 0 0 0 0 0 0 0 0 0 0 0 0 0 0 0 0 0 0 0 0 0 0 0 0 0 0 0 0 0 0 0 0 0 0 0 0 0 0 0 0 0 0 0 0 0 0 0 0 0 0 0 0 0 0 0 0 0 0 0 0 0 0 0 0 0 1 1 0 0 1 160 0 0 1 0 0 0 0 0 0 0 0 0 0 0 2 0 0 0 0 0 16 0 2 0 0 0 176 0 0 0 255 255 255 255 7 0 1 0 0 0 0 0 data 22 0x10007 0x0 0x80 0x1400 0x70007 0x0 0x60 0x1400 0xb0007 0x0 0x40 0x1400 0x140007 0x1400 0x30 0x0 0x1b0002 0x0 0x260002 0x1400 0x340002 0x1400 oops 0
ciMethodData sun/nio/cs/StreamEncoder writeBytes ()V 2 5352 orig 264 168 227 165 82 0 0 0 0 176 119 246 20 0 0 0 0 224 3 0 0 56 2 0 0 0 0 0 0 0 0 0 0 0 0 0 0 0 0 0 0 0 0 0 0 0 0 0 0 0 0 0 0 0 0 0 0 0 0 0 0 0 0 0 0 0 0 0 0 0 0 0 0 0 0 0 0 0 0 0 0 77 68 79 32 101 120 116 114 97 32 100 97 116 97 32 108 111 99 107 0 0 0 0 0 0 0 0 0 0 0 0 0 0 0 0 0 0 0 0 0 0 0 0 0 0 0 0 0 0 0 0 0 0 0 0 0 0 0 0 0 0 0 0 0 1 0 0 0 0 0 0 0 0 0 0 0 0 0 0 0 0 0 0 0 0 0 0 0 0 0 0 0 0 0 0 0 0 0 0 0 0 0 0 0 0 0 0 0 0 0 0 0 0 0 0 0 0 0 0 0 0 0 0 0 0 0 0 0 0 0 0 0 0 0 0 0 41 0 0 0 249 165 0 0 1 0 0 0 0 0 0 0 0 0 0 0 2 0 0 0 0 0 24 0 2 0 0 0 152 2 0 0 255 255 255 255 5 0 4 0 0 0 0 0 data 83 0x40005 0x1bf 0x32bb5ac0 0x1300 0x0 0x0 0xc0005 0x1bf 0x32bb5ac0 0x1300 0x0 0x0 0x140005 0x1bf 0x32bb5ac0 0x1300 0x0 0x0 0x1b0007 0x14bf 0x50 0x0 0x200007 0x0 0x30 0x0 0x270002 0x0 0x2d0007 0x0 0x38 0x14bf 0x330003 0x14bf 0x18 0x390007 0x0 0x150 0x14bf 0x400007 0x14bf 0xa0 0x0 0x4b0005 0x0 0x0 0x0 0x0 0x0 0x510007 0x0 0xe0 0x0 0x570007 0x0 0xc0 0x0 0x5f0002 0x0 0x6b0005 0x1bf 0x32bb5ac0 0x1300 0x0 0x0 0x720005 0x1bf 0x32bb5ac0 0x1300 0x0 0x0 0x780005 0x0 0x32bb5b70 0xb 0x32bb5c20 0x14b4 0x7f0005 0x1c3 0x32bb5ac0 0x1300 0x0 0x0 oops 8 2 java/nio/HeapByteBuffer 8 java/nio/HeapByteBuffer 14 java/nio/HeapByteBuffer 61 java/nio/HeapByteBuffer 67 java/nio/HeapByteBuffer 73 java/io/ByteArrayOutputStream 75 java/io/PrintStream 79 java/nio/HeapByteBuffer
ciMethodData java/io/PrintStream ensureOpen ()V 2 13366 orig 264 168 227 165 82 0 0 0 0 24 230 244 20 0 0 0 0 80 1 0 0 0 0 0 0 0 0 0 0 0 0 0 0 0 0 0 0 0 0 0 0 0 0 0 0 0 0 0 0 0 0 0 0 0 0 0 0 0 0 0 0 0 0 0 0 0 0 0 0 0 0 0 0 0 0 0 0 0 0 0 0 77 68 79 32 101 120 116 114 97 32 100 97 116 97 32 108 111 99 107 0 0 0 0 0 0 0 0 0 0 0 0 0 0 0 0 0 0 0 0 0 0 0 0 0 0 0 0 0 0 0 0 0 0 0 0 0 0 0 0 0 0 0 0 0 0 0 0 0 0 0 0 0 0 0 0 0 0 0 0 0 0 0 0 0 0 0 0 0 0 0 0 0 0 0 0 0 0 0 0 0 0 0 0 0 0 0 0 0 0 0 0 0 0 0 0 0 0 0 0 0 0 0 0 0 0 0 0 0 0 0 0 0 0 0 0 0 0 1 0 0 177 153 1 0 1 0 0 0 0 0 0 0 0 0 0 0 2 0 0 0 0 0 5 0 2 0 0 0 48 0 0 0 255 255 255 255 7 0 4 0 0 0 0 0 data 6 0x40007 0x3336 0x30 0x0 0xd0002 0x0 oops 0
ciMethodData java/io/PrintStream write ([BII)V 2 5576 orig 264 168 227 165 82 0 0 0 0 120 235 244 20 0 0 0 0 120 2 0 0 16 0 0 0 0 0 0 0 0 0 0 0 0 0 0 0 0 0 0 0 0 0 0 0 0 0 0 0 0 0 0 0 0 0 0 0 0 0 0 0 0 0 0 0 0 0 0 0 0 0 0 0 0 0 0 0 0 0 0 0 77 68 79 32 101 120 116 114 97 32 100 97 116 97 32 108 111 99 107 0 0 0 0 0 0 0 0 0 0 0 0 0 0 0 0 0 0 0 0 0 0 0 0 0 0 0 0 0 0 0 0 0 0 0 0 0 0 0 0 0 0 0 0 0 1 0 0 0 0 0 0 0 0 0 0 0 0 0 0 0 0 0 0 0 5 0 0 0 0 0 0 0 0 0 0 0 0 0 0 0 0 0 0 0 0 0 0 0 0 0 0 0 0 0 0 0 0 0 0 0 0 0 0 0 0 0 0 0 0 0 0 0 0 0 0 0 0 1 0 0 65 166 0 0 1 0 0 0 0 0 0 0 0 0 0 0 2 0 0 0 0 0 17 0 2 0 0 0 24 1 0 0 255 255 255 255 2 0 6 0 0 0 0 0 data 35 0x60002 0x14c8 0x10c005 0x4 0x203f1d70 0x1409 0x32bb5b70 0xc0 0x170007 0x14cd 0x50 0x0 0x1e0005 0x0 0x0 0x0 0x0 0x0 0x240003 0x14cd 0x18 0x2f0003 0x14cd 0x70 0x340002 0x0 0x370005 0x0 0x0 0x0 0x0 0x0 0x3a0003 0x0 0x18 oops 2 4 java/io/BufferedOutputStream 6 java/io/ByteArrayOutputStream
ciMethodData java/io/BufferedOutputStream write ([BII)V 2 5209 orig 264 168 227 165 82 0 0 0 0 104 24 245 20 0 0 0 0 0 2 0 0 128 0 0 0 0 0 0 0 0 0 0 0 0 0 0 0 0 0 0 0 0 0 0 0 0 0 0 0 0 0 0 0 0 0 0 0 0 0 0 0 0 0 0 0 0 0 0 0 0 0 0 0 0 0 0 0 0 0 0 0 77 68 79 32 101 120 116 114 97 32 100 97 116 97 32 108 111 99 107 0 0 0 0 0 0 0 0 0 0 0 0 0 0 0 0 0 0 0 0 0 0 0 0 0 0 0 0 0 0 0 0 0 0 0 0 0 0 0 0 0 0 0 0 0 0 0 0 0 0 0 0 0 0 0 0 0 0 0 0 0 0 0 0 0 0 0 0 0 0 0 0 0 0 0 0 0 0 0 0 0 0 0 0 0 0 0 0 0 0 0 0 0 0 0 0 0 0 0 0 0 0 0 0 0 0 0 0 0 0 0 0 0 0 0 0 0 9 1 0 0 129 154 0 0 1 0 0 0 0 0 0 0 0 0 0 0 2 0 0 0 0 0 15 0 2 0 0 0 160 0 0 0 255 255 255 255 7 0 6 0 0 0 0 0 data 20 0x60007 0x1350 0x60 0x0 0xa0002 0x0 0x140005 0x0 0x0 0x0 0x0 0x0 0x230007 0x1350 0x30 0x0 0x270002 0x0 0x350002 0x1350 oops 0
instanceKlass org/apache/logging/log4j/util/PrivateSecurityManagerStackTraceUtil
instanceKlass com/hazelcast/internal/networking/nio/NioChannel$$Lambda$1412
instanceKlass com/hazelcast/client/impl/protocol/codec/ClientCreateProxyCodec
instanceKlass com/hazelcast/map/QueryCache
instanceKlass com/hazelcast/map/LocalMapStats
instanceKlass com/hazelcast/instance/LocalInstanceStats
instanceKlass com/hazelcast/core/EntryView
instanceKlass com/hazelcast/spi/eviction/EvictableEntryView
instanceKlass com/hazelcast/internal/config/ConfigUtils$$Lambda$1411
instanceKlass com/hazelcast/internal/config/ConfigUtils
instanceKlass com/hazelcast/client/impl/spi/ProxyManager$ClientProxyFuture
instanceKlass com/hazelcast/internal/services/DistributedObjectNamespace
instanceKlass org/apache/camel/component/bean/BeanHelper
instanceKlass org/apache/camel/util/StringQuoteHelper
instanceKlass org/apache/camel/processor/SendProcessor$1
instanceKlass org/apache/camel/spring/boot/SpringTypeConverter$$Lambda$1410
instanceKlass org/apache/camel/spring/boot/SpringTypeConverter$$Lambda$1409
instanceKlass org/apache/camel/processor/FatalFallbackErrorHandler$1
instanceKlass org/apache/camel/processor/RedeliveryErrorHandler$3
instanceKlass org/apache/camel/util/MessageHelper
instanceKlass org/apache/catalina/Cluster
instanceKlass sun/security/jca/GetInstance$1
instanceKlass java/util/concurrent/CopyOnWriteArrayList$1
instanceKlass com/zaxxer/hikari/pool/HikariPool$$Lambda$1408
instanceKlass sun/security/util/math/intpoly/IntegerPolynomial$1
instanceKlass java/security/Provider$1
instanceKlass java/util/AbstractList$1
instanceKlass com/hazelcast/internal/metrics/impl/MetricsDictionary$1
instanceKlass com/hazelcast/client/impl/protocol/codec/builtin/ListUUIDCodec
instanceKlass com/hazelcast/client/impl/protocol/codec/builtin/EntryListUUIDListIntegerCodec$$Lambda$1407
instanceKlass com/hazelcast/client/impl/protocol/codec/builtin/ListIntegerCodec
instanceKlass com/hazelcast/client/impl/protocol/codec/builtin/EntryListUUIDListIntegerCodec
instanceKlass com/hazelcast/client/impl/protocol/codec/ClientPingCodec
instanceKlass org/apache/camel/component/bean/MethodInfo$1
instanceKlass org/apache/camel/processor/PipelineHelper
instanceKlass org/apache/camel/util/CamelLogger$1
instanceKlass org/apache/camel/management/InstrumentationProcessor$1
instanceKlass org/apache/camel/processor/RedeliveryErrorHandler$2
instanceKlass org/apache/camel/util/ExchangeHelper
instanceKlass org/apache/camel/processor/RedeliveryErrorHandler$RedeliveryData
instanceKlass org/apache/camel/impl/DefaultMessageHistory
instanceKlass org/apache/camel/processor/Pipeline$1
instanceKlass org/apache/camel/processor/CamelInternalProcessor$InternalCallback
instanceKlass org/apache/camel/util/UnitOfWorkHelper
instanceKlass org/apache/camel/spi/TracedRouteNodes
instanceKlass org/apache/camel/impl/DefaultUnitOfWork
instanceKlass org/apache/camel/component/timer/TimerConsumer$3
instanceKlass org/apache/camel/impl/DefaultExchange
instanceKlass org/springframework/boot/SpringApplicationRunListeners$$Lambda$1406
instanceKlass org/springframework/boot/CommandLineRunner
instanceKlass org/springframework/boot/ApplicationRunner
instanceKlass org/springframework/boot/SpringApplicationRunListeners$$Lambda$1405
instanceKlass org/springframework/util/StopWatch$TaskInfo
instanceKlass org/springframework/util/ConcurrentReferenceHashMap$EntryIterator
instanceKlass java/util/AbstractMap$1$1
instanceKlass org/springframework/beans/CachedIntrospectionResults$$Lambda$1404
instanceKlass org/springframework/beans/CachedIntrospectionResults$$Lambda$1403
instanceKlass org/springframework/beans/CachedIntrospectionResults$$Lambda$1402
instanceKlass org/springframework/context/support/LiveBeansView
instanceKlass org/springframework/context/support/LiveBeansViewMBean
instanceKlass org/springframework/boot/autoconfigure/logging/ConditionEvaluationReportMessage$$Lambda$1401
instanceKlass org/springframework/boot/autoconfigure/logging/ConditionEvaluationReportMessage$$Lambda$1400
instanceKlass org/springframework/boot/autoconfigure/logging/ConditionEvaluationReportMessage$$Lambda$1399
instanceKlass org/springframework/boot/autoconfigure/logging/ConditionEvaluationReportMessage$$Lambda$1398
instanceKlass org/springframework/boot/autoconfigure/logging/ConditionEvaluationReportMessage$$Lambda$1397
instanceKlass org/springframework/boot/autoconfigure/logging/ConditionEvaluationReportMessage
instanceKlass org/springframework/boot/autoconfigure/condition/ConditionEvaluationReport$$Lambda$1396
instanceKlass org/springframework/boot/autoconfigure/condition/ConditionEvaluationReport$$Lambda$1395
instanceKlass org/apache/camel/ExtendedStartupListener
instanceKlass ai/pelican/camel/js/processor/ExecuteCamelRoute
instanceKlass org/apache/camel/util/TimeUtils
instanceKlass org/apache/camel/component/netty/http/DefaultContextPathMatcher
instanceKlass org/apache/camel/component/netty/http/ContextPathMatcher
instanceKlass org/jboss/netty/channel/ChannelFutureProgressListener
instanceKlass org/jboss/netty/bootstrap/ServerBootstrap$1
instanceKlass org/jboss/netty/bootstrap/ServerBootstrap$Binder$1
instanceKlass org/jboss/netty/channel/socket/nio/NioServerBoss$RegisterTask
instanceKlass org/jboss/netty/channel/socket/nio/NioServerSocketPipelineSink$1
instanceKlass org/jboss/netty/channel/DownstreamChannelStateEvent
instanceKlass sun/nio/ch/ServerSocketChannelImpl$DefaultOptionsHolder
instanceKlass org/jboss/netty/util/internal/ConversionUtil
instanceKlass org/jboss/netty/channel/SimpleChannelUpstreamHandler$1
instanceKlass org/jboss/netty/channel/ChildChannelStateEvent
instanceKlass org/jboss/netty/channel/WriteCompletionEvent
instanceKlass org/jboss/netty/channel/UpstreamChannelStateEvent
instanceKlass org/jboss/netty/channel/ChannelStateEvent
instanceKlass org/jboss/netty/buffer/AbstractChannelBufferFactory
instanceKlass org/jboss/netty/buffer/ChannelBufferFactory
instanceKlass org/jboss/netty/channel/DefaultServerChannelConfig
instanceKlass org/jboss/netty/channel/CompleteChannelFuture
instanceKlass org/jboss/netty/channel/socket/ServerSocketChannelConfig
instanceKlass org/jboss/netty/channel/ChannelConfig
instanceKlass org/jboss/netty/channel/DefaultChannelPipeline$DefaultChannelHandlerContext
instanceKlass org/jboss/netty/channel/DefaultChannelFuture
instanceKlass org/jboss/netty/channel/Channels$1
instanceKlass org/jboss/netty/channel/DefaultChannelPipeline$DiscardingChannelSink
instanceKlass org/jboss/netty/channel/DefaultChannelPipeline
instanceKlass org/jboss/netty/channel/ChannelPipeline
instanceKlass org/jboss/netty/channel/Channels
instanceKlass org/jboss/netty/bootstrap/Bootstrap
instanceKlass org/jboss/netty/channel/ChannelFuture
instanceKlass org/jboss/netty/channel/AbstractChannelSink
instanceKlass org/jboss/netty/channel/socket/ServerSocketChannel
instanceKlass org/jboss/netty/channel/ServerChannel
instanceKlass org/jboss/netty/channel/socket/nio/NioServerSocketChannelFactory
instanceKlass org/jboss/netty/channel/socket/ServerSocketChannelFactory
instanceKlass org/jboss/netty/channel/ServerChannelFactory
instanceKlass org/jboss/netty/channel/socket/nio/SocketReceiveBufferAllocator
instanceKlass org/jboss/netty/channel/socket/nio/SocketSendBufferPool$Preallocation
instanceKlass org/jboss/netty/channel/socket/nio/SocketSendBufferPool$EmptySendBuffer
instanceKlass org/jboss/netty/channel/socket/nio/SocketSendBufferPool$SendBuffer
instanceKlass org/jboss/netty/channel/socket/nio/SocketSendBufferPool
instanceKlass org/jboss/netty/channel/socket/SocketChannel
instanceKlass org/jboss/netty/channel/AbstractChannel
instanceKlass org/jboss/netty/channel/socket/Worker
instanceKlass org/jboss/netty/channel/socket/nio/AbstractNioWorkerPool
instanceKlass org/apache/camel/component/netty/NettyHelper
instanceKlass org/apache/camel/component/netty/NettyWorkerPoolBuilder
instanceKlass org/jboss/netty/util/internal/DeadLockProofWorker$1
instanceKlass org/jboss/netty/util/internal/DeadLockProofWorker
instanceKlass org/jboss/netty/channel/socket/nio/SelectorUtil
instanceKlass org/jboss/netty/channel/ChannelSink
instanceKlass org/jboss/netty/channel/Channel
instanceKlass org/jboss/netty/channel/socket/nio/AbstractNioSelector
instanceKlass org/apache/camel/component/netty/CamelNettyThreadNameDeterminer
instanceKlass org/jboss/netty/channel/socket/nio/Boss
instanceKlass org/jboss/netty/channel/socket/nio/NioSelector
instanceKlass org/jboss/netty/channel/socket/nio/AbstractNioBossPool
instanceKlass org/apache/camel/component/netty/NettyServerBossPoolBuilder
instanceKlass org/jboss/netty/util/internal/DetectionUtil$1
instanceKlass org/jboss/netty/util/internal/SystemPropertyUtil
instanceKlass org/jboss/netty/util/internal/DetectionUtil
instanceKlass org/apache/camel/impl/DefaultRestRegistry$RestServiceEntry
instanceKlass org/apache/camel/spi/RestRegistry$RestService
instanceKlass org/jboss/netty/channel/group/DefaultChannelGroup$1
instanceKlass org/jboss/netty/channel/ChannelFutureListener
instanceKlass org/jboss/netty/channel/group/ChannelGroupFuture
instanceKlass org/jboss/netty/channel/ChannelFactory
instanceKlass org/jboss/netty/util/ExternalResourceReleasable
instanceKlass org/apache/camel/component/netty/NettyConsumerExceptionHandler
instanceKlass org/jboss/netty/channel/MessageEvent
instanceKlass org/jboss/netty/channel/ChannelEvent
instanceKlass org/jboss/netty/channel/ChannelHandlerContext
instanceKlass org/apache/camel/component/netty/http/SecurityAuthenticator
instanceKlass org/jboss/netty/channel/group/ChannelGroup
instanceKlass org/jboss/netty/channel/socket/nio/BossPool
instanceKlass org/jboss/netty/channel/socket/nio/WorkerPool
instanceKlass org/jboss/netty/channel/socket/nio/NioSelectorPool
instanceKlass org/jboss/netty/channel/SimpleChannelUpstreamHandler
instanceKlass org/jboss/netty/channel/ChannelUpstreamHandler
instanceKlass org/jboss/netty/channel/LifeCycleAwareChannelHandler
instanceKlass org/jboss/netty/channel/ChannelDownstreamHandler
instanceKlass org/apache/camel/component/netty/http/NettySharedHttpServer
instanceKlass org/jboss/netty/handler/execution/MemoryAwareThreadPoolExecutor$Limiter
instanceKlass org/jboss/netty/handler/execution/MemoryAwareThreadPoolExecutor$Settings
instanceKlass org/jboss/netty/util/internal/ConcurrentIdentityHashMap$HashEntry
instanceKlass org/jboss/netty/handler/execution/MemoryAwareThreadPoolExecutor$NewThreadRunsPolicy
instanceKlass org/jboss/netty/util/internal/ConcurrentIdentityWeakKeyHashMap$HashEntry
instanceKlass org/jboss/netty/util/DefaultObjectSizeEstimator
instanceKlass org/jboss/netty/util/ObjectSizeEstimator
instanceKlass org/jboss/netty/util/ThreadNameDeterminer$2
instanceKlass org/jboss/netty/util/ThreadNameDeterminer$1
instanceKlass org/jboss/netty/util/ThreadNameDeterminer
instanceKlass org/jboss/netty/util/ThreadRenamingRunnable
instanceKlass org/jboss/netty/util/HashedWheelTimer$HashedWheelBucket
instanceKlass org/jboss/netty/util/HashedWheelTimer$Worker
instanceKlass org/jboss/netty/util/internal/SharedResourceMisuseDetector
instanceKlass org/jboss/netty/logging/AbstractInternalLogger
instanceKlass org/jboss/netty/logging/InternalLogger
instanceKlass org/jboss/netty/logging/InternalLoggerFactory
instanceKlass org/jboss/netty/util/Timeout
instanceKlass org/jboss/netty/util/HashedWheelTimer
instanceKlass org/apache/camel/component/netty/http/DefaultNettyHttpBinding
instanceKlass org/jboss/netty/channel/ChannelHandler
instanceKlass org/apache/camel/component/netty/ClientPipelineFactory
instanceKlass org/apache/camel/component/netty/ServerPipelineFactory
instanceKlass org/apache/camel/component/netty/http/NettyHttpSecurityConfiguration
instanceKlass org/apache/camel/component/netty/NettyServerBootstrapFactory
instanceKlass org/apache/camel/component/netty/http/HttpServerConsumerChannelFactory
instanceKlass org/jboss/netty/channel/ChannelPipelineFactory
instanceKlass org/apache/camel/component/netty/NettyServerBootstrapConfiguration
instanceKlass org/apache/camel/component/netty/http/NettyHttpBinding
instanceKlass org/jboss/netty/util/Timer
instanceKlass org/apache/camel/spi/RestApiConsumerFactory
instanceKlass org/apache/camel/spi/RestConsumerFactory
instanceKlass org/apache/camel/component/bean/BeanInvocation
instanceKlass org/jboss/netty/handler/codec/http/HttpRequest
instanceKlass org/apache/camel/converter/NIOConverterOptimised
instanceKlass org/apache/camel/converter/IOConverterOptimised
instanceKlass org/apache/camel/com/github/benmanes/caffeine/cache/BoundedLocalCache$ValueIterator
instanceKlass org/apache/camel/Experimental
instanceKlass org/apache/camel/management/CompositePerformanceCounter
instanceKlass org/apache/camel/util/concurrent/SizedScheduledExecutorService
instanceKlass org/apache/camel/util/concurrent/CamelThreadFactory
instanceKlass org/apache/camel/ServicePoolAware
instanceKlass org/apache/logging/log4j/core/impl/ThrowableProxy
instanceKlass org/apache/camel/impl/InterceptSendToEndpoint
instanceKlass org/apache/camel/processor/SharedCamelInternalProcessor
instanceKlass org/apache/camel/ProducerCallback
instanceKlass org/apache/camel/spi/EndpointUtilizationStatistics
instanceKlass org/apache/camel/support/LoggingExceptionHandler
instanceKlass org/apache/camel/impl/RouteService$MDCHelper
instanceKlass org/apache/camel/impl/HeadersMapFactoryResolver
instanceKlass org/apache/camel/impl/DefaultStreamCachingStrategy$FixedThresholdSpoolRule
instanceKlass org/apache/camel/spi/StreamCachingStrategy$SpoolRule
instanceKlass java/util/UUID$Holder
instanceKlass org/apache/camel/api/management/mbean/ManagedStreamCachingStrategyMBean
instanceKlass org/apache/camel/impl/DefaultDataFormatResolver
instanceKlass org/apache/camel/component/rest/RestComponent$$Lambda$1394
instanceKlass org/apache/camel/component/rest/RestComponent$$Lambda$1393
instanceKlass org/apache/camel/component/rest/RestComponent$$Lambda$1392
instanceKlass org/apache/camel/component/rest/RestComponent$$Lambda$1391
instanceKlass org/apache/camel/component/rest/RestComponent$$Lambda$1390
instanceKlass org/apache/camel/component/rest/RestComponent$$Lambda$1389
instanceKlass org/apache/camel/component/rest/RestComponent$$Lambda$1388
instanceKlass org/apache/camel/component/rest/RestComponent$$Lambda$1387
instanceKlass org/apache/camel/component/rest/RestComponent$$Lambda$1386
instanceKlass org/apache/camel/component/rest/RestComponent$$Lambda$1385
instanceKlass org/apache/camel/component/rest/RestComponent$$Lambda$1384
instanceKlass org/apache/camel/component/rest/RestComponent$$Lambda$1383
instanceKlass org/apache/camel/component/rest/RestComponent$$Lambda$1382
instanceKlass org/apache/camel/component/rest/RestComponent$$Lambda$1381
instanceKlass org/apache/camel/component/rest/RestComponent$$Lambda$1380
instanceKlass org/apache/camel/component/rest/RestComponent$$Lambda$1379
instanceKlass org/apache/camel/component/rest/RestComponent$$Lambda$1378
instanceKlass org/apache/camel/component/rest/RestComponent$$Lambda$1377
instanceKlass org/apache/camel/util/function/Suppliers$$Lambda$1376
instanceKlass org/apache/camel/component/rest/RestComponent$$Lambda$1375
instanceKlass org/apache/camel/component/extension/ComponentVerifierExtension$VerificationError$Code
instanceKlass org/apache/camel/component/extension/verifier/DefaultComponentVerifierExtension
instanceKlass org/apache/camel/ComponentAware
instanceKlass org/apache/coyote/AbstractProtocol$$Lambda$1374
instanceKlass sun/reflect/misc/ConstructorUtil
instanceKlass java/lang/invoke/LambdaForm$MH
instanceKlass java/lang/invoke/LambdaForm$DMH
instanceKlass java/lang/invoke/LambdaForm$DMH
instanceKlass org/apache/camel/com/github/benmanes/caffeine/cache/BoundedLocalCache$$Lambda$1373
instanceKlass java/lang/invoke/LambdaForm$DMH
instanceKlass org/apache/camel/com/github/benmanes/caffeine/cache/BoundedLocalCache$UpdateTask
instanceKlass org/apache/camel/com/github/benmanes/caffeine/cache/BoundedLocalCache$$Lambda$1372
instanceKlass sun/security/ssl/SecureKey
instanceKlass org/apache/camel/util/OgnlHelper
instanceKlass org/apache/camel/model/cloud/ServiceCallDefinition$$Lambda$1371
instanceKlass org/apache/camel/model/cloud/ServiceCallDefinition$$Lambda$1370
instanceKlass org/apache/camel/model/cloud/ServiceCallDefinition$$Lambda$1369
instanceKlass org/apache/camel/model/cloud/ServiceCallDefinition$$Lambda$1368
instanceKlass org/apache/camel/model/cloud/ServiceCallDefinition$$Lambda$1367
instanceKlass org/apache/camel/model/cloud/ServiceCallDefinition$$Lambda$1366
instanceKlass org/apache/camel/model/cloud/ServiceCallDefinition$$Lambda$1365
instanceKlass org/apache/camel/model/cloud/ServiceCallDefinition$$Lambda$1364
instanceKlass org/apache/camel/model/cloud/ServiceCallDefinition$$Lambda$1363
instanceKlass org/apache/camel/model/cloud/ServiceCallDefinition$$Lambda$1362
instanceKlass org/apache/camel/model/cloud/ServiceCallDefinition$$Lambda$1361
instanceKlass org/apache/camel/model/cloud/ServiceCallDefinition$$Lambda$1360
instanceKlass org/apache/camel/model/cloud/ServiceCallDefinition$$Lambda$1359
instanceKlass org/apache/camel/model/cloud/ServiceCallDefinition$$Lambda$1358
instanceKlass org/apache/camel/model/cloud/ServiceCallDefinition$$Lambda$1357
instanceKlass org/apache/camel/model/cloud/ServiceCallDefinition$$Lambda$1356
instanceKlass org/apache/camel/util/function/ThrowingFunction
instanceKlass org/apache/camel/cloud/ServiceFilterAware
instanceKlass org/apache/camel/cloud/ServiceChooserAware
instanceKlass org/apache/camel/cloud/ServiceDiscoveryAware
instanceKlass org/apache/camel/model/cloud/ServiceCallDefinition$$Lambda$1355
instanceKlass org/apache/camel/model/cloud/ServiceCallDefinition$$Lambda$1354
instanceKlass org/apache/camel/model/cloud/ServiceCallDefinition$$Lambda$1353
instanceKlass org/apache/camel/model/cloud/ServiceCallDefinition$$Lambda$1352
instanceKlass org/apache/camel/model/cloud/ServiceCallDefinition$$Lambda$1351
instanceKlass org/apache/camel/model/cloud/ServiceCallDefinition$$Lambda$1350
instanceKlass org/apache/camel/model/cloud/ServiceCallDefinition$$Lambda$1349
instanceKlass org/apache/camel/model/cloud/ServiceCallDefinition$$Lambda$1348
instanceKlass org/apache/camel/model/cloud/ServiceCallDefinition$$Lambda$1347
instanceKlass org/apache/camel/model/cloud/ServiceCallDefinition$$Lambda$1346
instanceKlass org/apache/camel/model/cloud/ServiceCallDefinition$$Lambda$1345
instanceKlass org/apache/camel/model/cloud/ServiceCallDefinition$$Lambda$1344
instanceKlass org/apache/camel/model/cloud/ServiceCallDefinition$$Lambda$1343
instanceKlass org/apache/camel/impl/cloud/RoundRobinServiceChooser
instanceKlass org/apache/camel/model/cloud/ServiceCallDefinition$$Lambda$1342
instanceKlass org/apache/camel/model/cloud/ServiceCallDefinition$$Lambda$1341
instanceKlass org/apache/camel/model/cloud/ServiceCallDefinition$$Lambda$1340
instanceKlass org/apache/camel/model/cloud/ServiceCallDefinition$$Lambda$1339
instanceKlass org/apache/camel/model/cloud/ServiceCallDefinition$$Lambda$1338
instanceKlass org/apache/camel/model/cloud/ServiceCallDefinition$$Lambda$1337
instanceKlass org/apache/camel/model/cloud/ServiceCallDefinition$$Lambda$1336
instanceKlass org/apache/camel/model/cloud/ServiceCallDefinition$$Lambda$1335
instanceKlass org/apache/camel/model/cloud/ServiceCallDefinition$$Lambda$1334
instanceKlass org/apache/camel/model/cloud/ServiceCallDefinition$$Lambda$1333
instanceKlass org/apache/camel/model/cloud/ServiceCallDefinition$$Lambda$1332
instanceKlass org/apache/camel/model/cloud/ServiceCallDefinition$$Lambda$1331
instanceKlass org/apache/camel/model/cloud/ServiceCallDefinition$$Lambda$1330
instanceKlass org/apache/camel/impl/cloud/CombinedServiceFilter
instanceKlass org/apache/camel/impl/cloud/HealthyServiceFilter
instanceKlass org/apache/camel/impl/cloud/BlacklistServiceFilter
instanceKlass org/apache/camel/model/cloud/ServiceCallDefinition$$Lambda$1329
instanceKlass org/apache/camel/model/cloud/ServiceCallDefinition$$Lambda$1328
instanceKlass org/apache/camel/model/cloud/ServiceCallDefinition$$Lambda$1327
instanceKlass org/apache/camel/model/cloud/ServiceCallDefinition$$Lambda$1326
instanceKlass org/apache/camel/model/cloud/ServiceCallDefinition$$Lambda$1325
instanceKlass org/apache/camel/model/cloud/ServiceCallDefinition$$Lambda$1324
instanceKlass org/apache/camel/model/cloud/ServiceCallDefinition$$Lambda$1323
instanceKlass org/apache/camel/model/cloud/ServiceCallDefinition$$Lambda$1322
instanceKlass org/apache/camel/model/cloud/ServiceCallDefinition$$Lambda$1321
instanceKlass org/apache/camel/model/cloud/ServiceCallDefinition$$Lambda$1320
instanceKlass org/apache/camel/model/cloud/ServiceCallDefinition$$Lambda$1319
instanceKlass org/apache/camel/model/cloud/ServiceCallDefinition$$Lambda$1318
instanceKlass org/apache/camel/model/cloud/ServiceCallDefinition$$Lambda$1317
instanceKlass org/apache/camel/impl/cloud/DefaultServiceDefinition$$Lambda$1316
instanceKlass org/apache/camel/impl/cloud/StaticServiceDiscovery$$Lambda$1315
instanceKlass org/apache/camel/impl/cloud/DefaultServiceDefinition$$Lambda$1314
instanceKlass org/apache/camel/impl/cloud/DefaultServiceDefinition$$Lambda$1313
instanceKlass org/apache/camel/util/CollectionHelper
instanceKlass org/apache/camel/impl/cloud/DefaultServiceHealth
instanceKlass org/apache/camel/cloud/ServiceHealth
instanceKlass org/apache/camel/impl/cloud/DefaultServiceDefinition
instanceKlass org/apache/camel/impl/cloud/StaticServiceDiscovery$$Lambda$1312
instanceKlass org/apache/camel/model/cloud/ServiceCallServiceDiscoveryConfiguration$$Lambda$1311
instanceKlass org/apache/camel/impl/cloud/StaticServiceDiscoveryFactory
instanceKlass org/apache/camel/cloud/ServiceDefinition
instanceKlass org/apache/camel/model/cloud/ServiceCallDefinition$$Lambda$1310
instanceKlass org/apache/camel/model/cloud/ServiceCallDefinition$$Lambda$1309
instanceKlass org/apache/camel/model/cloud/ServiceCallDefinition$$Lambda$1308
instanceKlass org/apache/camel/model/cloud/ServiceCallDefinition$$Lambda$1307
instanceKlass org/apache/camel/util/function/Suppliers
instanceKlass org/apache/camel/model/cloud/ServiceCallDefinition$$Lambda$1306
instanceKlass org/apache/camel/model/cloud/ServiceCallDefinition$$Lambda$1305
instanceKlass org/apache/camel/model/cloud/ServiceCallDefinition$$Lambda$1304
instanceKlass org/apache/camel/model/cloud/ServiceCallDefinition$$Lambda$1303
instanceKlass org/apache/camel/model/cloud/ServiceCallDefinition$$Lambda$1302
instanceKlass org/apache/camel/model/cloud/ServiceCallDefinition$$Lambda$1301
instanceKlass org/apache/camel/util/function/ThrowingSupplier
instanceKlass org/apache/camel/processor/CamelInternalProcessor$RoutePolicyAdvice
instanceKlass org/apache/camel/processor/CamelInternalProcessor$RouteLifecycleAdvice
instanceKlass org/apache/camel/processor/CamelInternalProcessor$InstrumentationAdvice
instanceKlass org/apache/camel/processor/CamelInternalProcessor$RouteInflightRepositoryAdvice
instanceKlass org/apache/camel/processor/CamelInternalProcessor$UnitOfWorkProcessorAdvice
instanceKlass org/apache/camel/processor/exceptionpolicy/ExceptionPolicyKey
instanceKlass org/apache/camel/processor/exceptionpolicy/DefaultExceptionPolicyStrategy
instanceKlass org/apache/camel/ExchangeProperties
instanceKlass org/apache/camel/Properties
instanceKlass org/apache/camel/ExchangeProperty
instanceKlass org/apache/camel/Property
instanceKlass org/apache/camel/Attachments
instanceKlass org/apache/camel/AttachmentObjects
instanceKlass org/apache/camel/Header
instanceKlass org/apache/camel/Body
instanceKlass org/apache/camel/processor/ProcessorExchangePair
instanceKlass java/util/concurrent/CompletionService
instanceKlass org/apache/camel/AsyncProducerCallback
instanceKlass org/apache/camel/language/simple/ast/BlockEnd
instanceKlass org/apache/camel/language/simple/ast/BlockStart
instanceKlass org/apache/camel/language/simple/ast/Block
instanceKlass org/apache/camel/language/simple/BaseSimpleParser
instanceKlass org/apache/camel/language/simple/ast/BaseSimpleNode
instanceKlass org/apache/camel/language/simple/ast/LiteralNode
instanceKlass org/apache/camel/language/simple/ast/SimpleNode
instanceKlass org/apache/camel/language/simple/types/SimpleToken
instanceKlass org/apache/camel/language/simple/types/SimpleTokenType
instanceKlass org/apache/camel/language/simple/SimpleTokenizer
instanceKlass org/apache/camel/language/simple/SimpleBackwardsCompatibleParser
instanceKlass org/apache/camel/component/bean/AbstractBeanProcessor
instanceKlass org/apache/camel/component/bean/ConstantBeanHolder
instanceKlass org/apache/camel/RecipientList
instanceKlass org/apache/camel/DynamicRouter
instanceKlass org/apache/camel/RoutingSlip
instanceKlass org/apache/camel/Pattern
instanceKlass org/apache/camel/component/bean/MethodInfo$ParameterExpression
instanceKlass org/apache/camel/component/bean/MethodInvocation
instanceKlass org/apache/camel/component/bean/MethodInfo
instanceKlass org/apache/camel/component/bean/ParameterInfo
instanceKlass org/apache/camel/Handler
instanceKlass org/apache/camel/component/bean/MethodsFilter
instanceKlass org/apache/camel/component/bean/DefaultParameterMappingStrategy
instanceKlass org/apache/camel/component/bean/ParameterMappingStrategy
instanceKlass org/apache/camel/component/bean/RegistryBean
instanceKlass org/apache/camel/processor/CamelInternalProcessor$StreamCachingAdvice
instanceKlass org/apache/camel/processor/CamelInternalProcessor$MessageHistoryAdvice
instanceKlass org/apache/camel/processor/CamelInternalProcessor$BacklogDebuggerAdvice
instanceKlass org/apache/camel/impl/DefaultDebugger
instanceKlass org/apache/camel/spi/Breakpoint
instanceKlass org/apache/camel/util/OrderedComparator
instanceKlass org/apache/camel/processor/CamelInternalProcessor$BacklogTracerAdvice
instanceKlass org/apache/camel/util/KeyValueHolder
instanceKlass org/apache/camel/util/AsyncProcessorConverterHelper
instanceKlass org/apache/camel/AsyncCallback
instanceKlass org/apache/camel/builder/SimpleBuilder
instanceKlass org/apache/camel/AfterPropertiesConfigured
instanceKlass org/apache/camel/util/ExpressionToPredicateAdapter
instanceKlass org/apache/camel/support/ExpressionSupport
instanceKlass org/apache/camel/builder/ExpressionBuilder$KeyedOgnlExpressionAdapter$KeyedEntityRetrievalStrategy
instanceKlass org/apache/camel/builder/ExpressionBuilder
instanceKlass org/apache/camel/util/ResourceHelper
instanceKlass org/springframework/context/annotation/ScopedProxyCreator
instanceKlass org/apache/camel/management/InstrumentationInterceptStrategy
instanceKlass org/apache/camel/management/DelegatePerformanceCounter
instanceKlass org/apache/camel/spi/ExceptionHandler
instanceKlass org/apache/camel/PollingConsumer
instanceKlass org/apache/camel/util/EndpointHelper
instanceKlass org/apache/camel/spring/boot/util/CamelPropertiesHelper
instanceKlass org/apache/camel/impl/DefaultComponentResolver
instanceKlass org/apache/camel/impl/DefaultRouteContext
instanceKlass java/net/URLDecoder
instanceKlass org/apache/camel/util/UnsafeUriCharactersEncoder
instanceKlass org/apache/camel/model/RouteDefinitionHelper$2
instanceKlass org/apache/camel/api/management/mbean/ManagedValidatorRegistryMBean
instanceKlass org/apache/camel/com/github/benmanes/caffeine/cache/BoundedLocalCache$EntryIterator
instanceKlass org/apache/camel/util/CompoundIterator
instanceKlass org/apache/camel/api/management/mbean/ManagedTransformerRegistryMBean
instanceKlass org/apache/camel/api/management/mbean/ManagedRuntimeCamelCatalogMBean
instanceKlass org/apache/camel/support/LifecycleStrategySupport
instanceKlass org/apache/camel/api/management/mbean/ManagedRestRegistryMBean
instanceKlass org/apache/camel/api/management/mbean/ManagedAsyncProcessorAwaitManagerMBean
instanceKlass org/apache/camel/api/management/mbean/ManagedInflightRepositoryMBean
instanceKlass org/apache/camel/api/management/mbean/ManagedEndpointRegistryMBean
instanceKlass org/apache/camel/util/ResolverHelper$LookupExceptionHandler
instanceKlass org/apache/camel/util/ResolverHelper
instanceKlass org/apache/camel/impl/DefaultLanguageResolver
instanceKlass org/apache/camel/util/EventHelper
instanceKlass org/apache/camel/api/management/JmxNotificationBroadcasterAware
instanceKlass org/apache/camel/management/mbean/ManagedClusterService
instanceKlass org/apache/camel/api/management/mbean/ManagedClusterServiceMBean
instanceKlass org/apache/camel/management/mbean/ManagedThreadPool
instanceKlass org/apache/camel/api/management/mbean/ManagedThreadPoolMBean
instanceKlass org/apache/camel/management/mbean/ManagedEventNotifierMBean
instanceKlass org/apache/camel/management/mbean/ManagedBacklogDebugger
instanceKlass org/apache/camel/api/management/mbean/ManagedBacklogDebuggerMBean
instanceKlass org/apache/camel/management/mbean/ManagedBacklogTracer
instanceKlass org/apache/camel/api/management/mbean/ManagedBacklogTracerMBean
instanceKlass org/apache/camel/management/mbean/ManagedTracer
instanceKlass org/apache/camel/api/management/mbean/ManagedTracerMBean
instanceKlass org/apache/camel/api/management/mbean/ManagedProducerMBean
instanceKlass org/apache/camel/management/mbean/ManagedErrorHandler
instanceKlass org/apache/camel/api/management/mbean/ManagedErrorHandlerMBean
instanceKlass org/apache/camel/management/mbean/ManagedEndpoint
instanceKlass org/apache/camel/api/management/mbean/ManagedEndpointMBean
instanceKlass org/apache/camel/management/mbean/ManagedDataFormat
instanceKlass org/apache/camel/api/management/mbean/ManagedDataFormatMBean
instanceKlass org/apache/camel/api/management/mbean/ManagedTypeConverterRegistryMBean
instanceKlass org/apache/camel/management/mbean/ManagedRouteController
instanceKlass org/apache/camel/api/management/mbean/ManagedRouteControllerMBean
instanceKlass org/apache/camel/management/mbean/ManagedCamelHealth
instanceKlass org/apache/camel/api/management/mbean/ManagedCamelHealthMBean
instanceKlass org/apache/camel/management/mbean/ManagedComponent
instanceKlass org/apache/camel/api/management/mbean/ManagedComponentMBean
instanceKlass org/apache/camel/spi/ManagementAware
instanceKlass org/apache/camel/api/management/NotificationSenderAware
instanceKlass org/apache/camel/api/management/ManagedNotifications
instanceKlass javax/management/modelmbean/DescriptorSupport
instanceKlass javax/management/DescriptorAccess
instanceKlass org/apache/camel/management/MBeanInfoAssembler$MBeanAttributesAndOperations
instanceKlass org/apache/camel/management/MBeanInfoAssembler$ManagedAttributeInfo
instanceKlass org/apache/camel/management/MBeanInfoAssembler$ManagedOperationInfo
instanceKlass org/apache/camel/api/management/ManagedOperation
instanceKlass org/apache/camel/api/management/ManagedAttribute
instanceKlass org/springframework/jmx/export/annotation/ManagedResource
instanceKlass org/apache/camel/api/management/ManagedResource
instanceKlass org/apache/camel/management/mbean/LoadTriplet
instanceKlass org/apache/camel/util/XmlLineNumberParser$XmlTextTransformer
instanceKlass org/apache/camel/management/mbean/Statistic
instanceKlass org/apache/camel/api/management/mbean/ManagedProcessMBean
instanceKlass org/apache/camel/api/management/mbean/ManagedCustomLoadBalancerMBean
instanceKlass org/apache/camel/api/management/mbean/ManagedPollEnricherMBean
instanceKlass org/apache/camel/api/management/mbean/ManagedEnricherMBean
instanceKlass org/apache/camel/api/management/mbean/ManagedAggregateProcessorMBean
instanceKlass org/apache/camel/api/management/mbean/ManagedIdempotentConsumerMBean
instanceKlass org/apache/camel/api/management/mbean/ManagedBeanMBean
instanceKlass org/apache/camel/api/management/mbean/ManagedSendProcessorMBean
instanceKlass org/apache/camel/api/management/mbean/ManagedThroughputLoggerMBean
instanceKlass org/apache/camel/api/management/mbean/ManagedSendDynamicProcessorMBean
instanceKlass org/apache/camel/api/management/mbean/ManagedWireTapMBean
instanceKlass org/apache/camel/api/management/mbean/ManagedValidateMBean
instanceKlass org/apache/camel/api/management/mbean/ManagedTransformMBean
instanceKlass org/apache/camel/api/management/mbean/ManagedThrowExceptionMBean
instanceKlass org/apache/camel/api/management/mbean/ManagedThreadsMBean
instanceKlass org/apache/camel/api/management/mbean/ManagedStopMBean
instanceKlass org/apache/camel/api/management/mbean/ManagedScriptMBean
instanceKlass org/apache/camel/api/management/mbean/ManagedSetExchangePatternMBean
instanceKlass org/apache/camel/api/management/mbean/ManagedSetPropertyMBean
instanceKlass org/apache/camel/api/management/mbean/ManagedRemovePropertiesMBean
instanceKlass org/apache/camel/api/management/mbean/ManagedRemovePropertyMBean
instanceKlass org/apache/camel/api/management/mbean/ManagedSetHeaderMBean
instanceKlass org/apache/camel/api/management/mbean/ManagedRemoveHeadersMBean
instanceKlass org/apache/camel/api/management/mbean/ManagedRemoveHeaderMBean
instanceKlass org/apache/camel/api/management/mbean/ManagedSetBodyMBean
instanceKlass org/apache/camel/api/management/mbean/ManagedRollbackMBean
instanceKlass org/apache/camel/api/management/mbean/ManagedResequencerMBean
instanceKlass org/apache/camel/api/management/mbean/ManagedSamplingThrottlerMBean
instanceKlass org/apache/camel/api/management/mbean/ManagedSplitterMBean
instanceKlass org/apache/camel/api/management/mbean/ManagedMulticastMBean
instanceKlass org/apache/camel/api/management/mbean/ManagedRecipientListMBean
instanceKlass org/apache/camel/api/management/mbean/ManagedWeightedBalancerMBean
instanceKlass org/apache/camel/api/management/mbean/ManagedTopicLoadBalancerMBean
instanceKlass org/apache/camel/api/management/mbean/ManagedStickyLoadBalancerMBean
instanceKlass org/apache/camel/api/management/mbean/ManagedRoundRobinLoadBalancerMBean
instanceKlass org/apache/camel/api/management/mbean/ManagedRandomLoadBalancerMBean
instanceKlass org/apache/camel/api/management/mbean/ManagedFailoverLoadBalancerMBean
instanceKlass org/apache/camel/api/management/mbean/ManagedCircuitBreakerLoadBalancerMBean
instanceKlass org/apache/camel/api/management/mbean/ManagedUnmarshalMBean
instanceKlass org/apache/camel/api/management/mbean/ManagedMarshalMBean
instanceKlass org/apache/camel/api/management/mbean/ManagedLoopMBean
instanceKlass org/apache/camel/api/management/mbean/ManagedLogMBean
instanceKlass org/apache/camel/api/management/mbean/ManagedFilterMBean
instanceKlass org/apache/camel/api/management/mbean/ManagedRoutingSlipMBean
instanceKlass org/apache/camel/api/management/mbean/ManagedDynamicRouterMBean
instanceKlass org/apache/camel/api/management/mbean/ManagedExtendedInformation
instanceKlass org/apache/camel/api/management/mbean/ManagedThrottlerMBean
instanceKlass org/apache/camel/api/management/mbean/ManagedDelayerMBean
instanceKlass org/apache/camel/api/management/mbean/ManagedClaimCheckMBean
instanceKlass org/apache/camel/api/management/mbean/ManagedChoiceMBean
instanceKlass org/apache/camel/api/management/mbean/ManagedConvertBodyMBean
instanceKlass org/apache/camel/api/management/mbean/ManagedSuspendableRouteMBean
instanceKlass org/apache/camel/management/mbean/ManagedCounter
instanceKlass org/apache/camel/TimerListener
instanceKlass org/apache/camel/api/management/mbean/ManagedSchedulePollConsumerMBean
instanceKlass org/apache/camel/management/mbean/ManagedService
instanceKlass org/apache/camel/api/management/ManagedInstance
instanceKlass org/apache/camel/api/management/mbean/ManagedConsumerMBean
instanceKlass org/apache/camel/api/management/mbean/ManagedServiceMBean
instanceKlass org/apache/camel/management/DefaultManagementObjectStrategy
instanceKlass org/apache/camel/management/DefaultManagementNamingStrategy
instanceKlass org/apache/camel/impl/DefaultCamelContext$4
instanceKlass org/apache/camel/spi/Container
instanceKlass org/apache/camel/spi/Container$Instance
instanceKlass org/apache/camel/impl/DefaultCamelContext$MDCHelper
instanceKlass org/apache/camel/impl/DefaultRouteError
instanceKlass org/apache/camel/spi/RouteError
instanceKlass org/apache/camel/com/github/benmanes/caffeine/cache/BBHeader$PadReadCounter
instanceKlass org/apache/camel/model/ProcessorDefinitionHelper$RestoreAction
instanceKlass org/apache/camel/model/RouteDefinitionHelper
instanceKlass java/net/URLEncoder
instanceKlass org/apache/camel/util/URISupport
instanceKlass org/apache/camel/util/IntrospectionSupport$MethodInfo
instanceKlass org/apache/camel/util/IntrospectionSupport$ClassInfo
instanceKlass org/apache/camel/com/github/benmanes/caffeine/cache/References$LookupKeyReference
instanceKlass org/apache/camel/util/IntrospectionSupport
instanceKlass org/apache/camel/model/RestContextRefDefinitionHelper
instanceKlass org/apache/camel/model/ProcessorDefinitionHelper
instanceKlass com/sun/org/apache/xerces/internal/parsers/AbstractSAXParser$LocatorProxy
instanceKlass com/sun/org/apache/xerces/internal/parsers/AbstractSAXParser$AttributesProxy
instanceKlass org/xml/sax/ext/Attributes2
instanceKlass org/xml/sax/AttributeList
instanceKlass org/xml/sax/Parser
instanceKlass javax/xml/parsers/SAXParser
instanceKlass com/sun/org/apache/xerces/internal/xs/PSVIProvider
instanceKlass com/sun/xml/bind/v2/util/XmlFactory$1
instanceKlass com/sun/xml/bind/v2/util/XmlFactory
instanceKlass com/sun/xml/bind/v2/runtime/reflect/Lister$CollectionLister$1
instanceKlass com/sun/xml/bind/marshaller/MinimumEscapeHandler
instanceKlass com/sun/xml/bind/v2/runtime/output/Encoded
instanceKlass com/sun/xml/bind/v2/runtime/output/NamespaceContextImpl$Element
instanceKlass com/sun/xml/bind/marshaller/NamespacePrefixMapper
instanceKlass com/sun/xml/bind/v2/runtime/output/NamespaceContextImpl
instanceKlass com/sun/xml/bind/CycleRecoverable$Context
instanceKlass com/sun/xml/bind/v2/runtime/NamespaceContext2
instanceKlass com/sun/xml/bind/marshaller/CharacterEscapeHandler
instanceKlass com/sun/xml/bind/v2/runtime/output/XmlOutputAbstractImpl
instanceKlass org/xml/sax/helpers/XMLFilterImpl
instanceKlass org/xml/sax/XMLFilter
instanceKlass javax/xml/bind/helpers/AbstractMarshallerImpl
instanceKlass org/apache/camel/model/RouteContextRefDefinitionHelper
instanceKlass org/apache/camel/spring/boot/RoutesCollector$1
instanceKlass org/apache/camel/spring/boot/CamelMainRunController$DaemonTask
instanceKlass org/apache/camel/spring/boot/CamelMainRunController
instanceKlass org/springframework/boot/web/embedded/tomcat/TomcatWebServer$$Lambda$1300
instanceKlass org/springframework/boot/web/embedded/tomcat/TomcatWebServer$$Lambda$1299
instanceKlass org/springframework/boot/web/embedded/tomcat/TomcatWebServer$$Lambda$1298
instanceKlass org/springframework/boot/web/embedded/tomcat/TomcatEmbeddedContext$$Lambda$1297
instanceKlass org/springframework/boot/web/embedded/tomcat/TomcatEmbeddedContext$$Lambda$1296
instanceKlass java/util/TreeMap$TreeMapSpliterator
instanceKlass org/springframework/boot/web/embedded/tomcat/TomcatEmbeddedContext$$Lambda$1295
instanceKlass org/apache/coyote/AbstractProtocol$$Lambda$1294
instanceKlass org/apache/tomcat/util/net/Acceptor
instanceKlass org/apache/tomcat/util/collections/SynchronizedQueue
instanceKlass org/apache/tomcat/util/net/NioEndpoint$Poller
instanceKlass org/apache/tomcat/util/threads/ThreadPoolExecutor$RejectPolicy
instanceKlass org/apache/tomcat/util/threads/ThreadPoolExecutor$RejectedExecutionHandler
instanceKlass org/springframework/context/support/DefaultLifecycleProcessor$$Lambda$1293
instanceKlass java/lang/invoke/LambdaForm$DMH
instanceKlass org/springframework/context/support/DefaultLifecycleProcessor$LifecycleGroupMember
instanceKlass java/lang/invoke/LambdaForm$MH
instanceKlass java/lang/invoke/LambdaForm$DMH
instanceKlass java/lang/invoke/LambdaForm$DMH
instanceKlass org/springframework/context/support/DefaultLifecycleProcessor$$Lambda$1292
instanceKlass java/lang/invoke/LambdaForm$DMH
instanceKlass java/lang/invoke/LambdaForm$MH
instanceKlass java/lang/invoke/LambdaForm$DMH
instanceKlass java/lang/invoke/LambdaForm$DMH
instanceKlass org/springframework/context/support/DefaultLifecycleProcessor$$Lambda$1291
instanceKlass java/lang/invoke/LambdaForm$DMH
instanceKlass javax/servlet/descriptor/JspConfigDescriptor
instanceKlass javax/xml/transform/URIResolver
instanceKlass org/apache/camel/component/xslt/XsltUriResolverFactory
instanceKlass org/apache/camel/component/validator/ValidatorResourceResolverFactory
instanceKlass org/apache/camel/component/seda/QueueReference
instanceKlass org/apache/camel/MultipleConsumersSupport
instanceKlass org/apache/camel/component/seda/BlockingQueueFactory
instanceKlass org/apache/camel/PollingConsumerPollingStrategy
instanceKlass org/apache/camel/http/common/HttpConfiguration
instanceKlass org/apache/camel/http/common/HttpBinding
instanceKlass org/apache/http/impl/client/HttpClientBuilder
instanceKlass org/apache/http/config/Registry
instanceKlass org/apache/http/config/Lookup
instanceKlass org/apache/camel/component/extension/ComponentVerifierExtension$Result
instanceKlass org/apache/camel/ComponentVerifier
instanceKlass org/apache/camel/component/extension/ComponentVerifierExtension
instanceKlass org/apache/http/client/CookieStore
instanceKlass org/apache/http/protocol/HttpContext
instanceKlass org/apache/http/conn/HttpClientConnectionManager
instanceKlass org/apache/camel/component/http4/HttpClientConfigurer
instanceKlass org/apache/camel/spi/BrowsableEndpoint
instanceKlass org/apache/camel/RouteAware
instanceKlass org/apache/camel/Consumer
instanceKlass org/apache/camel/AsyncEndpoint
instanceKlass org/apache/camel/component/bean/BeanInfo
instanceKlass org/apache/camel/component/bean/BeanInfoCacheKey
instanceKlass org/apache/camel/spi/Synchronization
instanceKlass org/springframework/context/event/EventListenerMethodProcessor$$Lambda$1290
instanceKlass org/springframework/context/event/EventListener
instanceKlass org/springframework/ws/WebServiceMessageFactory
instanceKlass org/springframework/ws/client/support/interceptor/ClientInterceptor
instanceKlass org/springframework/ws/client/core/FaultMessageResolver
instanceKlass org/springframework/ws/client/support/destination/DestinationProvider
instanceKlass org/springframework/boot/webservices/client/WebServiceTemplateBuilder$WebServiceMessageSenders
instanceKlass org/springframework/boot/webservices/client/WebServiceTemplateCustomizer
instanceKlass org/springframework/ws/soap/server/endpoint/SoapFaultDefinition
instanceKlass org/springframework/xml/transform/TraxUtils$ResultCallback
instanceKlass org/springframework/ws/stream/StreamingPayload
instanceKlass org/springframework/xml/transform/TraxUtils$SourceCallback
instanceKlass org/springframework/ws/soap/server/endpoint/adapter/method/SoapHeaderElementMethodArgumentResolver
instanceKlass org/springframework/ws/soap/server/endpoint/adapter/method/SoapMethodArgumentResolver
instanceKlass org/springframework/ws/server/endpoint/adapter/method/XPathParamMethodArgumentResolver
instanceKlass org/springframework/xml/XMLInputFactoryUtils
instanceKlass org/springframework/ws/server/endpoint/adapter/method/MessageContextMethodArgumentResolver
instanceKlass org/springframework/ws/server/endpoint/adapter/method/MethodReturnValueHandler
instanceKlass org/springframework/ws/server/endpoint/adapter/method/MethodArgumentResolver
instanceKlass org/springframework/core/annotation/AnnotationUtils$$Lambda$1289
instanceKlass org/springframework/ws/server/endpoint/annotation/PayloadRoot
instanceKlass org/springframework/xml/transform/TransformerFactoryUtils
instanceKlass org/springframework/web/multipart/MultipartHttpServletRequest
instanceKlass org/springframework/web/multipart/MultipartRequest
instanceKlass org/springframework/transaction/support/TransactionCallback
instanceKlass org/springframework/transaction/support/AbstractPlatformTransactionManager$SuspendedResourcesHolder
instanceKlass org/springframework/transaction/support/AbstractTransactionStatus
instanceKlass org/springframework/boot/autoconfigure/transaction/TransactionManagerCustomizers$$Lambda$1288
instanceKlass org/springframework/boot/convert/DurationUnit
instanceKlass org/springframework/boot/autoconfigure/jdbc/DataSourceTransactionManagerAutoConfiguration$JdbcTransactionManagerConfiguration$$Lambda$1287
instanceKlass org/springframework/jdbc/datasource/DelegatingDataSource
instanceKlass org/springframework/boot/task/TaskSchedulerBuilder$$Lambda$1286
instanceKlass org/springframework/boot/task/TaskSchedulerCustomizer
instanceKlass org/springframework/boot/autoconfigure/task/ScheduledBeanLazyInitializationExcludeFilter
instanceKlass org/springframework/scheduling/annotation/SchedulingConfigurer
instanceKlass org/springframework/jdbc/core/namedparam/NamedParameterJdbcTemplate$$Lambda$1285
instanceKlass org/springframework/jdbc/support/rowset/SqlRowSet
instanceKlass org/springframework/jdbc/core/ParameterizedPreparedStatementSetter
instanceKlass org/springframework/jdbc/core/RowCallbackHandler
instanceKlass org/springframework/jdbc/core/CallableStatementCallback
instanceKlass org/springframework/jdbc/support/KeyHolder
instanceKlass org/springframework/boot/sql/init/AbstractScriptDatabaseInitializer$ScriptLocationResolver$$Lambda$1284
instanceKlass org/springframework/boot/sql/init/AbstractScriptDatabaseInitializer$ScriptLocationResolver
instanceKlass org/springframework/boot/sql/init/DatabaseInitializationSettings
instanceKlass org/springframework/boot/autoconfigure/sql/init/SettingsCreator
instanceKlass org/springframework/boot/info/InfoProperties
instanceKlass org/springframework/context/support/DefaultLifecycleProcessor$LifecycleGroup
instanceKlass org/springframework/boot/jdbc/EmbeddedDatabaseConnection$$Lambda$1283
instanceKlass org/springframework/boot/jdbc/EmbeddedDatabaseConnection$$Lambda$1282
instanceKlass org/springframework/boot/jdbc/EmbeddedDatabaseConnection$$Lambda$1281
instanceKlass org/springframework/boot/jdbc/EmbeddedDatabaseConnection$$Lambda$1280
instanceKlass org/springframework/boot/jdbc/EmbeddedDatabaseConnection$$Lambda$1279
instanceKlass org/springframework/jdbc/core/ConnectionCallback
instanceKlass org/springframework/boot/autoconfigure/jdbc/metadata/DataSourcePoolMetadataProvidersConfiguration$HikariPoolDataSourceMetadataProviderConfiguration$$Lambda$1278
instanceKlass org/springframework/boot/autoconfigure/jdbc/metadata/DataSourcePoolMetadataProvidersConfiguration$CommonsDbcp2PoolDataSourceMetadataProviderConfiguration$$Lambda$1277
instanceKlass org/apache/camel/spring/boot/cloud/CamelCloudServiceFilterAutoConfiguration$$Lambda$1276
instanceKlass org/apache/camel/spring/boot/cloud/CamelCloudServiceDiscoveryAutoConfiguration$$Lambda$1275
instanceKlass org/apache/camel/spi/LanguageCustomizer
instanceKlass org/apache/camel/spring/boot/LanguageConfigurationPropertiesCommon$CustomizerProperties
instanceKlass org/apache/camel/impl/springboot/ZipDataFormatAutoConfiguration$1
instanceKlass org/apache/camel/impl/springboot/StringDataFormatAutoConfiguration$1
instanceKlass org/apache/camel/impl/springboot/SerializationDataFormatAutoConfiguration$1
instanceKlass org/apache/camel/impl/springboot/GzipDataFormatAutoConfiguration$1
instanceKlass org/apache/camel/spi/DataFormatCustomizer
instanceKlass org/apache/camel/spring/boot/DataFormatConfigurationPropertiesCommon$CustomizerProperties
instanceKlass org/apache/camel/spi/ComponentCustomizer
instanceKlass org/apache/camel/spring/boot/ComponentConfigurationPropertiesCommon$CustomizerProperties
instanceKlass org/apache/camel/component/extension/ComponentExtension
instanceKlass org/apache/camel/impl/DefaultCamelContext$2
instanceKlass org/apache/camel/main/MainSupport$Option
instanceKlass org/springframework/web/servlet/view/ContentNegotiatingViewResolver$1
instanceKlass org/springframework/web/servlet/view/AbstractCachingViewResolver$$Lambda$1274
instanceKlass org/springframework/web/servlet/view/AbstractCachingViewResolver$CacheFilter
instanceKlass java/lang/invoke/LambdaForm$DMH
instanceKlass org/springframework/web/servlet/view/AbstractCachingViewResolver$1
instanceKlass org/springframework/web/servlet/SmartView
instanceKlass org/springframework/web/servlet/view/DefaultRequestToViewNameTranslator
instanceKlass org/springframework/web/servlet/view/ViewResolverComposite
instanceKlass org/springframework/web/servlet/config/annotation/UrlBasedViewResolverRegistration
instanceKlass org/springframework/web/servlet/handler/HandlerExceptionResolverComposite
instanceKlass org/springframework/web/util/UriComponentsBuilder
instanceKlass org/springframework/web/util/UriBuilder
instanceKlass org/springframework/web/servlet/function/ServerResponse
instanceKlass org/springframework/web/servlet/function/ServerResponse$Context
instanceKlass org/springframework/web/servlet/handler/SimpleUrlHandlerMapping$$Lambda$1273
instanceKlass org/springframework/web/servlet/resource/ResourceHttpRequestHandler$$Lambda$1272
instanceKlass org/springframework/web/servlet/resource/DefaultResourceTransformerChain
instanceKlass org/springframework/web/servlet/resource/DefaultResourceResolverChain
instanceKlass org/springframework/web/servlet/resource/AbstractResourceResolver
instanceKlass org/springframework/web/servlet/resource/ResourceResolver
instanceKlass org/springframework/web/servlet/resource/ResourceTransformerChain
instanceKlass org/springframework/web/HttpRequestHandler
instanceKlass org/springframework/boot/autoconfigure/web/servlet/WebMvcAutoConfiguration$WebMvcAutoConfigurationAdapter$$Lambda$1271
instanceKlass org/springframework/boot/autoconfigure/web/WebProperties$Resources$Cache$Cachecontrol$$Lambda$1270
instanceKlass org/springframework/boot/autoconfigure/web/WebProperties$Resources$Cache$Cachecontrol$$Lambda$1269
instanceKlass org/springframework/boot/autoconfigure/web/WebProperties$Resources$Cache$Cachecontrol$$Lambda$1268
instanceKlass org/springframework/boot/autoconfigure/web/WebProperties$Resources$Cache$Cachecontrol$$Lambda$1267
instanceKlass org/springframework/boot/autoconfigure/web/WebProperties$Resources$Cache$Cachecontrol$$Lambda$1266
instanceKlass org/springframework/boot/autoconfigure/web/WebProperties$Resources$Cache$Cachecontrol$$Lambda$1265
instanceKlass org/springframework/boot/autoconfigure/web/WebProperties$Resources$Cache$Cachecontrol$$Lambda$1264
instanceKlass org/springframework/boot/autoconfigure/web/WebProperties$Resources$Cache$Cachecontrol$$Lambda$1263
instanceKlass org/springframework/boot/autoconfigure/web/WebProperties$Resources$Cache$Cachecontrol$$Lambda$1262
instanceKlass org/springframework/boot/autoconfigure/web/WebProperties$Resources$Cache$Cachecontrol$$Lambda$1261
instanceKlass org/springframework/boot/autoconfigure/web/WebProperties$Resources$Cache$Cachecontrol$$Lambda$1260
instanceKlass org/springframework/boot/autoconfigure/web/WebProperties$Resources$Cache$Cachecontrol$$Lambda$1259
instanceKlass org/springframework/boot/autoconfigure/web/WebProperties$Resources$Cache$Cachecontrol$$Lambda$1258
instanceKlass org/springframework/boot/autoconfigure/web/WebProperties$Resources$Cache$Cachecontrol$$Lambda$1257
instanceKlass org/springframework/boot/autoconfigure/web/WebProperties$Resources$Cache$Cachecontrol$$Lambda$1256
instanceKlass org/springframework/boot/context/properties/PropertyMapper$Source$$Lambda$1255
instanceKlass org/springframework/boot/autoconfigure/web/WebProperties$Resources$Cache$Cachecontrol$$Lambda$1254
instanceKlass org/springframework/boot/autoconfigure/web/servlet/WebMvcAutoConfiguration$WebMvcAutoConfigurationAdapter$$Lambda$1253
instanceKlass org/springframework/web/servlet/function/support/RouterFunctionMapping$$Lambda$1252
instanceKlass java/util/stream/ReduceOps$2ReducingSink
instanceKlass org/springframework/web/servlet/function/support/RouterFunctionMapping$$Lambda$1251
instanceKlass org/springframework/web/servlet/function/RouterFunction
instanceKlass org/springframework/web/servlet/function/HandlerFunction
instanceKlass org/springframework/web/servlet/function/ServerRequest
instanceKlass org/springframework/web/servlet/support/AbstractFlashMapManager
instanceKlass org/springframework/web/servlet/theme/AbstractThemeResolver
instanceKlass org/springframework/web/servlet/i18n/AcceptHeaderLocaleResolver
instanceKlass org/springframework/http/server/RequestPath
instanceKlass java/util/stream/Collectors$$Lambda$1250
instanceKlass java/util/stream/Collectors$$Lambda$1249
instanceKlass java/util/stream/Collectors$$Lambda$1248
instanceKlass org/springframework/web/servlet/handler/AbstractHandlerMethodMapping$$Lambda$1247
instanceKlass org/springframework/web/servlet/handler/AbstractHandlerMethodMapping$$Lambda$1246
instanceKlass org/springframework/web/servlet/handler/AbstractHandlerMethodMapping$MappingRegistration
instanceKlass org/springframework/web/servlet/handler/AbstractHandlerMethodMapping$$Lambda$1245
instanceKlass org/springframework/util/MimeType$$Lambda$1244
instanceKlass org/springframework/web/servlet/handler/AbstractHandlerMethodMapping$$Lambda$1243
instanceKlass org/springframework/web/servlet/handler/AbstractHandlerMethodMapping$$Lambda$1242
instanceKlass org/springframework/web/servlet/handler/AbstractHandlerMethodMapping$$Lambda$1241
instanceKlass org/springframework/web/servlet/handler/AbstractHandlerMethodMapping$$Lambda$1240
instanceKlass org/springframework/web/servlet/mvc/method/RequestMappingInfo$DefaultBuilder
instanceKlass org/springframework/http/MediaType$$Lambda$1239
instanceKlass org/springframework/util/MimeTypeUtils$$Lambda$1238
instanceKlass org/springframework/util/MimeTypeUtils
instanceKlass org/springframework/web/servlet/mvc/condition/AbstractMediaTypeExpression
instanceKlass org/springframework/web/servlet/mvc/condition/MediaTypeExpression
instanceKlass java/util/Comparators$NullComparator
instanceKlass org/springframework/web/util/pattern/PathPattern$$Lambda$1237
instanceKlass org/springframework/web/util/pattern/PathPattern$$Lambda$1236
instanceKlass java/util/Comparator$$Lambda$1235
instanceKlass org/springframework/web/util/pattern/PathPattern$$Lambda$1234
instanceKlass org/springframework/web/util/pattern/PathPattern$$Lambda$1233
instanceKlass org/springframework/http/server/DefaultPathContainer$DefaultSeparator
instanceKlass org/springframework/http/server/PathContainer$Separator
instanceKlass org/springframework/http/server/PathContainer$PathSegment
instanceKlass org/springframework/http/server/PathContainer$Element
instanceKlass org/springframework/http/server/DefaultPathContainer
instanceKlass org/springframework/web/util/pattern/PathElement
instanceKlass org/springframework/web/util/pattern/InternalPathPatternParser
instanceKlass org/springframework/http/server/PathContainer$Options
instanceKlass org/springframework/web/servlet/mvc/method/RequestMappingInfo$Builder
instanceKlass org/springframework/core/MethodIntrospector$$Lambda$1232
instanceKlass org/springframework/core/MethodIntrospector
instanceKlass org/springframework/web/servlet/handler/AbstractHandlerMethodMapping$$Lambda$1231
instanceKlass org/springframework/core/MethodIntrospector$MetadataLookup
instanceKlass org/springframework/web/servlet/handler/MappedInterceptor
instanceKlass org/springframework/http/server/PathContainer
instanceKlass org/springframework/web/util/pattern/PathPattern
instanceKlass org/springframework/web/servlet/mvc/condition/AbstractRequestCondition
instanceKlass org/springframework/web/bind/annotation/CrossOrigin
instanceKlass org/springframework/web/servlet/mvc/method/RequestMappingInfo
instanceKlass org/springframework/web/servlet/mvc/condition/RequestCondition
instanceKlass org/springframework/web/servlet/handler/RequestMatchResult
instanceKlass org/springframework/web/servlet/config/annotation/InterceptorRegistry$$Lambda$1230
instanceKlass org/springframework/web/servlet/config/annotation/InterceptorRegistry$$Lambda$1229
instanceKlass org/springframework/web/servlet/resource/ResourceUrlProviderExposingInterceptor
instanceKlass org/springframework/web/servlet/config/annotation/InterceptorRegistration
instanceKlass org/springframework/web/servlet/handler/ConversionServiceExposingInterceptor
instanceKlass org/springframework/web/servlet/config/annotation/InterceptorRegistry$$Lambda$1228
instanceKlass org/springframework/web/servlet/mvc/method/RequestMappingInfo$BuilderConfiguration
instanceKlass org/springframework/web/servlet/mvc/method/RequestMappingInfoHandlerMethodMappingNamingStrategy
instanceKlass org/springframework/web/servlet/handler/AbstractHandlerMethodMapping$MappingRegistry
instanceKlass org/springframework/web/cors/DefaultCorsProcessor
instanceKlass org/springframework/web/servlet/mvc/method/RequestMappingInfoHandlerMapping$HttpOptionsHandler
instanceKlass org/springframework/web/cors/CorsConfiguration$OriginPattern
instanceKlass org/springframework/web/cors/CorsConfiguration
instanceKlass org/springframework/core/annotation/AnnotatedElementUtils$$Lambda$1227
instanceKlass org/springframework/web/bind/annotation/ResponseStatus
instanceKlass org/springframework/web/servlet/handler/AbstractHandlerMethodMapping$EmptyHandler
instanceKlass org/springframework/web/servlet/handler/HandlerMethodMappingNamingStrategy
instanceKlass org/springframework/web/cors/CorsProcessor
instanceKlass java/util/stream/ReduceOps$8ReducingSink
instanceKlass java/util/stream/Sink$OfLong
instanceKlass java/util/function/LongConsumer
instanceKlass java/util/stream/LongPipeline$$Lambda$1226
instanceKlass java/util/function/LongBinaryOperator
instanceKlass java/lang/invoke/LambdaForm$DMH
instanceKlass java/util/stream/LongStream
instanceKlass java/util/stream/ReferencePipeline$$Lambda$1225
instanceKlass org/springframework/boot/autoconfigure/web/servlet/WebMvcAutoConfiguration$WebMvcAutoConfigurationAdapter$$Lambda$1224
instanceKlass org/springframework/boot/autoconfigure/web/servlet/WebMvcAutoConfiguration$WebMvcAutoConfigurationAdapter$$Lambda$1223
instanceKlass org/springframework/boot/autoconfigure/web/servlet/WebMvcAutoConfiguration$WebMvcAutoConfigurationAdapter$$Lambda$1222
instanceKlass org/springframework/web/servlet/resource/ResourceResolverChain
instanceKlass org/springframework/web/servlet/mvc/method/annotation/ViewNameMethodReturnValueHandler
instanceKlass org/springframework/web/servlet/mvc/method/annotation/AsyncTaskMethodReturnValueHandler
instanceKlass org/springframework/util/concurrent/ListenableFutureCallback
instanceKlass org/springframework/util/concurrent/FailureCallback
instanceKlass org/springframework/util/concurrent/SuccessCallback
instanceKlass org/springframework/web/servlet/mvc/method/annotation/DeferredResultMethodReturnValueHandler
instanceKlass org/springframework/web/servlet/mvc/method/annotation/CallableMethodReturnValueHandler
instanceKlass org/springframework/web/servlet/mvc/method/annotation/HttpHeadersReturnValueHandler
instanceKlass org/springframework/web/servlet/mvc/method/annotation/StreamingResponseBodyReturnValueHandler
instanceKlass org/springframework/core/task/SyncTaskExecutor
instanceKlass org/springframework/web/servlet/mvc/method/annotation/ResponseBodyEmitter
instanceKlass org/springframework/web/servlet/mvc/method/annotation/ReactiveTypeHandler
instanceKlass org/springframework/web/servlet/mvc/method/annotation/ResponseBodyEmitter$Handler
instanceKlass org/springframework/web/servlet/mvc/method/annotation/ResponseBodyEmitterReturnValueHandler
instanceKlass org/springframework/web/servlet/mvc/method/annotation/ViewMethodReturnValueHandler
instanceKlass org/springframework/web/servlet/mvc/method/annotation/ModelAndViewMethodReturnValueHandler
instanceKlass org/springframework/web/servlet/mvc/method/annotation/PrincipalMethodArgumentResolver
instanceKlass org/springframework/web/servlet/mvc/method/annotation/UriComponentsBuilderMethodArgumentResolver
instanceKlass org/springframework/web/method/annotation/SessionStatusMethodArgumentResolver
instanceKlass org/springframework/web/method/annotation/ErrorsMethodArgumentResolver
instanceKlass org/springframework/web/method/annotation/MapMethodProcessor
instanceKlass org/springframework/web/method/annotation/ModelMethodProcessor
instanceKlass org/springframework/web/servlet/mvc/support/RedirectAttributes
instanceKlass org/springframework/ui/Model
instanceKlass org/springframework/web/servlet/mvc/method/annotation/RedirectAttributesMethodArgumentResolver
instanceKlass org/springframework/web/servlet/mvc/method/annotation/ServletResponseMethodArgumentResolver
instanceKlass org/springframework/web/servlet/mvc/method/annotation/ServletRequestMethodArgumentResolver
instanceKlass javax/servlet/http/Part
instanceKlass javax/servlet/http/PushBuilder
instanceKlass javax/servlet/http/HttpUpgradeHandler
instanceKlass javax/servlet/http/Cookie
instanceKlass javax/servlet/http/HttpServletMapping
instanceKlass org/springframework/web/method/annotation/RequestHeaderMapMethodArgumentResolver
instanceKlass org/springframework/web/accept/ContentNegotiationManager$$Lambda$1221
instanceKlass org/springframework/core/io/support/ResourceRegion
instanceKlass org/springframework/core/ParameterizedTypeReference
instanceKlass org/springframework/http/server/ServerHttpRequest
instanceKlass org/springframework/http/HttpRequest
instanceKlass org/springframework/http/server/ServerHttpResponse
instanceKlass org/springframework/web/servlet/mvc/method/annotation/AbstractMessageConverterMethodArgumentResolver
instanceKlass org/springframework/validation/DataBinder
instanceKlass org/springframework/web/method/annotation/ModelAttributeMethodProcessor
instanceKlass org/springframework/web/servlet/mvc/method/annotation/MatrixVariableMapMethodArgumentResolver
instanceKlass org/springframework/web/servlet/mvc/method/annotation/PathVariableMapMethodArgumentResolver
instanceKlass org/springframework/web/method/annotation/RequestParamMapMethodArgumentResolver
instanceKlass org/springframework/web/method/annotation/AbstractNamedValueMethodArgumentResolver$NamedValueInfo
instanceKlass org/springframework/web/method/annotation/AbstractNamedValueMethodArgumentResolver
instanceKlass org/springframework/web/servlet/mvc/method/annotation/RequestResponseBodyAdviceChain
instanceKlass org/springframework/web/bind/annotation/ControllerAdvice
instanceKlass org/springframework/web/method/support/HandlerMethodReturnValueHandlerComposite
instanceKlass org/springframework/web/method/support/HandlerMethodReturnValueHandler
instanceKlass org/springframework/web/method/support/HandlerMethodArgumentResolverComposite
instanceKlass org/springframework/web/method/support/HandlerMethodArgumentResolver
instanceKlass org/springframework/http/CacheControl
instanceKlass org/springframework/web/method/ControllerAdviceBean
instanceKlass org/springframework/web/method/annotation/ModelFactory
instanceKlass org/springframework/web/method/support/ModelAndViewContainer
instanceKlass org/springframework/web/method/annotation/SessionAttributesHandler
instanceKlass org/springframework/boot/task/TaskExecutorBuilder$$Lambda$1220
instanceKlass org/springframework/boot/task/TaskExecutorBuilder$$Lambda$1219
instanceKlass org/springframework/boot/task/TaskExecutorBuilder$$Lambda$1218
instanceKlass java/lang/invoke/LambdaForm$DMH
instanceKlass org/springframework/boot/task/TaskExecutorBuilder$$Lambda$1217
instanceKlass org/springframework/boot/task/TaskExecutorBuilder$$Lambda$1216
instanceKlass org/springframework/boot/task/TaskExecutorBuilder$$Lambda$1215
instanceKlass org/springframework/boot/task/TaskExecutorBuilder$$Lambda$1214
instanceKlass org/springframework/boot/task/TaskExecutorBuilder$$Lambda$1213
instanceKlass org/springframework/boot/task/TaskExecutorBuilder$$Lambda$1212
instanceKlass org/springframework/boot/task/TaskExecutorBuilder$$Lambda$1211
instanceKlass org/springframework/boot/task/TaskExecutorBuilder$$Lambda$1210
instanceKlass java/lang/invoke/LambdaForm$DMH
instanceKlass org/springframework/web/servlet/mvc/method/annotation/AbstractMappingJacksonResponseBodyAdvice
instanceKlass org/springframework/web/servlet/mvc/method/annotation/ResponseBodyAdvice
instanceKlass org/springframework/web/servlet/mvc/method/annotation/RequestBodyAdviceAdapter
instanceKlass org/springframework/web/servlet/mvc/method/annotation/RequestBodyAdvice
instanceKlass com/fasterxml/jackson/databind/deser/DeserializationProblemHandler
instanceKlass com/fasterxml/jackson/databind/MappingIterator
instanceKlass com/fasterxml/jackson/databind/jsonFormatVisitors/JsonFormatVisitorWrapper
instanceKlass com/fasterxml/jackson/databind/jsonFormatVisitors/JsonFormatVisitorWithSerializerProvider
instanceKlass com/fasterxml/jackson/databind/jsonschema/JsonSchema
instanceKlass com/fasterxml/jackson/annotation/JsonAutoDetect$Value
instanceKlass com/fasterxml/jackson/core/io/CharacterEscapes
instanceKlass com/fasterxml/jackson/databind/ObjectWriter
instanceKlass com/fasterxml/jackson/databind/InjectableValues
instanceKlass com/fasterxml/jackson/core/type/TypeReference
instanceKlass com/fasterxml/jackson/core/FormatSchema
instanceKlass org/springframework/core/io/ProtocolResolver
instanceKlass org/springframework/beans/factory/config/BeanDefinitionCustomizer
instanceKlass org/springframework/http/converter/json/Jackson2ObjectMapperBuilder$$Lambda$1209
instanceKlass java/lang/SafeVarargs
instanceKlass com/fasterxml/jackson/databind/ser/FilterProvider
instanceKlass org/springframework/boot/jackson/JsonComponent
instanceKlass com/fasterxml/jackson/databind/module/SimpleKeyDeserializers
instanceKlass com/fasterxml/jackson/databind/PropertyNamingStrategy
instanceKlass com/fasterxml/jackson/databind/ser/Serializers$Base
instanceKlass com/fasterxml/jackson/databind/deser/ValueInstantiators$Base
instanceKlass com/fasterxml/jackson/databind/jsontype/NamedType
instanceKlass java/util/EnumMap$EnumMapIterator
instanceKlass org/springframework/boot/autoconfigure/jackson/JacksonAutoConfiguration$Jackson2ObjectMapperBuilderCustomizerConfiguration$StandardJackson2ObjectMapperBuilderCustomizer$$Lambda$1208
instanceKlass org/springframework/boot/autoconfigure/jackson/JacksonAutoConfiguration$Jackson2ObjectMapperBuilderCustomizerConfiguration$StandardJackson2ObjectMapperBuilderCustomizer$$Lambda$1207
instanceKlass org/springframework/http/HttpHeaders
instanceKlass org/springframework/boot/context/properties/bind/Binder$$Lambda$1206
instanceKlass org/springframework/boot/autoconfigure/web/servlet/WebMvcAutoConfiguration$WebMvcAutoConfigurationAdapter$$Lambda$1205
instanceKlass org/springframework/web/bind/support/DefaultSessionAttributeStore
instanceKlass org/springframework/web/context/request/async/DeferredResultProcessingInterceptor
instanceKlass org/springframework/util/ConcurrencyThrottleSupport
instanceKlass org/springframework/util/concurrent/ListenableFuture
instanceKlass org/springframework/web/servlet/mvc/method/annotation/RequestMappingHandlerAdapter$$Lambda$1204
instanceKlass org/springframework/web/servlet/mvc/method/annotation/RequestMappingHandlerAdapter$$Lambda$1203
instanceKlass org/springframework/web/bind/support/DefaultDataBinderFactory
instanceKlass org/springframework/web/bind/support/WebDataBinderFactory
instanceKlass org/springframework/web/method/HandlerMethod
instanceKlass org/springframework/web/bind/support/SessionAttributeStore
instanceKlass org/springframework/boot/autoconfigure/validation/ValidatorAdapter
instanceKlass org/springframework/boot/autoconfigure/web/format/DateTimeFormatters
instanceKlass org/springframework/web/context/request/NativeWebRequest
instanceKlass org/springframework/web/accept/MappingMediaTypeFileExtensionResolver$$Lambda$1202
instanceKlass org/springframework/web/accept/MappingMediaTypeFileExtensionResolver$$Lambda$1201
instanceKlass org/springframework/web/accept/HeaderContentNegotiationStrategy
instanceKlass org/springframework/web/accept/ContentNegotiationManagerFactoryBean$$Lambda$1200
instanceKlass org/springframework/boot/autoconfigure/web/servlet/WebMvcAutoConfiguration$WebMvcAutoConfigurationAdapter$$Lambda$1199
instanceKlass org/springframework/web/accept/MappingMediaTypeFileExtensionResolver
instanceKlass org/springframework/web/accept/ContentNegotiationManagerFactoryBean
instanceKlass org/springframework/core/annotation/AnnotationUtils$$Lambda$1198
instanceKlass org/springframework/web/servlet/config/annotation/WebMvcConfigurerComposite
instanceKlass org/springframework/boot/autoconfigure/web/servlet/WebMvcRegistrations
instanceKlass org/springframework/boot/autoconfigure/web/servlet/WebMvcAutoConfiguration$ResourceChainCustomizerConfiguration
instanceKlass org/springframework/boot/autoconfigure/web/servlet/WebMvcAutoConfiguration$ResourceChainResourceHandlerRegistrationCustomizer
instanceKlass org/springframework/boot/autoconfigure/web/servlet/WebMvcAutoConfiguration$ResourceHandlerRegistrationCustomizer
instanceKlass org/springframework/boot/autoconfigure/web/servlet/WebMvcAutoConfiguration$OptionalPathExtensionContentNegotiationStrategy
instanceKlass org/springframework/web/bind/annotation/ExceptionHandler
instanceKlass org/springframework/http/HttpEntity
instanceKlass org/springframework/boot/web/error/ErrorAttributeOptions
instanceKlass org/springframework/boot/autoconfigure/web/WebProperties$Resources$Cache$Cachecontrol
instanceKlass org/springframework/boot/autoconfigure/web/WebProperties$Resources$Chain$Strategy$Content
instanceKlass org/springframework/boot/autoconfigure/web/WebProperties$Resources$Chain$Strategy$Fixed
instanceKlass org/springframework/boot/autoconfigure/web/WebProperties$Resources$Chain$Strategy
instanceKlass org/springframework/context/support/MessageSourceAccessor
instanceKlass org/springframework/boot/autoconfigure/web/servlet/error/ErrorMvcAutoConfiguration$StaticView
instanceKlass org/springframework/validation/beanvalidation/LocalValidatorFactoryBean$$Lambda$1197
instanceKlass java/lang/invoke/LambdaForm$DMH
instanceKlass org/springframework/validation/beanvalidation/LocalValidatorFactoryBean$1
instanceKlass org/springframework/validation/beanvalidation/SpringConstraintValidatorFactory
instanceKlass org/springframework/validation/beanvalidation/LocaleContextMessageInterpolator
instanceKlass org/springframework/validation/BindingResult
instanceKlass javax/validation/ConstraintViolation
instanceKlass org/springframework/validation/Errors
instanceKlass org/springframework/boot/validation/MessageInterpolatorFactory
instanceKlass org/springframework/context/support/DefaultMessageSourceResolvable
instanceKlass org/springframework/context/MessageSourceResolvable
instanceKlass org/springframework/boot/task/TaskExecutorBuilder$$Lambda$1196
instanceKlass org/springframework/boot/autoconfigure/task/TaskExecutionAutoConfiguration$$Lambda$1195
instanceKlass org/springframework/core/task/TaskDecorator
instanceKlass org/springframework/boot/task/TaskExecutorCustomizer
instanceKlass com/acesw/pulse/PulseObject
instanceKlass com/acesw/usersecurity/UserApplicationInstanceSessionPkey
instanceKlass com/acesw/usersecurity/MyProfile
instanceKlass org/apache/tomcat/PeriodicEventListener
instanceKlass org/apache/catalina/webresources/Cache$EvictionOrder
instanceKlass com/hazelcast/internal/nio/EndpointManager
instanceKlass java/io/SerialCallbackContext
instanceKlass java/lang/Throwable$PrintStreamOrWriter
instanceKlass sun/net/www/http/Hurryable
instanceKlass sun/security/ssl/SSLSocketImpl$NotifyHandshakeThread$1
instanceKlass sun/net/www/protocol/http/AuthCacheImpl
instanceKlass sun/net/www/protocol/http/AuthCache
instanceKlass sun/net/www/protocol/http/AuthCacheValue
instanceKlass com/acesw/usersecurity/UserPkey
instanceKlass java/io/ObjectStreamClass$6
instanceKlass java/io/ObjectStreamClass$5
instanceKlass java/io/ObjectStreamClass$4
instanceKlass java/io/ObjectStreamClass$MemberSignature
instanceKlass java/io/ObjectStreamClass$2
instanceKlass com/acesw/appletservlet/ACEResponseAdapter
instanceKlass com/acesw/appletservlet/ACEDBResponse
instanceKlass com/acesw/appletservlet/CommunicationEvent
instanceKlass com/acesw/appletservlet/CommunicationListener
instanceKlass com/acesw/appletservlet/InvalidRequestEvent
instanceKlass com/acesw/appletservlet/ACEResponse
instanceKlass java/io/ObjectOutputStream$ReplaceTable
instanceKlass java/io/ObjectOutputStream$HandleTable
instanceKlass sun/security/util/HostnameChecker
instanceKlass sun/security/ssl/HandshakerHelper
instanceKlass sun/security/ssl/CipherBox$1
instanceKlass sun/security/internal/spec/TlsPrfParameterSpec
instanceKlass sun/security/internal/spec/TlsKeyMaterialSpec
instanceKlass sun/security/internal/spec/TlsKeyMaterialParameterSpec
instanceKlass com/sun/crypto/provider/TlsMasterSecretGenerator$TlsMasterSecretKey
instanceKlass sun/security/internal/interfaces/TlsMasterSecret
instanceKlass sun/security/internal/spec/TlsMasterSecretParameterSpec
instanceKlass sun/security/ec/ECDHKeyAgreement$$Lambda$1194
instanceKlass javax/crypto/KeyAgreementSpi
instanceKlass java/security/KeyPair
instanceKlass sun/security/util/ArrayUtil
instanceKlass java/security/interfaces/ECPrivateKey
instanceKlass sun/security/util/math/MutableIntegerModuloP
instanceKlass sun/security/ec/point/AffinePoint
instanceKlass sun/security/ec/point/ProjectivePoint
instanceKlass sun/security/ec/point/ImmutablePoint
instanceKlass sun/security/util/math/intpoly/IntegerPolynomial$Limb
instanceKlass sun/security/util/math/SmallValue
instanceKlass sun/security/util/math/intpoly/IntegerPolynomial$Element
instanceKlass sun/security/util/math/ImmutableIntegerModuloP
instanceKlass sun/security/util/math/intpoly/IntegerPolynomial
instanceKlass sun/security/util/math/IntegerFieldModuloP
instanceKlass sun/security/ec/point/MutablePoint
instanceKlass sun/security/util/math/IntegerModuloP
instanceKlass sun/security/ec/ECOperations
instanceKlass sun/security/ssl/ECDHCrypt
instanceKlass java/security/spec/ECPublicKeySpec
instanceKlass sun/security/ssl/ClientHandshaker$2
instanceKlass java/security/Timestamp
instanceKlass sun/security/ssl/SSLAlgorithmConstraints$SupportedSignatureAlgorithmConstraints
instanceKlass java/security/cert/PKIXParameters
instanceKlass java/security/cert/CertPathParameters
instanceKlass sun/security/ssl/ExtensionType
instanceKlass sun/security/ssl/RandomCookie
instanceKlass sun/security/ssl/HelloExtensions
instanceKlass sun/security/ssl/HandshakeMessage
instanceKlass sun/security/ssl/HandshakeHash
instanceKlass sun/security/ssl/HelloExtension
instanceKlass sun/security/ssl/Utilities
instanceKlass sun/security/ssl/HandshakeStateManager
instanceKlass javax/crypto/KeyGeneratorSpi
instanceKlass javax/crypto/KeyGenerator
instanceKlass sun/security/ssl/Handshaker
instanceKlass sun/security/ssl/Record
instanceKlass sun/security/ssl/Authenticator
instanceKlass sun/security/ssl/CipherBox
instanceKlass sun/security/ssl/SignatureAndHashAlgorithm
instanceKlass sun/security/ssl/SessionId
instanceKlass javax/net/ssl/ExtendedSSLSession
instanceKlass sun/net/www/http/KeepAliveKey
instanceKlass sun/net/NetworkClient$1
instanceKlass sun/net/NetworkClient
instanceKlass javax/net/ssl/HandshakeCompletedListener
instanceKlass sun/net/www/protocol/http/HttpURLConnection$7
instanceKlass java/awt/MediaTracker
instanceKlass javax/accessibility/AccessibleContext
instanceKlass sun/awt/EventQueueItem
instanceKlass sun/java2d/pipe/Region
instanceKlass java/awt/event/InputMethodListener
instanceKlass java/awt/event/MouseWheelListener
instanceKlass java/awt/event/MouseMotionListener
instanceKlass java/awt/event/MouseListener
instanceKlass java/awt/event/KeyListener
instanceKlass java/awt/event/HierarchyBoundsListener
instanceKlass java/awt/event/HierarchyListener
instanceKlass java/awt/event/FocusListener
instanceKlass java/awt/event/ComponentListener
instanceKlass java/awt/geom/Dimension2D
instanceKlass java/awt/dnd/DropTarget
instanceKlass java/awt/dnd/DropTargetListener
instanceKlass java/awt/image/BufferStrategy
instanceKlass java/awt/GraphicsConfiguration
instanceKlass java/awt/Cursor
instanceKlass java/awt/peer/ComponentPeer
instanceKlass sun/awt/PostEventQueue
instanceKlass sun/awt/MostRecentKeyValue
instanceKlass java/awt/Queue
instanceKlass java/awt/EventQueue$2
instanceKlass sun/awt/AWTAccessor$EventQueueAccessor
instanceKlass java/awt/EventQueue$1
instanceKlass java/awt/EventQueue
instanceKlass sun/awt/AppContext$1
instanceKlass sun/awt/KeyboardFocusManagerPeerProvider
instanceKlass sun/awt/InputMethodSupport
instanceKlass sun/awt/ComponentFactory
instanceKlass sun/awt/WindowClosingListener
instanceKlass sun/awt/WindowClosingSupport
instanceKlass sun/awt/AppContext$2
instanceKlass sun/awt/AppContext$3
instanceKlass sun/awt/AppContext$6
instanceKlass sun/misc/JavaAWTAccess
instanceKlass sun/awt/AppContext$GetAppContextLock
instanceKlass sun/awt/AppContext
instanceKlass java/awt/ComponentOrientation
instanceKlass java/awt/Component$DummyRequestFocusController
instanceKlass sun/awt/RequestFocusController
instanceKlass java/awt/Component$1
instanceKlass sun/awt/AWTAccessor$ComponentAccessor
instanceKlass java/awt/Component$AWTTreeLock
instanceKlass javax/swing/ImageIcon$2
instanceKlass javax/swing/ImageIcon$1
instanceKlass javax/swing/ImageIcon
instanceKlass javax/swing/Icon
instanceKlass java/awt/Color
instanceKlass java/awt/Paint
instanceKlass sun/font/AttributeValues
instanceKlass java/awt/geom/AffineTransform
instanceKlass sun/font/FontAccess
instanceKlass java/awt/GraphicsEnvironment$$Lambda$1193
instanceKlass java/awt/GraphicsEnvironment
instanceKlass java/awt/Toolkit$1
instanceKlass java/awt/Toolkit$3
instanceKlass java/awt/Toolkit$5
instanceKlass sun/awt/AWTAccessor
instanceKlass java/awt/Toolkit$4
instanceKlass sun/awt/AWTAccessor$ToolkitAccessor
instanceKlass java/awt/Toolkit
instanceKlass java/awt/Font
instanceKlass com/acesw/cmn/ACEVariables
instanceKlass com/acesw/appletservlet/HttpMessage$MyVerified
instanceKlass java/net/ResponseCache
instanceKlass sun/net/www/protocol/http/HttpURLConnection$3
instanceKlass java/net/CookieHandler
instanceKlass sun/net/www/protocol/http/HttpURLConnection$2
instanceKlass sun/net/www/protocol/http/HttpURLConnection$$Lambda$1192
instanceKlass sun/security/action/GetIntegerAction
instanceKlass sun/security/provider/JavaKeyStore$KeyEntry
instanceKlass javax/net/ssl/X509ExtendedKeyManager
instanceKlass javax/net/ssl/X509KeyManager
instanceKlass javax/net/ssl/KeyManager
instanceKlass javax/net/ssl/KeyManagerFactorySpi
instanceKlass javax/net/ssl/KeyManagerFactory$1
instanceKlass javax/net/ssl/KeyManagerFactory
instanceKlass sun/security/ssl/SSLContextImpl$DefaultManagersHolder$2
instanceKlass sun/security/ssl/SSLContextImpl$DefaultManagersHolder$1
instanceKlass javax/net/ssl/X509ExtendedTrustManager
instanceKlass javax/net/ssl/X509TrustManager
instanceKlass javax/net/ssl/TrustManager
instanceKlass sun/security/validator/TrustStoreUtil
instanceKlass sun/security/action/OpenFileInputStreamAction
instanceKlass java/security/KeyStore$1
instanceKlass sun/security/ssl/TrustStoreManager$TrustStoreDescriptor$1
instanceKlass sun/security/ssl/TrustStoreManager$TrustStoreDescriptor
instanceKlass sun/security/ssl/TrustStoreManager$TrustAnchorManager
instanceKlass sun/security/ssl/TrustStoreManager
instanceKlass javax/net/ssl/TrustManagerFactorySpi
instanceKlass javax/net/ssl/TrustManagerFactory$1
instanceKlass javax/net/ssl/TrustManagerFactory
instanceKlass sun/security/ssl/SSLContextImpl$DefaultManagersHolder
instanceKlass sun/security/ssl/SSLSessionContextImpl$1
instanceKlass sun/security/ssl/SSLSessionContextImpl
instanceKlass javax/net/ssl/SSLSessionContext
instanceKlass sun/security/ssl/EphemeralKeyManager$EphemeralKeyPair
instanceKlass sun/security/ssl/EphemeralKeyManager
instanceKlass sun/security/ssl/SSLContextImpl$CustomizedSSLProtocols
instanceKlass sun/security/ssl/CipherSuiteList
instanceKlass java/security/spec/ECGenParameterSpec
instanceKlass sun/security/util/ECKeySizeParameterSpec
instanceKlass sun/security/util/SecurityProviderConstants
instanceKlass sun/security/ec/point/Point
instanceKlass java/security/KeyPairGeneratorSpi
instanceKlass javax/crypto/KeyAgreement
instanceKlass sun/security/ssl/JsseJce$EcAvailability
instanceKlass sun/security/ssl/SSLAlgorithmDecomposer$1
instanceKlass sun/security/ssl/CipherSuite$MacAlg
instanceKlass sun/security/krb5/Realm
instanceKlass sun/security/krb5/PrincipalName
instanceKlass sun/security/ssl/JsseJce$1
instanceKlass sun/security/ssl/JsseJce
instanceKlass sun/security/ssl/CipherSuite$BulkCipher
instanceKlass sun/security/ssl/CipherSuite
instanceKlass sun/security/ssl/SSLAlgorithmConstraints
instanceKlass sun/security/ssl/ProtocolVersion
instanceKlass sun/security/ssl/ProtocolList
instanceKlass sun/security/ssl/Debug
instanceKlass javax/net/ssl/SSLContextSpi
instanceKlass javax/net/ssl/SSLContext
instanceKlass javax/net/ssl/SSLSocketFactory$1
instanceKlass javax/net/SocketFactory
instanceKlass javax/net/ssl/HttpsURLConnection$DefaultHostnameVerifier
instanceKlass javax/net/ssl/HostnameVerifier
instanceKlass com/acesw/appletservlet/HttpMessage
instanceKlass com/acesw/appletservlet/InvalidRequestListener
instanceKlass com/acesw/db/DBRecordAdapter
instanceKlass com/acesw/appletservlet/ACERequestAdapter
instanceKlass com/acesw/appletservlet/ACEDBRequest
instanceKlass com/acesw/appletservlet/ACERequest
instanceKlass com/acesw/db/PrimaryKey
instanceKlass com/acesw/usersecurity/UserInformation
instanceKlass com/acesw/db/DBRecord
instanceKlass com/acesw/util/TransactionUtilities
instanceKlass com/acesw/util/ACESystem
instanceKlass com/acesw/exception/ErrorDetailLookup
instanceKlass com/acesw/trace/Trace
instanceKlass com/acesw/midnightindicator/MidNightEventListener
instanceKlass com/acesw/log/LogManager
instanceKlass com/acesw/server/connection/LPServerConnectionBase
instanceKlass org/springframework/beans/factory/support/BeanDefinitionValueResolver$KeyedArgName
instanceKlass com/sun/org/apache/xml/internal/serializer/WriterChain
instanceKlass com/sun/org/apache/xalan/internal/xsltc/trax/DOM2TO
instanceKlass org/xml/sax/ext/Locator2
instanceKlass com/sun/org/apache/xml/internal/serializer/NamespaceMappings$MappingRecord
instanceKlass com/sun/org/apache/xml/internal/serializer/NamespaceMappings
instanceKlass java/nio/charset/Charset$1
instanceKlass java/nio/charset/Charset$2
instanceKlass java/nio/charset/Charset$ExtendedProviderHolder$1
instanceKlass java/nio/charset/Charset$ExtendedProviderHolder
instanceKlass com/sun/org/apache/xalan/internal/utils/SecuritySupport$7
instanceKlass com/sun/org/apache/xalan/internal/utils/SecuritySupport$3
instanceKlass com/sun/org/apache/xalan/internal/utils/SecuritySupport$2
instanceKlass com/sun/org/apache/xalan/internal/utils/SecuritySupport$1
instanceKlass com/sun/org/apache/xalan/internal/utils/ObjectFactory
instanceKlass com/sun/org/apache/xalan/internal/utils/SecuritySupport$5
instanceKlass com/sun/org/apache/xml/internal/serializer/Encodings$EncodingInfos
instanceKlass com/sun/org/apache/xml/internal/serializer/Encodings
instanceKlass com/sun/org/apache/xml/internal/serializer/EncodingInfo
instanceKlass com/sun/org/apache/xml/internal/serializer/ToStream$BoolStack
instanceKlass com/sun/org/apache/xml/internal/serializer/CharInfo$CharKey
instanceKlass sun/util/ResourceBundleEnumeration
instanceKlass com/sun/org/apache/xml/internal/serializer/CharInfo
instanceKlass com/sun/org/apache/xml/internal/serializer/ElemContext
instanceKlass com/sun/org/apache/xml/internal/serializer/SerializerBase
instanceKlass com/sun/org/apache/xml/internal/serializer/SerializerConstants
instanceKlass com/sun/org/apache/xml/internal/serializer/SerializationHandler
instanceKlass com/sun/org/apache/xml/internal/serializer/Serializer
instanceKlass com/sun/org/apache/xml/internal/serializer/DOMSerializer
instanceKlass org/xml/sax/ext/DeclHandler
instanceKlass com/sun/org/apache/xml/internal/serializer/XSLOutputAttributes
instanceKlass com/sun/org/apache/xml/internal/serializer/ExtendedLexicalHandler
instanceKlass org/xml/sax/ext/LexicalHandler
instanceKlass com/sun/org/apache/xml/internal/serializer/ExtendedContentHandler
instanceKlass javax/xml/transform/dom/DOMResult
instanceKlass javax/xml/transform/stax/StAXResult
instanceKlass javax/xml/transform/sax/SAXResult
instanceKlass com/sun/org/apache/xalan/internal/xsltc/runtime/output/TransletOutputHandlerFactory
instanceKlass com/sun/org/apache/xml/internal/utils/XMLReaderManager
instanceKlass com/sun/org/apache/xml/internal/serializer/OutputPropertiesFactory$1
instanceKlass com/sun/org/apache/xml/internal/serializer/OutputPropertiesFactory
instanceKlass com/sun/org/apache/xalan/internal/xsltc/DOMCache
instanceKlass org/springframework/beans/ExtendedBeanInfo$$Lambda$1191
instanceKlass org/springframework/beans/PropertyDescriptorUtils
instanceKlass org/springframework/beans/ExtendedBeanInfo$PropertyDescriptorComparator
instanceKlass org/springframework/jdbc/core/DisposableSqlTypeValue
instanceKlass oracle/jdbc/driver/T4CTTIrxd$MinHeap
instanceKlass oracle/jdbc/driver/OraclePreparedStatement$3
instanceKlass org/springframework/jdbc/support/SqlValue
instanceKlass org/springframework/jdbc/core/SqlTypeValue
instanceKlass org/springframework/jdbc/core/StatementCreatorUtils
instanceKlass oracle/jdbc/driver/OraclePreparedStatementReadOnly
instanceKlass oracle/jdbc/driver/Binder
instanceKlass org/springframework/jdbc/core/JdbcTemplate$1
instanceKlass org/springframework/jdbc/core/PreparedStatementCreatorFactory$PreparedStatementCreatorImpl
instanceKlass org/springframework/jdbc/core/ParameterDisposer
instanceKlass org/springframework/jdbc/core/namedparam/SqlParameterSourceUtils
instanceKlass org/springframework/jdbc/core/PreparedStatementCreatorFactory
instanceKlass org/springframework/jdbc/core/namedparam/NamedParameterUtils$ParameterHolder
instanceKlass org/springframework/jdbc/core/namedparam/MapSqlParameterSource$$Lambda$1190
instanceKlass org/springframework/jdbc/core/namedparam/AbstractSqlParameterSource
instanceKlass ai/pelican/camel/database/service/TabledetailsService
instanceKlass org/springframework/jdbc/core/namedparam/NamedParameterJdbcTemplate$$Lambda$1189
instanceKlass org/springframework/jdbc/core/namedparam/ParsedSql
instanceKlass org/springframework/jdbc/core/namedparam/NamedParameterUtils
instanceKlass org/springframework/util/ConcurrentLruCache
instanceKlass org/springframework/jdbc/core/namedparam/SqlParameterSource
instanceKlass ai/pelican/camel/debulk/PAINMessage
instanceKlass ai/pelican/camel/debulk/InMemoryStructure
instanceKlass org/apache/camel/processor/exceptionpolicy/ExceptionPolicyStrategy
instanceKlass org/apache/camel/util/CamelLogger
instanceKlass org/apache/camel/processor/ErrorHandler
instanceKlass com/oracle/truffle/polyglot/PolyglotLanguageBindings
instanceKlass com/oracle/truffle/api/Scope$Builder
instanceKlass com/oracle/truffle/api/Scope
instanceKlass com/oracle/truffle/js/runtime/objects/JSScope$DynamicScopeWrapper
instanceKlass com/oracle/truffle/js/runtime/objects/JSScope
instanceKlass org/graalvm/polyglot/proxy/ProxyDuration
instanceKlass org/graalvm/polyglot/proxy/ProxyInstant
instanceKlass org/graalvm/polyglot/proxy/ProxyTime
instanceKlass org/graalvm/polyglot/proxy/ProxyDate
instanceKlass org/graalvm/polyglot/proxy/ProxyTimeZone
instanceKlass org/graalvm/polyglot/proxy/ProxyObject
instanceKlass org/graalvm/polyglot/proxy/ProxyNativeObject
instanceKlass org/graalvm/polyglot/proxy/ProxyExecutable
instanceKlass org/graalvm/polyglot/proxy/ProxyInstantiable
instanceKlass com/oracle/truffle/polyglot/PolyglotProxy$1
instanceKlass org/graalvm/polyglot/proxy/ProxyArray
instanceKlass com/oracle/truffle/polyglot/PolyglotProxy
instanceKlass com/oracle/truffle/polyglot/PolyglotLanguageContext$ToHostValueNode
instanceKlass org/graalvm/polyglot/TypeLiteral
instanceKlass com/oracle/truffle/polyglot/PolyglotValue$InteropCodeCache
instanceKlass com/oracle/truffle/polyglot/PolyglotLanguageContext$1
instanceKlass com/oracle/truffle/js/nodes/function/FunctionNameHolder$Delegate
instanceKlass com/oracle/truffle/js/nodes/access/ObjectLiteralNode$CachingObjectLiteralMemberNode$CacheEntry
instanceKlass com/oracle/truffle/api/frame/FrameUtil
instanceKlass javax/xml/transform/stream/StreamResult
instanceKlass ai/pelican/camel/authentication/EncryptDecrypt
instanceKlass ai/pelican/camel/utils/JSHelperClass
instanceKlass com/oracle/truffle/js/runtime/truffleinterop/InteropFunction
instanceKlass com/oracle/truffle/js/runtime/objects/PropertyReference
instanceKlass com/oracle/truffle/polyglot/HostWrapper
instanceKlass org/graalvm/polyglot/proxy/Proxy
instanceKlass java/lang/invoke/LambdaForm$BMH
instanceKlass java/lang/invoke/LambdaForm$BMH
instanceKlass java/lang/invoke/LambdaForm$BMH
instanceKlass com/oracle/truffle/polyglot/PolyglotLanguageContextFactory$ToGuestValueNodeGen$CachedData
instanceKlass com/oracle/truffle/polyglot/HostClassDesc$Members$1MethodInfo
instanceKlass com/oracle/truffle/polyglot/HostClassDesc$Members$1
instanceKlass com/oracle/truffle/polyglot/HostMethodDesc
instanceKlass com/oracle/truffle/polyglot/HostClassDesc$Members
instanceKlass com/oracle/truffle/polyglot/HostClassDesc
instanceKlass com/oracle/truffle/polyglot/HostInteropReflect
instanceKlass com/oracle/truffle/polyglot/HostObjectFactory$LookupFieldNodeGen$CachedData
instanceKlass com/oracle/truffle/polyglot/HostObjectFactory$LookupMethodNodeGen$CachedData
instanceKlass com/oracle/truffle/polyglot/HostObjectGen$InteropLibraryExports$Cached$IsMemberInvocableCachedData
instanceKlass com/oracle/truffle/polyglot/HostObjectGen$InteropLibraryExports$Cached$IsMemberInternalCachedData
instanceKlass com/oracle/truffle/polyglot/HostObjectGen$InteropLibraryExports$Cached$IsMemberModifiableCachedData
instanceKlass com/oracle/truffle/polyglot/HostObjectGen$InteropLibraryExports$Cached$IsMemberReadableCachedData
instanceKlass com/oracle/truffle/polyglot/HostObjectGen
instanceKlass com/oracle/truffle/js/runtime/objects/JSLazyString
instanceKlass java/util/concurrent/ConcurrentLinkedQueue$Itr
instanceKlass javax/xml/xpath/XPathConstants
instanceKlass com/oracle/truffle/polyglot/HostClassLoader$Loader
instanceKlass com/oracle/truffle/js/builtins/JavaBuiltins$1
instanceKlass com/oracle/truffle/regex/charset/Constants
instanceKlass com/oracle/truffle/js/nodes/access/PropertySetNode$DefinePropertyCache
instanceKlass com/oracle/truffle/js/runtime/objects/JSObjectUtil$$Lambda$1188
instanceKlass com/oracle/truffle/js/nodes/JSGuards
instanceKlass com/oracle/truffle/js/nodes/access/JSGetOwnPropertyNodeGen$CachedOrdinaryData
instanceKlass com/oracle/truffle/js/nodes/access/LocalVarIncNode$LocalVarOp
instanceKlass com/oracle/truffle/api/nodes/RepeatingNode$2
instanceKlass com/oracle/truffle/api/nodes/RepeatingNode$1
instanceKlass com/oracle/truffle/js/parser/env/FunctionEnvironment$JumpTargetCloseable
instanceKlass com/oracle/truffle/js/parser/env/Environment$WrapClosure$$Lambda$1187
instanceKlass com/oracle/truffle/js/parser/env/Environment$WrapClosure$$Lambda$1186
instanceKlass com/oracle/truffle/js/parser/env/Environment$VarRef$$Lambda$1185
instanceKlass com/oracle/truffle/js/parser/env/Environment$VarRef$$Lambda$1184
instanceKlass com/oracle/truffle/js/runtime/util/Pair
instanceKlass com/oracle/truffle/js/nodes/Truncatable
instanceKlass com/oracle/truffle/js/nodes/NodeFactory$2
instanceKlass com/oracle/truffle/js/parser/GraalJSTranslator$4
instanceKlass com/oracle/js/parser/ir/LexicalContext$NodeIterator
instanceKlass com/oracle/truffle/js/parser/env/Environment$FrameSlotFlags
instanceKlass com/oracle/js/parser/Parser$ForVariableDeclarationListResult
instanceKlass com/oracle/truffle/regex/tregex/parser/RegexValidator$1
instanceKlass com/oracle/truffle/regex/tregex/buffer/AbstractArrayBuffer
instanceKlass com/oracle/truffle/regex/charset/CodePointSetAccumulator
instanceKlass com/oracle/truffle/regex/charset/UnicodeGeneralCategories
instanceKlass com/oracle/truffle/regex/charset/UnicodePropertyData
instanceKlass com/oracle/truffle/regex/charset/UnicodeProperties
instanceKlass com/oracle/truffle/regex/util/BitSets
instanceKlass com/oracle/truffle/regex/util/CompilationFinalBitSet
instanceKlass com/oracle/truffle/regex/tregex/parser/Token
instanceKlass com/oracle/truffle/regex/tregex/parser/RegexLexer
instanceKlass com/oracle/truffle/regex/tregex/parser/RegexValidator
instanceKlass com/oracle/truffle/regex/tregex/util/json/JsonValue
instanceKlass com/oracle/truffle/regex/tregex/string/AbstractString
instanceKlass com/oracle/truffle/regex/tregex/string/AbstractStringBuffer
instanceKlass com/oracle/truffle/regex/charset/ImmutableSortedListOfRanges$1
instanceKlass com/oracle/truffle/regex/charset/SortedListOfRanges$1
instanceKlass com/oracle/truffle/regex/charset/RangesBuffer
instanceKlass com/oracle/truffle/regex/charset/ImmutableSortedListOfIntRanges
instanceKlass com/oracle/truffle/regex/charset/ImmutableSortedListOfRanges
instanceKlass com/oracle/truffle/regex/charset/SortedListOfRanges
instanceKlass com/oracle/truffle/regex/chardata/CharacterSet
instanceKlass com/oracle/truffle/regex/tregex/string/Encodings$Encoding
instanceKlass com/oracle/truffle/regex/tregex/string/Encodings
instanceKlass com/oracle/truffle/regex/RegexEngineGen
instanceKlass com/oracle/truffle/regex/AbstractConstantKeysObjectGen
instanceKlass com/oracle/truffle/js/runtime/util/TRegexUtilFactory
instanceKlass com/oracle/truffle/regex/tregex/TRegexCompiler
instanceKlass com/oracle/truffle/regex/tregex/parser/RegexFeatureSet$$Lambda$1183
instanceKlass com/oracle/truffle/regex/tregex/parser/RegexFeatures
instanceKlass com/oracle/truffle/regex/RegexSource
instanceKlass com/oracle/truffle/regex/tregex/util/json/JsonConvertible
instanceKlass com/oracle/truffle/regex/tregex/parser/RegexFeatureSet
instanceKlass com/oracle/truffle/regex/tregex/parser/flavors/RegexFlavor
instanceKlass com/oracle/truffle/regex/RegexOptions
instanceKlass com/oracle/truffle/regex/RegexEngineBuilderGen
instanceKlass com/oracle/truffle/regex/AbstractRegexObjectGen
instanceKlass com/oracle/truffle/regex/RegexLanguage$RegexContext
instanceKlass com/oracle/truffle/regex/RegexCompiler
instanceKlass com/oracle/truffle/regex/AbstractRegexObject
instanceKlass com/oracle/truffle/js/runtime/RegexCompilerInterface
instanceKlass com/oracle/js/parser/Parser$ParserState
instanceKlass com/oracle/truffle/js/parser/GraalJSParserHelper$1$$Lambda$1182
instanceKlass com/oracle/js/parser/ir/BinaryNode$1
instanceKlass com/oracle/js/parser/ir/Symbol
instanceKlass com/oracle/truffle/api/impl/ReadOnlyArrayList
instanceKlass com/oracle/truffle/api/TruffleFile$ByteChannelDecorator
instanceKlass com/oracle/truffle/js/lang/JSFileTypeDetector
instanceKlass com/oracle/truffle/polyglot/FileSystems$FileTypeDetectorsSupplier
instanceKlass sun/nio/fs/WindowsLinkSupport
instanceKlass sun/nio/fs/AbstractBasicFileAttributeView$AttributesBuilder
instanceKlass java/nio/file/attribute/GroupPrincipal
instanceKlass java/nio/file/attribute/UserPrincipal
instanceKlass com/oracle/truffle/api/TruffleFile$AttributeGroup
instanceKlass com/oracle/truffle/api/TruffleFile$AttributeDescriptor
instanceKlass com/oracle/truffle/api/nodes/Node$1
instanceKlass com/oracle/truffle/js/nodes/function/JSBuiltinNode$Inlineable
instanceKlass com/oracle/truffle/api/ReplaceObserver
instanceKlass com/oracle/truffle/api/nodes/Node$2
instanceKlass com/oracle/truffle/js/nodes/function/BuiltinArgumentBuilder
instanceKlass com/oracle/truffle/js/builtins/GlobalBuiltins$1
instanceKlass com/oracle/truffle/polyglot/FinalIntMap$Entry
instanceKlass com/oracle/truffle/polyglot/FinalIntMap
instanceKlass com/oracle/truffle/js/runtime/objects/JSLazyStringFlattened
instanceKlass com/oracle/truffle/js/runtime/objects/JSLazyStringRaw
instanceKlass com/oracle/truffle/js/nodes/JSTypes
instanceKlass com/oracle/truffle/api/impl/DefaultTruffleRuntime$DefaultFrameInstance
instanceKlass com/oracle/truffle/js/nodes/access/GlobalScopeLookupNodeGen$CachedData
instanceKlass com/oracle/truffle/js/nodes/ScriptNode
instanceKlass com/oracle/truffle/js/nodes/control/ResumableNode$1
instanceKlass com/oracle/truffle/api/frame/FrameSlot
instanceKlass com/oracle/js/parser/Lexer$LexerToken
instanceKlass com/oracle/truffle/js/parser/env/Environment$3
instanceKlass com/oracle/truffle/js/parser/GraalJSTranslator$EnvironmentCloseable
instanceKlass com/oracle/truffle/js/nodes/control/BreakTarget
instanceKlass com/oracle/truffle/js/parser/env/Environment$WrapClosure
instanceKlass com/oracle/js/parser/ir/LexicalContext
instanceKlass com/oracle/js/parser/TokenType$1
instanceKlass com/oracle/js/parser/Lexer$1
instanceKlass com/oracle/js/parser/Parser$9
instanceKlass com/oracle/js/parser/ParserContextBreakableNode
instanceKlass com/oracle/js/parser/ParserContextBaseNode
instanceKlass com/oracle/js/parser/ParserContextScopableNode
instanceKlass com/oracle/js/parser/ParserContext$NodeIterator
instanceKlass com/oracle/js/parser/ir/Scope
instanceKlass com/oracle/js/parser/Token$1
instanceKlass com/oracle/js/parser/IdentUtils
instanceKlass com/oracle/js/parser/TokenLookup
instanceKlass com/oracle/js/parser/Scanner$State
instanceKlass com/oracle/js/parser/Scanner
instanceKlass com/oracle/js/parser/TokenStream
instanceKlass com/oracle/js/parser/ParserContext
instanceKlass com/oracle/js/parser/Token
instanceKlass com/oracle/js/parser/Options
instanceKlass com/oracle/js/parser/ParserContextNode
instanceKlass com/oracle/js/parser/Lexer$LineInfoReceiver
instanceKlass com/oracle/js/parser/Namespace
instanceKlass com/oracle/js/parser/ScriptEnvironment$Builder
instanceKlass com/oracle/js/parser/ScriptEnvironment
instanceKlass com/oracle/js/parser/Source$RawData
instanceKlass com/oracle/js/parser/Source$Data
instanceKlass com/oracle/js/parser/Source
instanceKlass com/oracle/js/parser/ErrorManager
instanceKlass com/oracle/js/parser/AbstractParser
instanceKlass com/oracle/truffle/js/parser/GraalJSParserHelper
instanceKlass com/oracle/truffle/api/instrumentation/InstrumentableNode$WrapperNode
instanceKlass com/oracle/truffle/js/parser/env/Environment$VarRef
instanceKlass com/oracle/js/parser/ir/visitor/NodeVisitor
instanceKlass com/oracle/truffle/api/nodes/BlockNode$ElementExecutor
instanceKlass com/oracle/truffle/js/nodes/control/SequenceNode
instanceKlass com/oracle/js/parser/ir/BreakableNode
instanceKlass com/oracle/js/parser/ir/PropertyKey
instanceKlass com/oracle/js/parser/ir/Assignment
instanceKlass com/oracle/js/parser/ir/FunctionCall
instanceKlass com/oracle/js/parser/ir/LexicalContextScope
instanceKlass com/oracle/js/parser/ir/LexicalContextNode
instanceKlass com/oracle/js/parser/ir/Flags
instanceKlass com/oracle/js/parser/ir/Terminal
instanceKlass com/oracle/js/parser/ir/Node
instanceKlass com/oracle/js/parser/ir/visitor/TranslatorNodeVisitor
instanceKlass com/oracle/truffle/api/TruffleLanguage$ParsingRequest
instanceKlass java/util/SplittableRandom
instanceKlass com/oracle/truffle/js/runtime/java/JavaPackage$$Lambda$1181
instanceKlass com/oracle/truffle/js/runtime/JSRealm$$Lambda$1180
instanceKlass com/oracle/truffle/js/runtime/JSRealm$$Lambda$1179
instanceKlass com/oracle/truffle/js/runtime/builtins/JSON
instanceKlass com/oracle/truffle/js/runtime/JSConsoleUtil
instanceKlass com/oracle/truffle/js/runtime/builtins/JSFunction$$Lambda$1178
instanceKlass com/oracle/truffle/js/runtime/builtins/JSMath
instanceKlass com/oracle/truffle/js/runtime/builtins/JSSharedArrayBuffer$$Lambda$1177
instanceKlass com/oracle/truffle/js/builtins/SharedArrayBufferPrototypeBuiltins$$Lambda$1176
instanceKlass com/oracle/truffle/js/builtins/SharedArrayBufferFunctionBuiltins$$Lambda$1175
instanceKlass com/oracle/truffle/js/runtime/builtins/JSLocale$$Lambda$1174
instanceKlass com/oracle/truffle/js/runtime/builtins/JSLocale$$Lambda$1173
instanceKlass com/oracle/truffle/js/runtime/builtins/JSLocale$$Lambda$1172
instanceKlass com/oracle/truffle/js/runtime/builtins/JSLocale$$Lambda$1171
instanceKlass com/oracle/truffle/js/runtime/builtins/JSLocale$$Lambda$1170
instanceKlass com/oracle/truffle/js/runtime/builtins/JSLocale$$Lambda$1169
instanceKlass com/oracle/truffle/js/runtime/builtins/JSLocale$$Lambda$1168
instanceKlass com/oracle/truffle/js/runtime/builtins/JSLocale$$Lambda$1167
instanceKlass com/oracle/truffle/js/runtime/builtins/JSLocale$$Lambda$1166
instanceKlass com/oracle/truffle/js/runtime/builtins/JSLocale$$Lambda$1165
instanceKlass com/oracle/truffle/js/runtime/builtins/JSSegmenter$$Lambda$1164
instanceKlass com/oracle/truffle/js/nodes/access/HasHiddenKeyCacheNodeGen$CachedData
instanceKlass com/oracle/truffle/js/runtime/builtins/JSSegmenter$$Lambda$1163
instanceKlass com/oracle/truffle/js/runtime/builtins/JSDateTimeFormat$$Lambda$1162
instanceKlass com/oracle/truffle/js/runtime/builtins/JSNumberFormat$$Lambda$1161
instanceKlass com/oracle/truffle/js/nodes/access/PropertyCacheNode$ConstantObjectReceiverCheck
instanceKlass com/oracle/truffle/js/runtime/builtins/JSCollator$$Lambda$1160
instanceKlass com/oracle/truffle/js/runtime/builtins/JSDataView$$Lambda$1159
instanceKlass com/oracle/truffle/js/runtime/builtins/JSDataView$$Lambda$1158
instanceKlass com/oracle/truffle/js/runtime/builtins/JSDataView$$Lambda$1157
instanceKlass com/oracle/truffle/js/runtime/builtins/JSDataView$$Lambda$1156
instanceKlass com/oracle/truffle/js/runtime/builtins/JSArrayBufferView$$Lambda$1155
instanceKlass com/oracle/truffle/js/runtime/builtins/JSArrayBufferView$$Lambda$1154
instanceKlass com/oracle/truffle/js/runtime/builtins/JSArrayBuffer$$Lambda$1153
instanceKlass com/oracle/truffle/js/builtins/ArrayBufferPrototypeBuiltins$$Lambda$1152
instanceKlass com/oracle/truffle/js/builtins/ArrayBufferFunctionBuiltins$$Lambda$1151
instanceKlass com/oracle/truffle/js/runtime/builtins/JSError$$Lambda$1150
instanceKlass com/oracle/truffle/js/builtins/ErrorFunctionBuiltins$$Lambda$1149
instanceKlass com/oracle/truffle/js/builtins/JSBuiltinsContainer$Switch$1FactoryImpl
instanceKlass com/oracle/truffle/js/builtins/ProxyFunctionBuiltins$$Lambda$1148
instanceKlass com/oracle/truffle/js/runtime/builtins/JSSet$$Lambda$1147
instanceKlass com/oracle/truffle/js/runtime/builtins/JSMap$$Lambda$1146
instanceKlass com/oracle/truffle/js/runtime/builtins/JSSymbol$$Lambda$1145
instanceKlass com/oracle/truffle/js/runtime/util/DefinePropertyUtil
instanceKlass com/oracle/truffle/js/runtime/builtins/JSConstructor
instanceKlass com/oracle/truffle/object/DynamicObjectLibraryImpl$2
instanceKlass com/oracle/truffle/object/DynamicObjectLibraryImpl$1
instanceKlass com/oracle/truffle/object/DynamicObjectLibraryImplGen
instanceKlass com/oracle/truffle/object/DynamicObjectLibraryImpl
instanceKlass com/oracle/truffle/object/DynamicObjectImplGen
instanceKlass org/graalvm/collections/EconomicMapImpl$1
instanceKlass com/oracle/truffle/js/runtime/objects/JSObjectUtil$1
instanceKlass com/oracle/truffle/js/runtime/objects/Accessor
instanceKlass com/oracle/truffle/js/runtime/objects/JSShape$$Lambda$1144
instanceKlass com/oracle/truffle/js/runtime/objects/JSShape$$Lambda$1143
instanceKlass com/oracle/truffle/js/runtime/objects/JSShape$$Lambda$1142
instanceKlass com/oracle/truffle/js/runtime/objects/JSProperty
instanceKlass com/oracle/truffle/api/impl/DefaultVirtualFrame
instanceKlass com/oracle/truffle/api/impl/DefaultMaterializedFrame
instanceKlass com/oracle/truffle/js/runtime/JSArguments
instanceKlass com/oracle/truffle/js/runtime/JSFrameUtil
instanceKlass com/oracle/truffle/object/DynamicObjectSupport
instanceKlass com/oracle/truffle/object/Flags
instanceKlass com/oracle/truffle/js/runtime/objects/JSObjectUtil$$Lambda$1141
instanceKlass com/oracle/truffle/js/runtime/array/DynamicArray$DynamicArrayCache
instanceKlass com/oracle/truffle/js/runtime/array/dyn/AbstractConstantArray$1
instanceKlass com/oracle/truffle/js/runtime/array/dyn/AbstractConstantArray$CreateWritableProfileAccess
instanceKlass com/oracle/truffle/js/runtime/builtins/JSFunctionData$1
instanceKlass com/oracle/truffle/js/nodes/FrameDescriptorProvider
instanceKlass com/oracle/truffle/js/nodes/function/JSBuiltin
instanceKlass com/oracle/truffle/js/runtime/builtins/JSFunctionData$CallTargetInitializer
instanceKlass com/oracle/truffle/js/runtime/builtins/Builtin
instanceKlass com/oracle/truffle/js/builtins/JSBuiltinsContainer$SwitchEnum$1FactoryImpl
instanceKlass com/oracle/truffle/js/runtime/builtins/BuiltinEnum
instanceKlass com/oracle/truffle/js/nodes/function/BuiltinNodeFactory
instanceKlass com/oracle/truffle/js/builtins/JSBuiltinsContainer
instanceKlass com/oracle/truffle/js/runtime/objects/Undefined
instanceKlass com/oracle/truffle/js/runtime/JSRealm$RealmSharedPropertyProxy
instanceKlass org/graalvm/home/HomeFinder
instanceKlass com/oracle/truffle/js/runtime/JSContext$$Lambda$1140
instanceKlass com/oracle/truffle/js/runtime/JSContext$$Lambda$1139
instanceKlass com/oracle/truffle/js/runtime/builtins/JSLocale$InternalState
instanceKlass com/oracle/truffle/js/runtime/builtins/JSDisplayNames$InternalState
instanceKlass com/oracle/truffle/js/runtime/JSContext$$Lambda$1138
instanceKlass com/oracle/truffle/js/runtime/JSContext$$Lambda$1137
instanceKlass com/oracle/truffle/js/runtime/builtins/JSSegmenter$IcuIteratorHelper
instanceKlass com/ibm/icu/text/BreakIterator
instanceKlass com/oracle/truffle/js/runtime/JSRuntime
instanceKlass com/oracle/truffle/js/runtime/builtins/JSSegmenter$InternalState
instanceKlass com/oracle/truffle/js/runtime/builtins/JSRelativeTimeFormat$$Lambda$1136
instanceKlass com/oracle/truffle/js/runtime/builtins/JSListFormat$InternalState
instanceKlass com/oracle/truffle/js/runtime/builtins/JSDateTimeFormat$$Lambda$1135
instanceKlass com/oracle/truffle/js/runtime/builtins/JSDateTimeFormat$InternalState
instanceKlass com/oracle/truffle/js/runtime/builtins/JSDateTimeFormat$$Lambda$1134
instanceKlass com/ibm/icu/util/Calendar
instanceKlass com/oracle/truffle/js/runtime/builtins/JSNumberFormat$$Lambda$1133
instanceKlass com/oracle/truffle/js/runtime/util/LazyValue
instanceKlass com/oracle/truffle/js/runtime/builtins/JSNumberFormat$BasicInternalState
instanceKlass com/ibm/icu/number/Notation
instanceKlass com/ibm/icu/util/MeasureUnit
instanceKlass com/ibm/icu/text/FormattedValue
instanceKlass com/oracle/truffle/js/runtime/builtins/JSCollator$InternalState
instanceKlass com/oracle/truffle/js/runtime/JSContext$$Lambda$1132
instanceKlass com/oracle/truffle/js/runtime/JSContext$$Lambda$1131
instanceKlass com/oracle/truffle/js/runtime/JSContext$$Lambda$1130
instanceKlass com/oracle/truffle/js/runtime/JSContext$$Lambda$1129
instanceKlass com/oracle/truffle/js/runtime/JSContext$$Lambda$1128
instanceKlass com/oracle/truffle/js/runtime/JSContext$$Lambda$1127
instanceKlass com/oracle/truffle/js/runtime/JSContext$$Lambda$1126
instanceKlass com/oracle/truffle/js/runtime/JSContext$$Lambda$1125
instanceKlass com/oracle/truffle/js/runtime/JSContext$$Lambda$1124
instanceKlass com/oracle/truffle/js/runtime/JSContext$$Lambda$1123
instanceKlass com/oracle/truffle/js/runtime/JSContext$$Lambda$1122
instanceKlass com/oracle/truffle/js/runtime/JSContext$$Lambda$1121
instanceKlass com/oracle/truffle/js/runtime/JSContext$$Lambda$1120
instanceKlass com/oracle/truffle/js/runtime/JSContext$$Lambda$1119
instanceKlass com/oracle/truffle/js/runtime/JSContext$$Lambda$1118
instanceKlass com/oracle/truffle/js/runtime/builtins/JSError$1
instanceKlass com/oracle/truffle/js/runtime/JSContext$$Lambda$1117
instanceKlass com/oracle/truffle/js/runtime/JSContext$$Lambda$1116
instanceKlass com/oracle/truffle/js/runtime/array/ScriptArray$1
instanceKlass com/oracle/truffle/js/runtime/array/ScriptArray$SetLengthProfileAccess
instanceKlass com/oracle/truffle/js/runtime/array/ScriptArray$ProfileAccess
instanceKlass com/oracle/truffle/js/runtime/JSAgentWaiterList
instanceKlass com/oracle/truffle/js/runtime/util/JSHashMap
instanceKlass com/oracle/truffle/js/runtime/builtins/JSRegExp$1
instanceKlass com/oracle/truffle/js/runtime/builtins/JSRegExp$LazyRegexResultIndexProxyProperty
instanceKlass com/oracle/truffle/js/runtime/builtins/JSString$StringLengthProxyProperty
instanceKlass com/oracle/truffle/js/runtime/BigInt
instanceKlass com/oracle/truffle/js/runtime/JSContext$$Lambda$1115
instanceKlass com/oracle/truffle/js/runtime/JSContext$$Lambda$1114
instanceKlass com/oracle/truffle/js/runtime/builtins/JSArray$ArrayLengthProxyProperty
instanceKlass com/oracle/truffle/js/runtime/array/ArrayAllocationSite
instanceKlass com/oracle/truffle/js/runtime/array/ScriptArray
instanceKlass com/oracle/truffle/object/TransitionMap
instanceKlass com/oracle/truffle/js/runtime/builtins/JSFunction$CallerProxyProperty
instanceKlass com/oracle/truffle/js/runtime/builtins/JSFunction$ArgumentsProxyProperty
instanceKlass com/oracle/truffle/js/runtime/builtins/JSFunction$FunctionNamePropertyProxy
instanceKlass com/oracle/truffle/js/runtime/builtins/JSFunction$FunctionLengthPropertyProxy
instanceKlass com/oracle/truffle/js/runtime/builtins/JSFunction$ClassPrototypeProxyProperty
instanceKlass com/oracle/truffle/js/runtime/builtins/JSFunctionFactory
instanceKlass com/oracle/truffle/js/runtime/builtins/JSObjectFactory$IntrinsicBuilder
instanceKlass com/oracle/truffle/js/runtime/JSContext$$Lambda$1113
instanceKlass com/oracle/truffle/js/runtime/util/CompilableBiFunction
instanceKlass com/oracle/truffle/js/nodes/access/GetPrototypeNodeGen$CachedShapeData
instanceKlass com/oracle/truffle/js/nodes/cast/JSToObjectNodeGen$JSObjectCheckShapeData
instanceKlass com/oracle/truffle/js/nodes/cast/JSToObjectNodeGen$JSObjectNoCheckShapeData
instanceKlass com/oracle/truffle/js/nodes/JSNodeUtil
instanceKlass com/oracle/truffle/js/runtime/builtins/JSFunctionData
instanceKlass com/oracle/truffle/api/nodes/NodeCloneable
instanceKlass com/oracle/truffle/api/nodes/NodeClassImpl$1
instanceKlass com/oracle/truffle/api/nodes/Node$Children
instanceKlass com/oracle/truffle/api/CompilerDirectives$CompilationFinal
instanceKlass com/oracle/truffle/api/nodes/Node$Child
instanceKlass com/oracle/truffle/api/nodes/NodeFieldAccessor
instanceKlass com/oracle/truffle/api/nodes/NodeClassImpl$NodeFieldFilter
instanceKlass com/oracle/truffle/api/nodes/NodeClass$1$1
instanceKlass com/oracle/truffle/api/nodes/NodeClass
instanceKlass com/oracle/truffle/api/nodes/NodeUtil
instanceKlass com/oracle/truffle/api/impl/DefaultCallTarget
instanceKlass com/oracle/truffle/api/frame/FrameDescriptor
instanceKlass com/oracle/truffle/api/nodes/ExecutableNode$ReferenceCache
instanceKlass com/oracle/truffle/js/runtime/builtins/JSObjectFactory
instanceKlass com/oracle/truffle/object/ShapeImpl$DynamicObjectFactoryImpl
instanceKlass com/oracle/truffle/object/LinkedImmutableMap$LinkedIterator
instanceKlass com/oracle/truffle/js/runtime/objects/JSAttributes
instanceKlass com/oracle/truffle/js/runtime/Symbol
instanceKlass com/oracle/truffle/js/nodes/function/FunctionNameHolder
instanceKlass com/oracle/truffle/js/runtime/builtins/JSFunctionData$Initializer
instanceKlass com/oracle/truffle/js/runtime/JavaScriptFunctionCallNode
instanceKlass com/oracle/truffle/api/nodes/RepeatingNode
instanceKlass com/oracle/truffle/js/nodes/control/SuspendNode
instanceKlass com/oracle/truffle/js/nodes/ReadNode
instanceKlass com/oracle/truffle/js/nodes/access/WriteNode
instanceKlass com/oracle/truffle/js/nodes/RepeatableNode
instanceKlass com/oracle/truffle/js/nodes/NodeFactory
instanceKlass com/oracle/truffle/object/TriePropertyMap$LinkedPropertyEntry
instanceKlass com/oracle/truffle/object/TrieNode
instanceKlass com/oracle/truffle/object/LinkedImmutableMap$LinkedEntry
instanceKlass com/oracle/truffle/object/LinkedImmutableMap
instanceKlass com/oracle/truffle/object/DebugCounter
instanceKlass com/oracle/truffle/object/ShapeImpl$PropertyAssumptions
instanceKlass com/oracle/truffle/object/PropertyMap
instanceKlass com/oracle/truffle/object/ImmutableMap
instanceKlass com/oracle/truffle/api/object/DynamicObjectFactory
instanceKlass com/oracle/truffle/js/runtime/objects/Null
instanceKlass com/oracle/truffle/js/runtime/util/DebugCounter
instanceKlass com/oracle/truffle/js/runtime/objects/JSSharedData
instanceKlass com/oracle/truffle/api/object/ShapeListener
instanceKlass com/oracle/truffle/js/runtime/objects/JSShape
instanceKlass com/oracle/truffle/js/runtime/objects/JSObjectUtil
instanceKlass com/oracle/truffle/object/ObjectStorageOptions
instanceKlass com/oracle/truffle/object/CoreLocations$BooleanLocation
instanceKlass com/oracle/truffle/api/object/BooleanLocation
instanceKlass com/oracle/truffle/object/CoreLocations$DoubleLocation
instanceKlass com/oracle/truffle/api/object/DoubleLocation
instanceKlass com/oracle/truffle/object/CoreLocations$IntLocation
instanceKlass com/oracle/truffle/api/object/IntLocation
instanceKlass com/oracle/truffle/object/CoreLocations
instanceKlass com/oracle/truffle/object/DefaultStrategy$1
instanceKlass com/oracle/truffle/api/object/LocationFactory
instanceKlass com/oracle/truffle/object/Transition
instanceKlass com/oracle/truffle/object/LayoutStrategy
instanceKlass com/oracle/truffle/api/object/Layout$Access
instanceKlass com/oracle/truffle/object/CoreLocations$LongLocation
instanceKlass com/oracle/truffle/api/object/LongLocation
instanceKlass com/oracle/truffle/object/LocationImpl$LocationVisitor
instanceKlass com/oracle/truffle/api/object/Shape$Allocator
instanceKlass com/oracle/truffle/object/CoreLocations$ObjectLocation
instanceKlass com/oracle/truffle/api/object/ObjectLocation
instanceKlass com/oracle/truffle/object/CoreLocations$TypedLocation
instanceKlass com/oracle/truffle/api/object/TypedLocation
instanceKlass com/oracle/truffle/api/object/Location
instanceKlass com/oracle/truffle/api/object/Layout$Builder
instanceKlass com/oracle/truffle/api/object/Property
instanceKlass com/oracle/truffle/object/CoreLayoutFactory
instanceKlass com/oracle/truffle/api/object/LayoutFactory
instanceKlass com/oracle/truffle/api/object/Layout
instanceKlass com/oracle/truffle/js/runtime/objects/JSObject
instanceKlass com/oracle/truffle/api/object/Shape
instanceKlass com/oracle/truffle/js/runtime/objects/JSPrototypeData
instanceKlass com/oracle/truffle/js/runtime/JSContext$$Lambda$1112
instanceKlass com/oracle/truffle/js/runtime/JSContext$$Lambda$1111
instanceKlass com/oracle/truffle/js/runtime/JSContext$$Lambda$1110
instanceKlass com/oracle/truffle/js/runtime/JSContext$$Lambda$1109
instanceKlass com/oracle/truffle/js/runtime/util/CompilableFunction
instanceKlass com/oracle/truffle/js/runtime/objects/JSModuleLoader
instanceKlass com/oracle/truffle/js/runtime/objects/PropertyProxy
instanceKlass com/oracle/truffle/api/object/DynamicObject
instanceKlass com/oracle/truffle/js/runtime/JSRealm
instanceKlass com/oracle/truffle/js/runtime/JSAgent
instanceKlass com/oracle/truffle/js/runtime/EcmaAgent
instanceKlass com/oracle/truffle/js/runtime/builtins/JSConstructorFactory$Default$WithSpecies
instanceKlass com/oracle/truffle/js/runtime/builtins/JSConstructorFactory$Default
instanceKlass com/oracle/truffle/js/runtime/builtins/JSConstructorFactory$WithFunctionsAndSpecies
instanceKlass com/oracle/truffle/js/runtime/builtins/JSConstructorFactory$WithFunctions
instanceKlass com/oracle/truffle/js/runtime/builtins/JSConstructorFactory
instanceKlass com/oracle/truffle/js/runtime/builtins/PrototypeSupplier
instanceKlass com/oracle/truffle/api/object/ObjectType
instanceKlass com/oracle/truffle/js/runtime/JSContext
instanceKlass com/oracle/truffle/js/runtime/JSContextOptions$$Lambda$1108
instanceKlass com/oracle/truffle/js/runtime/JSContextOptions$$Lambda$1107
instanceKlass com/oracle/truffle/js/runtime/JSContextOptions$$Lambda$1106
instanceKlass com/oracle/truffle/js/runtime/JSContextOptions$$Lambda$1105
instanceKlass com/oracle/truffle/js/runtime/JSContextOptions$$Lambda$1104
instanceKlass com/oracle/truffle/api/utilities/CyclicAssumption
instanceKlass com/oracle/truffle/js/runtime/JSParserOptions
instanceKlass com/oracle/truffle/api/object/HiddenKey
instanceKlass com/oracle/truffle/js/parser/env/Environment
instanceKlass com/oracle/truffle/js/runtime/objects/ScriptOrModule
instanceKlass com/oracle/truffle/js/parser/GraalJSEvaluator
instanceKlass com/oracle/truffle/js/parser/JSParser
instanceKlass com/oracle/truffle/js/runtime/Evaluator
instanceKlass com/oracle/truffle/js/runtime/JSEngine
instanceKlass org/graalvm/collections/EconomicMapImpl$SparseMapIterator
instanceKlass org/graalvm/collections/EconomicMapImpl$CollisionLink
instanceKlass com/oracle/truffle/api/source/SourceImpl$SourceId
instanceKlass com/oracle/truffle/api/source/InternedSources
instanceKlass org/graalvm/polyglot/io/ByteArraySequence
instanceKlass com/oracle/truffle/api/source/SourceImpl$Key
instanceKlass org/graalvm/polyglot/io/ByteSequence
instanceKlass com/oracle/truffle/api/source/Source
instanceKlass org/graalvm/polyglot/SourceSection
instanceKlass org/graalvm/polyglot/Source$Builder
instanceKlass org/graalvm/polyglot/Source
instanceKlass com/oracle/truffle/polyglot/HostLanguage$HostContext
instanceKlass java/util/WeakHashMap$HashIterator
instanceKlass com/oracle/truffle/api/TruffleFile
instanceKlass com/oracle/truffle/api/TruffleFile$FileSystemContext
instanceKlass com/oracle/truffle/polyglot/PolyglotLanguageContext$PolyglotUncaughtExceptionHandler
instanceKlass com/oracle/truffle/polyglot/PolyglotLanguageContext$Lazy
instanceKlass com/oracle/truffle/api/instrumentation/InstrumentationHandler$AbstractAsyncCollection$1
instanceKlass com/oracle/truffle/api/instrumentation/AllocationReporter
instanceKlass com/oracle/truffle/api/TruffleLanguage$Env
instanceKlass com/oracle/truffle/polyglot/PolyglotLanguage$1
instanceKlass com/oracle/truffle/polyglot/PolyglotLanguageContext
instanceKlass com/oracle/truffle/api/TruffleContext
instanceKlass com/oracle/truffle/polyglot/PolyglotBindings
instanceKlass com/oracle/truffle/polyglot/PolyglotThreadInfo
instanceKlass com/oracle/truffle/polyglot/PolyglotContextImpl$SingleContextState
instanceKlass com/oracle/truffle/api/TruffleLogger$LoggerCache$LoggerNode
instanceKlass com/oracle/truffle/polyglot/PolyglotLoggers$LoggerCacheImpl
instanceKlass com/oracle/truffle/api/TruffleLogger$LoggerCache
instanceKlass com/oracle/truffle/api/TruffleLogger
instanceKlass com/oracle/truffle/api/instrumentation/InstrumentableNode
instanceKlass com/oracle/truffle/js/nodes/control/ResumableNode
instanceKlass com/oracle/truffle/js/nodes/access/InitErrorObjectNodeFactory
instanceKlass com/oracle/truffle/api/dsl/Introspection$Provider
instanceKlass com/oracle/truffle/api/TruffleStackTraceElement
instanceKlass com/oracle/truffle/api/frame/FrameInstanceVisitor
instanceKlass com/oracle/truffle/js/runtime/GraalJSException$JSStackTraceElement
instanceKlass com/oracle/truffle/js/runtime/Errors
instanceKlass com/oracle/truffle/js/runtime/JSConfig
instanceKlass org/graalvm/options/OptionDescriptorsMap
instanceKlass org/graalvm/options/OptionDescriptor$Builder
instanceKlass org/graalvm/options/OptionDescriptor
instanceKlass com/oracle/truffle/js/runtime/JSContextOptionsOptionDescriptors
instanceKlass com/oracle/truffle/js/runtime/JSContextOptions$3
instanceKlass com/oracle/truffle/js/runtime/JSContextOptions$2
instanceKlass com/oracle/truffle/js/runtime/JSContextOptions$1
instanceKlass com/oracle/truffle/js/runtime/JSContextOptions
instanceKlass com/oracle/truffle/polyglot/PolyglotSourceCache
instanceKlass com/oracle/truffle/polyglot/PolyglotLanguageInstance
instanceKlass com/oracle/truffle/polyglot/PolyglotContextConfig
instanceKlass com/oracle/truffle/polyglot/ProcessHandlers$DefaultProcessHandler
instanceKlass org/graalvm/polyglot/io/ProcessHandler
instanceKlass com/oracle/truffle/polyglot/ProcessHandlers
instanceKlass com/oracle/truffle/polyglot/FileSystems$NIOFileSystem
instanceKlass java/nio/file/spi/FileSystemProvider$1
instanceKlass com/oracle/truffle/polyglot/FileSystems$InvalidFileSystem
instanceKlass com/oracle/truffle/polyglot/FileSystems$InternalFileSystem
instanceKlass com/oracle/truffle/polyglot/FileSystems
instanceKlass com/oracle/truffle/polyglot/PolyglotTargetMapping
instanceKlass com/oracle/truffle/polyglot/HostClassCache
instanceKlass org/graalvm/polyglot/EnvironmentAccess
instanceKlass org/graalvm/polyglot/PolyglotAccess
instanceKlass org/graalvm/polyglot/HostAccess$Implementable
instanceKlass org/graalvm/polyglot/HostAccess$Export
instanceKlass org/graalvm/polyglot/HostAccess$Builder
instanceKlass org/graalvm/polyglot/HostAccess
instanceKlass org/graalvm/polyglot/Context$Builder
instanceKlass org/graalvm/polyglot/Context$3
instanceKlass org/graalvm/polyglot/Context$2
instanceKlass org/graalvm/polyglot/Context$1
instanceKlass org/graalvm/polyglot/Context
instanceKlass com/oracle/truffle/polyglot/PolyglotEngineImpl$PolyglotShutDownHook
instanceKlass com/oracle/truffle/polyglot/PolyglotEngineOptions
instanceKlass com/oracle/truffle/polyglot/OptionValuesImpl
instanceKlass org/graalvm/options/UnionOptionDescriptors
instanceKlass org/graalvm/options/OptionDescriptors$1
instanceKlass com/oracle/truffle/polyglot/PolyglotEngineOptionsOptionDescriptors
instanceKlass org/graalvm/options/OptionDescriptors
instanceKlass org/graalvm/polyglot/Instrument
instanceKlass com/oracle/truffle/api/InstrumentInfo
instanceKlass com/oracle/truffle/polyglot/InstrumentCache$1
instanceKlass com/oracle/truffle/tools/profiler/impl/MemoryTracerInstrumentProvider
instanceKlass com/oracle/truffle/tools/profiler/impl/HeapMonitorInstrumentProvider
instanceKlass com/oracle/truffle/tools/profiler/impl/CPUSamplerInstrumentProvider
instanceKlass com/oracle/truffle/tools/profiler/impl/CPUTracerInstrumentProvider
instanceKlass com/oracle/truffle/api/instrumentation/TruffleInstrument$Registration
instanceKlass com/oracle/truffle/api/debug/impl/DebuggerInstrumentProvider
instanceKlass com/oracle/truffle/api/instrumentation/TruffleInstrument$Provider
instanceKlass com/oracle/truffle/polyglot/InstrumentCache$InstrumentReflection
instanceKlass com/oracle/truffle/api/instrumentation/TruffleInstrument
instanceKlass com/oracle/truffle/polyglot/InstrumentCache$Loader
instanceKlass com/oracle/truffle/polyglot/InstrumentCache
instanceKlass org/graalvm/polyglot/Language
instanceKlass com/oracle/truffle/polyglot/PolyglotReferences
instanceKlass com/oracle/truffle/api/nodes/LanguageInfo
instanceKlass com/oracle/truffle/api/utilities/NeverValidAssumption
instanceKlass com/oracle/truffle/polyglot/PolyglotLanguage$ContextProfile
instanceKlass com/oracle/truffle/api/TruffleFile$FileTypeDetector
instanceKlass com/oracle/truffle/regex/RegexLanguageProvider
instanceKlass com/oracle/truffle/api/instrumentation/Tag
instanceKlass com/oracle/truffle/api/instrumentation/ProvidedTags
instanceKlass com/oracle/truffle/api/dsl/GeneratedBy
instanceKlass com/oracle/truffle/api/TruffleLanguage$Registration
instanceKlass com/oracle/truffle/js/lang/JavaScriptLanguageProvider
instanceKlass com/oracle/truffle/api/TruffleLanguage$Provider
instanceKlass com/oracle/truffle/polyglot/LanguageCache$LanguageReflection
instanceKlass com/oracle/truffle/polyglot/LanguageCache$Loader
instanceKlass com/oracle/truffle/api/TruffleLanguage
instanceKlass com/oracle/truffle/polyglot/LanguageCache
instanceKlass com/oracle/truffle/api/instrumentation/LoadSourceSectionListener
instanceKlass java/util/concurrent/atomic/AtomicReferenceArray
instanceKlass com/oracle/truffle/api/instrumentation/EventBinding
instanceKlass com/oracle/truffle/api/instrumentation/Instrumenter
instanceKlass com/oracle/truffle/api/instrumentation/InstrumentationHandler
instanceKlass org/graalvm/collections/MapCursor
instanceKlass org/graalvm/collections/UnmodifiableMapCursor
instanceKlass org/graalvm/collections/EconomicMapImpl
instanceKlass org/graalvm/collections/EconomicMap
instanceKlass org/graalvm/collections/UnmodifiableEconomicMap
instanceKlass org/graalvm/collections/EconomicSet
instanceKlass org/graalvm/collections/Equivalence
instanceKlass org/graalvm/options/OptionType$9
instanceKlass org/graalvm/options/OptionType$8
instanceKlass org/graalvm/options/OptionType$7
instanceKlass org/graalvm/options/OptionType$6
instanceKlass org/graalvm/options/OptionType$5
instanceKlass org/graalvm/options/OptionType$4
instanceKlass org/graalvm/options/OptionType$2
instanceKlass org/graalvm/options/OptionType$3
instanceKlass org/graalvm/options/OptionType$1
instanceKlass org/graalvm/options/OptionType$Converter
instanceKlass org/graalvm/options/OptionType
instanceKlass org/graalvm/options/OptionKey
instanceKlass com/oracle/truffle/polyglot/ImageBuildTimeOptions
instanceKlass org/graalvm/polyglot/impl/AbstractPolyglotImpl$AbstractLanguageImpl
instanceKlass org/graalvm/polyglot/impl/AbstractPolyglotImpl$AbstractInstrumentImpl
instanceKlass org/graalvm/polyglot/io/FileSystem
instanceKlass org/graalvm/options/OptionValues
instanceKlass org/graalvm/collections/UnmodifiableEconomicSet
instanceKlass com/oracle/truffle/polyglot/PolyglotLoggers$LoggerCache
instanceKlass com/oracle/truffle/polyglot/PolyglotLoggers
instanceKlass com/oracle/truffle/api/impl/AbstractAssumption
instanceKlass com/oracle/truffle/api/interop/DefaultDoubleExportsGen
instanceKlass com/oracle/truffle/api/interop/DefaultDoubleExports
instanceKlass com/oracle/truffle/api/interop/DefaultFloatExportsGen
instanceKlass com/oracle/truffle/api/interop/DefaultFloatExports
instanceKlass com/oracle/truffle/api/interop/DefaultLongExportsGen
instanceKlass com/oracle/truffle/api/interop/DefaultLongExports
instanceKlass com/oracle/truffle/api/interop/DefaultIntegerExportsGen
instanceKlass com/oracle/truffle/api/interop/DefaultIntegerExports
instanceKlass com/oracle/truffle/api/interop/DefaultShortExportsGen
instanceKlass com/oracle/truffle/api/interop/DefaultShortExports
instanceKlass com/oracle/truffle/api/interop/DefaultByteExportsGen
instanceKlass com/oracle/truffle/api/interop/DefaultByteExports
instanceKlass com/oracle/truffle/api/interop/DefaultCharacterExportsGen
instanceKlass com/oracle/truffle/api/interop/DefaultCharacterExports
instanceKlass com/oracle/truffle/api/interop/DefaultStringExportsGen
instanceKlass com/oracle/truffle/api/interop/DefaultStringExports
instanceKlass com/oracle/truffle/api/interop/DefaultBooleanExportsGen
instanceKlass com/oracle/truffle/api/interop/DefaultBooleanExports
instanceKlass com/oracle/truffle/api/library/ExportLibrary$Repeat
instanceKlass sun/reflect/annotation/AnnotationSupport
instanceKlass com/oracle/truffle/api/library/ExportLibrary
instanceKlass org/graalvm/polyglot/Value
instanceKlass com/oracle/truffle/api/CompilerAsserts
instanceKlass com/oracle/truffle/api/CompilerDirectives
instanceKlass com/oracle/truffle/api/TruffleOptions$1GetOptions
instanceKlass com/oracle/truffle/api/TruffleOptions
instanceKlass com/oracle/truffle/api/library/LibraryFactory$ResolvedDispatch
instanceKlass com/oracle/truffle/api/library/LibraryFactory$1
instanceKlass com/oracle/truffle/polyglot/EngineAccessor$AbstractClassLoaderSupplier
instanceKlass com/oracle/truffle/api/impl/DefaultTruffleRuntime$Loader
instanceKlass com/oracle/truffle/api/impl/TruffleLocator
instanceKlass com/oracle/truffle/object/DynamicObjectLibraryImplGen$DynamicObjectLibraryProvider
instanceKlass com/oracle/truffle/api/impl/Accessor$RuntimeSupport
instanceKlass com/oracle/truffle/api/impl/TVMCI
instanceKlass com/oracle/truffle/api/Assumption
instanceKlass com/oracle/truffle/api/RootCallTarget
instanceKlass com/oracle/truffle/api/frame/FrameInstance
instanceKlass com/oracle/truffle/api/frame/MaterializedFrame
instanceKlass com/oracle/truffle/api/CompilerOptions
instanceKlass com/oracle/truffle/api/impl/TVMCI$Test
instanceKlass com/oracle/truffle/api/impl/DefaultTruffleRuntime
instanceKlass com/oracle/truffle/api/impl/TruffleJDKServices
instanceKlass com/oracle/truffle/api/TruffleRuntimeAccess
instanceKlass com/oracle/truffle/api/TruffleRuntime
instanceKlass com/oracle/truffle/api/Truffle$1
instanceKlass com/oracle/truffle/api/Truffle
instanceKlass org/graalvm/polyglot/impl/AbstractPolyglotImpl$AbstractContextImpl
instanceKlass com/oracle/truffle/api/frame/VirtualFrame
instanceKlass com/oracle/truffle/api/frame/Frame
instanceKlass com/oracle/truffle/api/impl/Accessor$Support
instanceKlass com/oracle/truffle/api/impl/Accessor$Constants
instanceKlass com/oracle/truffle/api/impl/Accessor$JDKSupport
instanceKlass com/oracle/truffle/api/impl/Accessor
instanceKlass com/oracle/truffle/api/library/GenerateLibrary
instanceKlass com/oracle/truffle/api/source/SourceSection
instanceKlass com/oracle/truffle/api/library/Message
instanceKlass com/oracle/truffle/api/library/DefaultExportProvider
instanceKlass com/oracle/truffle/api/library/LibraryExport
instanceKlass com/oracle/truffle/api/library/LibraryFactory
instanceKlass com/oracle/truffle/api/TruffleLanguage$LanguageReference
instanceKlass com/oracle/truffle/api/TruffleLanguage$ContextReference
instanceKlass com/oracle/truffle/api/nodes/NodeVisitor
instanceKlass com/oracle/truffle/api/CallTarget
instanceKlass com/oracle/truffle/api/nodes/Node
instanceKlass com/oracle/truffle/api/nodes/NodeInterface
instanceKlass com/oracle/truffle/polyglot/HostObject
instanceKlass com/oracle/truffle/api/interop/TruffleObject
instanceKlass com/oracle/truffle/api/instrumentation/ExecutionEventNodeFactory
instanceKlass com/oracle/truffle/api/instrumentation/SourceSectionFilter$SourcePredicate
instanceKlass com/oracle/truffle/api/source/Source$SourceBuilder
instanceKlass org/graalvm/polyglot/impl/AbstractPolyglotImpl$AbstractSourceImpl
instanceKlass com/oracle/truffle/polyglot/PolyglotImpl$VMObject
instanceKlass org/graalvm/polyglot/impl/AbstractPolyglotImpl$AbstractEngineImpl
instanceKlass org/graalvm/polyglot/impl/AbstractPolyglotImpl$AbstractExceptionImpl
instanceKlass com/oracle/truffle/api/TruffleException
instanceKlass org/graalvm/polyglot/impl/AbstractPolyglotImpl$AbstractSourceSectionImpl
instanceKlass org/graalvm/polyglot/impl/AbstractPolyglotImpl$AbstractManagementImpl
instanceKlass org/graalvm/polyglot/impl/AbstractPolyglotImpl$AbstractValueImpl
instanceKlass org/graalvm/polyglot/impl/AbstractPolyglotImpl$APIAccess
instanceKlass org/graalvm/polyglot/Engine$1
instanceKlass org/graalvm/polyglot/Engine$ImplHolder
instanceKlass org/graalvm/polyglot/Engine$Builder
instanceKlass org/graalvm/polyglot/impl/AbstractPolyglotImpl
instanceKlass org/graalvm/polyglot/Engine
instanceKlass ai/pelican/camel/js/engine/JSEngineGraal$EngineObject
instanceKlass ai/pelican/camel/authentication/AuthenticationDetails
instanceKlass org/springframework/dao/support/DataAccessUtils
instanceKlass com/zaxxer/hikari/pool/ProxyConnection$ClosedConnection$$Lambda$1103
instanceKlass java/lang/invoke/LambdaForm$DMH
instanceKlass com/zaxxer/hikari/pool/ProxyConnection$ClosedConnection
instanceKlass org/springframework/jdbc/datasource/SmartDataSource
instanceKlass java/sql/Types
instanceKlass org/springframework/jdbc/support/JdbcUtils
instanceKlass oracle/jdbc/driver/OracleResultSetMetaData
instanceKlass oracle/jdbc/internal/OracleResultSetMetaData
instanceKlass oracle/jdbc/OracleResultSetMetaData
instanceKlass com/zaxxer/hikari/pool/ProxyResultSet
instanceKlass oracle/jdbc/driver/T4C8Oall$1
instanceKlass oracle/jdbc/driver/T4CMarshaller
instanceKlass oracle/jdbc/internal/OracleStruct
instanceKlass oracle/jdbc/OracleStruct
instanceKlass oracle/jdbc/internal/OracleRef
instanceKlass oracle/jdbc/OracleRef
instanceKlass oracle/jdbc/internal/OracleOpaque
instanceKlass oracle/jdbc/OracleOpaque
instanceKlass oracle/jdbc/internal/OracleArray
instanceKlass oracle/jdbc/OracleArray
instanceKlass java/sql/Ref
instanceKlass oracle/jdbc/driver/Redirector
instanceKlass oracle/jdbc/driver/Representation
instanceKlass java/time/temporal/TemporalQueries$$Lambda$1102
instanceKlass java/time/temporal/TemporalQueries$$Lambda$1101
instanceKlass java/time/temporal/TemporalQueries$$Lambda$1100
instanceKlass java/time/temporal/TemporalQueries$$Lambda$1099
instanceKlass java/time/temporal/TemporalQueries$$Lambda$1098
instanceKlass java/time/temporal/TemporalQueries$$Lambda$1097
instanceKlass java/time/temporal/TemporalQueries$$Lambda$1096
instanceKlass java/time/temporal/TemporalQueries
instanceKlass oracle/jdbc/internal/OracleRowId
instanceKlass oracle/jdbc/internal/OracleTimestampWithTimeZone
instanceKlass oracle/jdbc/internal/OracleTimestamp
instanceKlass oracle/jdbc/internal/OracleDate
instanceKlass oracle/jdbc/internal/OracleNumber
instanceKlass oracle/jdbc/driver/AccessorPrototype
instanceKlass oracle/jdbc/driver/T4CTTIoac
instanceKlass oracle/jdbc/driver/T4CTTIrxd$BitSet
instanceKlass oracle/jdbc/driver/OracleSql$1
instanceKlass com/zaxxer/hikari/pool/ProxyStatement
instanceKlass oracle/jdbc/driver/OracleClosedStatement
instanceKlass oracle/jdbc/driver/OracleStatementWrapper
instanceKlass oracle/jdbc/driver/DynamicByteArray$1
instanceKlass oracle/jdbc/driver/OracleSqlReadOnly
instanceKlass oracle/jdbc/driver/OracleSql
instanceKlass oracle/jdbc/driver/CancelState
instanceKlass oracle/jdbc/driver/CancelLock
instanceKlass oracle/jdbc/driver/T4CAccessor
instanceKlass oracle/jdbc/driver/ByteArray
instanceKlass oracle/jdbc/driver/GeneratedAccessor
instanceKlass java/sql/RowId
instanceKlass oracle/jdbc/driver/GeneratedResultSet
instanceKlass oracle/jdbc/internal/OracleResultSet
instanceKlass oracle/jdbc/OracleResultSet
instanceKlass com/zaxxer/hikari/pool/ProxyConnection
instanceKlass com/zaxxer/hikari/pool/ProxyFactory
instanceKlass com/zaxxer/hikari/pool/ProxyLeakTask
instanceKlass com/zaxxer/hikari/pool/HikariPool$HouseKeeper
instanceKlass com/zaxxer/hikari/pool/ProxyLeakTaskFactory
instanceKlass java/util/concurrent/ThreadPoolExecutor$CallerRunsPolicy
instanceKlass com/zaxxer/hikari/pool/PoolBase$NopMetricsTrackerDelegate
instanceKlass com/zaxxer/hikari/pool/HikariPool$$Lambda$1095
instanceKlass oracle/jdbc/driver/PhysicalConnection$2
instanceKlass oracle/jdbc/driver/PhysicalConnection$6
instanceKlass oracle/jdbc/internal/KeywordValue
instanceKlass oracle/net/aso/af
instanceKlass oracle/net/aso/x
instanceKlass oracle/net/aso/h
instanceKlass oracle/net/aso/e
instanceKlass oracle/net/aso/z
instanceKlass oracle/net/aso/c
instanceKlass oracle/net/aso/m
instanceKlass com/sun/crypto/provider/PBKDF2KeyImpl$1
instanceKlass javax/crypto/MacSpi
instanceKlass javax/crypto/Mac
instanceKlass com/sun/crypto/provider/PBKDF2KeyImpl
instanceKlass javax/crypto/interfaces/PBEKey
instanceKlass javax/crypto/spec/PBEKeySpec
instanceKlass oracle/jdbc/driver/T4CKvaldfList
instanceKlass oracle/sql/TableClass
instanceKlass oracle/sql/ZONEIDMAP
instanceKlass oracle/jdbc/driver/T4CTTIaqjms
instanceKlass oracle/jdbc/aq/AQAgent
instanceKlass oracle/jdbc/driver/T4CTTIaqm
instanceKlass oracle/jdbc/driver/T4CTTIksnp
instanceKlass oracle/jdbc/driver/T4Ctoh
instanceKlass oracle/jdbc/oracore/OracleType
instanceKlass com/hazelcast/internal/networking/nio/NioNetworking$PublishAllTask$$Lambda$1094
instanceKlass com/hazelcast/internal/networking/nio/NioNetworking$PublishAllTask$$Lambda$1093
instanceKlass javax/crypto/SecretKeyFactorySpi
instanceKlass javax/crypto/SecretKeyFactory
instanceKlass oracle/security/o5logon/O5Logon
instanceKlass oracle/sql/converter/CharacterSetMetaData$1
instanceKlass oracle/sql/converter/CharacterSetMetaData$JdbcCharacterSetMetaData
instanceKlass com/hazelcast/cluster/impl/AbstractMember
instanceKlass com/hazelcast/core/HazelcastInstanceAware
instanceKlass com/hazelcast/cluster/impl/MemberImpl$Builder
instanceKlass oracle/sql/converter/InternalCharacterSetMetaData
instanceKlass com/hazelcast/instance/EndpointQualifier$1
instanceKlass oracle/sql/converter/CharacterSetMetaData
instanceKlass com/hazelcast/client/impl/protocol/codec/custom/EndpointQualifierCodec$$Lambda$1088
instanceKlass java/io/ObjectStreamClass$ExceptionInfo
instanceKlass java/io/ObjectStreamClass$ClassDataSlot
instanceKlass java/io/ObjectStreamClass$FieldReflector
instanceKlass java/io/ObjectStreamClass$3
instanceKlass java/io/ObjectStreamClass$EntryFuture
instanceKlass java/io/ObjectStreamClass$Caches
instanceKlass java/io/ObjectStreamClass$1
instanceKlass java/io/ObjectStreamClass
instanceKlass java/io/Bits
instanceKlass sun/misc/ObjectInputFilter$Config$$Lambda$1092
instanceKlass sun/misc/ObjectInputFilter
instanceKlass sun/misc/ObjectInputFilter$Config
instanceKlass java/io/ObjectInputStream$ValidationList
instanceKlass java/io/ObjectInputStream$HandleTable$HandleList
instanceKlass java/io/ObjectInputStream$HandleTable
instanceKlass java/io/ObjectInputStream$$Lambda$1091
instanceKlass sun/misc/JavaObjectInputStreamReadString
instanceKlass java/io/ObjectInputStream$$Lambda$1090
instanceKlass sun/misc/JavaObjectInputStreamAccess
instanceKlass sun/misc/ObjectStreamClassValidator
instanceKlass java/io/ObjectInputStream$1
instanceKlass sun/misc/JavaOISAccess
instanceKlass oracle/sql/ConverterArchive
instanceKlass oracle/sql/converter/CharacterConverterJDBC
instanceKlass oracle/sql/converter/JdbcCharacterConverters
instanceKlass oracle/sql/CharacterSet$$Lambda$1089
instanceKlass java/lang/invoke/LambdaForm$DMH
instanceKlass oracle/sql/CharacterRepConstants
instanceKlass oracle/sql/CharacterSetFactory
instanceKlass oracle/sql/converter/CharacterConverterFactory
instanceKlass oracle/sql/CharacterSet
instanceKlass oracle/jdbc/driver/DBConversion
instanceKlass oracle/jdbc/driver/T4CTypeRep
instanceKlass oracle/net/ns/SessionAtts$$Lambda$1087
instanceKlass oracle/net/ns/NetworkCompressionCodec
instanceKlass com/hazelcast/client/impl/protocol/codec/custom/MemberInfoCodec$$Lambda$1086
instanceKlass com/hazelcast/client/impl/protocol/codec/custom/MemberInfoCodec$$Lambda$1085
instanceKlass com/hazelcast/client/impl/protocol/codec/custom/EndpointQualifierCodec
instanceKlass com/hazelcast/version/MajorMinorVersionComparator
instanceKlass com/hazelcast/version/MemberVersion
instanceKlass com/hazelcast/client/impl/protocol/codec/custom/MemberVersionCodec
instanceKlass com/hazelcast/client/impl/protocol/codec/builtin/MapCodec
instanceKlass com/hazelcast/client/impl/protocol/codec/custom/MemberInfoCodec$$Lambda$1084
instanceKlass com/hazelcast/client/impl/protocol/codec/custom/MemberInfoCodec$$Lambda$1083
instanceKlass com/hazelcast/client/impl/protocol/codec/ClientAddClusterViewListenerCodec$AbstractEventHandler$$Lambda$1082
instanceKlass com/hazelcast/internal/cluster/MemberInfo
instanceKlass com/hazelcast/client/impl/protocol/codec/custom/MemberInfoCodec
instanceKlass oracle/net/nt/Clock
instanceKlass oracle/net/ns/Packet
instanceKlass javax/security/auth/login/Configuration
instanceKlass oracle/jdbc/driver/BuildInfo
instanceKlass oracle/net/ano/Service
instanceKlass oracle/net/ano/AnoComm
instanceKlass oracle/net/ano/Ano
instanceKlass oracle/net/nt/TimeoutInterruptHandler
instanceKlass oracle/net/nt/NetStatImpl
instanceKlass oracle/jdbc/internal/NetStat
instanceKlass oracle/net/nt/TcpNTAdapter
instanceKlass java/time/LocalDateTime$1
instanceKlass java/time/zone/ZoneOffsetTransitionRule
instanceKlass java/time/zone/ZoneRules
instanceKlass oracle/net/nt/NTAdapter
instanceKlass oracle/net/nt/ConnOption
instanceKlass oracle/net/jdbc/TNSAddress/DescriptionList
instanceKlass oracle/net/nt/ConnectDescription
instanceKlass oracle/net/jdbc/TNSAddress/Address
instanceKlass oracle/net/jdbc/TNSAddress/Description
instanceKlass oracle/net/jdbc/nl/NVPair
instanceKlass oracle/net/jdbc/TNSAddress/ServiceAlias
instanceKlass oracle/net/resolver/NavSchemaObject
instanceKlass oracle/net/jdbc/TNSAddress/SchemaObject
instanceKlass oracle/net/resolver/NavSchemaObjectFactory
instanceKlass oracle/net/jdbc/TNSAddress/SchemaObjectFactoryInterface
instanceKlass oracle/net/resolver/HostnameNamingAdapter
instanceKlass oracle/net/resolver/NamingAdapterInterface
instanceKlass oracle/net/resolver/NameResolver
instanceKlass oracle/net/resolver/NameResolverFactory
instanceKlass oracle/net/resolver/TimeUnitSuffixUtility
instanceKlass oracle/net/nt/DownHostsCache
instanceKlass oracle/net/nt/ConnStrategy
instanceKlass oracle/net/resolver/AddrResolution
instanceKlass oracle/net/ns/NIOHeader
instanceKlass oracle/net/ns/NIOPacket
instanceKlass oracle/net/ns/SessionAtts
instanceKlass oracle/net/ns/NSProtocol
instanceKlass oracle/net/ns/SQLnetDef
instanceKlass oracle/net/jdbc/nl/NetStrings
instanceKlass oracle/net/jdbc/nl/NVTokens
instanceKlass oracle/net/jdbc/nl/NVNavigator
instanceKlass oracle/net/jdbc/nl/NVFactory
instanceKlass oracle/jdbc/internal/KeywordValueLong
instanceKlass oracle/jdbc/driver/NTFEventListener
instanceKlass oracle/jdbc/driver/BlockSource$ThreadedCachingBlockSource$BlockReleaserListener$1
instanceKlass sun/management/NotificationEmitterSupport$ListenerInfo
instanceKlass oracle/jdbc/driver/BlockSource$ThreadedCachingBlockSource$BlockReleaserListener
instanceKlass oracle/jdbc/driver/BlockSource$1
instanceKlass oracle/jdbc/driver/BlockSource
instanceKlass oracle/jdbc/internal/OpaqueString
instanceKlass oracle/jdbc/driver/PropertiesFileUtil
instanceKlass oracle/jdbc/driver/PhysicalConnection$$Lambda$1081
instanceKlass java/util/Timer$1
instanceKlass java/util/TaskQueue
instanceKlass oracle/jdbc/driver/ReplayContext
instanceKlass javax/crypto/JceSecurityManager$1
instanceKlass java/util/regex/Pattern$$Lambda$1080
instanceKlass oracle/jdbc/driver/NTFManager
instanceKlass oracle/jdbc/driver/CRC64
instanceKlass oracle/jdbc/AccessToken
instanceKlass oracle/jdbc/internal/ReplayContext
instanceKlass oracle/jdbc/aq/AQNotificationRegistration
instanceKlass oracle/jdbc/internal/JMSNotificationRegistration
instanceKlass oracle/jdbc/internal/DatabaseSessionState
instanceKlass oracle/jdbc/LogicalTransactionId
instanceKlass oracle/jdbc/internal/OracleBfile
instanceKlass oracle/jdbc/OracleBfile
instanceKlass oracle/jdbc/internal/OracleBlob
instanceKlass oracle/jdbc/OracleBlob
instanceKlass oracle/jdbc/driver/T4CTTIMsg
instanceKlass oracle/jdbc/driver/T4CMAREngine
instanceKlass oracle/net/ns/Communication
instanceKlass oracle/jdbc/internal/OracleTypeMetaData$Array
instanceKlass oracle/jdbc/OracleTypeMetaData$Array
instanceKlass oracle/jdbc/internal/OracleTypeMetaData$Struct
instanceKlass oracle/jdbc/OracleTypeMetaData$Struct
instanceKlass oracle/sql/TypeDescriptor
instanceKlass oracle/jdbc/internal/OracleTypeMetaData
instanceKlass oracle/jdbc/OracleTypeMetaData
instanceKlass oracle/jdbc/internal/ResultSetCache
instanceKlass oracle/jdbc/driver/NTFRegistration
instanceKlass oracle/jdbc/OracleDatabaseMetaData
instanceKlass oracle/jdbc/internal/AdditionalDatabaseMetaData
instanceKlass oracle/jdbc/AdditionalDatabaseMetaData
instanceKlass java/sql/DatabaseMetaData
instanceKlass oracle/jdbc/aq/AQMessageProperties
instanceKlass oracle/jdbc/internal/JMSMessageProperties
instanceKlass java/sql/Struct
instanceKlass java/sql/SQLXML
instanceKlass oracle/jdbc/internal/OracleNClob
instanceKlass oracle/jdbc/OracleNClob
instanceKlass java/sql/NClob
instanceKlass oracle/sql/Datum
instanceKlass oracle/jdbc/internal/OracleConcreteProxy
instanceKlass oracle/jdbc/internal/OracleClob
instanceKlass oracle/jdbc/internal/OracleLargeObject
instanceKlass oracle/jdbc/OracleClob
instanceKlass java/sql/Clob
instanceKlass oracle/jdbc/internal/OracleDatumWithConnection
instanceKlass java/sql/Blob
instanceKlass oracle/jdbc/aq/AQMessage
instanceKlass java/sql/Array
instanceKlass oracle/jdbc/OracleSavepoint
instanceKlass java/sql/Savepoint
instanceKlass oracle/jdbc/dcn/DatabaseChangeRegistration
instanceKlass oracle/jdbc/NotificationRegistration
instanceKlass oracle/jdbc/internal/PDBChangeEvent
instanceKlass oracle/jdbc/driver/HAManager
instanceKlass oracle/sql/ClobDBAccess
instanceKlass oracle/sql/BlobDBAccess
instanceKlass oracle/sql/BfileDBAccess
instanceKlass oracle/jdbc/driver/GeneratedPhysicalConnection$1
instanceKlass oracle/jdbc/internal/OracleCallableStatement
instanceKlass com/hazelcast/client/impl/spi/impl/listener/ClientConnectionRegistration
instanceKlass com/hazelcast/client/impl/protocol/codec/ClientLocalBackupListenerCodec$ResponseParameters
instanceKlass oracle/jdbc/OracleCallableStatement
instanceKlass java/sql/CallableStatement
instanceKlass oracle/jdbc/driver/GeneratedStatement
instanceKlass oracle/jdbc/driver/Wrappable
instanceKlass oracle/jdbc/internal/OraclePreparedStatement
instanceKlass oracle/jdbc/internal/OracleStatement
instanceKlass oracle/jdbc/OraclePreparedStatement
instanceKlass oracle/jdbc/OracleStatement
instanceKlass java/sql/PreparedStatement
instanceKlass com/zaxxer/hikari/util/FastList
instanceKlass com/zaxxer/hikari/pool/PoolEntry
instanceKlass com/zaxxer/hikari/util/ClockSource$NanosecondClockSource
instanceKlass com/zaxxer/hikari/util/ClockSource$Factory
instanceKlass com/zaxxer/hikari/util/ClockSource
instanceKlass java/util/concurrent/ThreadPoolExecutor$DiscardPolicy
instanceKlass com/zaxxer/hikari/util/SuspendResumeLock
instanceKlass com/zaxxer/hikari/util/ConcurrentBag$$Lambda$1079
instanceKlass java/util/concurrent/SynchronousQueue$TransferQueue$QNode
instanceKlass com/zaxxer/hikari/util/ConcurrentBag
instanceKlass com/zaxxer/hikari/pool/HikariPool$PoolEntryCreator
instanceKlass com/zaxxer/hikari/util/UtilityElf$DefaultThreadFactory
instanceKlass com/zaxxer/hikari/util/DriverDataSource
instanceKlass com/zaxxer/hikari/metrics/PoolStats
instanceKlass com/zaxxer/hikari/util/ConcurrentBag$IConcurrentBagEntry
instanceKlass com/zaxxer/hikari/pool/PoolBase$IMetricsTrackerDelegate
instanceKlass com/zaxxer/hikari/util/PropertyElf$$Lambda$1078
instanceKlass com/zaxxer/hikari/util/PropertyElf
instanceKlass com/zaxxer/hikari/util/UtilityElf
instanceKlass org/springframework/transaction/support/TransactionSynchronizationUtils$ScopedProxyUnwrapper
instanceKlass org/springframework/core/InfrastructureProxy
instanceKlass org/springframework/aop/scope/ScopedObject
instanceKlass org/springframework/aop/RawTargetAccess
instanceKlass org/springframework/transaction/support/TransactionSynchronizationUtils
instanceKlass org/springframework/transaction/support/TransactionSynchronizationManager
instanceKlass org/springframework/transaction/support/TransactionSynchronization
instanceKlass org/springframework/jdbc/datasource/DataSourceUtils
instanceKlass org/springframework/jdbc/core/JdbcTemplate$1QueryStatementCallback
instanceKlass org/springframework/jdbc/core/SqlProvider
instanceKlass org/springframework/jdbc/core/RowMapperResultSetExtractor
instanceKlass org/springframework/jdbc/core/ColumnMapRowMapper
instanceKlass org/springframework/jdbc/core/BatchPreparedStatementSetter
instanceKlass org/springframework/jdbc/core/RowMapper
instanceKlass org/springframework/jdbc/core/SqlParameter
instanceKlass com/hazelcast/spi/impl/AbstractInvocationFuture$WhenCompleteNode$$Lambda$1077
instanceKlass com/hazelcast/spi/impl/AbstractInvocationFuture$UniWaiter
instanceKlass com/hazelcast/internal/util/executor/TimeoutRunnable
instanceKlass com/hazelcast/internal/util/executor/StripedRunnable
instanceKlass com/hazelcast/client/impl/spi/impl/listener/ClientListenerServiceImpl$$Lambda$1076
instanceKlass com/hazelcast/client/impl/protocol/codec/ClientLocalBackupListenerCodec
instanceKlass org/springframework/jdbc/core/PreparedStatementSetter
instanceKlass org/springframework/jdbc/core/PreparedStatementCallback
instanceKlass org/springframework/jdbc/core/ResultSetExtractor
instanceKlass org/springframework/jdbc/core/CallableStatementCreator
instanceKlass java/sql/Statement
instanceKlass org/springframework/jdbc/core/PreparedStatementCreator
instanceKlass org/springframework/jdbc/core/StatementCallback
instanceKlass org/springframework/jdbc/support/SQLExceptionTranslator
instanceKlass org/apache/camel/impl/DefaultRouteStartupOrder
instanceKlass org/apache/camel/api/management/mbean/ManagedRouteMBean
instanceKlass org/apache/camel/api/management/mbean/ManagedCamelContextMBean
instanceKlass org/apache/camel/api/management/mbean/ManagedProcessorMBean
instanceKlass org/apache/camel/api/management/mbean/ManagedPerformanceCounterMBean
instanceKlass org/apache/camel/api/management/mbean/ManagedCounterMBean
instanceKlass org/apache/camel/spi/DataType
instanceKlass org/apache/camel/util/ValueHolder
instanceKlass org/apache/camel/converter/ObjectConverterOptimised
instanceKlass org/apache/camel/converter/TimePatternConverterOptimised
instanceKlass org/apache/camel/component/properties/DefaultPropertiesParser$Property
instanceKlass org/apache/camel/component/properties/DefaultPropertiesParser$ParsingContext
instanceKlass org/apache/camel/com/github/benmanes/caffeine/cache/UnsafeRefArrayAccess
instanceKlass org/apache/camel/com/github/benmanes/caffeine/cache/BoundedLocalCache$AddTask
instanceKlass org/apache/camel/com/github/benmanes/caffeine/cache/Ticker
instanceKlass org/apache/camel/component/properties/PropertiesComponent$CacheKey
instanceKlass org/apache/camel/util/FilePathResolver
instanceKlass org/apache/camel/util/CamelContextHelper
instanceKlass org/apache/camel/impl/PropertyPlaceholderDelegateRegistry
instanceKlass org/apache/camel/spring/spi/ApplicationContextRegistry
instanceKlass org/apache/camel/processor/interceptor/Delayer
instanceKlass org/apache/camel/component/properties/ServicePortPropertiesFunction
instanceKlass org/apache/camel/component/properties/ServiceHostPropertiesFunction
instanceKlass org/apache/camel/component/properties/ServicePropertiesFunction
instanceKlass org/apache/camel/component/properties/SysPropertiesFunction
instanceKlass org/apache/camel/component/properties/EnvPropertiesFunction
instanceKlass org/apache/camel/component/properties/DefaultPropertiesParser
instanceKlass org/apache/camel/component/properties/AugmentedPropertyNameAwarePropertiesParser
instanceKlass org/apache/camel/component/properties/DefaultPropertiesResolver
instanceKlass org/apache/camel/DelegateEndpoint
instanceKlass org/apache/camel/component/properties/PropertiesFunction
instanceKlass org/apache/camel/util/ObjectHelper$5$1
instanceKlass org/apache/camel/core/xml/AbstractCamelContextFactoryBean$$Lambda$1075
instanceKlass org/apache/camel/util/ObjectHelper$5
instanceKlass org/apache/camel/spi/Debugger
instanceKlass org/apache/camel/spring/boot/CamelAutoConfiguration$$Lambda$1074
instanceKlass org/apache/camel/spring/boot/CamelAutoConfiguration$$Lambda$1073
instanceKlass org/apache/camel/spring/boot/CamelAutoConfiguration$$Lambda$1072
instanceKlass org/apache/camel/spi/LogListener
instanceKlass org/apache/camel/spring/boot/CamelAutoConfiguration$$Lambda$1071
instanceKlass org/apache/camel/spring/boot/CamelAutoConfiguration$$Lambda$1070
instanceKlass org/apache/camel/health/HealthCheckService
instanceKlass org/apache/camel/spring/boot/CamelAutoConfiguration$$Lambda$1069
instanceKlass org/apache/camel/util/jsse/GlobalSSLContextParametersSupplier
instanceKlass org/apache/camel/spring/boot/CamelAutoConfiguration$$Lambda$1068
instanceKlass org/apache/camel/spi/RoutePolicyFactory
instanceKlass org/apache/camel/cloud/ServiceRegistry
instanceKlass org/apache/camel/spring/boot/CamelAutoConfiguration$$Lambda$1067
instanceKlass org/apache/camel/cluster/CamelClusterService
instanceKlass org/apache/camel/spring/boot/CamelAutoConfiguration$$Lambda$1066
instanceKlass org/apache/camel/spring/boot/CamelAutoConfiguration$$Lambda$1065
instanceKlass org/apache/camel/spring/boot/CamelAutoConfiguration$$Lambda$1064
instanceKlass org/apache/camel/spring/boot/CamelAutoConfiguration$$Lambda$1063
instanceKlass org/apache/camel/spring/boot/CamelAutoConfiguration$$Lambda$1062
instanceKlass org/apache/camel/spring/boot/CamelAutoConfiguration$$Lambda$1061
instanceKlass org/apache/camel/spring/boot/CamelAutoConfiguration$$Lambda$1060
instanceKlass java/util/function/Predicate$$Lambda$1059
instanceKlass org/apache/camel/spring/boot/CamelAutoConfiguration$$Lambda$1058
instanceKlass org/apache/camel/spi/EventNotifier
instanceKlass org/apache/camel/spring/boot/CamelAutoConfiguration$$Lambda$1057
instanceKlass org/apache/camel/spring/boot/CamelAutoConfiguration$$Lambda$1056
instanceKlass java/util/ArrayDeque$DescendingIterator
instanceKlass org/apache/camel/util/FileUtil
instanceKlass org/apache/camel/impl/DefaultFactoryFinder$2
instanceKlass org/apache/camel/impl/DefaultFactoryFinder$1
instanceKlass org/jboss/netty/buffer/ChannelBuffer
instanceKlass org/apache/commons/httpclient/methods/RequestEntity
instanceKlass org/apache/camel/impl/MessageSupport
instanceKlass org/apache/camel/spi/DataTypeAware
instanceKlass org/apache/camel/Message
instanceKlass org/jboss/netty/handler/codec/http/HttpResponse
instanceKlass org/jboss/netty/handler/codec/http/HttpMessage
instanceKlass org/apache/http/entity/AbstractHttpEntity
instanceKlass org/apache/http/HttpEntity
instanceKlass org/apache/camel/component/http/RequestEntityConverter
instanceKlass org/apache/camel/component/netty/NettyConverter
instanceKlass org/apache/camel/component/http4/HttpMethodsConverter
instanceKlass org/apache/camel/component/http4/HttpEntityConverter
instanceKlass org/apache/camel/http/common/HttpConverter
instanceKlass org/apache/camel/component/netty/http/NettyHttpConverter
instanceKlass org/apache/camel/component/spring/ws/converter/StringSourceConverter
instanceKlass org/apache/camel/spring/converter/ResourceConverter
instanceKlass org/apache/camel/util/IOHelper
instanceKlass org/apache/camel/Attachment
instanceKlass org/apache/camel/StreamCache
instanceKlass org/apache/camel/util/CastUtils
instanceKlass org/apache/camel/impl/converter/CachingInjector
instanceKlass javax/xml/stream/XMLEventWriter
instanceKlass javax/xml/stream/util/XMLEventConsumer
instanceKlass org/apache/camel/FallbackConverter
instanceKlass org/apache/camel/impl/converter/BaseTypeConverterRegistry$TypeMapping
instanceKlass org/apache/camel/Converter
instanceKlass org/apache/camel/impl/converter/UriTypeConverter
instanceKlass org/apache/camel/converter/AttachmentConverter
instanceKlass org/apache/camel/converter/DurationConverter
instanceKlass org/apache/camel/component/file/GenericFileConverter
instanceKlass org/apache/camel/component/bean/BeanConverter
instanceKlass org/apache/camel/converter/TimePatternConverter
instanceKlass org/apache/camel/converter/stream/StreamCacheConverter
instanceKlass org/apache/camel/converter/CamelConverter
instanceKlass org/apache/camel/converter/jaxp/XmlConverter
instanceKlass org/apache/camel/converter/jaxp/StreamSourceConverter
instanceKlass org/apache/camel/converter/jaxp/DomConverter
instanceKlass org/apache/camel/converter/jaxp/StaxConverter
instanceKlass org/apache/camel/converter/NIOConverter
instanceKlass com/hazelcast/client/impl/protocol/codec/builtin/ByteArrayCodec
instanceKlass com/hazelcast/client/impl/protocol/codec/ClientStatisticsCodec
instanceKlass com/hazelcast/client/impl/statistics/ClientStatisticsService$$Lambda$1055
instanceKlass com/hazelcast/client/impl/statistics/ClientStatisticsService$$Lambda$1054
instanceKlass com/hazelcast/internal/metrics/impl/LongGaugeImpl$LongMetricValueCatcher$$Lambda$1053
instanceKlass com/hazelcast/internal/metrics/impl/AbstractGauge$MetricCachedValueReaderFunction
instanceKlass com/hazelcast/internal/metrics/impl/LongGaugeImpl$LongMetricValueCatcher$$Lambda$1052
instanceKlass com/hazelcast/internal/metrics/impl/AbstractGauge$MetricValueExtractorFunction
instanceKlass com/hazelcast/internal/util/concurrent/BackoffIdleStrategy
instanceKlass com/hazelcast/client/impl/spi/impl/listener/ClientListenerServiceImpl$$Lambda$1051
instanceKlass com/hazelcast/spi/impl/AbstractInvocationFuture$WhenCompleteNode
instanceKlass com/hazelcast/spi/impl/AbstractInvocationFuture$BiWaiter
instanceKlass com/hazelcast/client/impl/spi/impl/ClientInvocationFuture$CallIdTrackingBiConsumer
instanceKlass com/hazelcast/client/impl/spi/impl/listener/ClientClusterViewListenerService$$Lambda$1050
instanceKlass com/hazelcast/client/impl/protocol/codec/ClientAddClusterViewListenerCodec$AbstractEventHandler
instanceKlass com/hazelcast/client/impl/protocol/codec/ClientAddClusterViewListenerCodec
instanceKlass org/apache/camel/converter/IOConverter
instanceKlass org/apache/camel/converter/SQLConverter
instanceKlass sun/misc/Contended
instanceKlass org/apache/camel/converter/DateTimeConverter
instanceKlass org/apache/camel/converter/CollectionConverter
instanceKlass org/apache/camel/converter/ObjectConverter
instanceKlass org/apache/camel/impl/converter/CorePackageScanClassResolver
instanceKlass org/apache/camel/util/ServiceHelper
instanceKlass com/hazelcast/internal/networking/nio/NioPipeline$TaskNode
instanceKlass org/apache/camel/spi/TypeConverterAware
instanceKlass com/hazelcast/client/impl/connection/nio/ClientConnectionManagerImpl$1
instanceKlass org/apache/camel/impl/converter/BaseTypeConverterRegistry$FallbackTypeConverter
instanceKlass com/hazelcast/client/impl/statistics/NearCacheMetricsProvider$$Lambda$1049
instanceKlass com/hazelcast/internal/nearcache/NearCache
instanceKlass com/hazelcast/spi/impl/InitializingObject
instanceKlass com/hazelcast/client/impl/protocol/codec/builtin/CustomTypeFactory
instanceKlass org/apache/camel/impl/converter/AnnotationTypeConverterLoader
instanceKlass org/apache/camel/spi/TypeConverterLoader
instanceKlass com/hazelcast/client/impl/protocol/codec/ClientAuthenticationCodec$$Lambda$1048
instanceKlass com/hazelcast/client/impl/protocol/codec/custom/AddressCodec
instanceKlass com/hazelcast/client/impl/protocol/codec/ClientAuthenticationCodec$ResponseParameters
instanceKlass com/hazelcast/client/impl/statistics/NearCacheMetricsProvider$$Lambda$1047
instanceKlass org/apache/camel/impl/converter/BaseTypeConverterRegistry$UtilizationStatistics
instanceKlass com/hazelcast/client/impl/protocol/ClientMessage$ForwardFrameIterator
instanceKlass com/hazelcast/internal/util/ConcurrentReferenceHashMap$HashIterator
instanceKlass com/hazelcast/spi/impl/AbstractInvocationFuture$Waiter
instanceKlass com/hazelcast/core/ExecutionCallback
instanceKlass com/hazelcast/internal/memory/MemoryStatsSupport
instanceKlass com/hazelcast/spi/impl/AbstractInvocationFuture$ExceptionalResult
instanceKlass com/hazelcast/spi/impl/AbstractInvocationFuture$WaitNode
instanceKlass org/apache/camel/impl/converter/OptimisedTypeConverter
instanceKlass org/apache/camel/impl/DefaultFactoryFinder$ClassSupplier
instanceKlass org/apache/camel/impl/DefaultFactoryFinder
instanceKlass org/apache/camel/spi/FactoryFinder
instanceKlass org/apache/camel/impl/DefaultFactoryFinderResolver
instanceKlass org/apache/camel/spring/spi/SpringInjector
instanceKlass org/apache/camel/spi/TypeConverterRegistry$Statistics
instanceKlass org/apache/camel/TypeConverters
instanceKlass org/apache/camel/spring/boot/CamelAutoConfiguration$$Lambda$1046
instanceKlass org/apache/camel/spring/boot/CamelAutoConfiguration$$Lambda$1045
instanceKlass org/apache/camel/spring/boot/CamelAutoConfiguration$$Lambda$1044
instanceKlass org/apache/camel/spring/boot/CamelAutoConfiguration$$Lambda$1043
instanceKlass org/apache/camel/spring/boot/CamelAutoConfiguration$$Lambda$1042
instanceKlass org/apache/camel/spring/boot/CamelAutoConfiguration$$Lambda$1041
instanceKlass org/apache/camel/spring/boot/CamelAutoConfiguration$$Lambda$1040
instanceKlass org/apache/camel/spring/boot/CamelAutoConfiguration$$Lambda$1039
instanceKlass org/apache/camel/processor/interceptor/HandleFault
instanceKlass org/apache/camel/spring/boot/CamelAutoConfiguration$$Lambda$1038
instanceKlass org/apache/camel/processor/interceptor/TraceEventMessage
instanceKlass org/apache/camel/processor/interceptor/DefaultTraceEventHandler
instanceKlass org/apache/camel/processor/interceptor/TraceEventHandler
instanceKlass org/apache/camel/processor/interceptor/DefaultTraceInterceptorFactory
instanceKlass org/apache/camel/processor/interceptor/DefaultTraceFormatter
instanceKlass org/apache/camel/processor/interceptor/TraceInterceptorFactory
instanceKlass org/apache/camel/processor/interceptor/TraceFormatter
instanceKlass org/apache/camel/processor/interceptor/Tracer
instanceKlass org/apache/camel/impl/DefaultStreamCachingStrategy$UtilizationStatistics
instanceKlass org/apache/camel/spi/StreamCachingStrategy$Statistics
instanceKlass org/springframework/beans/factory/config/NamedBeanHolder
instanceKlass org/springframework/beans/factory/NamedBean
instanceKlass javax/management/openmbean/CompositeDataSupport
instanceKlass sun/reflect/misc/Trampoline
instanceKlass sun/reflect/misc/MethodUtil$1
instanceKlass org/apache/camel/spring/boot/SpringBootXmlCamelContextConfigurer
instanceKlass org/apache/camel/impl/ExplicitCamelContextNameStrategy
instanceKlass org/apache/camel/management/DefaultManagementLifecycleStrategy$PreRegisterService
instanceKlass org/apache/camel/ComponentConfiguration
instanceKlass org/apache/camel/EndpointConfiguration
instanceKlass org/apache/camel/impl/CamelContextTrackerRegistry
instanceKlass org/springframework/jmx/export/annotation/AnnotationJmxAttributeSource
instanceKlass org/springframework/jmx/export/assembler/AbstractMBeanInfoAssembler
instanceKlass org/springframework/jmx/export/assembler/AutodetectCapableMBeanInfoAssembler
instanceKlass org/springframework/jmx/export/assembler/MBeanInfoAssembler
instanceKlass javax/management/modelmbean/ModelMBeanInfo
instanceKlass org/apache/camel/management/MBeanInfoAssembler
instanceKlass org/springframework/jmx/export/metadata/JmxAttributeSource
instanceKlass org/apache/camel/api/management/NotificationSender
instanceKlass javax/management/modelmbean/RequiredModelMBean
instanceKlass javax/management/modelmbean/ModelMBean
instanceKlass javax/management/PersistentMBean
instanceKlass org/apache/camel/management/DefaultManagementLifecycleStrategy$TimerListenerManagerStartupListener
instanceKlass org/apache/camel/api/management/PerformanceCounter
instanceKlass org/apache/camel/management/event/FailureEvent
instanceKlass org/apache/camel/management/event/DefaultEventFactory
instanceKlass org/apache/camel/spi/ManagementObjectStrategy
instanceKlass org/apache/camel/spi/ManagementNamingStrategy
instanceKlass org/apache/camel/spi/EventFactory
instanceKlass org/apache/camel/management/ManagementStrategyFactory
instanceKlass org/apache/camel/impl/DefaultThreadPoolFactory
instanceKlass org/apache/camel/spi/ThreadPoolFactory
instanceKlass org/apache/camel/impl/health/RegistryRepository
instanceKlass org/apache/camel/impl/health/DefaultHealthCheckRegistry
instanceKlass org/apache/camel/runtimecatalog/CamelContextJSonSchemaResolver
instanceKlass org/apache/camel/runtimecatalog/JSonSchemaResolver
instanceKlass org/apache/camel/runtimecatalog/LanguageValidationResult
instanceKlass org/apache/camel/runtimecatalog/AbstractCamelCatalog
instanceKlass org/apache/camel/spi/UnitOfWork
instanceKlass org/apache/camel/impl/DefaultUnitOfWorkFactory
instanceKlass org/apache/camel/util/InetAddressUtil
instanceKlass org/apache/camel/impl/DefaultUuidGenerator
instanceKlass org/apache/camel/processor/DefaultExchangeFormatter
instanceKlass org/apache/camel/impl/DefaultAsyncProcessorAwaitManager$UtilizationStatistics
instanceKlass org/apache/camel/spi/AsyncProcessorAwaitManager$AwaitThread
instanceKlass org/apache/camel/spi/ExchangeFormatter
instanceKlass org/apache/camel/spi/AsyncProcessorAwaitManager$Statistics
instanceKlass org/apache/camel/spi/InflightRepository$InflightExchange
instanceKlass org/apache/camel/MessageHistory
instanceKlass org/apache/camel/impl/DefaultMessageHistoryFactory
instanceKlass org/apache/camel/impl/DefaultProcessorFactory
instanceKlass org/apache/camel/impl/DefaultNodeIdFactory
instanceKlass org/apache/camel/com/github/benmanes/caffeine/cache/LinkedDeque$PeekingIterator
instanceKlass org/apache/camel/com/github/benmanes/caffeine/cache/BoundedLocalCache$$Lambda$1037
instanceKlass org/apache/camel/com/github/benmanes/caffeine/cache/StripedBuffer
instanceKlass org/apache/camel/com/github/benmanes/caffeine/cache/Node
instanceKlass org/apache/camel/com/github/benmanes/caffeine/cache/References$InternalReference
instanceKlass org/apache/camel/com/github/benmanes/caffeine/cache/NodeFactory
instanceKlass org/apache/camel/com/github/benmanes/caffeine/cache/CacheWriter
instanceKlass org/apache/camel/com/github/benmanes/caffeine/cache/FrequencySketch
instanceKlass org/apache/camel/com/github/benmanes/caffeine/base/UnsafeAccess
instanceKlass org/apache/camel/com/github/benmanes/caffeine/cache/LinkedDeque
instanceKlass org/apache/camel/com/github/benmanes/caffeine/cache/WriteOrderDeque$WriteOrder
instanceKlass org/apache/camel/com/github/benmanes/caffeine/cache/AccessOrderDeque$AccessOrder
instanceKlass org/apache/camel/com/github/benmanes/caffeine/cache/Buffer
instanceKlass org/apache/camel/com/github/benmanes/caffeine/cache/CacheLoader
instanceKlass org/apache/camel/com/github/benmanes/caffeine/cache/LocalCacheFactory
instanceKlass org/apache/camel/com/github/benmanes/caffeine/cache/Policy
instanceKlass org/apache/camel/com/github/benmanes/caffeine/cache/LocalCache
instanceKlass org/apache/camel/com/github/benmanes/caffeine/cache/BoundedLocalCache$BoundedLocalManualCache
instanceKlass org/apache/camel/com/github/benmanes/caffeine/cache/LocalManualCache
instanceKlass org/apache/camel/com/github/benmanes/caffeine/cache/Caffeine$$Lambda$1036
instanceKlass org/apache/camel/com/github/benmanes/caffeine/cache/stats/ConcurrentStatsCounter
instanceKlass org/apache/camel/com/github/benmanes/caffeine/cache/stats/StatsCounter
instanceKlass org/apache/camel/com/github/benmanes/caffeine/cache/LoadingCache
instanceKlass org/apache/camel/com/github/benmanes/caffeine/cache/Cache
instanceKlass org/apache/camel/com/github/benmanes/caffeine/cache/Weigher
instanceKlass org/apache/camel/com/github/benmanes/caffeine/cache/Expiry
instanceKlass org/apache/camel/com/github/benmanes/caffeine/cache/AsyncLoadingCache
instanceKlass org/apache/camel/com/github/benmanes/caffeine/cache/AsyncCacheLoader
instanceKlass org/apache/camel/com/github/benmanes/caffeine/cache/Caffeine
instanceKlass java/util/concurrent/atomic/Striped64$Cell
instanceKlass org/apache/camel/util/LRUCache
instanceKlass org/apache/camel/com/github/benmanes/caffeine/cache/RemovalListener
instanceKlass org/apache/camel/util/concurrent/ThreadHelper
instanceKlass org/apache/camel/util/LRUCacheFactory$$Lambda$1035
instanceKlass org/apache/camel/util/LRUCacheFactory
instanceKlass org/apache/camel/NonManagedService
instanceKlass org/apache/camel/impl/DefaultClassResolver
instanceKlass org/apache/camel/impl/DefaultHeadersMapFactory
instanceKlass org/apache/camel/impl/DeferServiceStartupListener
instanceKlass org/apache/camel/Ordered
instanceKlass org/apache/camel/StartupListener
instanceKlass org/apache/camel/impl/DefaultManagementNameStrategy
instanceKlass org/apache/camel/impl/DefaultCamelContextNameStrategy
instanceKlass org/apache/camel/spi/DataFormatResolver
instanceKlass org/apache/camel/spi/FactoryFinderResolver
instanceKlass org/apache/camel/spi/LanguageResolver
instanceKlass org/apache/camel/spi/ValidatorRegistry
instanceKlass org/apache/camel/spi/ComponentResolver
instanceKlass org/apache/camel/spi/TransformerRegistry
instanceKlass org/apache/camel/runtimecatalog/RuntimeCamelCatalog
instanceKlass org/apache/camel/spi/UnitOfWorkFactory
instanceKlass org/apache/camel/spi/RouteController
instanceKlass org/apache/camel/spi/HeadersMapFactory
instanceKlass org/apache/camel/spi/InflightRepository
instanceKlass org/apache/camel/spi/MessageHistoryFactory
instanceKlass org/apache/camel/spi/ProcessorFactory
instanceKlass org/apache/camel/spi/UuidGenerator
instanceKlass org/apache/camel/spi/ShutdownStrategy
instanceKlass org/apache/camel/spi/ExecutorServiceManager
instanceKlass org/apache/camel/spi/ManagementNameStrategy
instanceKlass org/apache/camel/health/HealthCheckRegistry
instanceKlass org/apache/camel/health/HealthCheckRepository
instanceKlass org/apache/camel/spi/ServicePool
instanceKlass org/apache/camel/spi/AsyncProcessorAwaitManager
instanceKlass org/apache/camel/spi/ManagementMBeanAssembler
instanceKlass org/apache/camel/spi/RouteStartupOrder
instanceKlass org/apache/camel/spi/ExecutorServiceStrategy
instanceKlass org/apache/camel/spi/StreamCachingStrategy
instanceKlass org/apache/camel/spi/Injector
instanceKlass org/apache/camel/spi/TypeConverterRegistry
instanceKlass org/apache/camel/spi/RuntimeEndpointRegistry
instanceKlass org/apache/camel/spi/EndpointRegistry
instanceKlass org/apache/camel/spi/RestRegistry
instanceKlass org/apache/camel/util/StopWatch
instanceKlass org/apache/camel/DeferredContextBinding
instanceKlass ai/pelican/camel/PelicanSpringBoot$1
instanceKlass java/lang/invoke/SerializedLambda
instanceKlass java/util/function/ToLongFunction
instanceKlass java/util/function/ToDoubleFunction
instanceKlass org/apache/camel/component/file/GenericFile
instanceKlass org/apache/camel/WrappedFile
instanceKlass com/hazelcast/internal/util/TriTuple
instanceKlass com/hazelcast/internal/metrics/impl/MetricDescriptorImpl$$Lambda$1034
instanceKlass java/lang/invoke/LambdaForm$MH
instanceKlass com/hazelcast/client/ClientService
instanceKlass com/hazelcast/internal/metrics/impl/MetricsDictionary$$Lambda$1033
instanceKlass java/lang/invoke/LambdaForm$DMH
instanceKlass com/hazelcast/core/DistributedObjectListener
instanceKlass com/hazelcast/splitbrainprotection/SplitBrainProtectionService
instanceKlass com/hazelcast/internal/metrics/impl/MetricsDictionary$Word
instanceKlass com/hazelcast/transaction/TransactionalTask
instanceKlass com/hazelcast/transaction/TransactionOptions
instanceKlass com/hazelcast/internal/metrics/impl/MetricsCollectionCycle$MetricsContext
instanceKlass com/hazelcast/internal/metrics/impl/PoolingMetricDescriptorSupplier
instanceKlass com/hazelcast/client/impl/clientside/HazelcastClientProxy
instanceKlass com/hazelcast/internal/metrics/impl/MetricsRegistryImpl$$Lambda$1032
instanceKlass com/hazelcast/internal/metrics/impl/MetricsRegistryImpl$$Lambda$1031
instanceKlass com/hazelcast/internal/metrics/impl/MetricsCollectionCycle$NoOpMetricValueCatcher
instanceKlass com/hazelcast/internal/metrics/MetricsCollectionContext
instanceKlass com/hazelcast/internal/metrics/impl/MetricsCollectionCycle
instanceKlass com/hazelcast/client/impl/clientside/HazelcastClientInstanceImpl$$Lambda$1030
instanceKlass com/hazelcast/client/impl/clientside/HazelcastClientInstanceImpl$$Lambda$1029
instanceKlass com/hazelcast/client/impl/clientside/HazelcastClientInstanceImpl$$Lambda$1028
instanceKlass com/hazelcast/client/impl/clientside/HazelcastClientInstanceImpl$$Lambda$1027
instanceKlass com/hazelcast/client/impl/statistics/ClientStatisticsService$$Lambda$1026
instanceKlass com/hazelcast/internal/metrics/impl/CompositeMetricsCollector
instanceKlass com/hazelcast/internal/metrics/impl/MetricsDictionary
instanceKlass java/util/zip/Deflater
instanceKlass com/hazelcast/internal/metrics/impl/MetricsCompressor
instanceKlass com/hazelcast/client/impl/statistics/ClientStatisticsService$ClientMetricCollector
instanceKlass com/hazelcast/internal/metrics/impl/DoubleGaugeImpl$ProbeInstanceGaugeSource
instanceKlass com/hazelcast/internal/metrics/impl/DoubleGaugeImpl$DoubleGaugeSource
instanceKlass com/hazelcast/internal/metrics/impl/AbstractGauge$AbstractMetricValueCatcher
instanceKlass com/hazelcast/internal/metrics/impl/LongGaugeImpl$ProbeInstanceGaugeSource
instanceKlass com/hazelcast/internal/metrics/impl/MetricValueCatcher
instanceKlass com/hazelcast/internal/metrics/impl/LongGaugeImpl$LongGaugeSource
instanceKlass com/hazelcast/internal/metrics/impl/AbstractGauge
instanceKlass com/hazelcast/client/impl/statistics/ClientStatisticsService$PeriodicStatistics
instanceKlass com/hazelcast/client/impl/statistics/NearCacheMetricsProvider
instanceKlass com/hazelcast/client/impl/statistics/ClusterConnectionMetricsProvider
instanceKlass com/hazelcast/internal/metrics/jmx/JmxPublisher$$Lambda$1025
instanceKlass com/hazelcast/internal/metrics/jmx/MetricsMBean
instanceKlass com/hazelcast/internal/metrics/jmx/JmxPublisher$$Lambda$1024
instanceKlass com/hazelcast/internal/metrics/jmx/JmxPublisher$MetricData
instanceKlass com/hazelcast/internal/metrics/jmx/JmxPublisher
instanceKlass com/hazelcast/internal/metrics/MetricsPublisher
instanceKlass com/hazelcast/internal/metrics/impl/PublisherMetricsCollector
instanceKlass com/hazelcast/internal/networking/nio/NioInboundPipeline$2
instanceKlass com/hazelcast/internal/networking/nio/NioOutboundPipeline$1
instanceKlass sun/nio/ch/WindowsSelectorImpl$MapEntry
instanceKlass com/hazelcast/spi/impl/AbstractInvocationFuture$1
instanceKlass java/util/concurrent/CompletableFuture$AsynchronousCompletionTask
instanceKlass java/util/concurrent/CompletableFuture$ThreadPerTaskExecutor
instanceKlass java/util/concurrent/CompletableFuture$AltResult
instanceKlass com/hazelcast/spi/impl/operationservice/impl/InvocationConstant
instanceKlass com/hazelcast/client/impl/protocol/codec/builtin/ListMultiFrameCodec
instanceKlass com/hazelcast/client/impl/protocol/codec/ClientAuthenticationCodec$$Lambda$1023
instanceKlass com/hazelcast/client/impl/protocol/codec/ClientAuthenticationCodec$$Lambda$1022
instanceKlass com/hazelcast/client/impl/protocol/codec/builtin/CodecUtil
instanceKlass com/hazelcast/client/impl/protocol/codec/ClientAuthenticationCodec$$Lambda$1021
instanceKlass com/hazelcast/client/impl/protocol/codec/builtin/StringCodec
instanceKlass com/hazelcast/internal/memory/impl/CustomByteAccessStrategy
instanceKlass com/hazelcast/internal/memory/impl/ByteBufferAccessStrategy
instanceKlass com/hazelcast/internal/memory/impl/ByteArrayAccessStrategy
instanceKlass com/hazelcast/internal/memory/impl/EndiannessUtil
instanceKlass com/hazelcast/internal/nio/Bits
instanceKlass com/hazelcast/client/impl/protocol/codec/builtin/FixedSizeTypesCodec
instanceKlass com/hazelcast/client/impl/protocol/ClientMessage$Frame
instanceKlass com/hazelcast/client/impl/protocol/codec/ClientAuthenticationCodec
instanceKlass com/hazelcast/internal/networking/nio/NioPipeline$$Lambda$1020
instanceKlass com/hazelcast/client/impl/protocol/ClientMessageWriter
instanceKlass com/hazelcast/client/impl/protocol/ClientMessageReader
instanceKlass com/hazelcast/client/impl/ClientEngine
instanceKlass com/hazelcast/internal/util/collection/Long2ObjectHashMap
instanceKlass com/hazelcast/client/impl/connection/nio/ClientPlainChannelInitializer$1
instanceKlass com/hazelcast/internal/networking/ChannelHandler
instanceKlass com/hazelcast/internal/networking/nio/NioPipeline
instanceKlass com/hazelcast/internal/networking/ChannelOption
instanceKlass com/hazelcast/internal/networking/nio/NioChannelOptions
instanceKlass java/util/concurrent/atomic/AtomicIntegerFieldUpdater$AtomicIntegerFieldUpdaterImpl$1
instanceKlass java/util/concurrent/atomic/AtomicIntegerFieldUpdater
instanceKlass com/hazelcast/internal/networking/OutboundPipeline
instanceKlass com/hazelcast/internal/networking/InboundPipeline
instanceKlass com/hazelcast/internal/networking/ChannelOptions
instanceKlass com/hazelcast/internal/networking/AbstractChannel
instanceKlass com/hazelcast/client/impl/connection/nio/ClientPlainChannelInitializer
instanceKlass com/hazelcast/client/impl/connection/nio/ClientConnectionManagerImpl$$Lambda$1019
instanceKlass com/hazelcast/internal/util/AddressUtil$AddressHolder
instanceKlass com/hazelcast/client/util/AddressHelper
instanceKlass com/hazelcast/client/impl/connection/Addresses
instanceKlass com/hazelcast/client/impl/connection/nio/ClientConnectionManagerImpl$$Lambda$1018
instanceKlass com/hazelcast/cluster/Address
instanceKlass com/hazelcast/internal/util/Clock$ClockImpl
instanceKlass com/hazelcast/internal/util/Clock
instanceKlass java/nio/channels/spi/AbstractSelector$1
instanceKlass com/hazelcast/internal/networking/nio/NioThread$1
instanceKlass com/hazelcast/client/impl/spi/impl/listener/ClientListenerServiceImpl$$Lambda$1017
instanceKlass com/hazelcast/client/impl/protocol/codec/ClientLocalBackupListenerCodec$AbstractEventHandler
instanceKlass com/hazelcast/cp/IAtomicLong
instanceKlass com/hazelcast/crdt/pncounter/PNCounter
instanceKlass com/hazelcast/scheduledexecutor/IScheduledExecutorService
instanceKlass com/hazelcast/cardinality/CardinalityEstimator
instanceKlass com/hazelcast/flakeidgen/FlakeIdGenerator
instanceKlass com/hazelcast/client/impl/spi/ProxyManager$1
instanceKlass com/hazelcast/ringbuffer/Ringbuffer
instanceKlass com/hazelcast/transaction/HazelcastXAResource
instanceKlass javax/transaction/xa/XAResource
instanceKlass com/hazelcast/replicatedmap/ReplicatedMap
instanceKlass com/hazelcast/durableexecutor/DurableExecutorService
instanceKlass com/hazelcast/core/IExecutorService
instanceKlass com/hazelcast/topic/ITopic
instanceKlass com/hazelcast/collection/ISet
instanceKlass com/hazelcast/collection/IList
instanceKlass com/hazelcast/multimap/MultiMap
instanceKlass com/hazelcast/multimap/BaseMultiMap
instanceKlass com/hazelcast/client/impl/spi/ProxyManager$$Lambda$1016
instanceKlass com/hazelcast/collection/IQueue
instanceKlass com/hazelcast/collection/ICollection
instanceKlass com/hazelcast/collection/BaseQueue
instanceKlass com/hazelcast/client/impl/clientside/DefaultClientExtension$$Lambda$1015
instanceKlass com/hazelcast/map/impl/MapService
instanceKlass com/hazelcast/internal/services/LockInterceptorService
instanceKlass com/hazelcast/internal/cluster/ClusterStateListener
instanceKlass com/hazelcast/internal/services/NotifiableEventListener
instanceKlass com/hazelcast/internal/services/SplitBrainProtectionAwareService
instanceKlass com/hazelcast/internal/services/ClientAwareService
instanceKlass com/hazelcast/internal/partition/PartitionAwareService
instanceKlass com/hazelcast/internal/services/StatisticsAwareService
instanceKlass com/hazelcast/internal/services/WanSupportingService
instanceKlass com/hazelcast/internal/services/SplitBrainHandlerService
instanceKlass com/hazelcast/internal/services/PostJoinAwareService
instanceKlass com/hazelcast/spi/impl/eventservice/EventPublishingService
instanceKlass com/hazelcast/internal/services/RemoteService
instanceKlass com/hazelcast/internal/services/TransactionalService
instanceKlass com/hazelcast/internal/partition/FragmentedMigrationAwareService
instanceKlass com/hazelcast/internal/partition/MigrationAwareService
instanceKlass com/hazelcast/internal/services/ManagedService
instanceKlass com/hazelcast/client/impl/spi/impl/listener/ClientListenerRegistration
instanceKlass com/hazelcast/client/impl/proxy/ClientClusterProxy
instanceKlass com/hazelcast/core/LifecycleListener
instanceKlass com/hazelcast/partition/MigrationListener
instanceKlass com/hazelcast/internal/diagnostics/MetricsPlugin$MetricsCollectorImpl
instanceKlass com/hazelcast/client/impl/connection/nio/ClientConnectionManagerImpl$$Lambda$1014
instanceKlass com/hazelcast/internal/networking/nio/iobalancer/LoadImbalance
instanceKlass com/hazelcast/internal/util/ItemCounter
instanceKlass com/hazelcast/internal/networking/nio/iobalancer/LoadTracker
instanceKlass com/hazelcast/internal/networking/nio/iobalancer/LoadMigrationStrategy
instanceKlass java/util/concurrent/atomic/AtomicLongFieldUpdater$CASUpdater$1
instanceKlass java/util/concurrent/atomic/AtomicLongFieldUpdater
instanceKlass com/hazelcast/internal/util/counters/MwCounter
instanceKlass com/hazelcast/internal/networking/nio/iobalancer/MigrationStrategy
instanceKlass com/hazelcast/internal/networking/nio/iobalancer/IOBalancer
instanceKlass com/hazelcast/internal/networking/nio/SelectorOptimizer$IteratorImpl
instanceKlass com/hazelcast/internal/networking/nio/SelectorOptimizer$SelectionKeys
instanceKlass sun/nio/ch/OptionKey
instanceKlass sun/nio/ch/SocketOptionRegistry$LazyInitialization
instanceKlass sun/nio/ch/SocketOptionRegistry$RegistryKey
instanceKlass sun/nio/ch/SocketOptionRegistry
instanceKlass jdk/net/SocketFlow
instanceKlass sun/net/ExtendedOptionsImpl$$Lambda$1013
instanceKlass sun/net/ExtendedOptionsImpl
instanceKlass sun/nio/ch/ExtendedSocketOption$1
instanceKlass sun/nio/ch/ExtendedSocketOption
instanceKlass sun/nio/ch/SocketChannelImpl$DefaultOptionsHolder
instanceKlass java/net/StandardSocketOptions$StdSocketOption
instanceKlass java/net/SocketOption
instanceKlass java/net/StandardSocketOptions
instanceKlass sun/nio/ch/Net$3
instanceKlass sun/nio/ch/Net$4
instanceKlass sun/nio/ch/Net$1
instanceKlass java/net/ProtocolFamily
instanceKlass sun/nio/ch/Net
instanceKlass sun/nio/ch/SelChImpl
instanceKlass sun/nio/ch/PipeImpl$Initializer$LoopbackConnector
instanceKlass sun/nio/ch/PipeImpl$Initializer
instanceKlass java/nio/channels/Pipe
instanceKlass sun/nio/ch/NativeObject
instanceKlass sun/nio/ch/PollArrayWrapper
instanceKlass sun/nio/ch/WindowsSelectorImpl$FinishLock
instanceKlass sun/nio/ch/WindowsSelectorImpl$StartLock
instanceKlass sun/nio/ch/WindowsSelectorImpl$SubSelector
instanceKlass java/nio/channels/SelectionKey
instanceKlass sun/nio/ch/Util$3
instanceKlass sun/nio/ch/DefaultSelectorProvider
instanceKlass java/nio/channels/spi/SelectorProvider$1
instanceKlass java/nio/channels/spi/SelectorProvider
instanceKlass java/nio/channels/Selector
instanceKlass com/hazelcast/internal/networking/nio/SelectorOptimizer
instanceKlass com/hazelcast/spi/impl/operationexecutor/OperationHostileThread
instanceKlass com/hazelcast/internal/networking/nio/NioNetworking$$Lambda$1012
instanceKlass com/hazelcast/internal/networking/nio/NioNetworking$PublishAllTask
instanceKlass com/hazelcast/client/impl/spi/impl/ClientClusterServiceImpl$$Lambda$1011
instanceKlass com/hazelcast/client/impl/spi/impl/ClientClusterServiceImpl$$Lambda$1010
instanceKlass com/hazelcast/client/impl/clientside/HazelcastClientInstanceImpl$$Lambda$1009
instanceKlass java/util/LinkedList$LLSpliterator
instanceKlass com/hazelcast/client/impl/spi/ClientContext$$Lambda$1008
instanceKlass com/hazelcast/client/impl/spi/ClientContext$$Lambda$1007
instanceKlass com/hazelcast/client/impl/spi/ClientContext$ClientMinimalPartitionService
instanceKlass com/hazelcast/internal/nearcache/impl/invalidation/InvalidationMetaDataFetcher
instanceKlass com/hazelcast/internal/nearcache/impl/invalidation/MinimalPartitionService
instanceKlass com/hazelcast/client/impl/spi/impl/ClientInvocationServiceImpl$CleanResourcesTask
instanceKlass com/hazelcast/internal/metrics/metricsets/FileMetricSet$$Lambda$1006
instanceKlass com/hazelcast/internal/metrics/metricsets/FileMetricSet$$Lambda$1005
instanceKlass com/hazelcast/internal/metrics/metricsets/FileMetricSet$$Lambda$1004
instanceKlass com/hazelcast/internal/metrics/metricsets/FileMetricSet
instanceKlass com/hazelcast/internal/metrics/metricsets/ClassLoadingMetricSet$$Lambda$1003
instanceKlass com/hazelcast/internal/metrics/metricsets/ClassLoadingMetricSet$$Lambda$1002
instanceKlass com/hazelcast/internal/metrics/metricsets/ClassLoadingMetricSet$$Lambda$1001
instanceKlass com/hazelcast/internal/metrics/metricsets/ClassLoadingMetricSet
instanceKlass com/hazelcast/internal/metrics/metricsets/ThreadMetricSet$$Lambda$1000
instanceKlass com/hazelcast/internal/metrics/metricsets/ThreadMetricSet$$Lambda$999
instanceKlass com/hazelcast/internal/metrics/metricsets/ThreadMetricSet$$Lambda$998
instanceKlass com/hazelcast/internal/metrics/metricsets/ThreadMetricSet$$Lambda$997
instanceKlass com/hazelcast/internal/metrics/metricsets/ThreadMetricSet
instanceKlass com/hazelcast/internal/metrics/metricsets/OperatingSystemMetricSet$$Lambda$996
instanceKlass java/lang/invoke/LambdaForm$DMH
instanceKlass com/hazelcast/internal/metrics/metricsets/OperatingSystemMetricSet$$Lambda$995
instanceKlass java/lang/invoke/LambdaForm$DMH
instanceKlass java/lang/invoke/LambdaForm$MH
instanceKlass java/lang/invoke/LambdaForm$DMH
instanceKlass java/lang/invoke/LambdaForm$DMH
instanceKlass com/hazelcast/internal/metrics/metricsets/OperatingSystemMetricSet$$Lambda$994
instanceKlass java/lang/invoke/LambdaForm$DMH
instanceKlass com/hazelcast/internal/util/OperatingSystemMXBeanSupport
instanceKlass com/hazelcast/internal/metrics/metricsets/OperatingSystemMetricSet
instanceKlass com/hazelcast/internal/metrics/metricsets/GarbageCollectionMetricSet$GcStats
instanceKlass com/hazelcast/internal/util/SetUtil
instanceKlass com/hazelcast/internal/metrics/metricsets/GarbageCollectionMetricSet
instanceKlass com/hazelcast/internal/metrics/metricsets/RuntimeMetricSet$$Lambda$993
instanceKlass java/lang/invoke/LambdaForm$DMH
instanceKlass com/hazelcast/internal/metrics/metricsets/RuntimeMetricSet$$Lambda$992
instanceKlass com/hazelcast/internal/metrics/metricsets/RuntimeMetricSet$$Lambda$991
instanceKlass java/lang/invoke/LambdaForm$DMH
instanceKlass com/hazelcast/internal/util/JVMUtil
instanceKlass com/hazelcast/internal/metrics/metricsets/RuntimeMetricSet$$Lambda$990
instanceKlass com/hazelcast/internal/metrics/metricsets/RuntimeMetricSet$$Lambda$989
instanceKlass com/hazelcast/internal/metrics/metricsets/RuntimeMetricSet$$Lambda$988
instanceKlass java/lang/invoke/LambdaForm$DMH
instanceKlass com/hazelcast/internal/metrics/metricsets/RuntimeMetricSet
instanceKlass com/hazelcast/client/impl/clientside/LifecycleServiceImpl$1
instanceKlass com/hazelcast/core/LifecycleEvent
instanceKlass com/hazelcast/cp/ISemaphore
instanceKlass com/hazelcast/cp/lock/FencedLock
instanceKlass com/hazelcast/client/cp/internal/datastructures/proxy/ClientRaftProxyFactory
instanceKlass com/hazelcast/client/cp/internal/CPSubsystemImpl
instanceKlass com/hazelcast/client/cp/internal/session/ClientProxySessionManager$$Lambda$987
instanceKlass com/hazelcast/client/cp/internal/session/ClientProxySessionManager$$Lambda$986
instanceKlass com/hazelcast/client/impl/clientside/ClientMessageDecoder
instanceKlass com/hazelcast/cp/internal/session/AbstractProxySessionManager
instanceKlass com/hazelcast/client/impl/spi/impl/ClientUserCodeDeploymentService
instanceKlass com/hazelcast/internal/metrics/collectors/MetricsCollector
instanceKlass com/hazelcast/client/impl/statistics/ClientStatisticsService
instanceKlass com/hazelcast/client/impl/clientside/ClientExceptionFactory$$Lambda$985
instanceKlass com/hazelcast/client/impl/clientside/ClientExceptionFactory$$Lambda$984
instanceKlass com/hazelcast/client/impl/clientside/ClientExceptionFactory$$Lambda$983
instanceKlass com/hazelcast/client/impl/clientside/ClientExceptionFactory$$Lambda$982
instanceKlass com/hazelcast/client/impl/clientside/ClientExceptionFactory$$Lambda$981
instanceKlass com/hazelcast/client/impl/clientside/ClientExceptionFactory$$Lambda$980
instanceKlass com/hazelcast/client/impl/clientside/ClientExceptionFactory$$Lambda$979
instanceKlass com/hazelcast/client/impl/clientside/ClientExceptionFactory$92
instanceKlass com/hazelcast/client/impl/clientside/ClientExceptionFactory$91
instanceKlass com/hazelcast/client/impl/clientside/ClientExceptionFactory$90
instanceKlass com/hazelcast/client/impl/clientside/ClientExceptionFactory$89
instanceKlass com/hazelcast/client/impl/clientside/ClientExceptionFactory$88
instanceKlass com/hazelcast/client/impl/clientside/ClientExceptionFactory$87
instanceKlass com/hazelcast/client/impl/clientside/ClientExceptionFactory$86
instanceKlass com/hazelcast/client/impl/clientside/ClientExceptionFactory$85
instanceKlass com/hazelcast/client/impl/clientside/ClientExceptionFactory$84
instanceKlass com/hazelcast/client/impl/clientside/ClientExceptionFactory$83
instanceKlass com/hazelcast/client/impl/clientside/ClientExceptionFactory$82
instanceKlass com/hazelcast/client/impl/clientside/ClientExceptionFactory$81
instanceKlass com/hazelcast/client/impl/clientside/ClientExceptionFactory$80
instanceKlass com/hazelcast/client/impl/clientside/ClientExceptionFactory$79
instanceKlass com/hazelcast/client/impl/clientside/ClientExceptionFactory$78
instanceKlass com/hazelcast/client/impl/clientside/ClientExceptionFactory$77
instanceKlass com/hazelcast/client/impl/clientside/ClientExceptionFactory$76
instanceKlass com/hazelcast/client/impl/clientside/ClientExceptionFactory$75
instanceKlass com/hazelcast/client/impl/clientside/ClientExceptionFactory$74
instanceKlass com/hazelcast/client/impl/clientside/ClientExceptionFactory$73
instanceKlass com/hazelcast/client/impl/clientside/ClientExceptionFactory$72
instanceKlass com/hazelcast/client/impl/clientside/ClientExceptionFactory$71
instanceKlass com/hazelcast/client/impl/clientside/ClientExceptionFactory$70
instanceKlass com/hazelcast/client/impl/clientside/ClientExceptionFactory$69
instanceKlass com/hazelcast/client/impl/clientside/ClientExceptionFactory$68
instanceKlass com/hazelcast/client/impl/clientside/ClientExceptionFactory$67
instanceKlass com/hazelcast/client/impl/clientside/ClientExceptionFactory$66
instanceKlass com/hazelcast/client/impl/clientside/ClientExceptionFactory$65
instanceKlass com/hazelcast/client/impl/clientside/ClientExceptionFactory$64
instanceKlass com/hazelcast/client/impl/clientside/ClientExceptionFactory$63
instanceKlass com/hazelcast/client/impl/clientside/ClientExceptionFactory$62
instanceKlass com/hazelcast/client/impl/clientside/ClientExceptionFactory$61
instanceKlass com/hazelcast/client/impl/clientside/ClientExceptionFactory$60
instanceKlass com/hazelcast/client/impl/clientside/ClientExceptionFactory$59
instanceKlass com/hazelcast/client/impl/clientside/ClientExceptionFactory$58
instanceKlass com/hazelcast/client/impl/clientside/ClientExceptionFactory$57
instanceKlass com/hazelcast/client/impl/clientside/ClientExceptionFactory$56
instanceKlass com/hazelcast/client/impl/clientside/ClientExceptionFactory$55
instanceKlass com/hazelcast/client/impl/clientside/ClientExceptionFactory$54
instanceKlass com/hazelcast/client/impl/clientside/ClientExceptionFactory$53
instanceKlass com/hazelcast/client/impl/clientside/ClientExceptionFactory$52
instanceKlass com/hazelcast/client/impl/clientside/ClientExceptionFactory$51
instanceKlass com/hazelcast/client/impl/clientside/ClientExceptionFactory$50
instanceKlass com/hazelcast/client/impl/clientside/ClientExceptionFactory$49
instanceKlass com/hazelcast/client/impl/clientside/ClientExceptionFactory$48
instanceKlass com/hazelcast/client/impl/clientside/ClientExceptionFactory$47
instanceKlass com/hazelcast/client/impl/clientside/ClientExceptionFactory$46
instanceKlass com/hazelcast/client/impl/clientside/ClientExceptionFactory$45
instanceKlass com/hazelcast/client/impl/clientside/ClientExceptionFactory$44
instanceKlass com/hazelcast/client/impl/clientside/ClientExceptionFactory$43
instanceKlass com/hazelcast/client/impl/clientside/ClientExceptionFactory$42
instanceKlass com/hazelcast/spi/exception/SilentException
instanceKlass com/hazelcast/client/impl/clientside/ClientExceptionFactory$41
instanceKlass com/hazelcast/client/impl/clientside/ClientExceptionFactory$40
instanceKlass com/hazelcast/client/impl/clientside/ClientExceptionFactory$39
instanceKlass com/hazelcast/client/impl/clientside/ClientExceptionFactory$38
instanceKlass com/hazelcast/client/impl/clientside/ClientExceptionFactory$37
instanceKlass com/hazelcast/client/impl/clientside/ClientExceptionFactory$36
instanceKlass com/hazelcast/client/impl/clientside/ClientExceptionFactory$35
instanceKlass com/hazelcast/client/impl/clientside/ClientExceptionFactory$34
instanceKlass com/hazelcast/client/impl/clientside/ClientExceptionFactory$33
instanceKlass com/hazelcast/core/IndeterminateOperationState
instanceKlass com/hazelcast/client/impl/clientside/ClientExceptionFactory$32
instanceKlass com/hazelcast/client/impl/clientside/ClientExceptionFactory$31
instanceKlass com/hazelcast/client/impl/clientside/ClientExceptionFactory$30
instanceKlass com/hazelcast/client/impl/clientside/ClientExceptionFactory$29
instanceKlass com/hazelcast/client/impl/clientside/ClientExceptionFactory$28
instanceKlass com/hazelcast/client/impl/clientside/ClientExceptionFactory$27
instanceKlass com/hazelcast/client/impl/clientside/ClientExceptionFactory$26
instanceKlass com/hazelcast/client/impl/clientside/ClientExceptionFactory$25
instanceKlass com/hazelcast/client/impl/clientside/ClientExceptionFactory$24
instanceKlass com/hazelcast/client/impl/clientside/ClientExceptionFactory$23
instanceKlass com/hazelcast/client/impl/clientside/ClientExceptionFactory$22
instanceKlass com/hazelcast/client/impl/clientside/ClientExceptionFactory$21
instanceKlass com/hazelcast/client/impl/clientside/ClientExceptionFactory$20
instanceKlass com/hazelcast/client/impl/clientside/ClientExceptionFactory$19
instanceKlass com/hazelcast/client/impl/clientside/ClientExceptionFactory$18
instanceKlass com/hazelcast/client/impl/clientside/ClientExceptionFactory$17
instanceKlass com/hazelcast/client/impl/clientside/ClientExceptionFactory$16
instanceKlass com/hazelcast/client/impl/clientside/ClientExceptionFactory$15
instanceKlass com/hazelcast/client/impl/clientside/ClientExceptionFactory$14
instanceKlass com/hazelcast/client/impl/clientside/ClientExceptionFactory$13
instanceKlass com/hazelcast/client/impl/clientside/ClientExceptionFactory$12
instanceKlass com/hazelcast/client/impl/clientside/ClientExceptionFactory$11
instanceKlass com/hazelcast/client/impl/clientside/ClientExceptionFactory$10
instanceKlass com/hazelcast/client/impl/clientside/ClientExceptionFactory$9
instanceKlass com/hazelcast/spi/exception/RetryableException
instanceKlass com/hazelcast/client/impl/clientside/ClientExceptionFactory$8
instanceKlass com/hazelcast/client/impl/clientside/ClientExceptionFactory$7
instanceKlass com/hazelcast/client/impl/clientside/ClientExceptionFactory$6
instanceKlass com/hazelcast/client/impl/clientside/ClientExceptionFactory$5
instanceKlass com/hazelcast/spi/impl/operationservice/WrappableException
instanceKlass com/hazelcast/client/impl/clientside/ClientExceptionFactory$ExceptionFactory
instanceKlass com/hazelcast/client/impl/clientside/ClientExceptionFactory
instanceKlass com/hazelcast/internal/nio/ClassLoaderUtil$IrresolvableConstructor
instanceKlass com/hazelcast/internal/nio/ClassLoaderUtil$ClassLoaderWeakCache
instanceKlass com/hazelcast/internal/nio/ClassLoaderUtil
instanceKlass com/hazelcast/cache/impl/JCacheDetector$1
instanceKlass com/hazelcast/cache/impl/JCacheDetector
instanceKlass com/hazelcast/client/impl/clientside/ClientLockReferenceIdGenerator
instanceKlass com/hazelcast/client/map/impl/querycache/subscriber/ClientSubscriberContextSupport
instanceKlass com/hazelcast/map/impl/querycache/accumulator/DefaultAccumulatorInfoSupplier$$Lambda$978
instanceKlass com/hazelcast/map/impl/querycache/accumulator/DefaultAccumulatorInfoSupplier
instanceKlass com/hazelcast/map/impl/querycache/subscriber/QueryCacheFactory
instanceKlass com/hazelcast/map/impl/querycache/subscriber/MapSubscriberRegistry$$Lambda$977
instanceKlass com/hazelcast/map/impl/querycache/subscriber/SubscriberRegistry
instanceKlass com/hazelcast/map/impl/querycache/subscriber/MapSubscriberRegistry
instanceKlass com/hazelcast/map/impl/querycache/Registry
instanceKlass com/hazelcast/map/impl/querycache/subscriber/QueryCacheEndToEndProvider$$Lambda$976
instanceKlass com/hazelcast/map/impl/querycache/subscriber/QueryCacheEndToEndProvider
instanceKlass com/hazelcast/map/impl/querycache/subscriber/QueryCacheEndToEndConstructor
instanceKlass com/hazelcast/map/impl/querycache/subscriber/SubscriberContextSupport
instanceKlass com/hazelcast/map/impl/querycache/accumulator/AccumulatorInfoSupplier
instanceKlass com/hazelcast/map/impl/querycache/subscriber/AbstractSubscriberContext
instanceKlass com/hazelcast/client/map/impl/querycache/subscriber/ClientInvokerWrapper
instanceKlass com/hazelcast/client/map/impl/querycache/subscriber/ClientQueryCacheScheduler
instanceKlass com/hazelcast/spi/impl/eventservice/EventFilter
instanceKlass com/hazelcast/config/ListenerConfig
instanceKlass com/hazelcast/map/impl/querycache/subscriber/AbstractQueryCacheConfigurator
instanceKlass com/hazelcast/client/map/impl/querycache/subscriber/ClientQueryCacheEventService$1
instanceKlass com/hazelcast/client/map/impl/querycache/subscriber/ClientQueryCacheEventService
instanceKlass com/hazelcast/internal/util/ContextMutexFactory
instanceKlass com/hazelcast/map/impl/querycache/subscriber/SubscriberContext
instanceKlass com/hazelcast/map/impl/querycache/InvokerWrapper
instanceKlass com/hazelcast/map/impl/querycache/QueryCacheScheduler
instanceKlass com/hazelcast/map/impl/querycache/QueryCacheConfigurator
instanceKlass com/hazelcast/map/impl/querycache/QueryCacheEventService
instanceKlass com/hazelcast/client/map/impl/querycache/ClientQueryCacheContext
instanceKlass com/hazelcast/map/impl/querycache/QueryCacheContext
instanceKlass com/hazelcast/client/impl/clientside/ClientICacheManager
instanceKlass com/hazelcast/internal/diagnostics/Diagnostics
instanceKlass com/hazelcast/client/impl/spi/impl/listener/ClientClusterViewListenerService
instanceKlass com/hazelcast/client/impl/spi/impl/ClientClusterServiceImpl$MemberListSnapshot
instanceKlass com/hazelcast/client/Client
instanceKlass com/hazelcast/client/impl/spi/impl/ClientClusterServiceImpl
instanceKlass com/hazelcast/internal/memory/impl/UnsafeBasedMemoryAccessor
instanceKlass com/hazelcast/internal/memory/GlobalMemoryAccessor
instanceKlass com/hazelcast/internal/memory/ConcurrentHeapMemoryAccessor
instanceKlass com/hazelcast/internal/memory/HeapMemoryAccessor
instanceKlass com/hazelcast/internal/memory/ConcurrentMemoryAccessor
instanceKlass com/hazelcast/internal/util/collection/ArrayUtils
instanceKlass com/hazelcast/internal/memory/impl/UnsafeUtil$1
instanceKlass com/hazelcast/internal/memory/impl/UnsafeUtil
instanceKlass com/hazelcast/internal/memory/impl/AlignmentUtil
instanceKlass com/hazelcast/internal/memory/GlobalMemoryAccessorRegistry
instanceKlass com/hazelcast/internal/util/counters/SwCounter
instanceKlass java/lang/StrictMath
instanceKlass com/hazelcast/internal/util/executor/StripedExecutor
instanceKlass com/hazelcast/client/impl/spi/impl/listener/ClientListenerServiceImpl
instanceKlass com/hazelcast/internal/metrics/impl/MetricsRegistryImpl$$Lambda$975
instanceKlass com/hazelcast/internal/metrics/impl/ProbeInstance
instanceKlass com/hazelcast/internal/metrics/impl/MetricsUtil
instanceKlass com/hazelcast/internal/metrics/impl/MetricDescriptorImpl$$Lambda$974
instanceKlass com/hazelcast/internal/util/ConcurrentReferenceHashMap$KeyReference
instanceKlass com/hazelcast/internal/metrics/ExcludedMetricTargets
instanceKlass com/hazelcast/internal/metrics/impl/MethodProbe
instanceKlass com/hazelcast/client/impl/protocol/ClientMessage
instanceKlass com/hazelcast/client/impl/connection/nio/ClientConnection
instanceKlass com/hazelcast/spi/impl/operationservice/impl/BaseInvocation
instanceKlass com/hazelcast/internal/metrics/impl/CachedProbe
instanceKlass com/hazelcast/internal/metrics/LongProbeFunction
instanceKlass com/hazelcast/internal/metrics/DoubleProbeFunction
instanceKlass com/hazelcast/internal/metrics/impl/FieldProbe
instanceKlass com/hazelcast/internal/metrics/Probe
instanceKlass com/hazelcast/internal/util/counters/Counter
instanceKlass com/hazelcast/internal/metrics/impl/ProbeUtils
instanceKlass com/hazelcast/internal/metrics/impl/SourceMetadata
instanceKlass com/hazelcast/internal/metrics/impl/MetricDescriptorImpl$LookupView
instanceKlass com/hazelcast/internal/metrics/impl/MetricDescriptorImpl
instanceKlass java/util/concurrent/atomic/AtomicLongArray
instanceKlass com/hazelcast/spi/impl/sequence/AbstractCallIdSequence
instanceKlass com/hazelcast/spi/impl/sequence/CallIdSequence
instanceKlass com/hazelcast/spi/impl/sequence/CallIdFactory
instanceKlass com/hazelcast/client/impl/spi/impl/ClientResponseHandlerSupplier$DynamicResponseHandler
instanceKlass com/hazelcast/spi/impl/operationservice/impl/InboundResponseHandlerSupplier$$Lambda$973
instanceKlass com/hazelcast/internal/util/MutableInteger
instanceKlass com/hazelcast/spi/impl/operationservice/impl/InboundResponseHandlerSupplier
instanceKlass com/hazelcast/internal/util/concurrent/MPSCQueue$Node
instanceKlass com/hazelcast/client/impl/spi/impl/ClientResponseHandlerSupplier
instanceKlass com/hazelcast/client/impl/spi/impl/ClientInvocationServiceImpl$1
instanceKlass com/hazelcast/internal/networking/OutboundFrame
instanceKlass com/hazelcast/client/impl/spi/impl/ClientInvocationServiceImpl
instanceKlass com/hazelcast/client/impl/connection/nio/WaitStrategy
instanceKlass com/hazelcast/client/impl/connection/nio/ClientConnectionManagerImpl$$Lambda$972
instanceKlass com/hazelcast/client/impl/connection/nio/ClientICMPManager
instanceKlass com/hazelcast/internal/nio/ConnectionListener
instanceKlass com/hazelcast/client/impl/connection/nio/HeartbeatManager
instanceKlass com/hazelcast/internal/util/AddressUtil$AddressMatcher
instanceKlass com/hazelcast/internal/util/AddressUtil
instanceKlass com/hazelcast/internal/networking/nio/NioNetworking$ChannelCloseListenerImpl
instanceKlass com/hazelcast/client/impl/connection/nio/ClientConnectionManagerImpl$ClientConnectionChannelErrorHandler
instanceKlass com/hazelcast/internal/networking/nio/NioNetworking$Context
instanceKlass com/hazelcast/internal/util/concurrent/IdleStrategy
instanceKlass com/hazelcast/internal/networking/Channel
instanceKlass com/hazelcast/internal/networking/nio/MigratablePipeline
instanceKlass com/hazelcast/internal/networking/ChannelCloseListener
instanceKlass com/hazelcast/internal/networking/nio/NioNetworking
instanceKlass com/hazelcast/internal/metrics/DynamicMetricsProvider
instanceKlass java/util/concurrent/CompletableFuture
instanceKlass java/util/concurrent/CompletionStage
instanceKlass com/hazelcast/client/impl/management/ManagementCenterService
instanceKlass com/hazelcast/client/impl/connection/nio/ClientConnectionManagerImpl$ConnectToAllClusterMembersTask
instanceKlass com/hazelcast/internal/util/ThreadLocalRandomProvider
instanceKlass com/hazelcast/internal/util/UuidUtil
instanceKlass com/hazelcast/internal/networking/ChannelErrorHandler
instanceKlass com/hazelcast/internal/nio/Connection
instanceKlass com/hazelcast/client/impl/connection/nio/ClientConnectionManagerImpl
instanceKlass com/hazelcast/client/impl/clientside/ClusterDiscoveryService
instanceKlass com/hazelcast/client/impl/clientside/ClusterDiscoveryServiceBuilder$$Lambda$971
instanceKlass com/hazelcast/internal/networking/ChannelInitializerProvider
instanceKlass com/hazelcast/config/SSLConfig
instanceKlass com/hazelcast/instance/EndpointQualifier
instanceKlass com/hazelcast/client/impl/clientside/CandidateClusterContext
instanceKlass com/hazelcast/client/impl/spi/impl/DefaultAddressProvider
instanceKlass com/hazelcast/internal/config/AliasedDiscoveryConfigUtils
instanceKlass com/hazelcast/client/config/impl/ClientAliasedDiscoveryConfigUtils
instanceKlass com/hazelcast/client/impl/clientside/ClusterDiscoveryServiceBuilder$$Lambda$970
instanceKlass javax/security/auth/callback/CallbackHandler
instanceKlass javax/security/auth/callback/Callback
instanceKlass com/hazelcast/security/UsernamePasswordCredentials
instanceKlass com/hazelcast/security/PasswordCredentials
instanceKlass com/hazelcast/config/security/StaticCredentialsFactory
instanceKlass com/hazelcast/client/impl/connection/AddressProvider
instanceKlass com/hazelcast/spi/discovery/integration/DiscoveryServiceProvider
instanceKlass com/hazelcast/security/ICredentialsFactory
instanceKlass com/hazelcast/security/Credentials
instanceKlass com/hazelcast/client/impl/clientside/ClusterDiscoveryServiceBuilder
instanceKlass com/hazelcast/client/impl/spi/impl/ClientPartitionServiceImpl$PartitionTable
instanceKlass com/hazelcast/partition/Partition
instanceKlass com/hazelcast/client/impl/spi/impl/ClientPartitionServiceImpl
instanceKlass com/hazelcast/transaction/TransactionContext
instanceKlass com/hazelcast/transaction/TransactionalTaskContext
instanceKlass com/hazelcast/client/impl/spi/impl/ClientTransactionManagerServiceImpl
instanceKlass com/hazelcast/cluster/Member
instanceKlass com/hazelcast/client/util/AbstractLoadBalancer
instanceKlass com/hazelcast/cluster/InitialMembershipListener
instanceKlass com/hazelcast/cluster/MembershipListener
instanceKlass com/hazelcast/client/impl/spi/impl/ClientExecutionServiceImpl$$Lambda$969
instanceKlass com/hazelcast/client/impl/spi/impl/ClientExecutionServiceImpl
instanceKlass com/hazelcast/internal/metrics/StaticMetricsProvider
instanceKlass com/hazelcast/client/impl/spi/ClientContext
instanceKlass com/hazelcast/client/impl/spi/ClientProxyDescriptorProvider
instanceKlass com/hazelcast/internal/services/ObjectNamespace
instanceKlass com/hazelcast/internal/services/ServiceNamespace
instanceKlass com/hazelcast/client/impl/spi/impl/ListenerMessageCodec
instanceKlass com/hazelcast/client/impl/spi/EventHandler
instanceKlass com/hazelcast/client/impl/spi/ClientProxyFactory
instanceKlass com/hazelcast/client/impl/spi/ProxyManager
instanceKlass com/hazelcast/hibernate/serialization/Hibernate5CacheEntrySerializerHook
instanceKlass com/hazelcast/nio/serialization/SerializerHook
instanceKlass com/hazelcast/internal/serialization/impl/SerializerHookLoader
instanceKlass com/hazelcast/internal/util/MapUtil
instanceKlass com/hazelcast/core/HazelcastJsonValue
instanceKlass java/util/concurrent/TransferQueue
instanceKlass com/hazelcast/internal/serialization/impl/AbstractMapStreamSerializer
instanceKlass com/hazelcast/internal/serialization/impl/AbstractCollectionStreamSerializer
instanceKlass com/hazelcast/internal/serialization/impl/ArrayStreamSerializer
instanceKlass com/hazelcast/internal/serialization/impl/ByteArraySerializerAdapter
instanceKlass com/hazelcast/internal/serialization/impl/ConstantSerializers$TheByteArraySerializer
instanceKlass com/hazelcast/nio/serialization/ByteArraySerializer
instanceKlass java/util/AbstractMap$SimpleEntry
instanceKlass com/hazelcast/nio/serialization/Portable
instanceKlass com/hazelcast/internal/serialization/impl/JavaDefaultSerializers$SingletonSerializer
instanceKlass com/hazelcast/internal/serialization/impl/DefaultPortableReader
instanceKlass com/hazelcast/query/extractor/ValueReader
instanceKlass com/hazelcast/internal/serialization/impl/PortableSerializer
instanceKlass com/hazelcast/cp/internal/datastructures/RaftDataServiceDataSerializerHook$$Lambda$968
instanceKlass com/hazelcast/cp/internal/datastructures/RaftDataServiceDataSerializerHook
instanceKlass com/hazelcast/internal/usercodedeployment/impl/UserCodeDeploymentSerializerHook$3
instanceKlass com/hazelcast/internal/usercodedeployment/impl/UserCodeDeploymentSerializerHook$2
instanceKlass com/hazelcast/internal/usercodedeployment/impl/UserCodeDeploymentSerializerHook$1
instanceKlass com/hazelcast/internal/usercodedeployment/impl/UserCodeDeploymentSerializerHook
instanceKlass com/hazelcast/internal/metrics/managementcenter/MetricsDataSerializerHook$Factory
instanceKlass com/hazelcast/internal/metrics/managementcenter/MetricsDataSerializerHook
instanceKlass com/hazelcast/cp/internal/datastructures/countdownlatch/CountDownLatchDataSerializerHook$$Lambda$967
instanceKlass com/hazelcast/cp/internal/datastructures/countdownlatch/CountDownLatchDataSerializerHook
instanceKlass com/hazelcast/transaction/impl/TransactionDataSerializerHook$1
instanceKlass com/hazelcast/transaction/impl/TransactionDataSerializerHook
instanceKlass com/hazelcast/spi/impl/SpiDataSerializerHook$1
instanceKlass com/hazelcast/spi/impl/SpiDataSerializerHook
instanceKlass com/hazelcast/hibernate/serialization/HibernateDataSerializerHook$Factory
instanceKlass com/hazelcast/hibernate/serialization/HibernateDataSerializerHook
instanceKlass com/hazelcast/cache/impl/CacheDataSerializerHook$$Lambda$966
instanceKlass com/hazelcast/cache/impl/CacheDataSerializerHook$$Lambda$965
instanceKlass com/hazelcast/cache/impl/CacheDataSerializerHook$$Lambda$964
instanceKlass com/hazelcast/cache/impl/CacheDataSerializerHook$$Lambda$963
instanceKlass com/hazelcast/cache/impl/CacheDataSerializerHook$$Lambda$962
instanceKlass com/hazelcast/cache/impl/CacheDataSerializerHook$$Lambda$961
instanceKlass com/hazelcast/cache/impl/CacheDataSerializerHook$$Lambda$960
instanceKlass com/hazelcast/cache/impl/CacheDataSerializerHook$$Lambda$959
instanceKlass com/hazelcast/cache/impl/CacheDataSerializerHook$$Lambda$958
instanceKlass com/hazelcast/cache/impl/CacheDataSerializerHook$$Lambda$957
instanceKlass com/hazelcast/cache/impl/CacheDataSerializerHook$$Lambda$956
instanceKlass com/hazelcast/cache/impl/CacheDataSerializerHook$$Lambda$955
instanceKlass com/hazelcast/cache/impl/CacheDataSerializerHook$$Lambda$954
instanceKlass com/hazelcast/cache/impl/CacheDataSerializerHook$$Lambda$953
instanceKlass com/hazelcast/cache/impl/CacheDataSerializerHook$$Lambda$952
instanceKlass com/hazelcast/cache/impl/CacheDataSerializerHook$$Lambda$951
instanceKlass com/hazelcast/cache/impl/CacheDataSerializerHook$$Lambda$950
instanceKlass com/hazelcast/cache/impl/CacheDataSerializerHook$$Lambda$949
instanceKlass com/hazelcast/cache/impl/CacheDataSerializerHook$$Lambda$948
instanceKlass com/hazelcast/cache/impl/CacheDataSerializerHook$$Lambda$947
instanceKlass com/hazelcast/cache/impl/CacheDataSerializerHook$$Lambda$946
instanceKlass com/hazelcast/cache/impl/CacheDataSerializerHook$$Lambda$945
instanceKlass com/hazelcast/cache/impl/CacheDataSerializerHook$$Lambda$944
instanceKlass com/hazelcast/cache/impl/CacheDataSerializerHook$$Lambda$943
instanceKlass com/hazelcast/cache/impl/CacheDataSerializerHook$$Lambda$942
instanceKlass com/hazelcast/cache/impl/CacheDataSerializerHook$$Lambda$941
instanceKlass com/hazelcast/cache/impl/CacheDataSerializerHook$$Lambda$940
instanceKlass com/hazelcast/cache/impl/CacheDataSerializerHook$$Lambda$939
instanceKlass com/hazelcast/cache/impl/CacheDataSerializerHook$$Lambda$938
instanceKlass com/hazelcast/cache/impl/CacheDataSerializerHook$$Lambda$937
instanceKlass com/hazelcast/cache/impl/CacheDataSerializerHook$$Lambda$936
instanceKlass com/hazelcast/cache/impl/CacheDataSerializerHook$$Lambda$935
instanceKlass com/hazelcast/cache/impl/CacheDataSerializerHook$$Lambda$934
instanceKlass com/hazelcast/cache/impl/CacheDataSerializerHook$$Lambda$933
instanceKlass com/hazelcast/cache/impl/CacheDataSerializerHook$$Lambda$932
instanceKlass com/hazelcast/cache/impl/CacheDataSerializerHook$$Lambda$931
instanceKlass com/hazelcast/cache/impl/CacheDataSerializerHook$$Lambda$930
instanceKlass com/hazelcast/cache/impl/CacheDataSerializerHook$$Lambda$929
instanceKlass com/hazelcast/cache/impl/CacheDataSerializerHook$$Lambda$928
instanceKlass com/hazelcast/cache/impl/CacheDataSerializerHook$$Lambda$927
instanceKlass com/hazelcast/cache/impl/CacheDataSerializerHook$$Lambda$926
instanceKlass com/hazelcast/cache/impl/CacheDataSerializerHook$$Lambda$925
instanceKlass com/hazelcast/cache/impl/CacheDataSerializerHook$$Lambda$924
instanceKlass com/hazelcast/cache/impl/CacheDataSerializerHook$$Lambda$923
instanceKlass com/hazelcast/cache/impl/CacheDataSerializerHook$$Lambda$922
instanceKlass com/hazelcast/cache/impl/CacheDataSerializerHook$$Lambda$921
instanceKlass com/hazelcast/cache/impl/CacheDataSerializerHook$$Lambda$920
instanceKlass com/hazelcast/cache/impl/CacheDataSerializerHook$$Lambda$919
instanceKlass com/hazelcast/cache/impl/CacheDataSerializerHook$$Lambda$918
instanceKlass com/hazelcast/cache/impl/CacheDataSerializerHook$$Lambda$917
instanceKlass com/hazelcast/cache/impl/CacheDataSerializerHook$$Lambda$916
instanceKlass com/hazelcast/cache/impl/CacheDataSerializerHook$$Lambda$915
instanceKlass com/hazelcast/cache/impl/CacheDataSerializerHook$$Lambda$914
instanceKlass com/hazelcast/cache/impl/CacheDataSerializerHook$$Lambda$913
instanceKlass com/hazelcast/cache/impl/CacheDataSerializerHook$$Lambda$912
instanceKlass com/hazelcast/cache/impl/CacheDataSerializerHook$$Lambda$911
instanceKlass com/hazelcast/cache/impl/CacheDataSerializerHook$$Lambda$910
instanceKlass com/hazelcast/cache/impl/CacheDataSerializerHook$$Lambda$909
instanceKlass com/hazelcast/cache/impl/CacheDataSerializerHook$$Lambda$908
instanceKlass com/hazelcast/cache/impl/CacheDataSerializerHook$$Lambda$907
instanceKlass com/hazelcast/cache/impl/CacheDataSerializerHook$$Lambda$906
instanceKlass com/hazelcast/cache/impl/CacheDataSerializerHook$$Lambda$905
instanceKlass com/hazelcast/cache/impl/CacheDataSerializerHook$$Lambda$904
instanceKlass com/hazelcast/cache/impl/CacheDataSerializerHook$$Lambda$903
instanceKlass com/hazelcast/cache/impl/CacheDataSerializerHook$$Lambda$902
instanceKlass com/hazelcast/cache/impl/CacheDataSerializerHook$$Lambda$901
instanceKlass com/hazelcast/cache/impl/CacheDataSerializerHook$$Lambda$900
instanceKlass com/hazelcast/cache/impl/CacheDataSerializerHook
instanceKlass com/hazelcast/executor/impl/ExecutorDataSerializerHook$1
instanceKlass com/hazelcast/executor/impl/ExecutorDataSerializerHook
instanceKlass com/hazelcast/internal/crdt/CRDTDataSerializerHook$1
instanceKlass com/hazelcast/internal/crdt/CRDTDataSerializerHook
instanceKlass com/hazelcast/internal/ascii/TextProtocolsDataSerializerHook$2
instanceKlass com/hazelcast/internal/ascii/TextProtocolsDataSerializerHook$1
instanceKlass com/hazelcast/internal/ascii/TextProtocolsDataSerializerHook
instanceKlass com/hazelcast/client/impl/ClientDataSerializerHook$1
instanceKlass com/hazelcast/client/impl/ClientDataSerializerHook
instanceKlass com/hazelcast/aggregation/impl/AggregatorDataSerializerHook$20
instanceKlass com/hazelcast/aggregation/impl/AggregatorDataSerializerHook$19
instanceKlass com/hazelcast/aggregation/impl/AggregatorDataSerializerHook$18
instanceKlass com/hazelcast/aggregation/impl/AggregatorDataSerializerHook$17
instanceKlass com/hazelcast/aggregation/impl/AggregatorDataSerializerHook$16
instanceKlass com/hazelcast/aggregation/impl/AggregatorDataSerializerHook$15
instanceKlass com/hazelcast/aggregation/impl/AggregatorDataSerializerHook$14
instanceKlass com/hazelcast/aggregation/impl/AggregatorDataSerializerHook$13
instanceKlass com/hazelcast/aggregation/impl/AggregatorDataSerializerHook$12
instanceKlass com/hazelcast/aggregation/impl/AggregatorDataSerializerHook$11
instanceKlass com/hazelcast/aggregation/impl/AggregatorDataSerializerHook$10
instanceKlass com/hazelcast/aggregation/impl/AggregatorDataSerializerHook$9
instanceKlass com/hazelcast/aggregation/impl/AggregatorDataSerializerHook$8
instanceKlass com/hazelcast/aggregation/impl/AggregatorDataSerializerHook$7
instanceKlass com/hazelcast/aggregation/impl/AggregatorDataSerializerHook$6
instanceKlass com/hazelcast/aggregation/impl/AggregatorDataSerializerHook$5
instanceKlass com/hazelcast/aggregation/impl/AggregatorDataSerializerHook$4
instanceKlass com/hazelcast/aggregation/impl/AggregatorDataSerializerHook$3
instanceKlass com/hazelcast/aggregation/impl/AggregatorDataSerializerHook$2
instanceKlass com/hazelcast/aggregation/impl/AggregatorDataSerializerHook$1
instanceKlass com/hazelcast/aggregation/impl/AggregatorDataSerializerHook
instanceKlass com/hazelcast/ringbuffer/impl/RingbufferDataSerializerHook$1
instanceKlass com/hazelcast/ringbuffer/impl/RingbufferDataSerializerHook
instanceKlass com/hazelcast/replicatedmap/impl/operation/ReplicatedMapDataSerializerHook$$Lambda$899
instanceKlass com/hazelcast/replicatedmap/impl/operation/ReplicatedMapDataSerializerHook$$Lambda$898
instanceKlass com/hazelcast/replicatedmap/impl/operation/ReplicatedMapDataSerializerHook$$Lambda$897
instanceKlass com/hazelcast/replicatedmap/impl/operation/ReplicatedMapDataSerializerHook$$Lambda$896
instanceKlass com/hazelcast/replicatedmap/impl/operation/ReplicatedMapDataSerializerHook$$Lambda$895
instanceKlass com/hazelcast/replicatedmap/impl/operation/ReplicatedMapDataSerializerHook$$Lambda$894
instanceKlass com/hazelcast/replicatedmap/impl/operation/ReplicatedMapDataSerializerHook$$Lambda$893
instanceKlass com/hazelcast/replicatedmap/impl/operation/ReplicatedMapDataSerializerHook$$Lambda$892
instanceKlass com/hazelcast/replicatedmap/impl/operation/ReplicatedMapDataSerializerHook$$Lambda$891
instanceKlass com/hazelcast/replicatedmap/impl/operation/ReplicatedMapDataSerializerHook$$Lambda$890
instanceKlass com/hazelcast/replicatedmap/impl/operation/ReplicatedMapDataSerializerHook$$Lambda$889
instanceKlass com/hazelcast/replicatedmap/impl/operation/ReplicatedMapDataSerializerHook$$Lambda$888
instanceKlass com/hazelcast/replicatedmap/impl/operation/ReplicatedMapDataSerializerHook$$Lambda$887
instanceKlass com/hazelcast/replicatedmap/impl/operation/ReplicatedMapDataSerializerHook$$Lambda$886
instanceKlass com/hazelcast/replicatedmap/impl/operation/ReplicatedMapDataSerializerHook$$Lambda$885
instanceKlass com/hazelcast/replicatedmap/impl/operation/ReplicatedMapDataSerializerHook$$Lambda$884
instanceKlass com/hazelcast/replicatedmap/impl/operation/ReplicatedMapDataSerializerHook$$Lambda$883
instanceKlass com/hazelcast/replicatedmap/impl/operation/ReplicatedMapDataSerializerHook$$Lambda$882
instanceKlass com/hazelcast/replicatedmap/impl/operation/ReplicatedMapDataSerializerHook$$Lambda$881
instanceKlass com/hazelcast/replicatedmap/impl/operation/ReplicatedMapDataSerializerHook$$Lambda$880
instanceKlass com/hazelcast/replicatedmap/impl/operation/ReplicatedMapDataSerializerHook$$Lambda$879
instanceKlass com/hazelcast/replicatedmap/impl/operation/ReplicatedMapDataSerializerHook$$Lambda$878
instanceKlass com/hazelcast/replicatedmap/impl/operation/ReplicatedMapDataSerializerHook$$Lambda$877
instanceKlass com/hazelcast/replicatedmap/impl/operation/ReplicatedMapDataSerializerHook$$Lambda$876
instanceKlass com/hazelcast/replicatedmap/impl/operation/ReplicatedMapDataSerializerHook$$Lambda$875
instanceKlass com/hazelcast/replicatedmap/impl/operation/ReplicatedMapDataSerializerHook$$Lambda$874
instanceKlass com/hazelcast/replicatedmap/impl/operation/ReplicatedMapDataSerializerHook
instanceKlass com/hazelcast/cp/internal/session/RaftSessionServiceDataSerializerHook$$Lambda$873
instanceKlass com/hazelcast/cp/internal/session/RaftSessionServiceDataSerializerHook
instanceKlass com/hazelcast/cp/internal/datastructures/atomiclong/AtomicLongDataSerializerHook$$Lambda$872
instanceKlass com/hazelcast/cp/internal/datastructures/atomiclong/AtomicLongDataSerializerHook
instanceKlass com/hazelcast/cp/internal/datastructures/semaphore/SemaphoreDataSerializerHook$$Lambda$871
instanceKlass com/hazelcast/cp/internal/datastructures/semaphore/SemaphoreDataSerializerHook
instanceKlass com/hazelcast/internal/cluster/impl/ClusterDataSerializerHook$$Lambda$870
instanceKlass com/hazelcast/internal/cluster/impl/ClusterDataSerializerHook$$Lambda$869
instanceKlass com/hazelcast/internal/cluster/impl/ClusterDataSerializerHook$$Lambda$868
instanceKlass com/hazelcast/internal/cluster/impl/ClusterDataSerializerHook$$Lambda$867
instanceKlass com/hazelcast/internal/cluster/impl/ClusterDataSerializerHook$$Lambda$866
instanceKlass com/hazelcast/internal/cluster/impl/ClusterDataSerializerHook$$Lambda$865
instanceKlass com/hazelcast/internal/cluster/impl/ClusterDataSerializerHook$$Lambda$864
instanceKlass com/hazelcast/internal/cluster/impl/ClusterDataSerializerHook$$Lambda$863
instanceKlass com/hazelcast/internal/cluster/impl/ClusterDataSerializerHook$$Lambda$862
instanceKlass com/hazelcast/internal/cluster/impl/ClusterDataSerializerHook$$Lambda$861
instanceKlass com/hazelcast/internal/cluster/impl/ClusterDataSerializerHook$$Lambda$860
instanceKlass com/hazelcast/internal/cluster/impl/ClusterDataSerializerHook$$Lambda$859
instanceKlass com/hazelcast/internal/cluster/impl/ClusterDataSerializerHook$$Lambda$858
instanceKlass com/hazelcast/internal/cluster/impl/ClusterDataSerializerHook$$Lambda$857
instanceKlass com/hazelcast/internal/cluster/impl/ClusterDataSerializerHook$$Lambda$856
instanceKlass com/hazelcast/internal/cluster/impl/ClusterDataSerializerHook$$Lambda$855
instanceKlass com/hazelcast/internal/cluster/impl/ClusterDataSerializerHook$$Lambda$854
instanceKlass com/hazelcast/internal/cluster/impl/ClusterDataSerializerHook$$Lambda$853
instanceKlass com/hazelcast/internal/cluster/impl/ClusterDataSerializerHook$$Lambda$852
instanceKlass com/hazelcast/internal/cluster/impl/ClusterDataSerializerHook$$Lambda$851
instanceKlass com/hazelcast/internal/cluster/impl/ClusterDataSerializerHook$$Lambda$850
instanceKlass com/hazelcast/internal/cluster/impl/ClusterDataSerializerHook$$Lambda$849
instanceKlass com/hazelcast/internal/cluster/impl/ClusterDataSerializerHook$$Lambda$848
instanceKlass com/hazelcast/internal/cluster/impl/ClusterDataSerializerHook$$Lambda$847
instanceKlass com/hazelcast/internal/cluster/impl/ClusterDataSerializerHook$$Lambda$846
instanceKlass com/hazelcast/internal/cluster/impl/ClusterDataSerializerHook$$Lambda$845
instanceKlass com/hazelcast/internal/cluster/impl/ClusterDataSerializerHook$$Lambda$844
instanceKlass com/hazelcast/internal/cluster/impl/ClusterDataSerializerHook$$Lambda$843
instanceKlass com/hazelcast/internal/cluster/impl/ClusterDataSerializerHook$$Lambda$842
instanceKlass com/hazelcast/internal/cluster/impl/ClusterDataSerializerHook$$Lambda$841
instanceKlass com/hazelcast/internal/cluster/impl/ClusterDataSerializerHook$$Lambda$840
instanceKlass com/hazelcast/internal/cluster/impl/ClusterDataSerializerHook$$Lambda$839
instanceKlass com/hazelcast/internal/cluster/impl/ClusterDataSerializerHook$$Lambda$838
instanceKlass com/hazelcast/internal/cluster/impl/ClusterDataSerializerHook$$Lambda$837
instanceKlass com/hazelcast/internal/cluster/impl/ClusterDataSerializerHook$$Lambda$836
instanceKlass com/hazelcast/internal/cluster/impl/ClusterDataSerializerHook$$Lambda$835
instanceKlass com/hazelcast/internal/cluster/impl/ClusterDataSerializerHook$$Lambda$834
instanceKlass com/hazelcast/internal/cluster/impl/ClusterDataSerializerHook$$Lambda$833
instanceKlass com/hazelcast/internal/cluster/impl/ClusterDataSerializerHook$$Lambda$832
instanceKlass com/hazelcast/internal/cluster/impl/ClusterDataSerializerHook$$Lambda$831
instanceKlass com/hazelcast/internal/cluster/impl/ClusterDataSerializerHook$$Lambda$830
instanceKlass com/hazelcast/internal/cluster/impl/ClusterDataSerializerHook
instanceKlass com/hazelcast/web/WebDataSerializerHook$1
instanceKlass com/hazelcast/web/WebDataSerializerHook
instanceKlass com/hazelcast/topic/impl/TopicDataSerializerHook$1
instanceKlass com/hazelcast/topic/impl/TopicDataSerializerHook
instanceKlass com/hazelcast/collection/impl/collection/CollectionDataSerializerHook$46
instanceKlass com/hazelcast/collection/impl/collection/CollectionDataSerializerHook$45
instanceKlass com/hazelcast/collection/impl/collection/CollectionDataSerializerHook$44
instanceKlass com/hazelcast/collection/impl/collection/CollectionDataSerializerHook$43
instanceKlass com/hazelcast/collection/impl/collection/CollectionDataSerializerHook$42
instanceKlass com/hazelcast/collection/impl/collection/CollectionDataSerializerHook$41
instanceKlass com/hazelcast/collection/impl/collection/CollectionDataSerializerHook$40
instanceKlass com/hazelcast/collection/impl/collection/CollectionDataSerializerHook$39
instanceKlass com/hazelcast/collection/impl/collection/CollectionDataSerializerHook$38
instanceKlass com/hazelcast/collection/impl/collection/CollectionDataSerializerHook$37
instanceKlass com/hazelcast/collection/impl/collection/CollectionDataSerializerHook$36
instanceKlass com/hazelcast/collection/impl/collection/CollectionDataSerializerHook$35
instanceKlass com/hazelcast/collection/impl/collection/CollectionDataSerializerHook$34
instanceKlass com/hazelcast/collection/impl/collection/CollectionDataSerializerHook$33
instanceKlass com/hazelcast/collection/impl/collection/CollectionDataSerializerHook$32
instanceKlass com/hazelcast/collection/impl/collection/CollectionDataSerializerHook$31
instanceKlass com/hazelcast/collection/impl/collection/CollectionDataSerializerHook$30
instanceKlass com/hazelcast/collection/impl/collection/CollectionDataSerializerHook$29
instanceKlass com/hazelcast/collection/impl/collection/CollectionDataSerializerHook$28
instanceKlass com/hazelcast/collection/impl/collection/CollectionDataSerializerHook$27
instanceKlass com/hazelcast/collection/impl/collection/CollectionDataSerializerHook$26
instanceKlass com/hazelcast/collection/impl/collection/CollectionDataSerializerHook$25
instanceKlass com/hazelcast/collection/impl/collection/CollectionDataSerializerHook$24
instanceKlass com/hazelcast/collection/impl/collection/CollectionDataSerializerHook$23
instanceKlass com/hazelcast/collection/impl/collection/CollectionDataSerializerHook$22
instanceKlass com/hazelcast/collection/impl/collection/CollectionDataSerializerHook$21
instanceKlass com/hazelcast/collection/impl/collection/CollectionDataSerializerHook$20
instanceKlass com/hazelcast/collection/impl/collection/CollectionDataSerializerHook$19
instanceKlass com/hazelcast/collection/impl/collection/CollectionDataSerializerHook$18
instanceKlass com/hazelcast/collection/impl/collection/CollectionDataSerializerHook$17
instanceKlass com/hazelcast/collection/impl/collection/CollectionDataSerializerHook$16
instanceKlass com/hazelcast/collection/impl/collection/CollectionDataSerializerHook$15
instanceKlass com/hazelcast/collection/impl/collection/CollectionDataSerializerHook$14
instanceKlass com/hazelcast/collection/impl/collection/CollectionDataSerializerHook$13
instanceKlass com/hazelcast/collection/impl/collection/CollectionDataSerializerHook$12
instanceKlass com/hazelcast/collection/impl/collection/CollectionDataSerializerHook$11
instanceKlass com/hazelcast/collection/impl/collection/CollectionDataSerializerHook$10
instanceKlass com/hazelcast/collection/impl/collection/CollectionDataSerializerHook$9
instanceKlass com/hazelcast/collection/impl/collection/CollectionDataSerializerHook$8
instanceKlass com/hazelcast/collection/impl/collection/CollectionDataSerializerHook$7
instanceKlass com/hazelcast/collection/impl/collection/CollectionDataSerializerHook$6
instanceKlass com/hazelcast/collection/impl/collection/CollectionDataSerializerHook$5
instanceKlass com/hazelcast/collection/impl/collection/CollectionDataSerializerHook$4
instanceKlass com/hazelcast/collection/impl/collection/CollectionDataSerializerHook$3
instanceKlass com/hazelcast/collection/impl/collection/CollectionDataSerializerHook$2
instanceKlass com/hazelcast/collection/impl/collection/CollectionDataSerializerHook$1
instanceKlass com/hazelcast/collection/impl/collection/CollectionDataSerializerHook
instanceKlass com/hazelcast/collection/impl/queue/QueueDataSerializerHook$$Lambda$829
instanceKlass com/hazelcast/collection/impl/queue/QueueDataSerializerHook$$Lambda$828
instanceKlass com/hazelcast/collection/impl/queue/QueueDataSerializerHook$$Lambda$827
instanceKlass com/hazelcast/collection/impl/queue/QueueDataSerializerHook$$Lambda$826
instanceKlass com/hazelcast/collection/impl/queue/QueueDataSerializerHook$$Lambda$825
instanceKlass com/hazelcast/collection/impl/queue/QueueDataSerializerHook$$Lambda$824
instanceKlass com/hazelcast/collection/impl/queue/QueueDataSerializerHook$$Lambda$823
instanceKlass com/hazelcast/collection/impl/queue/QueueDataSerializerHook$$Lambda$822
instanceKlass com/hazelcast/collection/impl/queue/QueueDataSerializerHook$$Lambda$821
instanceKlass com/hazelcast/collection/impl/queue/QueueDataSerializerHook$$Lambda$820
instanceKlass com/hazelcast/collection/impl/queue/QueueDataSerializerHook$$Lambda$819
instanceKlass com/hazelcast/collection/impl/queue/QueueDataSerializerHook$$Lambda$818
instanceKlass com/hazelcast/collection/impl/queue/QueueDataSerializerHook$$Lambda$817
instanceKlass com/hazelcast/collection/impl/queue/QueueDataSerializerHook$$Lambda$816
instanceKlass com/hazelcast/collection/impl/queue/QueueDataSerializerHook$$Lambda$815
instanceKlass com/hazelcast/collection/impl/queue/QueueDataSerializerHook$$Lambda$814
instanceKlass com/hazelcast/collection/impl/queue/QueueDataSerializerHook$$Lambda$813
instanceKlass com/hazelcast/collection/impl/queue/QueueDataSerializerHook$$Lambda$812
instanceKlass com/hazelcast/collection/impl/queue/QueueDataSerializerHook$$Lambda$811
instanceKlass com/hazelcast/collection/impl/queue/QueueDataSerializerHook$$Lambda$810
instanceKlass com/hazelcast/collection/impl/queue/QueueDataSerializerHook$$Lambda$809
instanceKlass com/hazelcast/collection/impl/queue/QueueDataSerializerHook$$Lambda$808
instanceKlass com/hazelcast/collection/impl/queue/QueueDataSerializerHook$$Lambda$807
instanceKlass com/hazelcast/collection/impl/queue/QueueDataSerializerHook$$Lambda$806
instanceKlass com/hazelcast/collection/impl/queue/QueueDataSerializerHook$$Lambda$805
instanceKlass com/hazelcast/collection/impl/queue/QueueDataSerializerHook$$Lambda$804
instanceKlass com/hazelcast/collection/impl/queue/QueueDataSerializerHook$$Lambda$803
instanceKlass com/hazelcast/collection/impl/queue/QueueDataSerializerHook$$Lambda$802
instanceKlass com/hazelcast/collection/impl/queue/QueueDataSerializerHook$$Lambda$801
instanceKlass com/hazelcast/collection/impl/queue/QueueDataSerializerHook$$Lambda$800
instanceKlass com/hazelcast/collection/impl/queue/QueueDataSerializerHook$$Lambda$799
instanceKlass com/hazelcast/collection/impl/queue/QueueDataSerializerHook$$Lambda$798
instanceKlass com/hazelcast/collection/impl/queue/QueueDataSerializerHook$$Lambda$797
instanceKlass com/hazelcast/collection/impl/queue/QueueDataSerializerHook$$Lambda$796
instanceKlass com/hazelcast/collection/impl/queue/QueueDataSerializerHook$$Lambda$795
instanceKlass com/hazelcast/collection/impl/queue/QueueDataSerializerHook$$Lambda$794
instanceKlass com/hazelcast/collection/impl/queue/QueueDataSerializerHook$$Lambda$793
instanceKlass com/hazelcast/collection/impl/queue/QueueDataSerializerHook$$Lambda$792
instanceKlass com/hazelcast/collection/impl/queue/QueueDataSerializerHook$$Lambda$791
instanceKlass com/hazelcast/collection/impl/queue/QueueDataSerializerHook$$Lambda$790
instanceKlass com/hazelcast/collection/impl/queue/QueueDataSerializerHook$$Lambda$789
instanceKlass com/hazelcast/collection/impl/queue/QueueDataSerializerHook$$Lambda$788
instanceKlass com/hazelcast/collection/impl/queue/QueueDataSerializerHook$$Lambda$787
instanceKlass com/hazelcast/collection/impl/queue/QueueDataSerializerHook$$Lambda$786
instanceKlass com/hazelcast/collection/impl/queue/QueueDataSerializerHook$$Lambda$785
instanceKlass com/hazelcast/collection/impl/queue/QueueDataSerializerHook
instanceKlass com/hazelcast/durableexecutor/impl/DurableExecutorDataSerializerHook$1
instanceKlass com/hazelcast/durableexecutor/impl/DurableExecutorDataSerializerHook
instanceKlass com/hazelcast/cp/internal/datastructures/lock/LockDataSerializerHook$$Lambda$784
instanceKlass com/hazelcast/cp/internal/datastructures/lock/LockDataSerializerHook
instanceKlass com/hazelcast/query/impl/predicates/PredicateDataSerializerHook$21
instanceKlass com/hazelcast/query/impl/predicates/PredicateDataSerializerHook$20
instanceKlass com/hazelcast/query/impl/predicates/PredicateDataSerializerHook$19
instanceKlass com/hazelcast/query/impl/predicates/PredicateDataSerializerHook$18
instanceKlass com/hazelcast/query/impl/predicates/PredicateDataSerializerHook$17
instanceKlass com/hazelcast/query/impl/predicates/PredicateDataSerializerHook$16
instanceKlass com/hazelcast/query/impl/predicates/PredicateDataSerializerHook$15
instanceKlass com/hazelcast/query/impl/predicates/PredicateDataSerializerHook$14
instanceKlass com/hazelcast/query/impl/predicates/PredicateDataSerializerHook$13
instanceKlass com/hazelcast/query/impl/predicates/PredicateDataSerializerHook$12
instanceKlass com/hazelcast/query/impl/predicates/PredicateDataSerializerHook$11
instanceKlass com/hazelcast/query/impl/predicates/PredicateDataSerializerHook$10
instanceKlass com/hazelcast/query/impl/predicates/PredicateDataSerializerHook$9
instanceKlass com/hazelcast/query/impl/predicates/PredicateDataSerializerHook$8
instanceKlass com/hazelcast/query/impl/predicates/PredicateDataSerializerHook$7
instanceKlass com/hazelcast/query/impl/predicates/PredicateDataSerializerHook$6
instanceKlass com/hazelcast/query/impl/predicates/PredicateDataSerializerHook$5
instanceKlass com/hazelcast/query/impl/predicates/PredicateDataSerializerHook$4
instanceKlass com/hazelcast/query/impl/predicates/PredicateDataSerializerHook$3
instanceKlass com/hazelcast/query/impl/predicates/PredicateDataSerializerHook$2
instanceKlass com/hazelcast/query/impl/predicates/PredicateDataSerializerHook$1
instanceKlass com/hazelcast/query/impl/predicates/PredicateDataSerializerHook
instanceKlass com/hazelcast/internal/longregister/LongRegisterDataSerializerHook$$Lambda$783
instanceKlass com/hazelcast/internal/longregister/LongRegisterDataSerializerHook
instanceKlass com/hazelcast/flakeidgen/impl/FlakeIdGeneratorDataSerializerHook$1
instanceKlass com/hazelcast/flakeidgen/impl/FlakeIdGeneratorDataSerializerHook
instanceKlass com/hazelcast/internal/journal/EventJournalDataSerializerHook$1
instanceKlass com/hazelcast/internal/journal/EventJournalDataSerializerHook
instanceKlass com/hazelcast/spi/impl/merge/SplitBrainDataSerializerHook$19
instanceKlass com/hazelcast/spi/impl/merge/SplitBrainDataSerializerHook$18
instanceKlass com/hazelcast/spi/impl/merge/SplitBrainDataSerializerHook$17
instanceKlass com/hazelcast/spi/impl/merge/SplitBrainDataSerializerHook$16
instanceKlass com/hazelcast/spi/impl/merge/SplitBrainDataSerializerHook$15
instanceKlass com/hazelcast/spi/impl/merge/SplitBrainDataSerializerHook$14
instanceKlass com/hazelcast/spi/impl/merge/SplitBrainDataSerializerHook$13
instanceKlass com/hazelcast/spi/impl/merge/SplitBrainDataSerializerHook$12
instanceKlass com/hazelcast/spi/impl/merge/SplitBrainDataSerializerHook$11
instanceKlass com/hazelcast/spi/impl/merge/SplitBrainDataSerializerHook$10
instanceKlass com/hazelcast/spi/impl/merge/SplitBrainDataSerializerHook$9
instanceKlass com/hazelcast/spi/impl/merge/SplitBrainDataSerializerHook$8
instanceKlass com/hazelcast/spi/impl/merge/SplitBrainDataSerializerHook$7
instanceKlass com/hazelcast/spi/impl/merge/SplitBrainDataSerializerHook$6
instanceKlass com/hazelcast/spi/impl/merge/SplitBrainDataSerializerHook$5
instanceKlass com/hazelcast/spi/impl/merge/SplitBrainDataSerializerHook$4
instanceKlass com/hazelcast/spi/impl/merge/SplitBrainDataSerializerHook$3
instanceKlass com/hazelcast/spi/impl/merge/SplitBrainDataSerializerHook$2
instanceKlass com/hazelcast/spi/impl/merge/SplitBrainDataSerializerHook$1
instanceKlass com/hazelcast/spi/impl/merge/SplitBrainDataSerializerHook
instanceKlass com/hazelcast/wan/impl/WanDataSerializerHook$$Lambda$782
instanceKlass com/hazelcast/wan/impl/WanDataSerializerHook
instanceKlass com/hazelcast/internal/locksupport/LockDataSerializerHook$$Lambda$781
instanceKlass com/hazelcast/internal/locksupport/LockDataSerializerHook
instanceKlass com/hazelcast/scheduledexecutor/impl/ScheduledExecutorDataSerializerHook$1
instanceKlass com/hazelcast/scheduledexecutor/impl/ScheduledExecutorDataSerializerHook
instanceKlass com/hazelcast/multimap/impl/MultiMapDataSerializerHook$$Lambda$780
instanceKlass com/hazelcast/multimap/impl/MultiMapDataSerializerHook$$Lambda$779
instanceKlass com/hazelcast/multimap/impl/MultiMapDataSerializerHook$$Lambda$778
instanceKlass com/hazelcast/multimap/impl/MultiMapDataSerializerHook$$Lambda$777
instanceKlass com/hazelcast/multimap/impl/MultiMapDataSerializerHook$$Lambda$776
instanceKlass com/hazelcast/multimap/impl/MultiMapDataSerializerHook$$Lambda$775
instanceKlass com/hazelcast/multimap/impl/MultiMapDataSerializerHook$$Lambda$774
instanceKlass com/hazelcast/multimap/impl/MultiMapDataSerializerHook$$Lambda$773
instanceKlass com/hazelcast/multimap/impl/MultiMapDataSerializerHook$$Lambda$772
instanceKlass com/hazelcast/multimap/impl/MultiMapDataSerializerHook$$Lambda$771
instanceKlass com/hazelcast/multimap/impl/MultiMapDataSerializerHook$$Lambda$770
instanceKlass com/hazelcast/multimap/impl/MultiMapDataSerializerHook$$Lambda$769
instanceKlass com/hazelcast/multimap/impl/MultiMapDataSerializerHook$$Lambda$768
instanceKlass com/hazelcast/multimap/impl/MultiMapDataSerializerHook$$Lambda$767
instanceKlass com/hazelcast/multimap/impl/MultiMapDataSerializerHook$$Lambda$766
instanceKlass com/hazelcast/multimap/impl/MultiMapDataSerializerHook$$Lambda$765
instanceKlass com/hazelcast/multimap/impl/MultiMapDataSerializerHook$$Lambda$764
instanceKlass com/hazelcast/multimap/impl/MultiMapDataSerializerHook$$Lambda$763
instanceKlass com/hazelcast/multimap/impl/MultiMapDataSerializerHook$$Lambda$762
instanceKlass com/hazelcast/multimap/impl/MultiMapDataSerializerHook$$Lambda$761
instanceKlass com/hazelcast/multimap/impl/MultiMapDataSerializerHook$$Lambda$760
instanceKlass com/hazelcast/multimap/impl/MultiMapDataSerializerHook$$Lambda$759
instanceKlass com/hazelcast/multimap/impl/MultiMapDataSerializerHook$$Lambda$758
instanceKlass com/hazelcast/multimap/impl/MultiMapDataSerializerHook$$Lambda$757
instanceKlass com/hazelcast/multimap/impl/MultiMapDataSerializerHook$$Lambda$756
instanceKlass com/hazelcast/multimap/impl/MultiMapDataSerializerHook$$Lambda$755
instanceKlass com/hazelcast/multimap/impl/MultiMapDataSerializerHook$$Lambda$754
instanceKlass com/hazelcast/multimap/impl/MultiMapDataSerializerHook$$Lambda$753
instanceKlass com/hazelcast/multimap/impl/MultiMapDataSerializerHook$$Lambda$752
instanceKlass com/hazelcast/multimap/impl/MultiMapDataSerializerHook$$Lambda$751
instanceKlass com/hazelcast/multimap/impl/MultiMapDataSerializerHook$$Lambda$750
instanceKlass com/hazelcast/multimap/impl/MultiMapDataSerializerHook$$Lambda$749
instanceKlass com/hazelcast/multimap/impl/MultiMapDataSerializerHook$$Lambda$748
instanceKlass com/hazelcast/multimap/impl/MultiMapDataSerializerHook$$Lambda$747
instanceKlass com/hazelcast/multimap/impl/MultiMapDataSerializerHook$$Lambda$746
instanceKlass com/hazelcast/multimap/impl/MultiMapDataSerializerHook$$Lambda$745
instanceKlass com/hazelcast/multimap/impl/MultiMapDataSerializerHook$$Lambda$744
instanceKlass com/hazelcast/multimap/impl/MultiMapDataSerializerHook$$Lambda$743
instanceKlass com/hazelcast/multimap/impl/MultiMapDataSerializerHook$$Lambda$742
instanceKlass com/hazelcast/multimap/impl/MultiMapDataSerializerHook$$Lambda$741
instanceKlass com/hazelcast/multimap/impl/MultiMapDataSerializerHook$$Lambda$740
instanceKlass com/hazelcast/multimap/impl/MultiMapDataSerializerHook
instanceKlass com/hazelcast/cp/internal/raft/impl/RaftDataSerializerHook$$Lambda$739
instanceKlass com/hazelcast/cp/internal/raft/impl/RaftDataSerializerHook
instanceKlass com/hazelcast/projection/impl/ProjectionDataSerializerHook$3
instanceKlass com/hazelcast/projection/impl/ProjectionDataSerializerHook$2
instanceKlass com/hazelcast/projection/impl/ProjectionDataSerializerHook$1
instanceKlass com/hazelcast/projection/impl/ProjectionDataSerializerHook
instanceKlass com/hazelcast/cardinality/impl/CardinalityEstimatorDataSerializerHook$1
instanceKlass com/hazelcast/cardinality/impl/CardinalityEstimatorDataSerializerHook
instanceKlass com/hazelcast/map/impl/MapDataSerializerHook$$Lambda$738
instanceKlass com/hazelcast/map/impl/MapDataSerializerHook$$Lambda$737
instanceKlass com/hazelcast/map/impl/MapDataSerializerHook$$Lambda$736
instanceKlass com/hazelcast/map/impl/MapDataSerializerHook$$Lambda$735
instanceKlass com/hazelcast/map/impl/MapDataSerializerHook$$Lambda$734
instanceKlass com/hazelcast/map/impl/MapDataSerializerHook$$Lambda$733
instanceKlass com/hazelcast/map/impl/MapDataSerializerHook$$Lambda$732
instanceKlass com/hazelcast/map/impl/MapDataSerializerHook$$Lambda$731
instanceKlass com/hazelcast/map/impl/MapDataSerializerHook$$Lambda$730
instanceKlass com/hazelcast/map/impl/MapDataSerializerHook$$Lambda$729
instanceKlass com/hazelcast/map/impl/MapDataSerializerHook$$Lambda$728
instanceKlass com/hazelcast/map/impl/MapDataSerializerHook$$Lambda$727
instanceKlass com/hazelcast/map/impl/MapDataSerializerHook$$Lambda$726
instanceKlass com/hazelcast/map/impl/MapDataSerializerHook$$Lambda$725
instanceKlass com/hazelcast/map/impl/MapDataSerializerHook$$Lambda$724
instanceKlass com/hazelcast/map/impl/MapDataSerializerHook$$Lambda$723
instanceKlass com/hazelcast/map/impl/MapDataSerializerHook$$Lambda$722
instanceKlass com/hazelcast/map/impl/MapDataSerializerHook$$Lambda$721
instanceKlass com/hazelcast/map/impl/MapDataSerializerHook$$Lambda$720
instanceKlass com/hazelcast/map/impl/MapDataSerializerHook$$Lambda$719
instanceKlass com/hazelcast/map/impl/MapDataSerializerHook$$Lambda$718
instanceKlass com/hazelcast/map/impl/MapDataSerializerHook$$Lambda$717
instanceKlass com/hazelcast/map/impl/MapDataSerializerHook$$Lambda$716
instanceKlass com/hazelcast/map/impl/MapDataSerializerHook$$Lambda$715
instanceKlass com/hazelcast/map/impl/MapDataSerializerHook$$Lambda$714
instanceKlass com/hazelcast/map/impl/MapDataSerializerHook$$Lambda$713
instanceKlass com/hazelcast/map/impl/MapDataSerializerHook$$Lambda$712
instanceKlass com/hazelcast/map/impl/MapDataSerializerHook$$Lambda$711
instanceKlass com/hazelcast/map/impl/MapDataSerializerHook$$Lambda$710
instanceKlass com/hazelcast/map/impl/MapDataSerializerHook$$Lambda$709
instanceKlass com/hazelcast/map/impl/MapDataSerializerHook$$Lambda$708
instanceKlass com/hazelcast/map/impl/MapDataSerializerHook$$Lambda$707
instanceKlass com/hazelcast/map/impl/MapDataSerializerHook$$Lambda$706
instanceKlass com/hazelcast/map/impl/MapDataSerializerHook$$Lambda$705
instanceKlass com/hazelcast/map/impl/MapDataSerializerHook$$Lambda$704
instanceKlass com/hazelcast/map/impl/MapDataSerializerHook$$Lambda$703
instanceKlass com/hazelcast/map/impl/MapDataSerializerHook$$Lambda$702
instanceKlass com/hazelcast/map/impl/MapDataSerializerHook$$Lambda$701
instanceKlass com/hazelcast/map/impl/MapDataSerializerHook$$Lambda$700
instanceKlass com/hazelcast/map/impl/MapDataSerializerHook$$Lambda$699
instanceKlass com/hazelcast/map/impl/MapDataSerializerHook$$Lambda$698
instanceKlass com/hazelcast/map/impl/MapDataSerializerHook$$Lambda$697
instanceKlass com/hazelcast/map/impl/MapDataSerializerHook$$Lambda$696
instanceKlass com/hazelcast/map/impl/MapDataSerializerHook$$Lambda$695
instanceKlass com/hazelcast/map/impl/MapDataSerializerHook$$Lambda$694
instanceKlass com/hazelcast/map/impl/MapDataSerializerHook$$Lambda$693
instanceKlass com/hazelcast/map/impl/MapDataSerializerHook$$Lambda$692
instanceKlass com/hazelcast/map/impl/MapDataSerializerHook$$Lambda$691
instanceKlass com/hazelcast/map/impl/MapDataSerializerHook$$Lambda$690
instanceKlass com/hazelcast/map/impl/MapDataSerializerHook$$Lambda$689
instanceKlass com/hazelcast/map/impl/MapDataSerializerHook$$Lambda$688
instanceKlass com/hazelcast/map/impl/MapDataSerializerHook$$Lambda$687
instanceKlass com/hazelcast/map/impl/MapDataSerializerHook$$Lambda$686
instanceKlass com/hazelcast/map/impl/MapDataSerializerHook$$Lambda$685
instanceKlass com/hazelcast/map/impl/MapDataSerializerHook$$Lambda$684
instanceKlass com/hazelcast/map/impl/MapDataSerializerHook$$Lambda$683
instanceKlass com/hazelcast/map/impl/MapDataSerializerHook$$Lambda$682
instanceKlass com/hazelcast/map/impl/MapDataSerializerHook$$Lambda$681
instanceKlass com/hazelcast/map/impl/MapDataSerializerHook$$Lambda$680
instanceKlass com/hazelcast/map/impl/MapDataSerializerHook$$Lambda$679
instanceKlass com/hazelcast/map/impl/MapDataSerializerHook$$Lambda$678
instanceKlass com/hazelcast/map/impl/MapDataSerializerHook$$Lambda$677
instanceKlass com/hazelcast/map/impl/MapDataSerializerHook$$Lambda$676
instanceKlass com/hazelcast/map/impl/MapDataSerializerHook$$Lambda$675
instanceKlass com/hazelcast/map/impl/MapDataSerializerHook$$Lambda$674
instanceKlass com/hazelcast/map/impl/MapDataSerializerHook$$Lambda$673
instanceKlass com/hazelcast/map/impl/MapDataSerializerHook$$Lambda$672
instanceKlass com/hazelcast/map/impl/MapDataSerializerHook$$Lambda$671
instanceKlass com/hazelcast/map/impl/MapDataSerializerHook$$Lambda$670
instanceKlass com/hazelcast/map/impl/MapDataSerializerHook$$Lambda$669
instanceKlass com/hazelcast/map/impl/MapDataSerializerHook$$Lambda$668
instanceKlass com/hazelcast/map/impl/MapDataSerializerHook$$Lambda$667
instanceKlass com/hazelcast/map/impl/MapDataSerializerHook$$Lambda$666
instanceKlass com/hazelcast/map/impl/MapDataSerializerHook$$Lambda$665
instanceKlass com/hazelcast/map/impl/MapDataSerializerHook$$Lambda$664
instanceKlass com/hazelcast/map/impl/MapDataSerializerHook$$Lambda$663
instanceKlass com/hazelcast/map/impl/MapDataSerializerHook$$Lambda$662
instanceKlass com/hazelcast/map/impl/MapDataSerializerHook$$Lambda$661
instanceKlass com/hazelcast/map/impl/MapDataSerializerHook$$Lambda$660
instanceKlass com/hazelcast/map/impl/MapDataSerializerHook$$Lambda$659
instanceKlass com/hazelcast/map/impl/MapDataSerializerHook$$Lambda$658
instanceKlass com/hazelcast/map/impl/MapDataSerializerHook$$Lambda$657
instanceKlass com/hazelcast/map/impl/MapDataSerializerHook$$Lambda$656
instanceKlass com/hazelcast/map/impl/MapDataSerializerHook$$Lambda$655
instanceKlass com/hazelcast/map/impl/MapDataSerializerHook$$Lambda$654
instanceKlass com/hazelcast/map/impl/MapDataSerializerHook$$Lambda$653
instanceKlass com/hazelcast/map/impl/MapDataSerializerHook$$Lambda$652
instanceKlass com/hazelcast/map/impl/MapDataSerializerHook$$Lambda$651
instanceKlass com/hazelcast/map/impl/MapDataSerializerHook$$Lambda$650
instanceKlass com/hazelcast/map/impl/MapDataSerializerHook$$Lambda$649
instanceKlass com/hazelcast/map/impl/MapDataSerializerHook$$Lambda$648
instanceKlass com/hazelcast/map/impl/MapDataSerializerHook$$Lambda$647
instanceKlass com/hazelcast/map/impl/MapDataSerializerHook$$Lambda$646
instanceKlass com/hazelcast/map/impl/MapDataSerializerHook$$Lambda$645
instanceKlass com/hazelcast/map/impl/MapDataSerializerHook$$Lambda$644
instanceKlass com/hazelcast/map/impl/MapDataSerializerHook$$Lambda$643
instanceKlass com/hazelcast/map/impl/MapDataSerializerHook$$Lambda$642
instanceKlass com/hazelcast/map/impl/MapDataSerializerHook$$Lambda$641
instanceKlass com/hazelcast/map/impl/MapDataSerializerHook$$Lambda$640
instanceKlass com/hazelcast/map/impl/MapDataSerializerHook$$Lambda$639
instanceKlass com/hazelcast/map/impl/MapDataSerializerHook$$Lambda$638
instanceKlass com/hazelcast/map/impl/MapDataSerializerHook$$Lambda$637
instanceKlass com/hazelcast/map/impl/MapDataSerializerHook$$Lambda$636
instanceKlass com/hazelcast/map/impl/MapDataSerializerHook$$Lambda$635
instanceKlass com/hazelcast/map/impl/MapDataSerializerHook$$Lambda$634
instanceKlass com/hazelcast/map/impl/MapDataSerializerHook$$Lambda$633
instanceKlass com/hazelcast/map/impl/MapDataSerializerHook$$Lambda$632
instanceKlass com/hazelcast/map/impl/MapDataSerializerHook$$Lambda$631
instanceKlass com/hazelcast/map/impl/MapDataSerializerHook$$Lambda$630
instanceKlass com/hazelcast/map/impl/MapDataSerializerHook$$Lambda$629
instanceKlass com/hazelcast/map/impl/MapDataSerializerHook$$Lambda$628
instanceKlass com/hazelcast/map/impl/MapDataSerializerHook$$Lambda$627
instanceKlass com/hazelcast/map/impl/MapDataSerializerHook$$Lambda$626
instanceKlass com/hazelcast/map/impl/MapDataSerializerHook$$Lambda$625
instanceKlass com/hazelcast/map/impl/MapDataSerializerHook$$Lambda$624
instanceKlass com/hazelcast/map/impl/MapDataSerializerHook$$Lambda$623
instanceKlass com/hazelcast/map/impl/MapDataSerializerHook$$Lambda$622
instanceKlass com/hazelcast/map/impl/MapDataSerializerHook$$Lambda$621
instanceKlass com/hazelcast/map/impl/MapDataSerializerHook$$Lambda$620
instanceKlass com/hazelcast/map/impl/MapDataSerializerHook$$Lambda$619
instanceKlass com/hazelcast/map/impl/MapDataSerializerHook$$Lambda$618
instanceKlass com/hazelcast/map/impl/MapDataSerializerHook$$Lambda$617
instanceKlass com/hazelcast/map/impl/MapDataSerializerHook$$Lambda$616
instanceKlass com/hazelcast/map/impl/MapDataSerializerHook$$Lambda$615
instanceKlass com/hazelcast/map/impl/MapDataSerializerHook$$Lambda$614
instanceKlass com/hazelcast/map/impl/MapDataSerializerHook$$Lambda$613
instanceKlass com/hazelcast/map/impl/MapDataSerializerHook$$Lambda$612
instanceKlass com/hazelcast/map/impl/MapDataSerializerHook$$Lambda$611
instanceKlass com/hazelcast/map/impl/MapDataSerializerHook$$Lambda$610
instanceKlass com/hazelcast/map/impl/MapDataSerializerHook$$Lambda$609
instanceKlass com/hazelcast/map/impl/MapDataSerializerHook$$Lambda$608
instanceKlass com/hazelcast/map/impl/MapDataSerializerHook$$Lambda$607
instanceKlass com/hazelcast/map/impl/MapDataSerializerHook$$Lambda$606
instanceKlass com/hazelcast/map/impl/MapDataSerializerHook$$Lambda$605
instanceKlass com/hazelcast/map/impl/MapDataSerializerHook$$Lambda$604
instanceKlass com/hazelcast/map/impl/MapDataSerializerHook$$Lambda$603
instanceKlass com/hazelcast/map/impl/MapDataSerializerHook$$Lambda$602
instanceKlass com/hazelcast/map/impl/MapDataSerializerHook$$Lambda$601
instanceKlass com/hazelcast/map/impl/MapDataSerializerHook$$Lambda$600
instanceKlass com/hazelcast/map/impl/MapDataSerializerHook$$Lambda$599
instanceKlass com/hazelcast/map/impl/MapDataSerializerHook$$Lambda$598
instanceKlass com/hazelcast/map/impl/MapDataSerializerHook$$Lambda$597
instanceKlass com/hazelcast/map/impl/MapDataSerializerHook$$Lambda$596
instanceKlass com/hazelcast/map/impl/MapDataSerializerHook$$Lambda$595
instanceKlass com/hazelcast/map/impl/MapDataSerializerHook$$Lambda$594
instanceKlass com/hazelcast/map/impl/MapDataSerializerHook
instanceKlass com/hazelcast/internal/partition/impl/PartitionDataSerializerHook$$Lambda$593
instanceKlass com/hazelcast/internal/partition/impl/PartitionDataSerializerHook$$Lambda$592
instanceKlass com/hazelcast/internal/partition/impl/PartitionDataSerializerHook$$Lambda$591
instanceKlass com/hazelcast/internal/partition/impl/PartitionDataSerializerHook$$Lambda$590
instanceKlass com/hazelcast/internal/partition/impl/PartitionDataSerializerHook$$Lambda$589
instanceKlass com/hazelcast/internal/partition/impl/PartitionDataSerializerHook$$Lambda$588
instanceKlass com/hazelcast/internal/partition/impl/PartitionDataSerializerHook$$Lambda$587
instanceKlass com/hazelcast/internal/partition/impl/PartitionDataSerializerHook$$Lambda$586
instanceKlass com/hazelcast/internal/partition/impl/PartitionDataSerializerHook$$Lambda$585
instanceKlass com/hazelcast/internal/partition/impl/PartitionDataSerializerHook$$Lambda$584
instanceKlass com/hazelcast/internal/partition/impl/PartitionDataSerializerHook$$Lambda$583
instanceKlass com/hazelcast/internal/partition/impl/PartitionDataSerializerHook$$Lambda$582
instanceKlass com/hazelcast/internal/partition/impl/PartitionDataSerializerHook$$Lambda$581
instanceKlass com/hazelcast/internal/partition/impl/PartitionDataSerializerHook$$Lambda$580
instanceKlass com/hazelcast/internal/partition/impl/PartitionDataSerializerHook$$Lambda$579
instanceKlass com/hazelcast/internal/partition/impl/PartitionDataSerializerHook$$Lambda$578
instanceKlass com/hazelcast/internal/partition/impl/PartitionDataSerializerHook$$Lambda$577
instanceKlass com/hazelcast/internal/partition/impl/PartitionDataSerializerHook$$Lambda$576
instanceKlass com/hazelcast/internal/partition/impl/PartitionDataSerializerHook$$Lambda$575
instanceKlass com/hazelcast/internal/partition/impl/PartitionDataSerializerHook$$Lambda$574
instanceKlass com/hazelcast/internal/partition/impl/PartitionDataSerializerHook$$Lambda$573
instanceKlass com/hazelcast/internal/partition/impl/PartitionDataSerializerHook$$Lambda$572
instanceKlass com/hazelcast/internal/partition/impl/PartitionDataSerializerHook$$Lambda$571
instanceKlass com/hazelcast/internal/partition/impl/PartitionDataSerializerHook$$Lambda$570
instanceKlass com/hazelcast/internal/partition/impl/PartitionDataSerializerHook
instanceKlass com/hazelcast/internal/config/ConfigDataSerializerHook$$Lambda$569
instanceKlass com/hazelcast/internal/config/ConfigDataSerializerHook$$Lambda$568
instanceKlass com/hazelcast/internal/config/ConfigDataSerializerHook$$Lambda$567
instanceKlass com/hazelcast/internal/config/ConfigDataSerializerHook$$Lambda$566
instanceKlass com/hazelcast/internal/config/ConfigDataSerializerHook$$Lambda$565
instanceKlass com/hazelcast/internal/config/ConfigDataSerializerHook$$Lambda$564
instanceKlass com/hazelcast/internal/config/ConfigDataSerializerHook$$Lambda$563
instanceKlass com/hazelcast/internal/config/ConfigDataSerializerHook$$Lambda$562
instanceKlass com/hazelcast/internal/config/ConfigDataSerializerHook$$Lambda$561
instanceKlass com/hazelcast/internal/config/ConfigDataSerializerHook$$Lambda$560
instanceKlass com/hazelcast/internal/config/ConfigDataSerializerHook$$Lambda$559
instanceKlass com/hazelcast/internal/config/ConfigDataSerializerHook$$Lambda$558
instanceKlass com/hazelcast/internal/config/ConfigDataSerializerHook$$Lambda$557
instanceKlass com/hazelcast/internal/config/ConfigDataSerializerHook$$Lambda$556
instanceKlass com/hazelcast/internal/config/ConfigDataSerializerHook$$Lambda$555
instanceKlass com/hazelcast/internal/config/ConfigDataSerializerHook$$Lambda$554
instanceKlass com/hazelcast/internal/config/ConfigDataSerializerHook$$Lambda$553
instanceKlass com/hazelcast/internal/config/ConfigDataSerializerHook$$Lambda$552
instanceKlass com/hazelcast/internal/config/ConfigDataSerializerHook$$Lambda$551
instanceKlass com/hazelcast/internal/config/ConfigDataSerializerHook$$Lambda$550
instanceKlass com/hazelcast/internal/config/ConfigDataSerializerHook$$Lambda$549
instanceKlass com/hazelcast/internal/config/ConfigDataSerializerHook$$Lambda$548
instanceKlass com/hazelcast/internal/config/ConfigDataSerializerHook$$Lambda$547
instanceKlass com/hazelcast/internal/config/ConfigDataSerializerHook$$Lambda$546
instanceKlass com/hazelcast/internal/config/ConfigDataSerializerHook$$Lambda$545
instanceKlass com/hazelcast/internal/config/ConfigDataSerializerHook$$Lambda$544
instanceKlass com/hazelcast/internal/config/ConfigDataSerializerHook$$Lambda$543
instanceKlass com/hazelcast/internal/config/ConfigDataSerializerHook$$Lambda$542
instanceKlass com/hazelcast/internal/config/ConfigDataSerializerHook$$Lambda$541
instanceKlass com/hazelcast/internal/config/ConfigDataSerializerHook$$Lambda$540
instanceKlass com/hazelcast/internal/config/ConfigDataSerializerHook$$Lambda$539
instanceKlass com/hazelcast/internal/config/ConfigDataSerializerHook$$Lambda$538
instanceKlass com/hazelcast/internal/config/ConfigDataSerializerHook$$Lambda$537
instanceKlass com/hazelcast/internal/config/ConfigDataSerializerHook$$Lambda$536
instanceKlass com/hazelcast/internal/config/ConfigDataSerializerHook$$Lambda$535
instanceKlass com/hazelcast/internal/config/ConfigDataSerializerHook$$Lambda$534
instanceKlass com/hazelcast/internal/config/ConfigDataSerializerHook$$Lambda$533
instanceKlass com/hazelcast/internal/config/ConfigDataSerializerHook$$Lambda$532
instanceKlass com/hazelcast/internal/config/ConfigDataSerializerHook$$Lambda$531
instanceKlass com/hazelcast/internal/config/ConfigDataSerializerHook$$Lambda$530
instanceKlass com/hazelcast/internal/config/ConfigDataSerializerHook$$Lambda$529
instanceKlass com/hazelcast/internal/config/ConfigDataSerializerHook$$Lambda$528
instanceKlass com/hazelcast/internal/config/ConfigDataSerializerHook$$Lambda$527
instanceKlass com/hazelcast/internal/config/ConfigDataSerializerHook$$Lambda$526
instanceKlass com/hazelcast/internal/config/ConfigDataSerializerHook$$Lambda$525
instanceKlass com/hazelcast/internal/config/ConfigDataSerializerHook$$Lambda$524
instanceKlass com/hazelcast/internal/config/ConfigDataSerializerHook$$Lambda$523
instanceKlass com/hazelcast/internal/config/ConfigDataSerializerHook$$Lambda$522
instanceKlass com/hazelcast/internal/config/ConfigDataSerializerHook$$Lambda$521
instanceKlass com/hazelcast/internal/config/ConfigDataSerializerHook$$Lambda$520
instanceKlass com/hazelcast/internal/config/ConfigDataSerializerHook$$Lambda$519
instanceKlass com/hazelcast/internal/config/ConfigDataSerializerHook$$Lambda$518
instanceKlass com/hazelcast/internal/config/ConfigDataSerializerHook$$Lambda$517
instanceKlass com/hazelcast/internal/config/ConfigDataSerializerHook$$Lambda$516
instanceKlass com/hazelcast/internal/config/ConfigDataSerializerHook$$Lambda$515
instanceKlass com/hazelcast/internal/config/ConfigDataSerializerHook$$Lambda$514
instanceKlass com/hazelcast/internal/config/ConfigDataSerializerHook$$Lambda$513
instanceKlass com/hazelcast/internal/config/ConfigDataSerializerHook$$Lambda$512
instanceKlass com/hazelcast/internal/config/ConfigDataSerializerHook$$Lambda$511
instanceKlass com/hazelcast/internal/config/ConfigDataSerializerHook
instanceKlass com/hazelcast/internal/serialization/impl/ArrayDataSerializableFactory
instanceKlass com/hazelcast/nio/serialization/impl/VersionedDataSerializableFactory
instanceKlass com/hazelcast/internal/management/ManagementDataSerializerHook$$Lambda$510
instanceKlass com/hazelcast/internal/management/ManagementDataSerializerHook$$Lambda$509
instanceKlass com/hazelcast/internal/management/ManagementDataSerializerHook$$Lambda$508
instanceKlass com/hazelcast/internal/management/ManagementDataSerializerHook$$Lambda$507
instanceKlass com/hazelcast/internal/management/ManagementDataSerializerHook
instanceKlass com/hazelcast/cp/internal/datastructures/atomicref/AtomicRefDataSerializerHook$$Lambda$506
instanceKlass com/hazelcast/cp/internal/datastructures/atomicref/AtomicRefDataSerializerHook
instanceKlass com/hazelcast/internal/memory/MemoryAccessor
instanceKlass com/hazelcast/internal/util/HashUtil$LoadStrategy
instanceKlass com/hazelcast/internal/memory/ByteAccessStrategy
instanceKlass com/hazelcast/internal/util/HashUtil
instanceKlass com/hazelcast/internal/util/collection/Hashing
instanceKlass com/hazelcast/cp/internal/RaftServiceDataSerializerHook$$Lambda$505
instanceKlass com/hazelcast/nio/serialization/DataSerializableFactory
instanceKlass com/hazelcast/internal/serialization/impl/FactoryIdHelper
instanceKlass com/hazelcast/cp/internal/RaftServiceDataSerializerHook
instanceKlass com/hazelcast/internal/serialization/DataSerializerHook
instanceKlass com/hazelcast/internal/util/QuickMath
instanceKlass com/hazelcast/internal/util/collection/Int2ObjectHashMap
instanceKlass com/hazelcast/version/Version
instanceKlass com/hazelcast/internal/serialization/impl/DataSerializableSerializer
instanceKlass com/hazelcast/nio/serialization/TypedStreamDeserializer
instanceKlass com/hazelcast/internal/serialization/impl/PortableContextImpl$1
instanceKlass com/hazelcast/nio/serialization/PortableWriter
instanceKlass com/hazelcast/internal/serialization/impl/PortableContextImpl
instanceKlass com/hazelcast/internal/serialization/PortableHook
instanceKlass com/hazelcast/internal/serialization/impl/PortableHookLoader
instanceKlass com/hazelcast/internal/serialization/impl/StreamSerializerAdapter
instanceKlass com/hazelcast/internal/serialization/impl/SerializationUtil$EmptyPartitioningStrategy
instanceKlass com/hazelcast/internal/serialization/impl/SerializationUtil
instanceKlass com/hazelcast/internal/serialization/impl/ConstantSerializers$SingletonSerializer
instanceKlass com/hazelcast/nio/serialization/StreamSerializer
instanceKlass com/hazelcast/internal/serialization/impl/bufferpool/BufferPoolThreadLocal
instanceKlass com/hazelcast/internal/serialization/impl/SerializerAdapter
instanceKlass com/hazelcast/internal/serialization/impl/bufferpool/BufferPool
instanceKlass com/hazelcast/internal/serialization/impl/bufferpool/BufferPoolFactoryImpl
instanceKlass com/hazelcast/internal/serialization/PortableContext
instanceKlass com/hazelcast/nio/serialization/PortableReader
instanceKlass com/hazelcast/internal/serialization/impl/AbstractSerializationService$Builder
instanceKlass com/hazelcast/internal/serialization/Data
instanceKlass com/hazelcast/nio/serialization/Serializer
instanceKlass com/hazelcast/internal/serialization/impl/AbstractSerializationService
instanceKlass com/hazelcast/internal/nio/BufferObjectDataInput
instanceKlass com/hazelcast/internal/nio/DataReader
instanceKlass com/hazelcast/nio/ObjectDataInput
instanceKlass com/hazelcast/internal/nio/BufferObjectDataOutput
instanceKlass com/hazelcast/internal/nio/DataWriter
instanceKlass com/hazelcast/nio/ObjectDataOutput
instanceKlass com/hazelcast/nio/WanProtocolVersionAware
instanceKlass com/hazelcast/nio/VersionAware
instanceKlass com/hazelcast/internal/serialization/impl/ByteArrayInputOutputFactory
instanceKlass com/hazelcast/client/impl/clientside/DefaultClientExtension$$Lambda$504
instanceKlass com/hazelcast/client/impl/clientside/HazelcastClientManagedContext
instanceKlass com/hazelcast/internal/serialization/InputOutputFactory
instanceKlass com/hazelcast/internal/serialization/InternalSerializationService
instanceKlass com/hazelcast/internal/nio/Disposable
instanceKlass com/hazelcast/internal/serialization/impl/bufferpool/BufferPoolFactory
instanceKlass com/hazelcast/nio/serialization/ClassNameFilter
instanceKlass com/hazelcast/internal/serialization/impl/DefaultSerializationServiceBuilder
instanceKlass com/hazelcast/partition/strategy/DefaultPartitioningStrategy
instanceKlass com/hazelcast/internal/util/ThreadUtil
instanceKlass com/hazelcast/internal/util/concurrent/ThreadFactoryImpl
instanceKlass com/hazelcast/internal/metrics/impl/DefaultMetricDescriptorSupplier
instanceKlass com/hazelcast/internal/util/ConcurrentReferenceHashMap$HashEntry
instanceKlass com/hazelcast/internal/util/IConcurrentMap
instanceKlass com/hazelcast/internal/metrics/DoubleGauge
instanceKlass com/hazelcast/internal/metrics/LongGauge
instanceKlass com/hazelcast/internal/metrics/Gauge
instanceKlass com/hazelcast/internal/metrics/Metric
instanceKlass com/hazelcast/internal/metrics/ProbeFunction
instanceKlass com/hazelcast/internal/metrics/MetricDescriptor
instanceKlass com/hazelcast/internal/metrics/impl/MetricsRegistryImpl
instanceKlass com/hazelcast/internal/util/executor/AbstractExecutorThreadFactory
instanceKlass com/hazelcast/client/impl/clientside/LifecycleServiceImpl
instanceKlass com/hazelcast/internal/memory/DefaultGarbageCollectorStats
instanceKlass com/hazelcast/internal/memory/GarbageCollectorStats
instanceKlass com/hazelcast/internal/memory/DefaultMemoryStats
instanceKlass com/hazelcast/internal/nearcache/NearCacheManager
instanceKlass com/hazelcast/internal/networking/ChannelInitializer
instanceKlass com/hazelcast/partition/PartitioningStrategy
instanceKlass com/hazelcast/core/ManagedContext
instanceKlass com/hazelcast/internal/serialization/SerializationServiceBuilder
instanceKlass com/hazelcast/internal/journal/EventJournalReader
instanceKlass com/hazelcast/map/IMap
instanceKlass com/hazelcast/map/BaseMap
instanceKlass com/hazelcast/client/impl/spi/ClientProxy
instanceKlass com/hazelcast/internal/memory/MemoryStats
instanceKlass com/hazelcast/client/impl/clientside/DefaultClientExtension
instanceKlass com/hazelcast/internal/util/ServiceLoader$NewInstanceIterator
instanceKlass com/hazelcast/internal/util/ServiceLoader$ClassIterator
instanceKlass com/hazelcast/internal/util/ServiceLoader$ServiceDefinition
instanceKlass com/hazelcast/internal/util/ServiceLoader$URLDefinition
instanceKlass com/hazelcast/internal/util/ServiceLoader
instanceKlass com/hazelcast/internal/util/ConcurrencyDetection
instanceKlass com/hazelcast/internal/metrics/impl/MetricsConfigHelper$$Lambda$503
instanceKlass com/hazelcast/internal/metrics/impl/MetricsConfigHelper$$Lambda$502
instanceKlass com/hazelcast/internal/metrics/impl/MetricsConfigHelper$$Lambda$501
instanceKlass com/hazelcast/internal/metrics/impl/MetricsConfigHelper$$Lambda$500
instanceKlass com/hazelcast/internal/metrics/impl/MetricsConfigHelper$$Lambda$499
instanceKlass com/hazelcast/internal/metrics/impl/MetricsConfigHelper$$Lambda$498
instanceKlass com/hazelcast/internal/metrics/impl/MetricsConfigHelper$$Lambda$497
instanceKlass com/hazelcast/internal/metrics/impl/MetricsConfigHelper$$Lambda$496
instanceKlass com/hazelcast/internal/metrics/impl/MetricsConfigHelper$$Lambda$495
instanceKlass com/hazelcast/client/properties/ClientProperty
instanceKlass com/hazelcast/internal/metrics/impl/MetricsConfigHelper
instanceKlass com/hazelcast/client/impl/clientside/ClientLoggingService$$Lambda$494
instanceKlass com/hazelcast/client/impl/clientside/ClientLoggingService
instanceKlass java/nio/file/FileVisitor
instanceKlass com/hazelcast/internal/nio/IOUtil
instanceKlass com/hazelcast/internal/util/EmptyStatement
instanceKlass com/hazelcast/instance/BuildInfo
instanceKlass com/hazelcast/instance/GeneratedBuildProperties
instanceKlass com/hazelcast/instance/BuildInfoProvider$Overrides
instanceKlass com/hazelcast/logging/AbstractLogger
instanceKlass com/hazelcast/internal/util/ConcurrencyUtil$$Lambda$493
instanceKlass java/util/concurrent/ForkJoinPool$1
instanceKlass java/util/concurrent/ForkJoinPool$DefaultForkJoinWorkerThreadFactory
instanceKlass java/util/concurrent/ForkJoinTask
instanceKlass java/util/concurrent/ForkJoinPool$WorkQueue
instanceKlass java/util/concurrent/ForkJoinPool$ForkJoinWorkerThreadFactory
instanceKlass com/hazelcast/internal/util/ConcurrencyUtil$1
instanceKlass com/hazelcast/internal/util/ConcurrencyUtil
instanceKlass com/hazelcast/logging/LoggerFactorySupport$1
instanceKlass com/hazelcast/internal/util/ConstructorFunction
instanceKlass com/hazelcast/logging/LoggerFactorySupport
instanceKlass com/hazelcast/internal/util/StringUtil
instanceKlass com/hazelcast/logging/ILogger
instanceKlass com/hazelcast/logging/LoggerFactory
instanceKlass com/hazelcast/logging/Logger
instanceKlass com/hazelcast/instance/BuildInfoProvider
instanceKlass com/hazelcast/spi/properties/ClusterProperty$1
instanceKlass com/hazelcast/spi/properties/ClusterProperty$$Lambda$492
instanceKlass com/hazelcast/spi/properties/ClusterProperty$$Lambda$491
instanceKlass com/hazelcast/spi/properties/HazelcastProperty
instanceKlass com/hazelcast/spi/properties/ClusterProperty
instanceKlass com/hazelcast/spi/properties/HazelcastProperties
instanceKlass com/hazelcast/client/impl/spi/ClientTransactionManagerService
instanceKlass com/hazelcast/spi/impl/executionservice/TaskScheduler
instanceKlass com/hazelcast/client/LoadBalancer
instanceKlass com/hazelcast/internal/serialization/SerializationService
instanceKlass com/hazelcast/client/impl/ClientExtension
instanceKlass com/hazelcast/client/impl/spi/ClientInvocationService
instanceKlass com/hazelcast/cp/CPSubsystem
instanceKlass com/hazelcast/core/ICacheManager
instanceKlass com/hazelcast/cluster/Endpoint
instanceKlass com/hazelcast/cluster/Cluster
instanceKlass com/hazelcast/core/DistributedObject
instanceKlass com/hazelcast/partition/PartitionService
instanceKlass com/hazelcast/client/impl/spi/ClientPartitionService
instanceKlass com/hazelcast/client/impl/spi/ClientListenerService
instanceKlass com/hazelcast/client/impl/spi/ClientClusterService
instanceKlass com/hazelcast/core/LifecycleService
instanceKlass com/hazelcast/internal/networking/Networking
instanceKlass com/hazelcast/internal/metrics/MetricsRegistry
instanceKlass com/hazelcast/internal/diagnostics/DiagnosticsPlugin
instanceKlass com/hazelcast/logging/LoggingService
instanceKlass com/hazelcast/client/impl/clientside/HazelcastClientInstanceImpl
instanceKlass com/hazelcast/spi/impl/SerializationServiceSupport
instanceKlass com/hazelcast/client/impl/connection/ClientConnectionManager
instanceKlass com/hazelcast/internal/nio/ConnectionListenable
instanceKlass com/hazelcast/client/impl/clientside/DefaultClientConnectionManagerFactory
instanceKlass com/hazelcast/instance/impl/HazelcastInstanceFactory$InstanceFuture
instanceKlass com/hazelcast/client/impl/clientside/FailoverClientConfigSupport
instanceKlass com/hazelcast/instance/impl/OutOfMemoryErrorDispatcher
instanceKlass com/hazelcast/internal/util/RuntimeMemoryInfoAccessor
instanceKlass com/hazelcast/internal/util/MemoryInfoAccessor
instanceKlass com/hazelcast/client/impl/clientside/ClientConnectionManagerFactory
instanceKlass com/hazelcast/core/OutOfMemoryHandler
instanceKlass com/hazelcast/config/MetricsJmxConfig
instanceKlass com/hazelcast/config/BaseMetricsConfig
instanceKlass com/hazelcast/client/config/ClientUserCodeDeploymentConfig
instanceKlass com/hazelcast/client/config/ConnectionRetryConfig
instanceKlass com/hazelcast/client/config/ClientConnectionStrategyConfig
instanceKlass com/hazelcast/internal/util/Preconditions
instanceKlass com/hazelcast/memory/MemorySize
instanceKlass com/hazelcast/config/NativeMemoryConfig
instanceKlass com/hazelcast/config/SerializationConfig
instanceKlass com/hazelcast/config/matcher/MatchingPointConfigPatternMatcher
instanceKlass com/hazelcast/client/config/ClientIcmpPingConfig
instanceKlass com/hazelcast/config/DiscoveryConfig
instanceKlass com/hazelcast/client/config/ClientCloudConfig
instanceKlass com/hazelcast/config/AliasedDiscoveryConfig
instanceKlass com/hazelcast/client/config/SocketOptions
instanceKlass com/hazelcast/config/SocketInterceptorConfig
instanceKlass com/hazelcast/client/config/ClientNetworkConfig
instanceKlass com/hazelcast/config/security/IdentityConfig
instanceKlass com/hazelcast/client/config/ClientSecurityConfig
instanceKlass com/hazelcast/config/ConfigPatternMatcher
instanceKlass org/springframework/core/NestedExceptionUtils
instanceKlass com/hazelcast/core/Hazelcast
instanceKlass java/lang/reflect/WeakCache$LookupValue
instanceKlass sun/reflect/annotation/AnnotationInvocationHandler$1
instanceKlass org/springframework/core/LocalVariableTableParameterNameDiscoverer$$Lambda$490
instanceKlass ai/pelican/camel/interfaces/FileDebulkSplitMessage
instanceKlass ai/pelican/camel/interfaces/Sequences
instanceKlass oracle/jdbc/driver/OracleDriver$2
instanceKlass oracle/jdbc/OracleConnectionWrapper
instanceKlass oracle/jdbc/internal/ClientDataSupport
instanceKlass oracle/jdbc/internal/OracleConnection
instanceKlass oracle/jdbc/internal/ACProxyable
instanceKlass oracle/sql/TypeDescriptorFactory
instanceKlass oracle/sql/ORAData
instanceKlass oracle/jdbc/internal/ObjectData
instanceKlass oracle/jdbc/OracleData
instanceKlass oracle/sql/AnyDataFactory
instanceKlass oracle/jdbc/OracleDataFactory
instanceKlass oracle/sql/ORADataFactory
instanceKlass oracle/jdbc/internal/ObjectDataFactory
instanceKlass javax/management/openmbean/OpenMBeanConstructorInfo
instanceKlass oracle/jdbc/driver/Message11
instanceKlass oracle/jdbc/driver/Message
instanceKlass oracle/jdbc/driver/SQLStateMapping$Tokenizer
instanceKlass oracle/jdbc/driver/SQLStateMapping
instanceKlass oracle/jdbc/driver/DatabaseError
instanceKlass javax/management/StandardMBean$MBeanInfoSafeAction
instanceKlass oracle/jdbc/logging/annotations/Supports
instanceKlass oracle/jdbc/logging/runtime/Features
instanceKlass oracle/jdbc/logging/runtime/TraceControllerImpl
instanceKlass oracle/jdbc/logging/runtime/TraceController
instanceKlass oracle/jdbc/driver/DiagnosabilityMXBean
instanceKlass oracle/jdbc/driver/OracleDriver$1
instanceKlass java/sql/DriverInfo
instanceKlass java/sql/DriverManager$2
instanceKlass java/sql/DriverManager$1
instanceKlass java/sql/DriverManager
instanceKlass oracle/jdbc/driver/OracleDriver$$Lambda$489
instanceKlass java/sql/DriverAction
instanceKlass oracle/jdbc/driver/OracleDriverExtension
instanceKlass oracle/jdbc/driver/OracleDriver
instanceKlass java/sql/Driver
instanceKlass org/springframework/core/convert/support/StringToNumberConverterFactory$StringToNumber
instanceKlass java/util/Collections$UnmodifiableList$1
instanceKlass org/springframework/expression/spel/CodeFlow
instanceKlass sun/misc/CharacterDecoder
instanceKlass com/sun/crypto/provider/PKCS5Padding
instanceKlass com/sun/crypto/provider/Padding
instanceKlass com/sun/crypto/provider/FeedbackCipher
instanceKlass com/sun/crypto/provider/CipherCore
instanceKlass com/sun/crypto/provider/AESConstants
instanceKlass com/sun/crypto/provider/SymmetricCipher
instanceKlass javax/crypto/CipherSpi
instanceKlass javax/crypto/spec/IvParameterSpec
instanceKlass javax/crypto/spec/SecretKeySpec
instanceKlass sun/security/x509/AccessDescription
instanceKlass sun/security/x509/CertificatePolicyMap
instanceKlass sun/security/x509/DNSName
instanceKlass sun/security/x509/URIName
instanceKlass sun/security/x509/DistributionPoint
instanceKlass java/security/cert/PolicyQualifierInfo
instanceKlass sun/security/x509/CertificatePolicyId
instanceKlass sun/security/x509/PolicyInformation
instanceKlass sun/security/util/ECUtil
instanceKlass java/security/interfaces/ECPublicKey
instanceKlass java/security/interfaces/ECKey
instanceKlass sun/security/provider/JavaKeyStore$TrustedCertEntry
instanceKlass sun/security/provider/KeyStoreDelegator$1
instanceKlass java/security/KeyStoreSpi
instanceKlass java/security/KeyStore
instanceKlass sun/security/util/AnchorCertificates$1
instanceKlass sun/security/util/AnchorCertificates
instanceKlass java/security/cert/TrustAnchor
instanceKlass sun/security/x509/X509CertImpl$$Lambda$488
instanceKlass sun/security/util/UntrustedCertificates$1
instanceKlass sun/security/util/UntrustedCertificates
instanceKlass java/security/cert/PKIXCertPathChecker
instanceKlass java/security/cert/CertPathChecker
instanceKlass javax/crypto/JarVerifier$JarHolder
instanceKlass javax/crypto/JarVerifier$2
instanceKlass javax/crypto/JceSecurity$2
instanceKlass java/security/spec/DSAParameterSpec
instanceKlass java/security/interfaces/DSAParams
instanceKlass java/security/interfaces/DSAPrivateKey
instanceKlass org/apache/catalina/core/ContainerBase$ContainerBackgroundProcessor
instanceKlass java/util/concurrent/locks/LockSupport
instanceKlass org/apache/catalina/core/StandardServer$$Lambda$487
instanceKlass sun/security/validator/EndEntityChecker
instanceKlass sun/security/validator/Validator
instanceKlass java/util/logging/Logger$1
instanceKlass sun/security/util/Pem
instanceKlass javax/crypto/JarVerifier$1
instanceKlass javax/crypto/JarVerifier
instanceKlass java/util/Vector$1
instanceKlass javax/crypto/CryptoPolicyParser$CryptoPermissionEntry
instanceKlass javax/crypto/CryptoPolicyParser$GrantEntry
instanceKlass java/io/StreamTokenizer
instanceKlass javax/crypto/CryptoPolicyParser
instanceKlass javax/crypto/JceSecurity$1
instanceKlass javax/crypto/JceSecurity
instanceKlass javax/crypto/Cipher$Transform
instanceKlass org/springframework/expression/spel/ast/MethodReference$CachedMethodExecutor
instanceKlass org/springframework/util/ClassUtils$$Lambda$486
instanceKlass org/springframework/expression/spel/support/ReflectiveMethodExecutor
instanceKlass org/springframework/expression/spel/support/ReflectionHelper$ArgumentsMatchInfo
instanceKlass org/springframework/expression/spel/support/ReflectionHelper
instanceKlass org/springframework/expression/spel/support/ReflectiveMethodResolver$$Lambda$485
instanceKlass org/springframework/expression/MethodExecutor
instanceKlass org/springframework/expression/spel/support/ReflectiveMethodResolver
instanceKlass org/springframework/expression/MethodResolver
instanceKlass org/springframework/expression/spel/ast/MethodReference$MethodValueRef
instanceKlass sun/misc/CharacterEncoder
instanceKlass org/springframework/expression/spel/ExpressionState
instanceKlass org/springframework/expression/spel/standard/SpelExpression
instanceKlass org/springframework/expression/spel/ast/ValueRef
instanceKlass org/springframework/expression/spel/standard/Token
instanceKlass org/springframework/expression/spel/standard/Tokenizer
instanceKlass java/util/regex/Pattern$CharPropertyNames$CharPropertyFactory
instanceKlass java/util/regex/Pattern$CharPropertyNames
instanceKlass org/springframework/expression/spel/ast/SpelNodeImpl
instanceKlass org/springframework/expression/spel/SpelNode
instanceKlass org/springframework/expression/common/TemplateAwareExpressionParser$Bracket
instanceKlass com/zaxxer/hikari/pool/PoolBase
instanceKlass com/zaxxer/hikari/util/ConcurrentBag$IBagStateListener
instanceKlass com/zaxxer/hikari/metrics/MetricsTrackerFactory
instanceKlass com/zaxxer/hikari/HikariPoolMXBean
instanceKlass org/springframework/beans/factory/SmartFactoryBean
instanceKlass org/springframework/core/SerializableTypeWrapper$FieldTypeProvider
instanceKlass org/springframework/core/annotation/AnnotationUtils$$Lambda$484
instanceKlass org/springframework/beans/factory/annotation/InitDestroyAnnotationBeanPostProcessor$LifecycleElement
instanceKlass org/springframework/context/weaving/LoadTimeWeaverAware
instanceKlass org/springframework/boot/web/servlet/context/WebServerStartStopLifecycle
instanceKlass org/springframework/boot/web/context/WebServerGracefulShutdownLifecycle
instanceKlass org/springframework/context/SmartLifecycle
instanceKlass org/apache/naming/ContextAccessController
instanceKlass org/apache/naming/StringManager
instanceKlass org/apache/naming/ContextBindings
instanceKlass org/apache/catalina/core/StandardServer$$Lambda$483
instanceKlass org/apache/catalina/mapper/WrapperMappingInfo
instanceKlass org/apache/catalina/mapper/Mapper$ContextList
instanceKlass org/apache/tomcat/util/threads/Constants
instanceKlass org/apache/tomcat/util/threads/TaskThread$WrappingRunnable
instanceKlass java/util/concurrent/Executors$RunnableAdapter
instanceKlass org/apache/catalina/core/ContainerBase$ContainerBackgroundProcessorMonitor
instanceKlass org/apache/catalina/util/Introspection
instanceKlass org/apache/catalina/core/ApplicationFilterConfig
instanceKlass javax/servlet/HttpConstraintElement
instanceKlass org/apache/catalina/core/StandardContext$NoPluggabilityServletContext
instanceKlass org/apache/tomcat/websocket/server/WsContextListener
instanceKlass org/apache/tomcat/websocket/server/WsSessionListener
instanceKlass javax/servlet/GenericFilter
instanceKlass java/util/concurrent/ConcurrentSkipListMap$Node
instanceKlass java/util/concurrent/ConcurrentSkipListMap$Index
instanceKlass org/apache/tomcat/websocket/server/WsWriteTimeout$EndpointComparator
instanceKlass org/apache/tomcat/websocket/server/WsWriteTimeout
instanceKlass org/apache/tomcat/websocket/WsExtension
instanceKlass javax/websocket/Extension
instanceKlass org/apache/tomcat/websocket/Constants
instanceKlass javax/websocket/CloseReason
instanceKlass javax/websocket/HandshakeResponse
instanceKlass org/apache/tomcat/websocket/ClientEndpointHolder
instanceKlass javax/websocket/Session
instanceKlass javax/websocket/EndpointConfig
instanceKlass org/apache/tomcat/websocket/WsRemoteEndpointImplBase
instanceKlass javax/websocket/RemoteEndpoint
instanceKlass org/apache/tomcat/websocket/AsyncChannelWrapper
instanceKlass javax/websocket/CloseReason$CloseCode
instanceKlass org/apache/tomcat/websocket/WsWebSocketContainer
instanceKlass org/apache/tomcat/websocket/BackgroundProcess
instanceKlass org/apache/catalina/core/ApplicationFilterRegistration
instanceKlass org/apache/tomcat/util/descriptor/web/Constants
instanceKlass org/apache/catalina/core/ApplicationServletRegistration
instanceKlass org/apache/tomcat/util/modeler/Util
instanceKlass org/apache/catalina/core/StandardWrapperFacade
instanceKlass java/util/stream/Collectors$$Lambda$482
instanceKlass java/util/stream/Collectors$$Lambda$481
instanceKlass java/util/stream/Collectors$$Lambda$480
instanceKlass java/util/stream/Collectors$$Lambda$479
instanceKlass java/util/StringJoiner
instanceKlass org/springframework/boot/web/servlet/ServletContextInitializerBeans$$Lambda$478
instanceKlass org/springframework/boot/web/servlet/ServletContextInitializerBeans$$Lambda$477
instanceKlass org/springframework/boot/web/servlet/ServletContextInitializerBeans$ServletListenerRegistrationBeanAdapter
instanceKlass javax/servlet/ServletContextListener
instanceKlass javax/servlet/http/HttpSessionListener
instanceKlass javax/servlet/http/HttpSessionIdListener
instanceKlass javax/servlet/http/HttpSessionAttributeListener
instanceKlass javax/servlet/ServletRequestAttributeListener
instanceKlass javax/servlet/ServletContextAttributeListener
instanceKlass org/apache/catalina/loader/WebappClassLoaderBase$CombinedEnumeration
instanceKlass java/util/Collections$EmptyEnumeration
instanceKlass org/springframework/http/HttpInputMessage
instanceKlass javax/servlet/FilterChain
instanceKlass javax/servlet/FilterConfig
instanceKlass org/springframework/boot/web/servlet/ServletContextInitializerBeans$FilterRegistrationBeanAdapter
instanceKlass org/springframework/boot/web/servlet/ServletContextInitializerBeans$ServletRegistrationBeanAdapter
instanceKlass org/springframework/boot/web/servlet/ServletContextInitializerBeans$$Lambda$476
instanceKlass org/springframework/boot/autoconfigure/webservices/WebServicesAutoConfiguration$$Lambda$475
instanceKlass java/lang/invoke/LambdaForm$DMH
instanceKlass org/springframework/ws/support/DefaultStrategiesHelper
instanceKlass org/springframework/boot/web/servlet/ServletContextInitializerBeans$RegistrationBeanAdapter
instanceKlass org/springframework/web/context/support/ServletContextScope
instanceKlass org/springframework/boot/web/servlet/server/AbstractServletWebServerFactory$SessionConfiguringInitializer$$Lambda$474
instanceKlass org/springframework/boot/web/servlet/server/AbstractServletWebServerFactory$SessionConfiguringInitializer$$Lambda$473
instanceKlass org/springframework/boot/web/servlet/server/AbstractServletWebServerFactory$SessionConfiguringInitializer$$Lambda$472
instanceKlass org/springframework/boot/web/servlet/server/AbstractServletWebServerFactory$SessionConfiguringInitializer$$Lambda$471
instanceKlass org/springframework/boot/web/servlet/server/AbstractServletWebServerFactory$SessionConfiguringInitializer$$Lambda$470
instanceKlass org/springframework/boot/web/servlet/server/AbstractServletWebServerFactory$SessionConfiguringInitializer$$Lambda$469
instanceKlass org/springframework/boot/web/servlet/server/AbstractServletWebServerFactory$SessionConfiguringInitializer$$Lambda$468
instanceKlass org/springframework/boot/web/servlet/server/AbstractServletWebServerFactory$SessionConfiguringInitializer$$Lambda$467
instanceKlass org/springframework/boot/web/servlet/server/AbstractServletWebServerFactory$SessionConfiguringInitializer$$Lambda$466
instanceKlass org/springframework/boot/web/servlet/server/AbstractServletWebServerFactory$SessionConfiguringInitializer$$Lambda$465
instanceKlass org/springframework/boot/web/servlet/server/AbstractServletWebServerFactory$SessionConfiguringInitializer$$Lambda$464
instanceKlass org/springframework/boot/web/servlet/server/AbstractServletWebServerFactory$SessionConfiguringInitializer$$Lambda$463
instanceKlass org/springframework/boot/web/servlet/server/AbstractServletWebServerFactory$SessionConfiguringInitializer$$Lambda$462
instanceKlass org/springframework/boot/web/servlet/server/AbstractServletWebServerFactory$SessionConfiguringInitializer$$Lambda$461
instanceKlass org/springframework/boot/web/servlet/server/AbstractServletWebServerFactory$SessionConfiguringInitializer$$Lambda$460
instanceKlass org/springframework/boot/web/servlet/server/AbstractServletWebServerFactory$$Lambda$459
instanceKlass java/lang/invoke/LambdaForm$DMH
instanceKlass org/apache/tomcat/InstanceManagerBindings
instanceKlass org/apache/catalina/core/DefaultInstanceManager$AnnotationCacheEntry
instanceKlass org/apache/catalina/core/DefaultInstanceManager
instanceKlass org/apache/catalina/Session
instanceKlass sun/security/mscapi/SunMSCAPI$1
instanceKlass sun/security/smartcardio/SunPCSC$1
instanceKlass org/jcp/xml/dsig/internal/dom/XMLDSigRI$1
instanceKlass com/sun/security/sasl/Provider$1
instanceKlass sun/security/jgss/SunProvider$1
instanceKlass com/sun/crypto/provider/SunJCE$1
instanceKlass sun/security/ssl/SunJSSE$1
instanceKlass java/security/spec/ECFieldF2m
instanceKlass java/security/spec/ECPoint
instanceKlass java/security/spec/EllipticCurve
instanceKlass java/security/spec/ECFieldFp
instanceKlass java/security/spec/ECParameterSpec
instanceKlass java/security/spec/AlgorithmParameterSpec
instanceKlass java/security/spec/ECField
instanceKlass sun/security/ec/CurveDB
instanceKlass sun/security/ec/SunECEntries
instanceKlass sun/security/ec/SunEC$1
instanceKlass sun/security/util/ManifestEntryVerifier$SunProviderHolder
instanceKlass sun/nio/cs/Surrogate
instanceKlass sun/nio/cs/Surrogate$Parser
instanceKlass java/util/Base64$Encoder
instanceKlass java/util/Base64$Decoder
instanceKlass java/util/Base64
instanceKlass java/security/cert/CertPath
instanceKlass java/math/MutableBigInteger
instanceKlass sun/security/rsa/RSAPadding
instanceKlass sun/security/rsa/RSACore
instanceKlass sun/security/rsa/RSAUtil$1
instanceKlass java/security/interfaces/RSAPrivateCrtKey
instanceKlass sun/security/pkcs/PKCS8Key
instanceKlass java/security/interfaces/RSAPrivateKey
instanceKlass java/security/PrivateKey
instanceKlass sun/security/util/SignatureUtil
instanceKlass sun/security/jca/ServiceId
instanceKlass java/security/Signature$1
instanceKlass sun/misc/JavaSecuritySignatureAccess
instanceKlass java/security/SignatureSpi
instanceKlass javax/crypto/SecretKey
instanceKlass javax/security/auth/Destroyable
instanceKlass sun/security/util/Length
instanceKlass sun/security/util/KeyUtil
instanceKlass sun/text/normalizer/NormalizerBase$1
instanceKlass sun/text/normalizer/NormalizerBase$QuickCheckResult
instanceKlass sun/text/normalizer/NormalizerBase$Mode
instanceKlass sun/text/normalizer/NormalizerBase
instanceKlass java/text/Normalizer
instanceKlass sun/security/pkcs/PKCS9Attribute
instanceKlass sun/security/x509/AVAKeyword
instanceKlass sun/security/util/ConstraintsParameters
instanceKlass sun/security/pkcs/SignerInfo
instanceKlass java/security/interfaces/DSAPublicKey
instanceKlass java/security/interfaces/DSAKey
instanceKlass java/security/spec/DSAPublicKeySpec
instanceKlass java/security/AlgorithmParametersSpi
instanceKlass java/security/AlgorithmParameters
instanceKlass jdk/internal/event/EventHelper
instanceKlass sun/security/util/MemoryCache$CacheEntry
instanceKlass sun/security/x509/X509AttributeName
instanceKlass sun/security/x509/RFC822Name
instanceKlass sun/security/x509/GeneralName
instanceKlass sun/security/x509/GeneralNames
instanceKlass sun/security/x509/KeyIdentifier
instanceKlass sun/security/x509/NetscapeCertTypeExtension$MapEntry
instanceKlass sun/security/x509/OIDMap$OIDInfo
instanceKlass sun/security/x509/PKIXExtensions
instanceKlass sun/security/x509/OIDMap
instanceKlass sun/security/x509/Extension
instanceKlass java/security/cert/Extension
instanceKlass sun/security/x509/CertificateExtensions
instanceKlass sun/security/rsa/RSAUtil
instanceKlass java/security/interfaces/RSAPublicKey
instanceKlass java/security/interfaces/RSAKey
instanceKlass java/security/spec/RSAPrivateKeySpec
instanceKlass java/security/spec/RSAPublicKeySpec
instanceKlass java/security/KeyFactorySpi
instanceKlass sun/security/jca/ProviderList$ServiceList$1
instanceKlass java/security/KeyFactory
instanceKlass java/security/spec/EncodedKeySpec
instanceKlass java/security/spec/KeySpec
instanceKlass sun/security/util/BitArray
instanceKlass sun/security/x509/X509Key
instanceKlass java/security/PublicKey
instanceKlass java/security/Key
instanceKlass sun/security/x509/CertificateX509Key
instanceKlass sun/security/x509/CertificateValidity
instanceKlass sun/security/x509/AVA
instanceKlass sun/security/x509/RDN
instanceKlass javax/security/auth/x500/X500Principal
instanceKlass sun/security/x509/X500Name$1
instanceKlass sun/security/x509/X500Name
instanceKlass sun/security/x509/GeneralNameInterface
instanceKlass sun/security/x509/CertificateAlgorithmId
instanceKlass sun/security/x509/SerialNumber
instanceKlass sun/security/x509/CertificateSerialNumber
instanceKlass sun/security/x509/CertificateVersion
instanceKlass sun/security/x509/X509CertInfo
instanceKlass sun/security/x509/CertAttrSet
instanceKlass sun/security/util/Cache$EqualByteArray
instanceKlass java/security/cert/X509Extension
instanceKlass sun/security/util/Cache
instanceKlass java/security/cert/CertificateFactorySpi
instanceKlass java/security/cert/CertificateFactory
instanceKlass sun/security/x509/AlgorithmId
instanceKlass sun/security/util/ByteArrayTagOrder
instanceKlass sun/security/util/ByteArrayLexOrder
instanceKlass sun/security/util/DerEncoder
instanceKlass sun/security/util/DerValue
instanceKlass sun/security/util/ObjectIdentifier
instanceKlass sun/security/pkcs/ContentInfo
instanceKlass sun/security/util/DerIndefLenConverter
instanceKlass sun/security/util/DerInputStream
instanceKlass sun/security/pkcs/PKCS7
instanceKlass sun/security/util/ManifestDigester$Section
instanceKlass sun/security/util/ManifestDigester$Entry
instanceKlass sun/security/util/ManifestDigester$Position
instanceKlass sun/security/util/ManifestDigester
instanceKlass sun/security/rsa/SunRsaSignEntries
instanceKlass org/apache/tomcat/util/http/ConcurrentDateFormat
instanceKlass org/apache/tomcat/util/http/FastHttpDateFormat
instanceKlass javax/security/auth/message/MessageInfo
instanceKlass javax/security/auth/message/config/RegistrationListener
instanceKlass org/apache/catalina/Authenticator
instanceKlass org/apache/tomcat/util/descriptor/web/FilterDef
instanceKlass org/apache/catalina/startup/WebAnnotationSet
instanceKlass org/apache/catalina/security/SecurityUtil
instanceKlass org/apache/catalina/webresources/EmptyResource
instanceKlass org/apache/tomcat/util/compat/JrePlatform
instanceKlass org/apache/catalina/webresources/CachedResource
instanceKlass org/apache/catalina/util/Extension
instanceKlass org/apache/catalina/util/ManifestResource
instanceKlass org/apache/catalina/util/ExtensionValidator
instanceKlass org/apache/tomcat/util/http/CookieProcessorBase$$Lambda$458
instanceKlass org/apache/tomcat/util/http/CookieProcessorBase
instanceKlass org/apache/tomcat/util/http/RequestUtil
instanceKlass org/apache/catalina/webresources/TomcatURLStreamHandlerFactory
instanceKlass org/apache/catalina/WebResource
instanceKlass org/apache/catalina/webresources/Cache
instanceKlass org/apache/catalina/WebResourceSet
instanceKlass org/apache/catalina/core/ApplicationSessionCookieConfig
instanceKlass org/apache/catalina/core/ApplicationContextFacade
instanceKlass javax/servlet/FilterRegistration$Dynamic
instanceKlass javax/servlet/FilterRegistration
instanceKlass javax/servlet/RequestDispatcher
instanceKlass javax/servlet/SessionCookieConfig
instanceKlass org/apache/catalina/core/ApplicationContext
instanceKlass org/apache/catalina/util/ContextName
instanceKlass org/apache/catalina/core/ContainerBase$StartChild
instanceKlass org/apache/catalina/realm/X509SubjectDnRetriever
instanceKlass java/util/logging/LogRecord
instanceKlass org/apache/catalina/connector/CoyoteAdapter$$Lambda$457
instanceKlass org/apache/catalina/util/ServerInfo
instanceKlass org/apache/catalina/connector/CoyoteAdapter
instanceKlass org/apache/catalina/Executor
instanceKlass org/apache/catalina/mbeans/MBeanUtils
instanceKlass org/apache/catalina/mbeans/MBeanFactory
instanceKlass org/apache/tomcat/util/buf/StringCache
instanceKlass org/apache/tomcat/util/threads/ScheduledThreadPoolExecutor
instanceKlass java/util/concurrent/RunnableScheduledFuture
instanceKlass java/util/concurrent/ScheduledFuture
instanceKlass java/util/concurrent/Delayed
instanceKlass org/apache/tomcat/util/threads/TaskThreadFactory
instanceKlass org/springframework/boot/web/embedded/tomcat/TomcatWebServer$$Lambda$456
instanceKlass org/springframework/boot/autoconfigure/web/embedded/TomcatWebServerFactoryCustomizer$$Lambda$455
instanceKlass org/springframework/boot/web/embedded/tomcat/DisableReferenceClearingContextCustomizer
instanceKlass org/springframework/boot/web/embedded/tomcat/TomcatServletWebServerFactory$DisablePersistSessionListener
instanceKlass org/springframework/boot/web/embedded/tomcat/TomcatStarter
instanceKlass org/apache/catalina/core/StandardHost$MemoryLeakTrackingListener
instanceKlass org/springframework/boot/web/servlet/server/AbstractServletWebServerFactory$SessionConfiguringInitializer
instanceKlass org/springframework/boot/web/servlet/server/AbstractServletWebServerFactory$$Lambda$454
instanceKlass org/springframework/boot/web/embedded/tomcat/TomcatServletWebServerFactory$StaticResourceConfigurer
instanceKlass java/util/EventListenerProxy
instanceKlass org/apache/tomcat/util/security/PermissionCheck
instanceKlass org/apache/juli/WebappProperties
instanceKlass org/apache/tomcat/InstrumentableClassLoader
instanceKlass org/apache/tomcat/util/scan/StandardJarScanner
instanceKlass org/apache/tomcat/util/scan/StandardJarScanFilter
instanceKlass org/springframework/boot/web/embedded/tomcat/TomcatServletWebServerFactory$$Lambda$453
instanceKlass org/apache/catalina/util/CharsetMapper
instanceKlass org/apache/catalina/startup/Tomcat$FixContextListener
instanceKlass org/apache/catalina/util/URLEncoder
instanceKlass org/apache/catalina/core/StandardContext$ContextFilterMaps
instanceKlass org/apache/catalina/util/ErrorPageSupport
instanceKlass org/apache/tomcat/util/descriptor/web/XmlEncodingBase
instanceKlass org/apache/tomcat/util/descriptor/web/ApplicationParameter
instanceKlass org/apache/catalina/core/StandardContext$1
instanceKlass org/apache/catalina/SessionIdGenerator
instanceKlass org/apache/tomcat/InstanceManager
instanceKlass org/apache/tomcat/JarScanner
instanceKlass org/apache/tomcat/util/http/CookieProcessor
instanceKlass org/apache/catalina/ThreadBindingListener
instanceKlass org/apache/catalina/Globals
instanceKlass org/apache/catalina/realm/RealmBase$AllRolesMode
instanceKlass org/apache/catalina/realm/DigestCredentialHandlerBase
instanceKlass org/apache/catalina/realm/X509UsernameRetriever
instanceKlass org/apache/catalina/CredentialHandler
instanceKlass org/apache/catalina/AccessLog
instanceKlass org/apache/catalina/Pipeline
instanceKlass org/apache/tomcat/util/threads/LimitLatch
instanceKlass org/springframework/boot/web/embedded/tomcat/CompressionConnectorCustomizer
instanceKlass org/apache/tomcat/util/net/SocketWrapperBase
instanceKlass org/apache/tomcat/util/net/SSLImplementation
instanceKlass org/apache/tomcat/util/buf/CharsetUtil
instanceKlass org/apache/tomcat/util/buf/CharsetCache
instanceKlass org/apache/tomcat/util/buf/B2CConverter
instanceKlass org/springframework/boot/web/embedded/tomcat/TomcatServletWebServerFactory$$Lambda$452
instanceKlass org/apache/coyote/Response
instanceKlass org/apache/coyote/Request
instanceKlass org/apache/tomcat/util/net/SSLHostConfig
instanceKlass org/apache/tomcat/util/XReflectionIntrospectionUtils
instanceKlass org/apache/tomcat/util/IntrospectionUtils
instanceKlass org/apache/catalina/ContainerListener
instanceKlass org/apache/catalina/mapper/Mapper$MapElement
instanceKlass org/apache/catalina/mapper/Mapper
instanceKlass org/apache/tomcat/util/file/ConfigFileLoader
instanceKlass org/apache/tomcat/util/file/ConfigurationSource$1
instanceKlass org/apache/catalina/startup/CatalinaBaseConfigurationSource
instanceKlass org/apache/tomcat/util/descriptor/web/ResourceBase
instanceKlass org/apache/tomcat/util/descriptor/web/Injectable
instanceKlass org/apache/tomcat/util/descriptor/web/NamingResources
instanceKlass java/beans/ChangeListenerMap
instanceKlass java/beans/PropertyChangeSupport
instanceKlass org/apache/tomcat/util/collections/SynchronizedStack
instanceKlass org/apache/tomcat/util/modeler/BaseModelMBean
instanceKlass javax/management/modelmbean/ModelMBeanNotificationBroadcaster
instanceKlass org/apache/coyote/AbstractProtocol$ConnectionHandler
instanceKlass org/apache/coyote/CompressionConfig
instanceKlass org/apache/tomcat/util/net/SocketProperties
instanceKlass org/apache/tomcat/util/net/SocketProcessorBase
instanceKlass org/apache/tomcat/util/net/NioChannel
instanceKlass java/nio/channels/NetworkChannel
instanceKlass org/apache/tomcat/util/net/AbstractEndpoint
instanceKlass org/apache/coyote/Processor
instanceKlass org/apache/tomcat/util/net/AbstractEndpoint$Handler
instanceKlass org/apache/tomcat/util/buf/UDecoder
instanceKlass org/apache/coyote/Adapter
instanceKlass java/io/DeleteOnExitHook$1
instanceKlass java/io/DeleteOnExitHook
instanceKlass sun/nio/fs/WindowsPath$1
instanceKlass sun/nio/fs/BasicFileAttributesHolder
instanceKlass sun/nio/fs/WindowsDirectoryStream$WindowsDirectoryIterator
instanceKlass sun/nio/fs/WindowsDirectoryStream
instanceKlass java/nio/file/DirectoryStream
instanceKlass java/nio/file/Files$AcceptAllFilter
instanceKlass java/nio/file/DirectoryStream$Filter
instanceKlass java/net/NetworkInterface$2
instanceKlass java/net/DefaultInterface
instanceKlass java/net/InterfaceAddress
instanceKlass java/net/NetworkInterface$1
instanceKlass java/net/NetworkInterface
instanceKlass sun/security/provider/ByteArrayAccess
instanceKlass sun/security/provider/SeedGenerator$1
instanceKlass sun/security/provider/SeedGenerator
instanceKlass sun/security/provider/SecureRandom$SeederHolder
instanceKlass sun/security/jca/GetInstance$Instance
instanceKlass java/security/MessageDigestSpi
instanceKlass sun/security/jca/GetInstance
instanceKlass java/security/SecureRandomSpi
instanceKlass java/security/Provider$UString
instanceKlass java/security/Provider$Service
instanceKlass sun/security/provider/NativePRNG$NonBlocking
instanceKlass sun/security/provider/NativePRNG$Blocking
instanceKlass sun/security/provider/NativePRNG
instanceKlass sun/security/provider/SunEntries$1
instanceKlass sun/security/provider/SunEntries
instanceKlass sun/security/jca/ProviderConfig$2
instanceKlass sun/security/jca/ProviderList$2
instanceKlass sun/misc/FDBigInteger
instanceKlass java/security/Provider$EngineDescription
instanceKlass java/security/Provider$ServiceKey
instanceKlass sun/security/jca/ProviderConfig
instanceKlass sun/security/jca/ProviderList
instanceKlass sun/security/jca/Providers
instanceKlass java/nio/file/TempFileHelper
instanceKlass org/apache/tomcat/util/ExceptionUtils
instanceKlass javax/net/ssl/SSLSession
instanceKlass javax/net/ssl/SSLEngineResult
instanceKlass javax/net/ssl/SSLEngine
instanceKlass javax/net/ssl/SSLParameters
instanceKlass org/graalvm/nativeimage/ImageInfo
instanceKlass org/apache/tomcat/util/compat/JreCompat
instanceKlass org/apache/catalina/Service
instanceKlass org/apache/tomcat/util/file/ConfigurationSource
instanceKlass org/apache/catalina/Server
instanceKlass org/apache/catalina/Realm
instanceKlass org/apache/catalina/Contained
instanceKlass org/apache/catalina/Wrapper
instanceKlass org/apache/tomcat/util/modeler/FeatureInfo
instanceKlass org/apache/tomcat/util/modeler/NoDescriptorRegistry$NoJmxMBeanServer
instanceKlass org/apache/tomcat/util/modeler/ManagedBean
instanceKlass org/apache/tomcat/util/modeler/Registry
instanceKlass org/apache/tomcat/util/modeler/RegistryMBean
instanceKlass org/springframework/boot/web/servlet/context/ServletWebServerApplicationContext$$Lambda$451
instanceKlass javax/servlet/ServletRegistration$Dynamic
instanceKlass org/springframework/boot/autoconfigure/web/servlet/MultipartProperties$$Lambda$450
instanceKlass org/springframework/boot/autoconfigure/web/servlet/MultipartProperties$$Lambda$449
instanceKlass org/springframework/boot/autoconfigure/web/servlet/MultipartProperties$$Lambda$448
instanceKlass org/springframework/boot/autoconfigure/web/servlet/MultipartProperties$$Lambda$447
instanceKlass org/springframework/boot/web/servlet/MultipartConfigFactory
instanceKlass org/springframework/boot/context/properties/bind/handler/NoUnboundElementsBindHandler$$Lambda$446
instanceKlass org/springframework/boot/context/properties/source/UnboundElementsSourceFilter
instanceKlass org/springframework/boot/autoconfigure/web/servlet/DispatcherServletAutoConfiguration$DispatcherServletRegistrationConfiguration$$Lambda$445
instanceKlass javax/servlet/Registration$Dynamic
instanceKlass org/springframework/web/context/request/async/WebAsyncManager
instanceKlass org/springframework/web/context/request/AbstractRequestAttributes
instanceKlass org/springframework/web/servlet/ModelAndView
instanceKlass org/springframework/web/servlet/HandlerExecutionChain
instanceKlass javax/servlet/http/HttpServletRequest
instanceKlass org/springframework/web/context/request/async/CallableProcessingInterceptor
instanceKlass org/springframework/context/i18n/LocaleContext
instanceKlass javax/servlet/AsyncListener
instanceKlass javax/servlet/http/HttpServletResponse
instanceKlass org/springframework/boot/autoconfigure/web/embedded/TomcatWebServerFactoryCustomizer$$Lambda$444
instanceKlass org/springframework/boot/autoconfigure/web/embedded/TomcatWebServerFactoryCustomizer$$Lambda$443
instanceKlass org/springframework/boot/autoconfigure/web/embedded/TomcatWebServerFactoryCustomizer$$Lambda$442
instanceKlass org/springframework/boot/autoconfigure/web/embedded/TomcatWebServerFactoryCustomizer$$Lambda$441
instanceKlass org/springframework/boot/autoconfigure/web/embedded/TomcatWebServerFactoryCustomizer$$Lambda$440
instanceKlass java/util/stream/Collectors$$Lambda$439
instanceKlass java/util/stream/Collectors$$Lambda$438
instanceKlass java/util/stream/Collectors$$Lambda$437
instanceKlass java/util/stream/Collectors$$Lambda$436
instanceKlass org/springframework/boot/autoconfigure/web/embedded/TomcatWebServerFactoryCustomizer$$Lambda$435
instanceKlass org/springframework/boot/autoconfigure/web/embedded/TomcatWebServerFactoryCustomizer$$Lambda$434
instanceKlass org/springframework/boot/context/properties/PropertyMapper$Source$$Lambda$433
instanceKlass org/springframework/boot/autoconfigure/web/embedded/TomcatWebServerFactoryCustomizer$$Lambda$432
instanceKlass org/springframework/boot/autoconfigure/web/embedded/TomcatWebServerFactoryCustomizer$$Lambda$431
instanceKlass org/springframework/boot/autoconfigure/web/embedded/TomcatWebServerFactoryCustomizer$$Lambda$430
instanceKlass org/springframework/boot/autoconfigure/web/embedded/TomcatWebServerFactoryCustomizer$$Lambda$429
instanceKlass org/springframework/boot/autoconfigure/web/embedded/TomcatWebServerFactoryCustomizer$$Lambda$428
instanceKlass org/springframework/boot/autoconfigure/web/embedded/TomcatWebServerFactoryCustomizer$$Lambda$427
instanceKlass org/springframework/boot/autoconfigure/web/embedded/TomcatWebServerFactoryCustomizer$$Lambda$426
instanceKlass org/springframework/boot/autoconfigure/web/embedded/TomcatWebServerFactoryCustomizer$$Lambda$425
instanceKlass org/springframework/boot/autoconfigure/web/embedded/TomcatWebServerFactoryCustomizer$$Lambda$424
instanceKlass org/springframework/boot/autoconfigure/web/embedded/TomcatWebServerFactoryCustomizer$$Lambda$423
instanceKlass org/springframework/boot/autoconfigure/web/embedded/TomcatWebServerFactoryCustomizer$$Lambda$422
instanceKlass org/springframework/boot/autoconfigure/web/embedded/TomcatWebServerFactoryCustomizer$$Lambda$421
instanceKlass org/springframework/boot/autoconfigure/web/embedded/TomcatWebServerFactoryCustomizer$$Lambda$420
instanceKlass org/springframework/boot/autoconfigure/web/embedded/TomcatWebServerFactoryCustomizer$$Lambda$419
instanceKlass org/springframework/boot/autoconfigure/web/embedded/TomcatWebServerFactoryCustomizer$$Lambda$418
instanceKlass org/springframework/boot/autoconfigure/web/embedded/TomcatWebServerFactoryCustomizer$$Lambda$417
instanceKlass org/springframework/boot/autoconfigure/web/embedded/TomcatWebServerFactoryCustomizer$$Lambda$416
instanceKlass org/springframework/boot/autoconfigure/web/embedded/TomcatWebServerFactoryCustomizer$$Lambda$415
instanceKlass org/springframework/boot/autoconfigure/web/embedded/TomcatWebServerFactoryCustomizer$$Lambda$414
instanceKlass org/springframework/boot/autoconfigure/web/embedded/TomcatWebServerFactoryCustomizer$$Lambda$413
instanceKlass org/springframework/boot/autoconfigure/web/embedded/TomcatWebServerFactoryCustomizer$$Lambda$412
instanceKlass org/springframework/boot/autoconfigure/web/embedded/TomcatWebServerFactoryCustomizer$$Lambda$411
instanceKlass org/springframework/boot/autoconfigure/web/embedded/TomcatWebServerFactoryCustomizer$$Lambda$410
instanceKlass org/springframework/boot/autoconfigure/web/embedded/TomcatWebServerFactoryCustomizer$$Lambda$409
instanceKlass org/springframework/boot/autoconfigure/web/embedded/TomcatWebServerFactoryCustomizer$$Lambda$408
instanceKlass org/springframework/boot/autoconfigure/web/embedded/TomcatWebServerFactoryCustomizer$$Lambda$407
instanceKlass org/springframework/boot/autoconfigure/web/embedded/TomcatWebServerFactoryCustomizer$$Lambda$406
instanceKlass org/springframework/boot/autoconfigure/web/embedded/TomcatWebServerFactoryCustomizer$$Lambda$405
instanceKlass org/springframework/boot/autoconfigure/web/embedded/TomcatWebServerFactoryCustomizer$$Lambda$404
instanceKlass org/springframework/boot/autoconfigure/web/embedded/TomcatWebServerFactoryCustomizer$$Lambda$403
instanceKlass org/springframework/boot/autoconfigure/web/embedded/TomcatWebServerFactoryCustomizer$$Lambda$402
instanceKlass org/springframework/boot/autoconfigure/web/embedded/TomcatWebServerFactoryCustomizer$$Lambda$401
instanceKlass org/springframework/boot/autoconfigure/web/embedded/TomcatWebServerFactoryCustomizer$$Lambda$400
instanceKlass org/springframework/boot/autoconfigure/web/embedded/TomcatWebServerFactoryCustomizer$$Lambda$399
instanceKlass org/springframework/boot/autoconfigure/web/embedded/TomcatWebServerFactoryCustomizer$$Lambda$398
instanceKlass org/springframework/boot/autoconfigure/web/embedded/TomcatWebServerFactoryCustomizer$$Lambda$397
instanceKlass org/springframework/boot/autoconfigure/web/embedded/TomcatWebServerFactoryCustomizer$$Lambda$396
instanceKlass org/springframework/boot/context/properties/PropertyMapper$Source$$Lambda$395
instanceKlass org/springframework/boot/autoconfigure/web/embedded/TomcatWebServerFactoryCustomizer$$Lambda$394
instanceKlass org/springframework/boot/autoconfigure/web/embedded/TomcatWebServerFactoryCustomizer$$Lambda$393
instanceKlass org/springframework/boot/autoconfigure/web/embedded/TomcatWebServerFactoryCustomizer$$Lambda$392
instanceKlass org/springframework/boot/autoconfigure/web/embedded/TomcatWebServerFactoryCustomizer$$Lambda$391
instanceKlass org/springframework/boot/autoconfigure/web/embedded/TomcatWebServerFactoryCustomizer$$Lambda$390
instanceKlass org/springframework/boot/autoconfigure/web/embedded/TomcatWebServerFactoryCustomizer$$Lambda$389
instanceKlass org/springframework/boot/autoconfigure/web/embedded/TomcatWebServerFactoryCustomizer$$Lambda$388
instanceKlass org/springframework/boot/autoconfigure/web/embedded/TomcatWebServerFactoryCustomizer$$Lambda$387
instanceKlass java/lang/invoke/LambdaForm$DMH
instanceKlass org/springframework/boot/autoconfigure/web/embedded/TomcatWebServerFactoryCustomizer$$Lambda$386
instanceKlass org/springframework/boot/autoconfigure/web/embedded/TomcatWebServerFactoryCustomizer$$Lambda$385
instanceKlass org/springframework/boot/autoconfigure/web/embedded/TomcatWebServerFactoryCustomizer$$Lambda$384
instanceKlass org/springframework/boot/context/properties/PropertyMapper$Source$$Lambda$383
instanceKlass org/springframework/boot/context/properties/PropertyMapper$Source$$Lambda$382
instanceKlass org/springframework/boot/context/properties/PropertyMapper$Source$$Lambda$381
instanceKlass org/springframework/boot/autoconfigure/web/embedded/TomcatWebServerFactoryCustomizer$$Lambda$380
instanceKlass java/lang/invoke/LambdaForm$DMH
instanceKlass org/springframework/boot/autoconfigure/web/embedded/TomcatWebServerFactoryCustomizer$$Lambda$379
instanceKlass org/springframework/boot/autoconfigure/web/embedded/TomcatWebServerFactoryCustomizer$$Lambda$378
instanceKlass org/springframework/boot/autoconfigure/web/embedded/TomcatWebServerFactoryCustomizer$$Lambda$377
instanceKlass org/springframework/boot/autoconfigure/web/servlet/TomcatServletWebServerFactoryCustomizer$$Lambda$376
instanceKlass org/springframework/boot/autoconfigure/web/servlet/TomcatServletWebServerFactoryCustomizer$$Lambda$375
instanceKlass java/lang/invoke/LambdaForm$DMH
instanceKlass org/springframework/boot/autoconfigure/web/servlet/ServletWebServerFactoryCustomizer$$Lambda$374
instanceKlass org/springframework/boot/context/properties/PropertyMapper$$Lambda$373
instanceKlass org/springframework/boot/autoconfigure/web/servlet/ServletWebServerFactoryCustomizer$$Lambda$372
instanceKlass org/springframework/boot/autoconfigure/web/servlet/ServletWebServerFactoryCustomizer$$Lambda$371
instanceKlass org/springframework/boot/autoconfigure/web/servlet/ServletWebServerFactoryCustomizer$$Lambda$370
instanceKlass org/springframework/boot/autoconfigure/web/servlet/ServletWebServerFactoryCustomizer$$Lambda$369
instanceKlass org/springframework/boot/autoconfigure/web/servlet/ServletWebServerFactoryCustomizer$$Lambda$368
instanceKlass org/springframework/boot/autoconfigure/web/servlet/ServletWebServerFactoryCustomizer$$Lambda$367
instanceKlass org/springframework/boot/autoconfigure/web/servlet/ServletWebServerFactoryCustomizer$$Lambda$366
instanceKlass org/springframework/boot/autoconfigure/web/servlet/ServletWebServerFactoryCustomizer$$Lambda$365
instanceKlass org/springframework/boot/autoconfigure/web/servlet/ServletWebServerFactoryCustomizer$$Lambda$364
instanceKlass org/springframework/boot/autoconfigure/web/servlet/ServletWebServerFactoryCustomizer$$Lambda$363
instanceKlass org/springframework/boot/autoconfigure/web/servlet/ServletWebServerFactoryCustomizer$$Lambda$362
instanceKlass org/springframework/boot/autoconfigure/web/servlet/ServletWebServerFactoryCustomizer$$Lambda$361
instanceKlass org/springframework/boot/autoconfigure/web/servlet/ServletWebServerFactoryCustomizer$$Lambda$360
instanceKlass org/springframework/boot/autoconfigure/web/servlet/ServletWebServerFactoryCustomizer$$Lambda$359
instanceKlass org/springframework/boot/autoconfigure/web/servlet/ServletWebServerFactoryCustomizer$$Lambda$358
instanceKlass org/springframework/boot/autoconfigure/web/servlet/ServletWebServerFactoryCustomizer$$Lambda$357
instanceKlass java/lang/invoke/LambdaForm$DMH
instanceKlass org/springframework/boot/autoconfigure/web/servlet/ServletWebServerFactoryCustomizer$$Lambda$356
instanceKlass org/springframework/boot/autoconfigure/web/servlet/ServletWebServerFactoryCustomizer$$Lambda$355
instanceKlass org/springframework/boot/autoconfigure/web/servlet/ServletWebServerFactoryCustomizer$$Lambda$354
instanceKlass org/springframework/boot/autoconfigure/web/servlet/ServletWebServerFactoryCustomizer$$Lambda$353
instanceKlass org/springframework/boot/autoconfigure/web/servlet/ServletWebServerFactoryCustomizer$$Lambda$352
instanceKlass org/springframework/boot/autoconfigure/web/servlet/ServletWebServerFactoryCustomizer$$Lambda$351
instanceKlass org/springframework/boot/autoconfigure/web/servlet/ServletWebServerFactoryCustomizer$$Lambda$350
instanceKlass java/lang/invoke/LambdaForm$DMH
instanceKlass org/springframework/boot/context/properties/PropertyMapper$Source$$Lambda$349
instanceKlass org/springframework/boot/context/properties/PropertyMapper$NullPointerExceptionSafeSupplier
instanceKlass org/springframework/util/function/SingletonSupplier
instanceKlass org/springframework/boot/autoconfigure/web/servlet/ServletWebServerFactoryCustomizer$$Lambda$348
instanceKlass org/springframework/boot/context/properties/PropertyMapper$$Lambda$347
instanceKlass org/springframework/boot/context/properties/PropertyMapper$SourceOperator
instanceKlass org/springframework/boot/context/properties/PropertyMapper$Source
instanceKlass org/springframework/boot/context/properties/PropertyMapper$$Lambda$346
instanceKlass org/springframework/boot/context/properties/PropertyMapper
instanceKlass org/springframework/boot/util/LambdaSafe$InvocationResult
instanceKlass org/springframework/boot/autoconfigure/websocket/servlet/TomcatWebSocketServletWebServerCustomizer$$Lambda$345
instanceKlass org/springframework/boot/util/LambdaSafe$Callbacks$$Lambda$344
instanceKlass org/springframework/boot/util/LambdaSafe$Callbacks$$Lambda$343
instanceKlass org/springframework/boot/web/server/WebServerFactoryCustomizerBeanPostProcessor$$Lambda$342
instanceKlass org/springframework/boot/util/LambdaSafe$GenericTypeFilter
instanceKlass org/springframework/boot/util/LambdaSafe$Filter
instanceKlass org/springframework/boot/util/LambdaSafe$LambdaSafeCallback
instanceKlass java/lang/Class$EnclosingMethodInfo
instanceKlass org/springframework/boot/util/LambdaSafe
instanceKlass org/springframework/util/MethodInvoker
instanceKlass org/springframework/beans/factory/support/ConstructorResolver$ConstructorPropertiesChecker
instanceKlass org/springframework/boot/context/properties/ConfigurationPropertiesBinder$$Lambda$341
instanceKlass org/springframework/beans/factory/annotation/BeanFactoryAnnotationUtils
instanceKlass org/springframework/boot/context/properties/ConversionServiceDeducer$ConverterBeans
instanceKlass org/springframework/boot/context/properties/ConversionServiceDeducer
instanceKlass org/springframework/beans/factory/support/DefaultListableBeanFactory$1
instanceKlass org/springframework/boot/context/properties/ConfigurationPropertiesBindHandlerAdvisor
instanceKlass org/springframework/core/annotation/SynthesizedMergedAnnotationInvocationHandler$$Lambda$340
instanceKlass org/springframework/core/annotation/SynthesizedMergedAnnotationInvocationHandler$$Lambda$339
instanceKlass org/springframework/boot/context/properties/ConfigurationPropertiesBinder$$Lambda$338
instanceKlass org/springframework/core/annotation/SynthesizedMergedAnnotationInvocationHandler
instanceKlass org/springframework/boot/context/properties/NestedConfigurationProperty
instanceKlass org/springframework/boot/autoconfigure/web/ServerProperties$Undertow$Options
instanceKlass org/springframework/boot/autoconfigure/web/ServerProperties$Undertow$Threads
instanceKlass org/springframework/boot/autoconfigure/web/ServerProperties$Undertow$Accesslog
instanceKlass org/springframework/boot/autoconfigure/web/ServerProperties$Jetty$Threads
instanceKlass org/springframework/boot/autoconfigure/web/ServerProperties$Jetty$Accesslog
instanceKlass org/springframework/boot/autoconfigure/web/ServerProperties$Tomcat$Remoteip
instanceKlass org/springframework/boot/autoconfigure/web/ServerProperties$Tomcat$Mbeanregistry
instanceKlass org/springframework/boot/autoconfigure/web/ServerProperties$Tomcat$Resource
instanceKlass org/springframework/boot/autoconfigure/web/ServerProperties$Tomcat$Threads
instanceKlass org/springframework/boot/autoconfigure/web/ServerProperties$Tomcat$Accesslog
instanceKlass org/springframework/boot/web/servlet/server/Encoding
instanceKlass org/springframework/boot/autoconfigure/web/ErrorProperties$Whitelabel
instanceKlass org/springframework/boot/web/servlet/WebListenerRegistrar
instanceKlass org/springframework/core/BridgeMethodResolver$$Lambda$337
instanceKlass org/springframework/core/BridgeMethodResolver$$Lambda$336
instanceKlass org/springframework/boot/web/server/ErrorPage
instanceKlass org/springframework/boot/web/server/SslStoreProvider
instanceKlass org/springframework/boot/web/embedded/tomcat/TomcatWebServer
instanceKlass org/apache/coyote/AbstractProtocol
instanceKlass org/apache/catalina/Valve
instanceKlass org/apache/catalina/util/LifecycleBase
instanceKlass org/apache/catalina/JmxEnabled
instanceKlass org/apache/catalina/Engine
instanceKlass org/apache/catalina/Host
instanceKlass org/apache/coyote/ProtocolHandler
instanceKlass org/springframework/boot/web/embedded/tomcat/TldPatterns
instanceKlass java/lang/ClassLoaderHelper
instanceKlass org/apache/tomcat/jni/Library
instanceKlass org/apache/catalina/core/AprStatus
instanceKlass org/apache/tomcat/util/res/StringManager
instanceKlass org/apache/juli/logging/DirectJDKLog
instanceKlass org/apache/juli/logging/Log
instanceKlass org/apache/juli/logging/LogFactory
instanceKlass org/apache/catalina/core/AprLifecycleListener
instanceKlass org/springframework/boot/web/servlet/server/StaticResourceJars
instanceKlass org/springframework/boot/web/servlet/server/DocumentRoot
instanceKlass org/springframework/boot/web/servlet/server/Jsp
instanceKlass org/springframework/boot/web/server/MimeMappings$Mapping
instanceKlass org/springframework/boot/web/server/MimeMappings
instanceKlass org/springframework/boot/web/servlet/server/SessionStoreDirectory
instanceKlass org/springframework/boot/web/servlet/server/Session$Cookie
instanceKlass org/springframework/boot/web/servlet/server/Session
instanceKlass org/apache/tomcat/JarScanFilter
instanceKlass org/apache/catalina/Manager
instanceKlass org/springframework/boot/web/server/WebServer
instanceKlass org/apache/catalina/Context
instanceKlass org/apache/tomcat/ContextBind
instanceKlass org/apache/catalina/Container
instanceKlass org/apache/catalina/Loader
instanceKlass org/apache/catalina/LifecycleListener
instanceKlass org/apache/catalina/WebResourceRoot
instanceKlass org/apache/catalina/Lifecycle
instanceKlass org/springframework/boot/web/embedded/tomcat/TomcatProtocolHandlerCustomizer
instanceKlass org/springframework/boot/web/embedded/tomcat/TomcatContextCustomizer
instanceKlass org/springframework/boot/web/embedded/tomcat/TomcatConnectorCustomizer
instanceKlass org/apache/camel/Consume
instanceKlass org/apache/camel/Producer
instanceKlass org/apache/camel/Produce
instanceKlass org/apache/camel/EndpointInject
instanceKlass org/apache/camel/BeanInject
instanceKlass org/apache/camel/PropertyInject
instanceKlass org/apache/camel/impl/DefaultCamelBeanPostProcessor$2
instanceKlass org/apache/camel/util/ReflectionHelper
instanceKlass org/apache/camel/impl/DefaultCamelBeanPostProcessor$1
instanceKlass org/springframework/ui/context/Theme
instanceKlass org/springframework/ui/context/support/ResourceBundleThemeSource
instanceKlass org/springframework/ui/context/HierarchicalThemeSource
instanceKlass org/springframework/ui/context/support/UiApplicationContextUtils
instanceKlass org/springframework/context/support/MessageSourceSupport
instanceKlass org/springframework/context/HierarchicalMessageSource
instanceKlass org/springframework/beans/factory/support/AutowireUtils$$Lambda$335
instanceKlass org/springframework/beans/factory/support/AutowireUtils
instanceKlass org/springframework/core/MethodClassKey
instanceKlass org/springframework/util/ReflectionUtils$$Lambda$334
instanceKlass org/springframework/aop/IntroductionAwareMethodMatcher
instanceKlass org/springframework/transaction/annotation/Transactional
instanceKlass org/springframework/transaction/interceptor/TransactionalProxy
instanceKlass org/springframework/transaction/interceptor/TransactionAttributeSourcePointcut$TransactionAttributeSourceClassFilter
instanceKlass org/springframework/aop/TrueClassFilter
instanceKlass org/springframework/aop/support/StaticMethodMatcher
instanceKlass org/springframework/core/ReactiveAdapterRegistry
instanceKlass org/springframework/transaction/interceptor/TransactionAspectSupport$ReactiveTransactionSupport
instanceKlass org/springframework/transaction/TransactionStatus
instanceKlass org/springframework/transaction/SavepointManager
instanceKlass org/springframework/transaction/TransactionExecution
instanceKlass org/springframework/transaction/interceptor/TransactionAspectSupport$ThrowableHolder
instanceKlass org/springframework/transaction/interceptor/TransactionAspectSupport$CoroutinesInvocationCallback
instanceKlass org/springframework/transaction/interceptor/TransactionAspectSupport$TransactionInfo
instanceKlass org/springframework/transaction/interceptor/TransactionAspectSupport$InvocationCallback
instanceKlass org/springframework/transaction/annotation/SpringTransactionAnnotationParser
instanceKlass org/springframework/transaction/annotation/TransactionAnnotationParser
instanceKlass org/springframework/transaction/interceptor/TransactionAttribute
instanceKlass org/springframework/transaction/interceptor/AbstractFallbackTransactionAttributeSource
instanceKlass org/springframework/aop/IntroductionAdvisor
instanceKlass org/springframework/aop/IntroductionInfo
instanceKlass org/springframework/ws/server/endpoint/annotation/Endpoint
instanceKlass org/springframework/aop/framework/autoproxy/ProxyCreationContext
instanceKlass org/springframework/transaction/annotation/TransactionManagementConfigurer
instanceKlass org/apache/camel/impl/CamelPostProcessorHelper
instanceKlass org/apache/camel/util/ReflectionHelper$FieldCallback
instanceKlass org/apache/camel/util/ReflectionHelper$MethodCallback
instanceKlass javax/xml/transform/Transformer
instanceKlass org/springframework/ws/context/MessageContext
instanceKlass org/springframework/ws/soap/SoapMessage
instanceKlass org/springframework/ws/FaultAwareWebServiceMessage
instanceKlass org/springframework/ws/mime/MimeMessage
instanceKlass org/springframework/ws/WebServiceMessage
instanceKlass org/springframework/ws/server/endpoint/MethodEndpoint
instanceKlass org/springframework/ws/soap/addressing/core/MessageAddressingProperties
instanceKlass org/springframework/ws/soap/addressing/messageid/UuidMessageIdStrategy
instanceKlass org/springframework/xml/xpath/Jaxp13XPathExpressionFactory$Jaxp13XPathExpression
instanceKlass com/sun/org/apache/xpath/internal/jaxp/XPathExpressionImpl
instanceKlass javax/xml/xpath/XPathExpression
instanceKlass com/sun/org/apache/xpath/internal/axes/IteratorPool
instanceKlass com/sun/org/apache/xpath/internal/axes/SubContextList
instanceKlass com/sun/org/apache/xpath/internal/axes/PathComponent
instanceKlass com/sun/org/apache/xml/internal/dtm/DTMIterator
instanceKlass com/sun/org/apache/xpath/internal/axes/WalkerFactory
instanceKlass com/sun/org/apache/xpath/internal/compiler/Keywords
instanceKlass com/sun/org/apache/xpath/internal/compiler/OpMapVector
instanceKlass com/sun/org/apache/xpath/internal/compiler/Lexer
instanceKlass com/sun/org/apache/xml/internal/utils/ObjectVector
instanceKlass com/sun/org/apache/xpath/internal/compiler/OpMap
instanceKlass com/sun/org/apache/xpath/internal/compiler/XPathParser
instanceKlass com/sun/org/apache/xml/internal/utils/DefaultErrorHandler
instanceKlass com/sun/org/apache/xpath/internal/Expression
instanceKlass com/sun/org/apache/xpath/internal/XPathVisitable
instanceKlass com/sun/org/apache/xpath/internal/ExpressionNode
instanceKlass javax/xml/transform/SourceLocator
instanceKlass com/sun/org/apache/xpath/internal/compiler/FunctionTable
instanceKlass com/sun/org/apache/xpath/internal/XPath
instanceKlass com/sun/org/apache/xpath/internal/ExpressionOwner
instanceKlass com/sun/org/apache/xpath/internal/jaxp/JAXPPrefixResolver
instanceKlass com/sun/org/apache/xml/internal/utils/PrefixResolver
instanceKlass org/springframework/xml/namespace/SimpleNamespaceContext
instanceKlass com/sun/org/apache/xpath/internal/jaxp/XPathImpl
instanceKlass javax/xml/xpath/XPath
instanceKlass javax/xml/xpath/XPathFactoryFinder$2
instanceKlass javax/xml/xpath/SecuritySupport$8
instanceKlass javax/xml/xpath/SecuritySupport$2
instanceKlass javax/xml/xpath/XPathFactoryFinder
instanceKlass javax/xml/xpath/SecuritySupport$1
instanceKlass javax/xml/xpath/SecuritySupport
instanceKlass org/springframework/xml/xpath/XPathExpression
instanceKlass org/springframework/xml/xpath/Jaxp13XPathExpressionFactory
instanceKlass org/springframework/xml/xpath/XPathExpressionFactory
instanceKlass org/springframework/xml/DocumentBuilderFactoryUtils
instanceKlass org/springframework/ws/soap/SoapFault
instanceKlass org/springframework/ws/soap/SoapElement
instanceKlass org/springframework/ws/soap/addressing/version/AddressingVersion
instanceKlass org/springframework/ws/server/SmartEndpointInterceptor
instanceKlass org/springframework/ws/transport/WebServiceMessageSender
instanceKlass org/springframework/xml/transform/TransformerHelper
instanceKlass org/springframework/ws/server/EndpointInvocationChain
instanceKlass org/springframework/ws/soap/addressing/messageid/MessageIdStrategy
instanceKlass org/springframework/cglib/reflect/FastClassEmitter$4
instanceKlass org/springframework/cglib/core/Block
instanceKlass org/springframework/cglib/core/EmitUtils$14
instanceKlass org/springframework/cglib/core/EmitUtils$13
instanceKlass org/springframework/cglib/core/EmitUtils$12
instanceKlass org/springframework/cglib/core/EmitUtils$11
instanceKlass org/springframework/cglib/core/EmitUtils$10
instanceKlass org/springframework/cglib/reflect/FastClassEmitter$GetIndexCallback
instanceKlass org/springframework/cglib/reflect/FastClassEmitter$3
instanceKlass org/springframework/cglib/reflect/FastClassEmitter$1
instanceKlass org/springframework/cglib/reflect/FastClass
instanceKlass org/springframework/cglib/proxy/MethodProxy$FastClassInfo
instanceKlass org/springframework/core/annotation/AnnotationUtils$$Lambda$333
instanceKlass org/springframework/beans/factory/annotation/InjectionMetadata$InjectedElement
instanceKlass org/springframework/beans/factory/annotation/AutowiredAnnotationBeanPostProcessor$$Lambda$332
instanceKlass org/springframework/ws/config/annotation/WsConfigurerComposite
instanceKlass org/springframework/ws/config/annotation/WsConfigurer
instanceKlass org/springframework/core/convert/support/NumberToNumberConverterFactory$NumberToNumber
instanceKlass org/springframework/aop/framework/adapter/ThrowsAdviceAdapter
instanceKlass org/springframework/aop/framework/adapter/AfterReturningAdviceAdapter
instanceKlass org/springframework/aop/framework/adapter/MethodBeforeAdviceAdapter
instanceKlass org/springframework/aop/framework/adapter/AdvisorAdapter
instanceKlass org/springframework/aop/framework/adapter/DefaultAdvisorAdapterRegistry
instanceKlass org/springframework/aop/framework/adapter/GlobalAdvisorAdapterRegistry
instanceKlass org/springframework/aop/framework/autoproxy/TargetSourceCreator
instanceKlass org/springframework/aop/framework/adapter/AdvisorAdapterRegistry
instanceKlass org/springframework/aop/framework/autoproxy/BeanFactoryAdvisorRetrievalHelper
instanceKlass org/springframework/dao/support/PersistenceExceptionTranslator
instanceKlass org/springframework/dao/support/PersistenceExceptionTranslationInterceptor
instanceKlass org/springframework/stereotype/Repository
instanceKlass org/springframework/aop/support/ClassFilters$IntersectionClassFilter
instanceKlass org/springframework/aop/support/ClassFilters
instanceKlass org/springframework/boot/validation/beanvalidation/FilteredMethodValidationPostProcessor$$Lambda$331
instanceKlass org/springframework/aop/support/ComposablePointcut
instanceKlass org/springframework/aop/TruePointcut
instanceKlass org/springframework/validation/beanvalidation/MethodValidationInterceptor
instanceKlass org/springframework/aop/TrueMethodMatcher
instanceKlass org/springframework/aop/support/annotation/AnnotationClassFilter
instanceKlass org/springframework/aop/MethodMatcher
instanceKlass org/springframework/aop/ClassFilter
instanceKlass org/springframework/aop/support/annotation/AnnotationMatchingPointcut
instanceKlass java/util/stream/SortedOps$RefSortingSink$$Lambda$330
instanceKlass org/springframework/validation/annotation/Validated
instanceKlass java/util/stream/SortedOps
instanceKlass org/springframework/core/OrderComparator$$Lambda$329
instanceKlass org/springframework/beans/factory/support/DefaultListableBeanFactory$FactoryAwareOrderSourceProvider
instanceKlass org/springframework/beans/factory/support/DefaultListableBeanFactory$$Lambda$328
instanceKlass org/springframework/beans/factory/support/DefaultListableBeanFactory$$Lambda$327
instanceKlass org/springframework/beans/factory/support/DefaultListableBeanFactory$$Lambda$326
instanceKlass org/springframework/beans/factory/annotation/AutowiredAnnotationBeanPostProcessor$$Lambda$325
instanceKlass org/springframework/beans/factory/annotation/AutowiredAnnotationBeanPostProcessor$$Lambda$324
instanceKlass org/springframework/context/annotation/CommonAnnotationBeanPostProcessor$$Lambda$323
instanceKlass org/springframework/context/annotation/CommonAnnotationBeanPostProcessor$$Lambda$322
instanceKlass org/springframework/util/ReflectionUtils$FieldCallback
instanceKlass org/springframework/beans/factory/annotation/InjectionMetadata
instanceKlass java/lang/invoke/LambdaForm$Hidden
instanceKlass org/springframework/beans/factory/annotation/InitDestroyAnnotationBeanPostProcessor$$Lambda$321
instanceKlass org/springframework/boot/validation/beanvalidation/MethodValidationExcludeFilter$$Lambda$320
instanceKlass org/springframework/aop/Pointcut
instanceKlass org/springframework/beans/factory/support/DefaultListableBeanFactory$DependencyObjectProvider
instanceKlass org/springframework/beans/factory/support/DefaultListableBeanFactory$BeanObjectProvider
instanceKlass org/springframework/aop/Advisor$1
instanceKlass javax/validation/metadata/BeanDescriptor
instanceKlass javax/validation/metadata/ElementDescriptor
instanceKlass org/aopalliance/intercept/MethodInvocation
instanceKlass org/aopalliance/intercept/Invocation
instanceKlass org/aopalliance/intercept/Joinpoint
instanceKlass org/springframework/aop/framework/JdkDynamicAopProxy
instanceKlass org/springframework/aop/framework/AopProxy
instanceKlass org/springframework/aop/framework/DefaultAopProxyFactory
instanceKlass org/springframework/aop/framework/DefaultAdvisorChainFactory
instanceKlass org/springframework/aop/target/EmptyTargetSource
instanceKlass org/springframework/aop/framework/AopProxyFactory
instanceKlass org/springframework/aop/framework/AdvisorChainFactory
instanceKlass org/springframework/context/annotation/ContextAnnotationAutowireCandidateResolver$1
instanceKlass org/springframework/core/annotation/TypeMappedAnnotation$$Lambda$319
instanceKlass org/springframework/core/annotation/SynthesizedAnnotation
instanceKlass org/springframework/core/SimpleAliasRegistry$$Lambda$318
instanceKlass java/lang/invoke/LambdaForm$DMH
instanceKlass org/springframework/beans/factory/support/DefaultListableBeanFactory$$Lambda$317
instanceKlass org/springframework/beans/factory/annotation/AutowiredAnnotationBeanPostProcessor$$Lambda$316
instanceKlass org/springframework/beans/factory/annotation/Lookup
instanceKlass org/springframework/core/annotation/AnnotatedElementUtils$AnnotatedElementForAnnotations
instanceKlass org/springframework/beans/factory/support/ConstructorResolver$ArgumentsHolder
instanceKlass org/springframework/boot/context/properties/ConfigurationPropertiesJsr303Validator
instanceKlass org/springframework/boot/context/properties/PropertySourcesDeducer
instanceKlass org/springframework/jndi/JndiTemplate
instanceKlass javax/xml/ws/WebServiceRef
instanceKlass org/springframework/beans/factory/annotation/InitDestroyAnnotationBeanPostProcessor$LifecycleMetadata
instanceKlass org/springframework/context/support/PostProcessorRegistrationDelegate$BeanPostProcessorChecker
instanceKlass org/springframework/beans/factory/support/AbstractBeanFactory$$Lambda$315
instanceKlass org/springframework/boot/autoconfigure/aop/AopAutoConfiguration$ClassProxyingConfiguration$$Lambda$314
instanceKlass org/springframework/context/expression/CachedExpressionEvaluator
instanceKlass org/springframework/web/bind/annotation/Mapping
instanceKlass org/springframework/web/bind/annotation/RequestMapping
instanceKlass org/springframework/stereotype/Controller
instanceKlass org/springframework/beans/factory/support/DefaultListableBeanFactory$$Lambda$313
instanceKlass org/springframework/boot/sql/init/dependency/DependsOnDatabaseInitialization
instanceKlass org/springframework/boot/sql/init/dependency/AbstractBeansOfTypeDependsOnDatabaseInitializationDetector
instanceKlass org/springframework/boot/sql/init/dependency/AnnotationDependsOnDatabaseInitializationDetector
instanceKlass org/springframework/boot/sql/init/dependency/DependsOnDatabaseInitializationDetector
instanceKlass org/springframework/boot/sql/init/dependency/DatabaseInitializationDependencyConfigurer$DependsOnDatabaseInitializationPostProcessor$InitializerBeanNames$$Lambda$312
instanceKlass org/springframework/boot/jdbc/AbstractDataSourceInitializer
instanceKlass org/springframework/boot/autoconfigure/flyway/FlywayMigrationInitializer
instanceKlass org/springframework/boot/sql/init/dependency/BeansOfTypeDetector$$Lambda$311
instanceKlass org/springframework/boot/sql/init/dependency/BeansOfTypeDetector$$Lambda$310
instanceKlass org/springframework/boot/sql/init/dependency/BeansOfTypeDetector
instanceKlass org/springframework/boot/sql/init/dependency/DatabaseInitializationDependencyConfigurer$DependsOnDatabaseInitializationPostProcessor$InitializerBeanNames
instanceKlass org/springframework/boot/sql/init/dependency/AbstractBeansOfTypeDatabaseInitializerDetector
instanceKlass org/springframework/boot/sql/init/dependency/DatabaseInitializationDependencyConfigurer$DependsOnDatabaseInitializationPostProcessor$$Lambda$309
instanceKlass org/springframework/boot/sql/init/dependency/DatabaseInitializerDetector
instanceKlass org/springframework/core/SimpleAliasRegistry$$Lambda$308
instanceKlass org/springframework/beans/factory/config/RuntimeBeanNameReference
instanceKlass org/springframework/beans/factory/config/BeanDefinitionVisitor
instanceKlass org/springframework/context/support/PropertySourcesPlaceholderConfigurer$$Lambda$307
instanceKlass org/springframework/util/DefaultPropertiesPersister
instanceKlass org/springframework/beans/factory/support/ConstructorResolver
instanceKlass org/springframework/context/annotation/ConfigurationClassPostProcessor$ImportAwareBeanPostProcessor
instanceKlass org/springframework/context/annotation/ConfigurationClassPostProcessor$$Lambda$306
instanceKlass org/springframework/cglib/proxy/Enhancer$EnhancerFactoryData
instanceKlass org/springframework/cglib/proxy/MethodProxy$CreateInfo
instanceKlass org/springframework/cglib/proxy/MethodProxy
instanceKlass org/springframework/cglib/core/EmitUtils$6
instanceKlass org/springframework/cglib/core/EmitUtils$5
instanceKlass org/springframework/cglib/proxy/MethodInterceptorGenerator$2
instanceKlass org/springframework/cglib/proxy/Enhancer$6
instanceKlass org/springframework/cglib/proxy/BridgeMethodResolver
instanceKlass org/springframework/cglib/core/MethodInfoTransformer
instanceKlass org/springframework/cglib/proxy/Enhancer$2
instanceKlass org/springframework/cglib/core/DuplicatesPredicate
instanceKlass org/springframework/cglib/core/RejectModifierPredicate
instanceKlass org/springframework/cglib/core/MethodWrapper$MethodWrapperKey
instanceKlass org/springframework/cglib/core/MethodWrapper
instanceKlass org/springframework/cglib/proxy/Factory
instanceKlass org/springframework/cglib/core/VisibilityPredicate
instanceKlass org/springframework/cglib/transform/TransformingClassGenerator
instanceKlass org/springframework/cglib/proxy/ProxyRefDispatcher
instanceKlass org/springframework/cglib/proxy/FixedValueGenerator
instanceKlass org/springframework/cglib/proxy/FixedValue
instanceKlass org/springframework/cglib/proxy/DispatcherGenerator
instanceKlass org/springframework/cglib/proxy/Dispatcher
instanceKlass org/springframework/cglib/proxy/LazyLoaderGenerator
instanceKlass org/springframework/cglib/proxy/LazyLoader
instanceKlass org/springframework/cglib/proxy/InvocationHandlerGenerator
instanceKlass org/springframework/cglib/proxy/InvocationHandler
instanceKlass org/springframework/cglib/proxy/MethodInterceptorGenerator$1
instanceKlass org/springframework/cglib/proxy/MethodInterceptorGenerator
instanceKlass org/springframework/cglib/proxy/NoOpGenerator
instanceKlass org/springframework/cglib/proxy/CallbackGenerator
instanceKlass org/springframework/cglib/proxy/CallbackInfo
instanceKlass org/springframework/cglib/core/ClassNameReader
instanceKlass org/springframework/cglib/core/DebuggingClassWriter$1
instanceKlass org/springframework/asm/Handler
instanceKlass org/springframework/cglib/core/EmitUtils$9
instanceKlass org/springframework/cglib/core/EmitUtils$8
instanceKlass org/springframework/cglib/core/Local
instanceKlass org/springframework/cglib/core/EmitUtils$7
instanceKlass org/springframework/asm/Edge
instanceKlass org/springframework/cglib/core/ClassEmitter$FieldInfo
instanceKlass org/springframework/cglib/core/LocalVariablesSorter$State
instanceKlass org/springframework/asm/Frame
instanceKlass org/springframework/cglib/core/EmitUtils$ArrayDelimiters
instanceKlass org/springframework/cglib/core/ProcessArrayCallback
instanceKlass org/springframework/asm/Label
instanceKlass org/springframework/cglib/core/EmitUtils$ParameterTyper
instanceKlass org/springframework/cglib/core/EmitUtils
instanceKlass org/springframework/cglib/core/ReflectUtils$4
instanceKlass org/springframework/cglib/core/ReflectUtils$5
instanceKlass org/springframework/cglib/core/ReflectUtils$3
instanceKlass org/springframework/cglib/core/ReflectUtils$2
instanceKlass org/springframework/cglib/core/ReflectUtils$1
instanceKlass org/springframework/cglib/core/MethodInfo
instanceKlass org/springframework/cglib/core/ReflectUtils
instanceKlass org/springframework/cglib/core/ClassInfo
instanceKlass org/springframework/asm/ByteVector
instanceKlass org/springframework/asm/Symbol
instanceKlass org/springframework/asm/SymbolTable
instanceKlass org/springframework/asm/ModuleVisitor
instanceKlass org/springframework/asm/RecordComponentVisitor
instanceKlass org/springframework/asm/FieldVisitor
instanceKlass org/springframework/cglib/core/AsmApi
instanceKlass org/springframework/cglib/core/Constants
instanceKlass org/springframework/cglib/core/internal/LoadingCache$2
instanceKlass java/util/concurrent/FutureTask$WaitNode
instanceKlass java/util/concurrent/FutureTask
instanceKlass java/util/concurrent/RunnableFuture
instanceKlass org/springframework/cglib/core/internal/LoadingCache$1
instanceKlass org/springframework/cglib/core/internal/LoadingCache
instanceKlass org/springframework/cglib/core/AbstractClassGenerator$ClassLoaderData$3
instanceKlass org/springframework/cglib/core/AbstractClassGenerator$ClassLoaderData$1
instanceKlass org/springframework/cglib/core/AbstractClassGenerator$ClassLoaderData$2
instanceKlass org/springframework/cglib/core/internal/Function
instanceKlass org/springframework/cglib/core/AbstractClassGenerator$ClassLoaderData
instanceKlass org/springframework/cglib/core/internal/CustomizerRegistry
instanceKlass org/springframework/cglib/core/DefaultNamingPolicy
instanceKlass org/springframework/cglib/core/DefaultGeneratorStrategy
instanceKlass org/springframework/cglib/core/KeyFactory$4
instanceKlass org/springframework/cglib/core/KeyFactory$3
instanceKlass org/springframework/cglib/core/KeyFactory$2
instanceKlass org/springframework/cglib/core/KeyFactory$1
instanceKlass org/springframework/cglib/core/Signature
instanceKlass org/springframework/cglib/core/CollectionUtils
instanceKlass org/springframework/cglib/core/TypeUtils
instanceKlass org/springframework/cglib/core/HashCodeCustomizer
instanceKlass org/springframework/cglib/core/FieldTypeCustomizer
instanceKlass org/springframework/cglib/core/Customizer
instanceKlass org/springframework/cglib/core/KeyFactory
instanceKlass org/springframework/cglib/proxy/Enhancer$EnhancerKey
instanceKlass org/springframework/cglib/core/AbstractClassGenerator$Source
instanceKlass org/springframework/cglib/proxy/Enhancer$1
instanceKlass org/springframework/cglib/core/ObjectSwitchCallback
instanceKlass org/springframework/cglib/core/Transformer
instanceKlass org/springframework/cglib/core/ProcessSwitchCallback
instanceKlass org/springframework/cglib/proxy/CallbackGenerator$Context
instanceKlass org/springframework/cglib/core/Predicate
instanceKlass org/springframework/cglib/core/KeyFactoryCustomizer
instanceKlass org/springframework/cglib/core/AbstractClassGenerator
instanceKlass org/springframework/cglib/core/ClassGenerator
instanceKlass org/springframework/context/annotation/ConfigurationClassEnhancer$EnhancedConfiguration
instanceKlass org/springframework/aop/framework/autoproxy/AutoProxyUtils
instanceKlass org/springframework/objenesis/instantiator/ObjectInstantiator
instanceKlass org/springframework/objenesis/strategy/BaseInstantiatorStrategy
instanceKlass org/springframework/objenesis/strategy/InstantiatorStrategy
instanceKlass org/springframework/objenesis/SpringObjenesis
instanceKlass org/springframework/objenesis/Objenesis
instanceKlass org/springframework/context/annotation/ConfigurationClassEnhancer$ConditionalCallbackFilter
instanceKlass org/springframework/cglib/proxy/NoOp$1
instanceKlass org/springframework/cglib/proxy/NoOp
instanceKlass org/springframework/context/annotation/ConfigurationClassEnhancer$BeanFactoryAwareMethodInterceptor
instanceKlass org/springframework/context/annotation/ConfigurationClassEnhancer$BeanMethodInterceptor
instanceKlass org/springframework/context/annotation/ConfigurationClassEnhancer$ConditionalCallback
instanceKlass org/springframework/cglib/proxy/MethodInterceptor
instanceKlass org/springframework/cglib/proxy/Callback
instanceKlass org/springframework/cglib/proxy/CallbackFilter
instanceKlass org/springframework/cglib/core/GeneratorStrategy
instanceKlass org/springframework/cglib/core/NamingPolicy
instanceKlass org/springframework/context/annotation/ConfigurationClassEnhancer
instanceKlass org/springframework/context/support/PostProcessorRegistrationDelegate$$Lambda$305
instanceKlass org/springframework/boot/autoconfigure/webservices/WebServicesProperties$Servlet
instanceKlass org/springframework/boot/autoconfigure/task/TaskSchedulingProperties$Shutdown
instanceKlass org/springframework/boot/autoconfigure/task/TaskSchedulingProperties$Pool
instanceKlass org/springframework/boot/autoconfigure/jdbc/JdbcProperties$Template
instanceKlass org/springframework/boot/autoconfigure/info/ProjectInfoProperties$Git
instanceKlass org/springframework/boot/autoconfigure/info/ProjectInfoProperties$Build
instanceKlass org/springframework/boot/autoconfigure/jdbc/DataSourceProperties$Xa
instanceKlass org/apache/camel/spring/boot/cloud/CamelCloudConfigurationProperties$ServiceRegistry
instanceKlass org/apache/camel/spring/boot/cloud/CamelCloudConfigurationProperties$LoadBalancer
instanceKlass org/apache/camel/spring/boot/cloud/CamelCloudConfigurationProperties$ServiceChooser
instanceKlass org/apache/camel/spring/boot/cloud/CamelCloudConfigurationProperties$ServiceCall
instanceKlass org/apache/camel/component/xslt/springboot/XsltComponentConfiguration$XmlConverterNestedConfiguration
instanceKlass org/springframework/boot/autoconfigure/task/TaskExecutionProperties$Shutdown
instanceKlass org/springframework/boot/autoconfigure/task/TaskExecutionProperties$Pool
instanceKlass org/springframework/boot/context/properties/DeprecatedConfigurationProperty
instanceKlass org/springframework/boot/autoconfigure/web/servlet/WebMvcProperties$Contentnegotiation
instanceKlass org/springframework/boot/autoconfigure/web/servlet/WebMvcProperties$Pathmatch
instanceKlass org/springframework/boot/autoconfigure/web/servlet/WebMvcProperties$Servlet
instanceKlass org/springframework/boot/autoconfigure/web/servlet/WebMvcProperties$View
instanceKlass org/springframework/boot/autoconfigure/web/servlet/WebMvcProperties$Format
instanceKlass org/springframework/boot/autoconfigure/web/servlet/WebMvcProperties$Async
instanceKlass org/springframework/boot/autoconfigure/web/ServerProperties$Netty
instanceKlass org/springframework/boot/web/server/Http2
instanceKlass org/springframework/boot/autoconfigure/web/ServerProperties$Undertow
instanceKlass org/springframework/boot/autoconfigure/web/ServerProperties$Jetty
instanceKlass org/springframework/boot/web/server/Compression
instanceKlass org/springframework/boot/web/server/Ssl
instanceKlass org/springframework/boot/autoconfigure/web/ServerProperties$Tomcat
instanceKlass org/springframework/boot/autoconfigure/web/ServerProperties$Servlet
instanceKlass org/springframework/boot/autoconfigure/web/ErrorProperties
instanceKlass org/springframework/boot/context/properties/ConfigurationPropertiesBean
instanceKlass org/springframework/context/annotation/ConfigurationClassPostProcessor$$Lambda$304
instanceKlass org/springframework/boot/autoconfigure/webservices/client/WebServiceTemplateAutoConfiguration
instanceKlass org/springframework/boot/autoconfigure/webservices/WebServicesAutoConfiguration$WsdlDefinitionBeanFactoryPostProcessor
instanceKlass org/springframework/boot/autoconfigure/webservices/WebServicesAutoConfiguration
instanceKlass org/springframework/boot/autoconfigure/webservices/WebServicesAutoConfiguration$WsConfiguration
instanceKlass org/springframework/ws/server/EndpointInterceptor
instanceKlass org/springframework/ws/server/EndpointAdapter
instanceKlass org/springframework/ws/soap/server/SoapEndpointMapping
instanceKlass org/springframework/ws/server/EndpointMapping
instanceKlass org/springframework/ws/server/endpoint/AbstractEndpointExceptionResolver
instanceKlass org/springframework/ws/server/EndpointExceptionResolver
instanceKlass org/springframework/boot/webservices/client/WebServiceTemplateBuilder
instanceKlass org/springframework/boot/autoconfigure/webservices/OnWsdlLocationsCondition$$Lambda$303
instanceKlass org/springframework/boot/autoconfigure/webservices/WebServicesProperties
instanceKlass org/springframework/web/multipart/commons/CommonsFileUploadSupport
instanceKlass org/springframework/boot/autoconfigure/web/servlet/MultipartAutoConfiguration
instanceKlass org/springframework/boot/autoconfigure/web/servlet/HttpEncodingAutoConfiguration$LocaleCharsetMappingsCustomizer
instanceKlass org/springframework/boot/autoconfigure/web/servlet/MultipartProperties
instanceKlass org/springframework/boot/autoconfigure/web/servlet/HttpEncodingAutoConfiguration
instanceKlass org/springframework/boot/autoconfigure/web/embedded/EmbeddedWebServerFactoryCustomizerAutoConfiguration
instanceKlass org/springframework/boot/autoconfigure/web/embedded/TomcatWebServerFactoryCustomizer
instanceKlass org/springframework/boot/autoconfigure/web/embedded/EmbeddedWebServerFactoryCustomizerAutoConfiguration$TomcatWebServerFactoryCustomizerConfiguration
instanceKlass org/springframework/boot/web/client/RestTemplateBuilder
instanceKlass org/springframework/boot/autoconfigure/web/client/RestTemplateAutoConfiguration
instanceKlass org/springframework/boot/autoconfigure/web/client/RestTemplateBuilderConfigurer
instanceKlass org/springframework/transaction/reactive/TransactionalOperator
instanceKlass org/springframework/transaction/ReactiveTransactionManager
instanceKlass org/springframework/boot/autoconfigure/transaction/TransactionAutoConfiguration
instanceKlass org/springframework/transaction/support/DefaultTransactionDefinition
instanceKlass org/springframework/transaction/TransactionDefinition
instanceKlass org/springframework/boot/autoconfigure/transaction/TransactionProperties
instanceKlass org/springframework/boot/autoconfigure/transaction/PlatformTransactionManagerCustomizer
instanceKlass org/springframework/boot/autoconfigure/data/neo4j/Neo4jDataAutoConfiguration
instanceKlass org/springframework/boot/autoconfigure/orm/jpa/HibernateJpaAutoConfiguration
instanceKlass org/springframework/boot/autoconfigure/transaction/jta/JtaAutoConfiguration
instanceKlass org/springframework/boot/autoconfigure/transaction/TransactionAutoConfiguration$TransactionTemplateConfiguration
instanceKlass org/springframework/transaction/support/TransactionOperations
instanceKlass org/springframework/boot/autoconfigure/transaction/TransactionAutoConfiguration$EnableTransactionManagementConfiguration
instanceKlass org/springframework/boot/autoconfigure/transaction/TransactionAutoConfiguration$EnableTransactionManagementConfiguration$CglibAutoProxyConfiguration
instanceKlass org/springframework/transaction/event/TransactionalEventListenerFactory
instanceKlass org/springframework/aop/support/AbstractPointcutAdvisor
instanceKlass org/springframework/aop/PointcutAdvisor
instanceKlass org/springframework/aop/Advisor
instanceKlass org/springframework/transaction/interceptor/TransactionAspectSupport
instanceKlass org/aopalliance/intercept/MethodInterceptor
instanceKlass org/aopalliance/intercept/Interceptor
instanceKlass org/aopalliance/aop/Advice
instanceKlass org/springframework/transaction/interceptor/TransactionAttributeSource
instanceKlass org/springframework/aop/config/AopConfigUtils
instanceKlass org/springframework/boot/autoconfigure/jdbc/DataSourceTransactionManagerAutoConfiguration
instanceKlass org/springframework/boot/autoconfigure/transaction/TransactionManagerCustomizers
instanceKlass org/springframework/transaction/support/AbstractPlatformTransactionManager
instanceKlass org/springframework/transaction/support/ResourceTransactionManager
instanceKlass org/springframework/boot/autoconfigure/jdbc/DataSourceTransactionManagerAutoConfiguration$JdbcTransactionManagerConfiguration
instanceKlass org/springframework/boot/LazyInitializationExcludeFilter
instanceKlass org/springframework/boot/autoconfigure/task/TaskSchedulingAutoConfiguration
instanceKlass org/springframework/boot/autoconfigure/sql/init/SqlInitializationAutoConfiguration
instanceKlass org/springframework/boot/task/TaskSchedulerBuilder
instanceKlass org/springframework/boot/autoconfigure/task/TaskSchedulingProperties
instanceKlass org/springframework/boot/autoconfigure/sql/init/DataSourceInitializationConfiguration
instanceKlass org/springframework/boot/autoconfigure/sql/init/R2dbcInitializationConfiguration
instanceKlass org/springframework/boot/autoconfigure/sql/init/SqlInitializationProperties
instanceKlass org/springframework/boot/autoconfigure/r2dbc/R2dbcAutoConfiguration
instanceKlass org/springframework/boot/autoconfigure/jdbc/JdbcTemplateAutoConfiguration
instanceKlass org/springframework/jdbc/core/namedparam/NamedParameterJdbcTemplate
instanceKlass org/springframework/boot/sql/init/AbstractScriptDatabaseInitializer
instanceKlass org/springframework/boot/sql/init/dependency/DatabaseInitializationDependencyConfigurer$DependsOnDatabaseInitializationPostProcessor
instanceKlass org/springframework/boot/autoconfigure/jdbc/NamedParameterJdbcTemplateConfiguration
instanceKlass org/springframework/jdbc/core/namedparam/NamedParameterJdbcOperations
instanceKlass org/springframework/boot/autoconfigure/jdbc/JdbcProperties
instanceKlass org/springframework/boot/autoconfigure/jdbc/JdbcTemplateConfiguration
instanceKlass org/springframework/boot/autoconfigure/info/ProjectInfoAutoConfiguration
instanceKlass org/springframework/boot/autoconfigure/condition/OnBeanCondition$SingleCandidateSpec$$Lambda$302
instanceKlass org/springframework/boot/autoconfigure/info/ProjectInfoProperties
instanceKlass org/springframework/boot/autoconfigure/http/HttpMessageConvertersAutoConfiguration
instanceKlass org/springframework/boot/autoconfigure/http/JsonbHttpMessageConvertersConfiguration
instanceKlass org/springframework/boot/autoconfigure/http/GsonHttpMessageConvertersConfiguration
instanceKlass org/springframework/boot/autoconfigure/http/JacksonHttpMessageConvertersConfiguration
instanceKlass org/springframework/boot/autoconfigure/jsonb/JsonbAutoConfiguration
instanceKlass org/springframework/boot/autoconfigure/gson/GsonAutoConfiguration
instanceKlass org/springframework/boot/autoconfigure/http/JacksonHttpMessageConvertersConfiguration$MappingJackson2HttpMessageConverterConfiguration
instanceKlass org/springframework/boot/autoconfigure/http/JacksonHttpMessageConvertersConfiguration$MappingJackson2XmlHttpMessageConverterConfiguration
instanceKlass org/springframework/boot/autoconfigure/http/HttpMessageConvertersAutoConfiguration$StringHttpMessageConverterConfiguration
instanceKlass org/springframework/boot/autoconfigure/dao/PersistenceExceptionTranslationAutoConfiguration
instanceKlass org/springframework/context/support/DefaultLifecycleProcessor
instanceKlass org/springframework/boot/autoconfigure/context/LifecycleAutoConfiguration
instanceKlass org/springframework/boot/autoconfigure/context/ConfigurationPropertiesAutoConfiguration
instanceKlass org/springframework/boot/autoconfigure/context/LifecycleProperties
instanceKlass org/springframework/boot/autoconfigure/jdbc/DataSourceAutoConfiguration
instanceKlass org/springframework/boot/autoconfigure/jdbc/metadata/DataSourcePoolMetadataProvidersConfiguration$HikariPoolDataSourceMetadataProviderConfiguration
instanceKlass org/springframework/boot/jdbc/metadata/DataSourcePoolMetadataProvider
instanceKlass org/springframework/boot/jdbc/metadata/DataSourcePoolMetadata
instanceKlass org/springframework/boot/autoconfigure/jdbc/metadata/DataSourcePoolMetadataProvidersConfiguration$CommonsDbcp2PoolDataSourceMetadataProviderConfiguration
instanceKlass org/springframework/boot/autoconfigure/jdbc/DataSourceInitializationConfiguration$SharedCredentialsDataSourceInitializationConfiguration
instanceKlass org/springframework/boot/autoconfigure/jdbc/DataSourceInitializationConfiguration$InitializationSpecificCredentialsDataSourceInitializationConfiguration
instanceKlass org/springframework/boot/autoconfigure/jdbc/metadata/DataSourcePoolMetadataProvidersConfiguration
instanceKlass org/springframework/boot/autoconfigure/jdbc/DataSourceProperties
instanceKlass javax/sql/XADataSource
instanceKlass org/springframework/boot/autoconfigure/hazelcast/HazelcastServerConfiguration
instanceKlass org/springframework/boot/autoconfigure/hazelcast/HazelcastClientConfiguration
instanceKlass org/springframework/boot/autoconfigure/hazelcast/HazelcastProperties
instanceKlass org/springframework/boot/autoconfigure/jackson/JacksonAutoConfiguration
instanceKlass org/springframework/boot/autoconfigure/jackson/JacksonAutoConfiguration$JacksonObjectMapperConfiguration
instanceKlass org/springframework/boot/autoconfigure/jackson/JacksonAutoConfiguration$JacksonObjectMapperBuilderConfiguration
instanceKlass org/springframework/boot/autoconfigure/jackson/JacksonAutoConfiguration$Jackson2ObjectMapperBuilderCustomizerConfiguration$StandardJackson2ObjectMapperBuilderCustomizer
instanceKlass org/springframework/boot/autoconfigure/jackson/Jackson2ObjectMapperBuilderCustomizer
instanceKlass org/springframework/boot/autoconfigure/jackson/JacksonAutoConfiguration$Jackson2ObjectMapperBuilderCustomizerConfiguration
instanceKlass org/springframework/boot/availability/ApplicationAvailabilityBean
instanceKlass org/springframework/boot/availability/ApplicationAvailability
instanceKlass org/springframework/boot/autoconfigure/availability/ApplicationAvailabilityAutoConfiguration
instanceKlass org/springframework/boot/autoconfigure/aop/AopAutoConfiguration
instanceKlass org/springframework/boot/autoconfigure/aop/AopAutoConfiguration$ClassProxyingConfiguration
instanceKlass org/apache/camel/spring/boot/cloud/CamelCloudServiceFilter
instanceKlass org/apache/camel/spring/boot/cloud/CamelCloudConfigurationProperties$ServiceFilterConfiguration
instanceKlass org/apache/camel/spring/boot/cloud/CamelCloudServiceFilterAutoConfiguration
instanceKlass org/springframework/boot/autoconfigure/jackson/JacksonProperties
instanceKlass org/apache/camel/spring/boot/cloud/CamelCloudServiceDiscovery
instanceKlass org/apache/camel/spring/boot/cloud/CamelCloudConfigurationProperties$ServiceDiscoveryConfiguration
instanceKlass org/apache/camel/spring/boot/cloud/CamelCloudServiceDiscoveryAutoConfiguration
instanceKlass org/apache/camel/spring/boot/cloud/CamelCloudServiceChooserAutoConfiguration
instanceKlass org/apache/camel/spring/boot/cloud/CamelCloudServiceCallConfigurationAutoConfiguration
instanceKlass org/apache/camel/spring/boot/cloud/CamelCloudConfigurationProperties
instanceKlass org/apache/camel/spring/boot/actuate/endpoint/CamelRoutesEndpointAutoConfiguration
instanceKlass org/apache/camel/spring/boot/actuate/endpoint/CamelRoutesEndpointProperties
instanceKlass org/apache/camel/spring/boot/actuate/endpoint/CamelRouteControllerEndpointAutoConfiguration
instanceKlass org/apache/camel/model/rest/springboot/RestConfigurationDefinitionAutoConfiguration
instanceKlass org/apache/camel/model/rest/springboot/RestConfigurationDefinitionProperties
instanceKlass org/apache/camel/language/xpath/springboot/XPathLanguageAutoConfiguration
instanceKlass org/apache/camel/language/tokenizer/springboot/XMLTokenizeLanguageAutoConfiguration
instanceKlass org/apache/camel/language/tokenizer/springboot/TokenizeLanguageAutoConfiguration
instanceKlass org/apache/camel/language/tokenizer/TokenizeLanguage
instanceKlass org/apache/camel/language/simple/springboot/SimpleLanguageAutoConfiguration
instanceKlass org/apache/camel/language/simple/springboot/FileLanguageAutoConfiguration
instanceKlass org/apache/camel/support/LanguageSupport
instanceKlass org/apache/camel/language/ref/springboot/RefLanguageAutoConfiguration
instanceKlass org/apache/camel/language/ref/RefLanguage
instanceKlass org/apache/camel/language/property/springboot/ExchangePropertyLanguageAutoConfiguration
instanceKlass org/apache/camel/language/property/ExchangePropertyLanguage
instanceKlass org/apache/camel/language/header/springboot/HeaderLanguageAutoConfiguration
instanceKlass org/apache/camel/language/header/HeaderLanguage
instanceKlass org/apache/camel/language/constant/springboot/ConstantLanguageAutoConfiguration
instanceKlass org/apache/camel/language/constant/ConstantLanguage
instanceKlass org/apache/camel/language/bean/springboot/BeanLanguageAutoConfiguration
instanceKlass org/apache/camel/language/bean/BeanLanguage
instanceKlass org/apache/camel/spi/Language
instanceKlass org/apache/camel/spring/boot/LanguageConfigurationPropertiesCommon
instanceKlass org/apache/camel/impl/springboot/ZipDataFormatAutoConfiguration
instanceKlass org/apache/camel/impl/springboot/StringDataFormatAutoConfiguration
instanceKlass org/apache/camel/impl/springboot/SerializationDataFormatAutoConfiguration
instanceKlass org/apache/camel/spi/DataFormatFactory
instanceKlass org/apache/camel/impl/springboot/GzipDataFormatAutoConfiguration
instanceKlass org/apache/camel/spi/DataFormatName
instanceKlass org/apache/camel/spring/boot/DataFormatConfigurationPropertiesCommon
instanceKlass org/apache/camel/component/xslt/springboot/XsltComponentAutoConfiguration
instanceKlass org/apache/camel/component/vm/springboot/VmComponentAutoConfiguration
instanceKlass org/apache/camel/component/validator/springboot/ValidatorComponentAutoConfiguration
instanceKlass org/apache/camel/component/timer/springboot/TimerComponentAutoConfiguration
instanceKlass org/apache/camel/component/test/springboot/TestComponentAutoConfiguration
instanceKlass org/apache/camel/component/stub/springboot/StubComponentAutoConfiguration
instanceKlass org/apache/camel/component/sql/stored/springboot/SqlStoredComponentAutoConfiguration
instanceKlass org/apache/camel/component/sql/springboot/SqlComponentAutoConfiguration
instanceKlass org/apache/camel/component/seda/springboot/SedaComponentAutoConfiguration
instanceKlass org/apache/camel/component/scheduler/springboot/SchedulerComponentAutoConfiguration
instanceKlass org/apache/camel/component/saga/springboot/SagaComponentAutoConfiguration
instanceKlass org/apache/camel/component/rest/springboot/RestComponentAutoConfiguration
instanceKlass org/apache/camel/component/rest/springboot/RestApiComponentAutoConfiguration
instanceKlass org/apache/camel/component/ref/springboot/RefComponentAutoConfiguration
instanceKlass org/apache/camel/component/properties/springboot/PropertiesComponentAutoConfiguration
instanceKlass org/apache/camel/component/mock/springboot/MockComponentAutoConfiguration
instanceKlass org/apache/camel/component/log/springboot/LogComponentAutoConfiguration
instanceKlass org/apache/camel/component/language/springboot/LanguageComponentAutoConfiguration
instanceKlass org/apache/camel/component/http4/springboot/HttpComponentAutoConfiguration
instanceKlass org/apache/camel/spi/HeaderFilterStrategyAware
instanceKlass org/apache/camel/SSLContextParametersAware
instanceKlass org/apache/camel/VerifiableComponent
instanceKlass org/apache/camel/spi/RestProducerFactory
instanceKlass org/apache/camel/component/file/springboot/FileComponentAutoConfiguration
instanceKlass org/apache/camel/spi/EndpointCompleter
instanceKlass org/apache/camel/component/directvm/springboot/DirectVmComponentAutoConfiguration
instanceKlass org/apache/camel/component/direct/springboot/DirectComponentAutoConfiguration
instanceKlass org/apache/camel/component/dataset/springboot/DataSetComponentAutoConfiguration
instanceKlass org/apache/camel/component/dataformat/springboot/DataFormatComponentAutoConfiguration
instanceKlass org/apache/camel/component/controlbus/springboot/ControlBusComponentAutoConfiguration
instanceKlass org/apache/camel/component/browse/springboot/BrowseComponentAutoConfiguration
instanceKlass org/apache/camel/component/binding/springboot/BindingNameComponentAutoConfiguration
instanceKlass org/apache/camel/component/beanclass/springboot/ClassComponentAutoConfiguration
instanceKlass org/apache/camel/component/bean/springboot/BeanComponentAutoConfiguration
instanceKlass org/apache/camel/spring/boot/ComponentConfigurationPropertiesCommon
instanceKlass org/apache/camel/spring/boot/CamelSpringBootApplicationController
instanceKlass org/apache/camel/spring/boot/RoutesCollector
instanceKlass org/apache/camel/spring/spi/XmlCamelContextConfigurer
instanceKlass org/apache/camel/spi/ReloadStrategy
instanceKlass org/apache/camel/StaticService
instanceKlass org/apache/camel/spi/PackageScanClassResolver
instanceKlass org/apache/camel/spi/Registry
instanceKlass org/apache/camel/spring/boot/CamelConfigurationProperties
instanceKlass org/apache/camel/support/TypeConverterSupport
instanceKlass org/apache/camel/TypeConverter
instanceKlass org/apache/camel/spring/boot/TypeConversionConfiguration
instanceKlass org/springframework/web/context/request/RequestContextListener
instanceKlass javax/servlet/ServletRequestListener
instanceKlass org/springframework/boot/autoconfigure/condition/OnBeanCondition$$Lambda$301
instanceKlass org/springframework/boot/autoconfigure/http/HttpMessageConverters
instanceKlass org/springframework/web/servlet/config/annotation/ResourceHandlerRegistration
instanceKlass org/springframework/boot/web/servlet/filter/OrderedFilter
instanceKlass org/springframework/validation/MessageCodeFormatter
instanceKlass org/springframework/boot/autoconfigure/web/servlet/WebMvcAutoConfiguration$WebMvcAutoConfigurationAdapter
instanceKlass org/springframework/lang/Nullable
instanceKlass org/springframework/web/util/pattern/PathPatternParser
instanceKlass org/springframework/web/util/UrlPathHelper
instanceKlass org/springframework/web/servlet/handler/HandlerMappingIntrospector
instanceKlass org/springframework/web/cors/CorsConfigurationSource
instanceKlass org/springframework/web/servlet/mvc/SimpleControllerHandlerAdapter
instanceKlass org/springframework/web/method/support/CompositeUriComponentsContributor
instanceKlass org/springframework/web/method/support/UriComponentsContributor
instanceKlass org/springframework/web/servlet/mvc/HttpRequestHandlerAdapter
instanceKlass org/springframework/web/servlet/function/support/HandlerFunctionAdapter
instanceKlass javax/servlet/ServletContext
instanceKlass org/springframework/web/servlet/config/annotation/CorsRegistry
instanceKlass org/springframework/web/servlet/config/annotation/InterceptorRegistry
instanceKlass org/springframework/web/servlet/config/annotation/AsyncSupportConfigurer
instanceKlass org/springframework/web/servlet/config/annotation/ViewResolverRegistry
instanceKlass org/springframework/web/servlet/config/annotation/ResourceHandlerRegistry
instanceKlass org/springframework/web/servlet/config/annotation/DefaultServletHandlerConfigurer
instanceKlass org/springframework/web/servlet/config/annotation/ContentNegotiationConfigurer
instanceKlass org/springframework/web/servlet/config/annotation/ViewControllerRegistry
instanceKlass org/springframework/validation/MessageCodesResolver
instanceKlass org/springframework/web/servlet/config/annotation/PathMatchConfigurer
instanceKlass org/springframework/web/servlet/resource/ResourceUrlProvider
instanceKlass org/springframework/web/accept/ContentNegotiationManager
instanceKlass org/springframework/web/accept/MediaTypeFileExtensionResolver
instanceKlass org/springframework/web/accept/ContentNegotiationStrategy
instanceKlass org/springframework/web/servlet/handler/AbstractHandlerExceptionResolver
instanceKlass org/springframework/web/bind/support/ConfigurableWebBindingInitializer
instanceKlass org/springframework/web/servlet/HandlerAdapter
instanceKlass org/springframework/web/servlet/handler/MatchableHandlerMapping
instanceKlass org/springframework/web/bind/support/WebBindingInitializer
instanceKlass org/springframework/web/servlet/HandlerMapping
instanceKlass org/springframework/web/servlet/HandlerInterceptor
instanceKlass org/springframework/web/servlet/ThemeResolver
instanceKlass org/springframework/web/servlet/LocaleResolver
instanceKlass org/springframework/web/servlet/FlashMapManager
instanceKlass org/springframework/web/servlet/RequestToViewNameTranslator
instanceKlass org/springframework/web/servlet/config/annotation/WebMvcConfigurationSupport
instanceKlass org/springframework/boot/web/servlet/error/DefaultErrorAttributes
instanceKlass org/springframework/web/servlet/HandlerExceptionResolver
instanceKlass org/springframework/boot/autoconfigure/web/servlet/error/ErrorMvcAutoConfiguration$ErrorPageCustomizer
instanceKlass org/springframework/boot/web/server/ErrorPageRegistrar
instanceKlass org/springframework/boot/autoconfigure/web/servlet/error/AbstractErrorController
instanceKlass org/springframework/boot/autoconfigure/web/servlet/error/ErrorMvcAutoConfiguration$PreserveErrorControllerTargetClassPostProcessor
instanceKlass org/springframework/boot/web/servlet/error/ErrorController
instanceKlass org/springframework/boot/autoconfigure/web/servlet/error/ErrorMvcAutoConfiguration
instanceKlass org/springframework/boot/autoconfigure/web/servlet/error/DefaultErrorViewResolver
instanceKlass org/springframework/boot/web/servlet/error/ErrorAttributes
instanceKlass org/springframework/boot/autoconfigure/web/servlet/WebMvcAutoConfiguration
instanceKlass org/springframework/boot/autoconfigure/web/servlet/error/ErrorViewResolver
instanceKlass org/springframework/boot/autoconfigure/web/servlet/error/ErrorMvcAutoConfiguration$DefaultErrorViewResolverConfiguration
instanceKlass org/springframework/boot/autoconfigure/web/WebProperties
instanceKlass org/springframework/web/servlet/View
instanceKlass org/springframework/boot/autoconfigure/web/servlet/error/ErrorMvcAutoConfiguration$WhitelabelErrorViewConfiguration
instanceKlass org/springframework/context/support/ApplicationObjectSupport
instanceKlass org/springframework/web/servlet/ViewResolver
instanceKlass org/springframework/validation/beanvalidation/SpringValidatorAdapter
instanceKlass org/springframework/validation/SmartValidator
instanceKlass org/springframework/boot/autoconfigure/validation/ValidationAutoConfiguration
instanceKlass org/springframework/boot/autoconfigure/task/TaskExecutionAutoConfiguration
instanceKlass org/springframework/boot/autoconfigure/web/servlet/DispatcherServletAutoConfiguration
instanceKlass org/springframework/boot/autoconfigure/web/servlet/DispatcherServletPath
instanceKlass org/springframework/boot/task/TaskExecutorBuilder
instanceKlass org/springframework/boot/autoconfigure/task/TaskExecutionProperties
instanceKlass org/springframework/aop/scope/ScopedProxyUtils
instanceKlass org/springframework/boot/autoconfigure/web/servlet/DispatcherServletAutoConfiguration$DispatcherServletRegistrationConfiguration
instanceKlass org/springframework/boot/autoconfigure/web/servlet/DispatcherServletAutoConfiguration$DispatcherServletConfiguration
instanceKlass org/springframework/boot/autoconfigure/web/servlet/WebMvcProperties
instanceKlass org/springframework/boot/autoconfigure/web/servlet/ServletWebServerFactoryAutoConfiguration$BeanPostProcessorsRegistrar$$Lambda$300
instanceKlass org/springframework/boot/web/server/ErrorPageRegistrarBeanPostProcessor
instanceKlass org/springframework/boot/autoconfigure/web/servlet/TomcatServletWebServerFactoryCustomizer
instanceKlass org/springframework/boot/autoconfigure/web/servlet/ServletWebServerFactoryCustomizer
instanceKlass org/springframework/boot/web/server/AbstractConfigurableWebServerFactory
instanceKlass org/springframework/boot/web/servlet/server/ConfigurableServletWebServerFactory
instanceKlass org/springframework/boot/web/servlet/WebListenerRegistry
instanceKlass org/springframework/boot/web/embedded/tomcat/ConfigurableTomcatWebServerFactory
instanceKlass org/springframework/boot/web/server/ConfigurableWebServerFactory
instanceKlass org/springframework/boot/web/server/ErrorPageRegistry
instanceKlass org/springframework/boot/web/server/WebServerFactory
instanceKlass org/springframework/boot/autoconfigure/web/servlet/ServletWebServerFactoryAutoConfiguration$BeanPostProcessorsRegistrar$$Lambda$299
instanceKlass org/springframework/boot/web/server/WebServerFactoryCustomizerBeanPostProcessor
instanceKlass org/springframework/boot/context/properties/ConstructorBinding
instanceKlass org/springframework/boot/context/properties/ConfigurationPropertiesBindConstructorProvider
instanceKlass org/springframework/boot/context/properties/ConfigurationPropertiesBeanRegistrar$$Lambda$298
instanceKlass org/springframework/boot/autoconfigure/web/servlet/ServletWebServerFactoryConfiguration$EmbeddedUndertow
instanceKlass org/springframework/boot/autoconfigure/web/servlet/ServletWebServerFactoryConfiguration$EmbeddedJetty
instanceKlass org/springframework/boot/autoconfigure/web/servlet/ServletWebServerFactoryConfiguration$EmbeddedTomcat
instanceKlass org/springframework/boot/autoconfigure/web/ServerProperties
instanceKlass org/springframework/boot/autoconfigure/websocket/servlet/WebSocketServletAutoConfiguration
instanceKlass org/springframework/boot/autoconfigure/websocket/servlet/TomcatWebSocketServletWebServerCustomizer
instanceKlass org/springframework/boot/web/server/WebServerFactoryCustomizer
instanceKlass org/springframework/boot/autoconfigure/websocket/servlet/WebSocketServletAutoConfiguration$TomcatWebSocketConfiguration
instanceKlass org/springframework/context/annotation/BeanAnnotationHelper
instanceKlass org/springframework/boot/web/servlet/server/ServletWebServerFactory
instanceKlass org/springframework/boot/autoconfigure/web/servlet/ServletWebServerFactoryAutoConfiguration
instanceKlass org/springframework/boot/autoconfigure/context/PropertyPlaceholderAutoConfiguration
instanceKlass org/springframework/boot/autoconfigure/AutoConfigurationPackages$BasePackagesBeanDefinition$$Lambda$297
instanceKlass ai/pelican/camel/utils/PelicanControllingService
instanceKlass ai/pelican/camel/license/LicensePulseUtility
instanceKlass ai/pelican/camel/utils/HeaderFilter
instanceKlass org/apache/camel/impl/DefaultHeaderFilterStrategy
instanceKlass org/apache/camel/spi/HeaderFilterStrategy
instanceKlass ai/pelican/camel/validation/HashCodeValidation
instanceKlass ai/pelican/camel/utils/XSDValidationNew
instanceKlass ai/pelican/camel/hazelcast/HazelCastFileLoader
instanceKlass ai/pelican/camel/hazelcast/HazelCastDataLoader
instanceKlass ai/pelican/camel/init/TableInformationXML
instanceKlass ai/pelican/camel/js/processor/JSAggregate
instanceKlass ai/pelican/camel/js/processor/JavascriptProcessor
instanceKlass ai/pelican/camel/debulk/InMemoryPainGeneratorFilter
instanceKlass org/apache/camel/builder/ErrorHandlerBuilderSupport
instanceKlass org/apache/camel/builder/ErrorHandlerBuilder
instanceKlass ai/pelican/camel/convertor/XMLParser
instanceKlass ai/pelican/camel/js/engine/JSEngineGraal
instanceKlass ai/pelican/camel/js/engine/JSEngineInterface
instanceKlass ai/pelican/camel/authentication/AuthenticationConfigurationManager
instanceKlass com/hazelcast/config/NearCacheConfig
instanceKlass com/hazelcast/config/NamedConfig
instanceKlass com/hazelcast/nio/serialization/IdentifiedDataSerializable
instanceKlass com/hazelcast/nio/serialization/DataSerializable
instanceKlass org/springframework/util/ReflectionUtils$$Lambda$296
instanceKlass org/springframework/beans/factory/support/AbstractAutowireCapableBeanFactory$$Lambda$295
instanceKlass org/springframework/beans/factory/config/ConstructorArgumentValues$$Lambda$294
instanceKlass org/springframework/beans/factory/config/ConstructorArgumentValues$$Lambda$293
instanceKlass org/springframework/beans/factory/config/ConstructorArgumentValues$$Lambda$292
instanceKlass ai/pelican/camel/hazelcast/HazelCastInstanceFactory
instanceKlass ai/pelican/camel/utils/ACESystem
instanceKlass org/springframework/boot/autoconfigure/condition/OnBeanCondition$MatchResult
instanceKlass org/springframework/core/io/support/PropertiesLoaderSupport
instanceKlass org/springframework/boot/autoconfigure/condition/OnBeanCondition$Spec$$Lambda$291
instanceKlass org/springframework/boot/autoconfigure/AutoConfigurationPackages$BasePackages
instanceKlass org/springframework/boot/autoconfigure/AutoConfigurationPackages
instanceKlass org/springframework/boot/autoconfigure/AutoConfigurationPackages$PackageImports
instanceKlass org/springframework/boot/context/properties/EnableConfigurationPropertiesRegistrar$$Lambda$290
instanceKlass org/springframework/boot/context/properties/EnableConfigurationPropertiesRegistrar$$Lambda$289
instanceKlass org/springframework/boot/context/properties/EnableConfigurationPropertiesRegistrar$$Lambda$288
instanceKlass org/springframework/boot/context/properties/ConfigurationPropertiesBeanRegistrar
instanceKlass org/springframework/boot/context/properties/EnableConfigurationPropertiesRegistrar$$Lambda$287
instanceKlass org/springframework/boot/validation/beanvalidation/MethodValidationExcludeFilter
instanceKlass org/springframework/boot/context/properties/BoundConfigurationProperties$$Lambda$286
instanceKlass org/springframework/boot/context/properties/BoundConfigurationProperties
instanceKlass org/springframework/boot/context/properties/ConfigurationPropertiesBinder$$Lambda$285
instanceKlass org/springframework/boot/context/properties/ConfigurationPropertiesBinder$$Lambda$284
instanceKlass org/springframework/boot/context/properties/ConfigurationPropertiesBinder$Factory
instanceKlass org/springframework/validation/Validator
instanceKlass org/springframework/boot/context/properties/ConfigurationPropertiesBinder
instanceKlass org/springframework/boot/context/properties/ConfigurationPropertiesBindingPostProcessor$$Lambda$283
instanceKlass org/springframework/boot/context/properties/ConfigurationPropertiesBindingPostProcessor
instanceKlass org/springframework/beans/factory/config/ConstructorArgumentValues
instanceKlass org/springframework/beans/factory/config/ConstructorArgumentValues$ValueHolder
instanceKlass org/springframework/beans/factory/parsing/ConstructorArgumentEntry
instanceKlass org/springframework/beans/factory/parsing/PropertyEntry
instanceKlass org/springframework/util/xml/DomUtils
instanceKlass org/springframework/beans/factory/parsing/BeanEntry
instanceKlass org/springframework/beans/factory/parsing/ImportDefinition
instanceKlass com/sun/xml/bind/DatatypeConverterImpl
instanceKlass javax/xml/bind/DatatypeConverterInterface
instanceKlass com/sun/xml/bind/v2/runtime/AssociationMap$Entry
instanceKlass org/xml/sax/helpers/NamespaceSupport$Context
instanceKlass org/xml/sax/helpers/NamespaceSupport
instanceKlass com/sun/xml/bind/v2/runtime/unmarshaller/TagName
instanceKlass com/sun/xml/bind/v2/runtime/unmarshaller/SAXConnector
instanceKlass com/sun/xml/bind/v2/runtime/unmarshaller/InterningXmlVisitor$AttributesImpl
instanceKlass com/sun/xml/bind/v2/runtime/unmarshaller/UnmarshallingContext$State
instanceKlass com/sun/xml/bind/v2/runtime/unmarshaller/Scope
instanceKlass com/sun/xml/bind/v2/runtime/unmarshaller/LocatorExWrapper
instanceKlass org/xml/sax/helpers/LocatorImpl
instanceKlass com/sun/xml/bind/v2/runtime/Coordinator
instanceKlass com/sun/xml/bind/v2/runtime/unmarshaller/XmlVisitor$TextPredictor
instanceKlass javax/xml/bind/helpers/DefaultValidationEventHandler
instanceKlass javax/xml/bind/UnmarshallerHandler
instanceKlass com/sun/xml/bind/IDResolver
instanceKlass javax/xml/bind/helpers/AbstractUnmarshallerImpl
instanceKlass javax/xml/bind/ValidationEventHandler
instanceKlass com/sun/xml/bind/v2/runtime/unmarshaller/InterningXmlVisitor
instanceKlass com/sun/xml/bind/v2/runtime/AssociationMap
instanceKlass org/xml/sax/helpers/AttributesImpl
instanceKlass org/xml/sax/Attributes
instanceKlass javax/xml/bind/ValidationEventLocator
instanceKlass com/sun/xml/bind/unmarshaller/DOMScanner
instanceKlass com/sun/xml/bind/v2/runtime/unmarshaller/LocatorEx
instanceKlass com/sun/xml/bind/v2/runtime/unmarshaller/XmlVisitor
instanceKlass com/sun/xml/bind/v2/runtime/output/XmlOutput
instanceKlass com/sun/xml/bind/v2/runtime/NameList
instanceKlass com/sun/xml/bind/v2/util/QNameMap$HashIterator
instanceKlass com/sun/xml/bind/v2/runtime/property/ArrayERProperty$ReceiverImpl
instanceKlass com/sun/xml/bind/v2/runtime/unmarshaller/ChildLoader
instanceKlass com/sun/xml/bind/v2/runtime/unmarshaller/StructureLoader$1
instanceKlass com/sun/xml/bind/v2/runtime/property/UnmarshallerChain
instanceKlass javax/xml/bind/annotation/W3CDomHandler
instanceKlass javax/xml/bind/annotation/DomHandler
instanceKlass com/sun/xml/bind/v2/runtime/ElementBeanInfoImpl$1
instanceKlass com/sun/xml/bind/v2/runtime/unmarshaller/Intercepter
instanceKlass com/sun/xml/bind/v2/ClassFactory
instanceKlass com/sun/xml/bind/v2/runtime/reflect/Lister$2
instanceKlass com/sun/xml/bind/v2/runtime/reflect/ListIterator
instanceKlass com/sun/xml/bind/v2/runtime/reflect/Lister
instanceKlass com/sun/xml/bind/v2/runtime/property/Utils$1
instanceKlass com/sun/xml/bind/v2/runtime/property/Utils
instanceKlass com/sun/xml/bind/v2/runtime/property/TagAndType
instanceKlass com/sun/xml/bind/v2/runtime/JaxBeanInfo$1
instanceKlass com/sun/xml/bind/v2/runtime/LifecycleMethods
instanceKlass java/lang/AssertionStatusDirectives
instanceKlass com/sun/xml/bind/v2/runtime/reflect/opt/Injector$1
instanceKlass com/sun/xml/bind/v2/runtime/reflect/opt/Injector
instanceKlass com/sun/xml/bind/v2/runtime/reflect/opt/SecureLoader
instanceKlass com/sun/xml/bind/v2/runtime/reflect/opt/AccessorInjector
instanceKlass com/sun/xml/bind/v2/runtime/reflect/opt/Ref
instanceKlass com/sun/xml/bind/v2/runtime/reflect/opt/Bean
instanceKlass com/sun/xml/bind/v2/runtime/reflect/opt/OptimizedAccessorFactory
instanceKlass com/sun/xml/bind/v2/bytecode/ClassTailor
instanceKlass com/sun/xml/bind/v2/runtime/reflect/opt/OptimizedTransducedAccessorFactory
instanceKlass com/sun/xml/bind/v2/runtime/reflect/TransducedAccessor
instanceKlass com/sun/xml/bind/v2/runtime/Name
instanceKlass com/sun/xml/bind/v2/runtime/property/PropertyFactory$1
instanceKlass com/sun/xml/bind/v2/runtime/property/PropertyFactory
instanceKlass com/sun/xml/bind/v2/runtime/property/PropertyImpl
instanceKlass com/sun/xml/bind/v2/runtime/property/Property
instanceKlass com/sun/xml/bind/v2/runtime/property/StructureLoaderBuilder
instanceKlass org/xml/sax/Locator
instanceKlass com/sun/xml/bind/v2/runtime/unmarshaller/Loader
instanceKlass javax/xml/bind/annotation/XmlEnumValue
instanceKlass com/sun/xml/bind/v2/runtime/FilterTransducer
instanceKlass com/sun/xml/bind/v2/util/FlattenIterator
instanceKlass org/apache/camel/core/xml/util/jsse/SNIHostNamesDefinition
instanceKlass org/apache/camel/core/xml/util/jsse/SecureSocketProtocolsParametersDefinition
instanceKlass org/apache/camel/core/xml/util/jsse/FilterParametersDefinition
instanceKlass org/apache/camel/core/xml/util/jsse/CipherSuitesParametersDefinition
instanceKlass org/apache/camel/core/xml/util/jsse/package-info
instanceKlass org/apache/camel/util/spring/package-info
instanceKlass org/apache/camel/FluentProducerTemplate
instanceKlass org/apache/camel/ProducerTemplate
instanceKlass org/apache/camel/spi/ThreadPoolProfile
instanceKlass org/apache/camel/Suspendable
instanceKlass org/apache/camel/component/properties/PropertiesParser
instanceKlass org/apache/camel/component/properties/PropertiesResolver
instanceKlass org/apache/camel/spi/LifecycleStrategy
instanceKlass org/apache/camel/spi/ManagementAgent
instanceKlass org/apache/camel/spi/ManagementStrategy
instanceKlass org/apache/camel/spi/PackageScanFilter
instanceKlass org/apache/camel/Component
instanceKlass org/apache/camel/ConsumerTemplate
instanceKlass org/apache/camel/impl/DefaultCamelBeanPostProcessor
instanceKlass org/apache/camel/spring/package-info
instanceKlass org/apache/camel/component/properties/PropertiesLocation
instanceKlass org/apache/camel/core/xml/package-info
instanceKlass org/apache/camel/model/validator/package-info
instanceKlass org/apache/camel/model/transformer/package-info
instanceKlass org/apache/camel/processor/RestBindingAdvice
instanceKlass org/apache/camel/spi/RestConfiguration
instanceKlass org/apache/camel/model/rest/package-info
instanceKlass javax/xml/xpath/XPathFactory
instanceKlass org/apache/camel/cloud/ServiceExpressionFactory
instanceKlass org/apache/camel/cloud/ServiceDiscovery
instanceKlass org/apache/camel/cloud/ServiceLoadBalancer
instanceKlass org/apache/camel/cloud/ServiceFilter
instanceKlass org/apache/camel/cloud/ServiceChooser
instanceKlass org/apache/camel/model/cloud/package-info
instanceKlass org/apache/camel/model/ToDynamicDefinition$Pair
instanceKlass org/apache/camel/model/SagaOptionDefinition
instanceKlass org/apache/camel/saga/CamelSagaService
instanceKlass org/apache/camel/model/SagaActionUriDefinition
instanceKlass org/apache/camel/spi/RoutePolicy
instanceKlass org/apache/camel/ErrorHandlerFactory
instanceKlass org/apache/camel/builder/BuilderSupport
instanceKlass org/apache/camel/RoutesBuilder
instanceKlass org/apache/camel/model/ModelCamelContext
instanceKlass org/apache/camel/model/config/package-info
instanceKlass org/apache/camel/processor/resequencer/SequenceSender
instanceKlass org/apache/camel/processor/resequencer/ExpressionResultComparator
instanceKlass org/apache/camel/processor/resequencer/SequenceElementComparator
instanceKlass org/apache/camel/spi/ClassResolver
instanceKlass org/apache/camel/processor/RedeliveryPolicy
instanceKlass org/apache/camel/model/dataformat/YAMLTypeFilterDefinition
instanceKlass org/apache/camel/model/dataformat/XStreamDataFormat$ImplicitCollectionEntry
instanceKlass org/apache/camel/model/dataformat/XStreamDataFormat$OmitFieldEntry
instanceKlass org/apache/camel/model/dataformat/XStreamDataFormat$AliasEntry
instanceKlass org/apache/camel/model/dataformat/XStreamDataFormat$ConverterEntry
instanceKlass org/apache/camel/model/dataformat/XStreamDataFormat$ImplicitCollectionList
instanceKlass org/apache/camel/model/dataformat/XStreamDataFormat$OmitFieldList
instanceKlass org/apache/camel/model/dataformat/XStreamDataFormat$AliasList
instanceKlass com/sun/xml/bind/v2/runtime/reflect/Utils$1
instanceKlass com/sun/xml/bind/v2/runtime/reflect/Utils
instanceKlass com/sun/xml/bind/v2/model/core/Adapter
instanceKlass org/apache/camel/model/dataformat/XStreamDataFormat$ConverterList
instanceKlass javax/xml/bind/annotation/adapters/XmlAdapter
instanceKlass javax/xml/bind/annotation/adapters/XmlJavaTypeAdapter$DEFAULT
instanceKlass org/apache/camel/util/jsse/JsseParameters
instanceKlass org/apache/camel/model/dataformat/package-info
instanceKlass org/apache/camel/spi/MaskingFormatter
instanceKlass org/apache/camel/model/loadbalancer/package-info
instanceKlass org/apache/camel/spi/EndpointStrategy
instanceKlass com/sun/xml/bind/v2/model/annotation/ClassLocatable
instanceKlass org/apache/camel/DelegateProcessor
instanceKlass org/apache/camel/component/bean/BeanHolder
instanceKlass org/apache/camel/spi/AsEndpointUri
instanceKlass sun/reflect/generics/reflectiveObjects/GenericArrayTypeImpl
instanceKlass org/apache/camel/Route
instanceKlass com/sun/xml/bind/v2/model/impl/GetterSetterPropertySeed
instanceKlass org/apache/camel/Exchange
instanceKlass org/apache/camel/model/language/package-info
instanceKlass javax/xml/bind/JAXBElement
instanceKlass com/sun/xml/bind/v2/model/nav/SecureLoader
instanceKlass com/sun/xml/bind/v2/model/impl/PropertyInfoImpl$1
instanceKlass com/sun/xml/bind/v2/TODO
instanceKlass org/apache/camel/spi/NodeIdFactory
instanceKlass org/apache/camel/processor/loadbalancer/LoadBalancer
instanceKlass org/apache/camel/spi/InterceptStrategy
instanceKlass org/apache/camel/spi/Policy
instanceKlass org/apache/camel/spi/IdempotentRepository
instanceKlass org/apache/camel/builder/ProcessClause
instanceKlass org/apache/camel/Endpoint
instanceKlass org/apache/camel/IsSingleton
instanceKlass org/apache/camel/builder/DataFormatClause
instanceKlass org/apache/camel/spi/DataFormat
instanceKlass com/sun/xml/bind/v2/model/nav/ReflectionNavigator$10
instanceKlass com/sun/xml/bind/v2/model/annotation/MethodLocatable
instanceKlass org/apache/camel/support/ServiceSupport
instanceKlass org/apache/camel/StatefulService
instanceKlass org/apache/camel/ShutdownableService
instanceKlass org/apache/camel/spi/IdAware
instanceKlass org/apache/camel/spi/HasId
instanceKlass org/apache/camel/spi/ShutdownAware
instanceKlass org/apache/camel/spi/ShutdownPrepared
instanceKlass org/apache/camel/Traceable
instanceKlass org/apache/camel/spi/RouteContext
instanceKlass org/apache/camel/EndpointAware
instanceKlass org/apache/camel/builder/AggregationStrategyClause
instanceKlass org/apache/camel/builder/PredicateClause
instanceKlass com/sun/xml/bind/v2/model/nav/ReflectionNavigator$5
instanceKlass com/sun/xml/bind/v2/model/nav/ParameterizedTypeImpl
instanceKlass com/sun/xml/bind/v2/model/nav/ReflectionNavigator$BinderArg
instanceKlass javax/xml/bind/annotation/XmlElementRef$DEFAULT
instanceKlass com/sun/xml/bind/v2/model/impl/AttributePropertyInfoImpl$1
instanceKlass sun/misc/ProxyGenerator$1
instanceKlass org/apache/camel/spi/AsPredicate
instanceKlass com/sun/xml/bind/annotation/XmlLocation
instanceKlass javax/xml/bind/annotation/XmlSchemaTypes
instanceKlass javax/xml/bind/annotation/adapters/XmlJavaTypeAdapters
instanceKlass com/sun/xml/bind/v2/model/impl/Util
instanceKlass com/sun/xml/bind/v2/model/runtime/RuntimeTypeRef
instanceKlass com/sun/xml/bind/v2/model/impl/TypeRefImpl
instanceKlass com/sun/xml/bind/v2/model/core/TypeRef
instanceKlass com/sun/xml/bind/v2/model/impl/ClassInfoImpl$1
instanceKlass com/sun/xml/bind/v2/model/impl/FieldPropertySeed
instanceKlass com/sun/xml/bind/v2/model/impl/RuntimeClassInfoImpl$RuntimePropertySeed
instanceKlass javax/xml/bind/annotation/XmlElement$DEFAULT
instanceKlass org/apache/camel/processor/aggregate/AggregateController
instanceKlass org/apache/camel/processor/aggregate/OptimisticLockRetryPolicy
instanceKlass org/apache/camel/spi/AggregationRepository
instanceKlass com/sun/xml/bind/v2/model/nav/ReflectionNavigator$3
instanceKlass com/sun/xml/bind/v2/model/annotation/SecureLoader
instanceKlass com/sun/xml/bind/AccessorFactoryImpl
instanceKlass com/sun/xml/bind/InternalAccessorFactory
instanceKlass org/apache/camel/processor/CamelInternalProcessorAdvice
instanceKlass org/apache/camel/processor/aggregate/AggregationStrategy
instanceKlass org/apache/camel/model/ModelChannel
instanceKlass org/apache/camel/Channel
instanceKlass org/apache/camel/Navigate
instanceKlass org/apache/camel/AsyncProcessor
instanceKlass org/apache/camel/Processor
instanceKlass javax/xml/bind/annotation/XmlAccessorOrder
instanceKlass org/apache/camel/model/package-info
instanceKlass com/sun/xml/bind/annotation/OverrideAnnotationOf
instanceKlass javax/xml/bind/annotation/XmlMixed
instanceKlass javax/xml/bind/annotation/XmlAnyElement
instanceKlass javax/xml/bind/annotation/XmlElements
instanceKlass javax/xml/bind/annotation/XmlAnyAttribute
instanceKlass javax/xml/bind/annotation/XmlList
instanceKlass javax/xml/bind/annotation/XmlElementWrapper
instanceKlass javax/xml/bind/annotation/XmlAttachmentRef
instanceKlass javax/xml/bind/annotation/XmlMimeType
instanceKlass javax/xml/bind/annotation/XmlInlineBinaryData
instanceKlass javax/xml/bind/annotation/XmlIDREF
instanceKlass javax/xml/bind/annotation/XmlID
instanceKlass javax/xml/bind/annotation/adapters/XmlJavaTypeAdapter
instanceKlass com/sun/xml/bind/v2/model/runtime/RuntimeValuePropertyInfo
instanceKlass com/sun/xml/bind/v2/model/core/ValuePropertyInfo
instanceKlass com/sun/xml/bind/v2/model/runtime/RuntimeElementPropertyInfo
instanceKlass com/sun/xml/bind/v2/model/core/ElementPropertyInfo
instanceKlass com/sun/xml/bind/v2/runtime/reflect/Accessor
instanceKlass com/sun/xml/bind/v2/runtime/unmarshaller/Receiver
instanceKlass com/sun/xml/bind/v2/model/runtime/RuntimeAttributePropertyInfo
instanceKlass com/sun/xml/bind/v2/model/core/AttributePropertyInfo
instanceKlass com/sun/xml/bind/v2/model/runtime/RuntimeReferencePropertyInfo
instanceKlass com/sun/xml/bind/v2/model/runtime/RuntimeMapPropertyInfo
instanceKlass com/sun/xml/bind/v2/model/runtime/RuntimePropertyInfo
instanceKlass com/sun/xml/bind/v2/model/core/MapPropertyInfo
instanceKlass com/sun/xml/bind/AccessorFactory
instanceKlass com/sun/xml/bind/v2/model/runtime/RuntimeNonElementRef
instanceKlass com/sun/xml/bind/v2/model/core/NonElementRef
instanceKlass com/sun/xml/bind/v2/model/impl/DummyPropertyInfo
instanceKlass com/sun/xml/bind/v2/model/core/ReferencePropertyInfo
instanceKlass com/sun/xml/bind/v2/model/impl/PropertyInfoImpl
instanceKlass com/sun/xml/bind/v2/model/core/PropertyInfo
instanceKlass com/sun/xml/bind/v2/model/impl/PropertySeed
instanceKlass com/sun/xml/bind/v2/model/annotation/AnnotationSource
instanceKlass org/apache/camel/spi/Metadata
instanceKlass javax/xml/bind/annotation/XmlSeeAlso
instanceKlass org/apache/camel/ExchangePattern$1
instanceKlass org/apache/camel/package-info
instanceKlass com/sun/xml/bind/api/impl/NameUtil
instanceKlass com/sun/xml/bind/api/impl/NameConverter
instanceKlass com/sun/xml/bind/v2/model/impl/EnumConstantImpl
instanceKlass com/sun/xml/bind/v2/model/core/EnumConstant
instanceKlass javax/xml/bind/annotation/XmlValue
instanceKlass javax/xml/bind/annotation/XmlTransient
instanceKlass javax/xml/bind/annotation/XmlSchemaType
instanceKlass javax/xml/bind/annotation/XmlRootElement
instanceKlass javax/xml/bind/annotation/XmlElementRefs
instanceKlass javax/xml/bind/annotation/XmlElementRef
instanceKlass javax/xml/bind/annotation/XmlElement
instanceKlass javax/xml/bind/annotation/XmlAttribute
instanceKlass com/sun/xml/bind/v2/model/annotation/Quick
instanceKlass com/sun/xml/bind/v2/model/annotation/Init
instanceKlass com/sun/xml/bind/v2/model/annotation/LocatableAnnotation
instanceKlass com/sun/xml/bind/v2/model/core/Ref
instanceKlass com/sun/xml/bind/api/CompositeStructure
instanceKlass com/sun/xml/bind/v2/runtime/IllegalAnnotationsException$Builder
instanceKlass com/sun/xml/bind/v2/runtime/RuntimeUtil
instanceKlass com/sun/xml/bind/v2/model/impl/AnyTypeImpl
instanceKlass com/sun/xml/bind/v2/model/impl/TypeInfoSetImpl$1
instanceKlass com/sun/xml/bind/v2/model/impl/RuntimeBuiltinLeafInfoImpl$28
instanceKlass javax/xml/datatype/Duration
instanceKlass javax/xml/namespace/NamespaceContext
instanceKlass javax/xml/datatype/XMLGregorianCalendar
instanceKlass javax/activation/DataHandler
instanceKlass java/awt/datatransfer/Transferable
instanceKlass javax/activation/DataSource
instanceKlass java/awt/Graphics
instanceKlass java/awt/Transparency
instanceKlass java/awt/image/WritableRenderedImage
instanceKlass java/awt/Image
instanceKlass com/sun/xml/bind/v2/runtime/output/Pcdata
instanceKlass javax/xml/bind/ValidationEvent
instanceKlass java/awt/image/RenderedImage
instanceKlass javax/xml/datatype/DatatypeConstants$Field
instanceKlass javax/xml/datatype/DatatypeConstants
instanceKlass com/sun/xml/bind/v2/model/impl/RuntimeBuiltinLeafInfoImpl$1
instanceKlass com/sun/xml/bind/v2/model/impl/LeafInfoImpl
instanceKlass com/sun/xml/bind/v2/model/runtime/RuntimeBuiltinLeafInfo
instanceKlass com/sun/xml/bind/v2/model/core/BuiltinLeafInfo
instanceKlass com/sun/xml/bind/v2/model/impl/ModelBuilder$1
instanceKlass com/sun/xml/bind/v2/model/impl/Utils$1
instanceKlass com/sun/xml/bind/v2/model/nav/TypeVisitor
instanceKlass com/sun/xml/bind/v2/model/nav/ReflectionNavigator
instanceKlass com/sun/xml/bind/v2/model/nav/Navigator
instanceKlass com/sun/xml/bind/v2/model/impl/Utils
instanceKlass com/sun/xml/bind/WhiteSpaceProcessor
instanceKlass com/sun/xml/bind/v2/model/runtime/RuntimeTypeInfoSet
instanceKlass com/sun/xml/bind/v2/model/impl/TypeInfoSetImpl
instanceKlass com/sun/xml/bind/v2/model/runtime/RuntimeElementInfo
instanceKlass com/sun/xml/bind/v2/model/core/ElementInfo
instanceKlass com/sun/xml/bind/v2/model/runtime/RuntimeEnumLeafInfo
instanceKlass com/sun/xml/bind/v2/model/core/EnumLeafInfo
instanceKlass com/sun/xml/bind/v2/runtime/Transducer
instanceKlass com/sun/xml/bind/v2/model/runtime/RuntimeArrayInfo
instanceKlass com/sun/xml/bind/v2/runtime/Location
instanceKlass com/sun/xml/bind/v2/model/core/ArrayInfo
instanceKlass com/sun/xml/bind/v2/model/runtime/RuntimeElement
instanceKlass com/sun/xml/bind/v2/model/runtime/RuntimeClassInfo
instanceKlass com/sun/xml/bind/v2/model/impl/TypeInfoImpl
instanceKlass com/sun/xml/bind/v2/model/core/Element
instanceKlass com/sun/xml/bind/v2/model/core/ClassInfo
instanceKlass com/sun/xml/bind/v2/model/core/RegistryInfo
instanceKlass com/sun/xml/bind/v2/model/impl/ModelBuilder
instanceKlass com/sun/xml/bind/v2/model/impl/ModelBuilderI
instanceKlass com/sun/xml/bind/v2/runtime/NameBuilder
instanceKlass com/sun/istack/Pool$Impl
instanceKlass com/sun/xml/bind/v2/util/QNameMap$Entry
instanceKlass com/sun/xml/bind/v2/util/QNameMap
instanceKlass com/sun/xml/bind/v2/runtime/JAXBContextImpl$6
instanceKlass com/sun/xml/bind/v2/runtime/AttributeAccessor
instanceKlass com/sun/xml/bind/v2/model/core/ErrorHandler
instanceKlass com/sun/xml/bind/unmarshaller/InfosetScanner
instanceKlass com/sun/xml/bind/api/ErrorListener
instanceKlass javax/xml/bind/Unmarshaller
instanceKlass javax/xml/bind/Marshaller
instanceKlass javax/xml/bind/JAXBIntrospector
instanceKlass com/sun/xml/bind/v2/model/core/TypeInfoSet
instanceKlass com/sun/xml/bind/api/BridgeContext
instanceKlass com/sun/xml/bind/api/RawAccessor
instanceKlass com/sun/xml/bind/v2/runtime/JaxBeanInfo
instanceKlass com/sun/xml/bind/api/Bridge
instanceKlass com/sun/xml/bind/v2/model/runtime/RuntimeLeafInfo
instanceKlass com/sun/xml/bind/v2/model/runtime/RuntimeNonElement
instanceKlass com/sun/xml/bind/v2/model/runtime/RuntimeTypeInfo
instanceKlass com/sun/xml/bind/v2/model/core/LeafInfo
instanceKlass com/sun/xml/bind/v2/model/core/MaybeElement
instanceKlass com/sun/xml/bind/v2/model/core/NonElement
instanceKlass com/sun/xml/bind/v2/model/core/TypeInfo
instanceKlass com/sun/xml/bind/v2/model/annotation/Locatable
instanceKlass com/sun/istack/Pool
instanceKlass com/sun/xml/bind/v2/model/annotation/AbstractInlineAnnotationReaderImpl
instanceKlass com/sun/xml/bind/v2/runtime/JAXBContextImpl$JAXBContextBuilder
instanceKlass com/sun/xml/bind/v2/util/TypeCast
instanceKlass com/sun/xml/bind/Util
instanceKlass org/apache/camel/model/validator/ValidatorsDefinition
instanceKlass org/apache/camel/model/validator/ValidatorDefinition
instanceKlass org/apache/camel/model/transformer/TransformersDefinition
instanceKlass org/apache/camel/model/transformer/TransformerDefinition
instanceKlass org/apache/camel/model/rest/SecurityDefinition
instanceKlass org/apache/camel/model/rest/RestSecuritiesDefinition
instanceKlass org/apache/camel/model/rest/RestSecurityDefinition
instanceKlass org/apache/camel/model/rest/RestPropertyDefinition
instanceKlass org/apache/camel/model/rest/RestOperationResponseHeaderDefinition
instanceKlass org/apache/camel/model/rest/RestOperationResponseMsgDefinition
instanceKlass org/apache/camel/model/rest/RestOperationParamDefinition
instanceKlass org/apache/camel/model/rest/RestConfigurationDefinition
instanceKlass org/apache/camel/model/language/ExpressionDefinition
instanceKlass org/apache/camel/Predicate
instanceKlass org/apache/camel/Expression
instanceKlass org/apache/camel/spi/NamespaceAware
instanceKlass org/apache/camel/model/dataformat/UniVocityHeader
instanceKlass org/apache/camel/model/dataformat/DataFormatsDefinition
instanceKlass org/apache/camel/model/config/ResequencerConfig
instanceKlass org/apache/camel/cloud/ServiceLoadBalancerFactory
instanceKlass org/apache/camel/cloud/ServiceChooserFactory
instanceKlass org/apache/camel/cloud/ServiceFilterFactory
instanceKlass org/apache/camel/cloud/ServiceDiscoveryFactory
instanceKlass org/apache/camel/cloud/ServiceFactory
instanceKlass org/apache/camel/model/RouteContextRefDefinition
instanceKlass org/apache/camel/model/RestContextRefDefinition
instanceKlass org/apache/camel/model/RedeliveryPolicyDefinition
instanceKlass org/apache/camel/model/PropertyDefinition
instanceKlass org/apache/camel/model/PropertiesDefinition
instanceKlass org/apache/camel/model/PackageScanDefinition
instanceKlass org/apache/camel/model/OptimisticLockRetryPolicyDefinition
instanceKlass org/apache/camel/model/GlobalOptionDefinition
instanceKlass org/apache/camel/model/GlobalOptionsDefinition
instanceKlass org/apache/camel/model/EndpointRequiredDefinition
instanceKlass org/apache/camel/model/ExpressionSubElementDefinition
instanceKlass org/apache/camel/model/DescriptionDefinition
instanceKlass org/apache/camel/model/ContextScanDefinition
instanceKlass org/apache/camel/model/OptionalIdentifiedDefinition
instanceKlass org/apache/camel/NamedNode
instanceKlass org/apache/camel/model/OtherAttributesAware
instanceKlass org/apache/camel/model/Block
instanceKlass org/apache/camel/model/ExecutorServiceAwareDefinition
instanceKlass org/apache/camel/ExecutorServiceAware
instanceKlass com/sun/xml/bind/v2/model/annotation/RuntimeAnnotationReader
instanceKlass com/sun/xml/bind/v2/model/annotation/AnnotationReader
instanceKlass com/sun/xml/bind/v2/ContextFactory
instanceKlass javax/xml/bind/GetPropertyAction
instanceKlass javax/xml/bind/ContextFinder
instanceKlass javax/xml/bind/JAXBContext
instanceKlass org/apache/camel/impl/DefaultModelJAXBContextFactory
instanceKlass org/apache/camel/spi/ModelJAXBContextFactory
instanceKlass org/apache/camel/util/StringHelper
instanceKlass org/apache/camel/util/ObjectHelper
instanceKlass org/springframework/beans/factory/xml/ParserContext
instanceKlass org/apache/camel/spi/CamelContextNameStrategy
instanceKlass org/apache/camel/model/rest/RestContainer
instanceKlass org/apache/camel/model/RouteContainer
instanceKlass org/springframework/context/Phased
instanceKlass org/springframework/remoting/support/RemotingSupport
instanceKlass org/apache/camel/spring/CamelBeanPostProcessor
instanceKlass org/apache/camel/model/IdentifiedType
instanceKlass org/apache/camel/CamelContextAware
instanceKlass org/springframework/beans/factory/xml/AbstractBeanDefinitionParser
instanceKlass org/springframework/beans/factory/xml/BeanDefinitionParser
instanceKlass org/springframework/beans/factory/xml/NamespaceHandlerSupport
instanceKlass org/springframework/beans/factory/xml/NamespaceHandler
instanceKlass org/springframework/beans/factory/parsing/ParseState
instanceKlass org/springframework/beans/factory/xml/DocumentDefaultsDefinition
instanceKlass org/springframework/beans/factory/parsing/DefaultsDefinition
instanceKlass org/springframework/beans/factory/support/MethodOverride
instanceKlass org/springframework/beans/Mergeable
instanceKlass org/springframework/beans/factory/parsing/ParseState$Entry
instanceKlass org/springframework/beans/factory/xml/BeanDefinitionParserDelegate
instanceKlass com/sun/org/apache/xerces/internal/dom/DeferredDocumentImpl$IntVector
instanceKlass org/springframework/beans/factory/xml/DefaultNamespaceHandlerResolver
instanceKlass org/springframework/beans/factory/parsing/ReaderContext
instanceKlass org/springframework/beans/factory/parsing/ComponentDefinition
instanceKlass com/sun/org/apache/xerces/internal/impl/xpath/regex/RegularExpression$ClosureContext
instanceKlass com/sun/org/apache/xerces/internal/impl/xpath/regex/RegularExpression$ExpressionTarget
instanceKlass com/sun/org/apache/xerces/internal/impl/xpath/regex/RegularExpression$Context
instanceKlass com/sun/org/apache/xerces/internal/impl/xpath/regex/Op
instanceKlass com/sun/org/apache/xerces/internal/xs/datatypes/ObjectList
instanceKlass com/sun/org/apache/xerces/internal/impl/xs/AttributePSVImpl
instanceKlass com/sun/org/apache/xerces/internal/xs/AttributePSVI
instanceKlass com/sun/org/apache/xerces/internal/impl/dtd/models/CMStateSet
instanceKlass com/sun/org/apache/xerces/internal/impl/xs/models/XSDFACM
instanceKlass com/sun/org/apache/xerces/internal/impl/dtd/models/CMNode
instanceKlass com/sun/org/apache/xerces/internal/impl/xs/XSConstraints$1
instanceKlass com/sun/org/apache/xerces/internal/impl/xs/XSConstraints
instanceKlass com/sun/org/apache/xerces/internal/impl/dv/xs/XSSimpleTypeDecl$ValidationContextImpl
instanceKlass com/sun/org/apache/xerces/internal/xs/ShortList
instanceKlass com/sun/org/apache/xerces/internal/impl/xs/traversers/XSDAbstractTraverser$FacetInfo
instanceKlass com/sun/org/apache/xerces/internal/impl/xs/XSModelGroupImpl
instanceKlass com/sun/org/apache/xerces/internal/xs/XSModelGroup
instanceKlass com/sun/org/apache/xerces/internal/impl/xs/XSWildcardDecl
instanceKlass com/sun/org/apache/xerces/internal/xs/XSWildcard
instanceKlass com/sun/org/apache/xerces/internal/impl/xs/util/XSObjectListImpl$1
instanceKlass com/sun/org/apache/xerces/internal/xs/XSObjectList
instanceKlass com/sun/org/apache/xerces/internal/xs/datatypes/XSQName
instanceKlass com/sun/org/apache/xerces/internal/impl/xs/XSAttributeUseImpl
instanceKlass com/sun/org/apache/xerces/internal/xs/XSAttributeUse
instanceKlass com/sun/org/apache/xerces/internal/impl/xs/XSAttributeGroupDecl
instanceKlass com/sun/org/apache/xerces/internal/xs/XSAttributeGroupDefinition
instanceKlass com/sun/org/apache/xerces/internal/impl/xs/XSAnnotationImpl
instanceKlass com/sun/org/apache/xerces/internal/xs/XSAnnotation
instanceKlass com/sun/org/apache/xerces/internal/impl/xs/opti/NamedNodeMapImpl
instanceKlass com/sun/org/apache/xerces/internal/impl/xs/identity/IdentityConstraint
instanceKlass com/sun/org/apache/xerces/internal/xs/XSIDCDefinition
instanceKlass com/sun/org/apache/xerces/internal/impl/xs/traversers/XSDAbstractParticleTraverser$ParticleArray
instanceKlass com/sun/org/apache/xerces/internal/impl/xs/traversers/XSDAbstractTraverser
instanceKlass com/sun/org/apache/xerces/internal/impl/xs/traversers/Container
instanceKlass com/sun/org/apache/xerces/internal/impl/xs/traversers/OneAttr
instanceKlass com/sun/org/apache/xerces/internal/impl/xs/util/XInt
instanceKlass com/sun/org/apache/xerces/internal/impl/xs/util/XIntPool
instanceKlass com/sun/org/apache/xerces/internal/impl/xs/traversers/XSAttributeChecker
instanceKlass com/sun/org/apache/xerces/internal/util/DOMUtil
instanceKlass com/sun/org/apache/xerces/internal/util/NamespaceSupport$Prefixes
instanceKlass com/sun/org/apache/xerces/internal/impl/xs/opti/DefaultNode
instanceKlass com/sun/org/apache/xerces/internal/impl/xs/traversers/XSDHandler$XSDKey
instanceKlass com/sun/org/apache/xerces/internal/impl/xs/XMLSchemaLoader$LocationArray
instanceKlass com/sun/org/apache/xerces/internal/impl/xs/XMLSchemaValidator$LocalIDKey
instanceKlass com/sun/org/apache/xerces/internal/impl/xs/XMLSchemaValidator$ValueStoreCache
instanceKlass com/sun/org/apache/xerces/internal/impl/xs/identity/XPathMatcher
instanceKlass com/sun/org/apache/xerces/internal/impl/xs/XMLSchemaValidator$XPathMatcherStack
instanceKlass com/sun/org/apache/xerces/internal/impl/xs/XSNotationDecl
instanceKlass com/sun/org/apache/xerces/internal/xs/XSNotationDeclaration
instanceKlass com/sun/org/apache/xerces/internal/impl/xs/opti/SchemaDOMParser$BooleanStack
instanceKlass com/sun/org/apache/xerces/internal/impl/xs/opti/DefaultXMLDocumentHandler
instanceKlass com/sun/org/apache/xerces/internal/impl/xs/traversers/XSDocumentInfo
instanceKlass com/sun/org/apache/xerces/internal/impl/xs/XSParticleDecl
instanceKlass com/sun/org/apache/xerces/internal/xs/XSParticle
instanceKlass com/sun/org/apache/xerces/internal/impl/xs/traversers/XSDHandler
instanceKlass com/sun/org/apache/xerces/internal/impl/xs/XSMessageFormatter
instanceKlass com/sun/org/apache/xerces/internal/util/DefaultErrorHandler
instanceKlass com/sun/org/apache/xerces/internal/impl/xs/XMLSchemaLoader
instanceKlass org/w3c/dom/DOMConfiguration
instanceKlass com/sun/org/apache/xerces/internal/xs/XSLoader
instanceKlass com/sun/org/apache/xerces/internal/xni/grammars/XMLGrammarLoader
instanceKlass com/sun/org/apache/xerces/internal/impl/xs/models/XSEmptyCM
instanceKlass com/sun/org/apache/xerces/internal/impl/xs/models/XSCMValidator
instanceKlass com/sun/org/apache/xerces/internal/impl/xs/models/CMBuilder
instanceKlass com/sun/org/apache/xerces/internal/impl/xs/models/CMNodeFactory
instanceKlass com/sun/org/apache/xerces/internal/impl/xs/XSAttributeDecl
instanceKlass com/sun/org/apache/xerces/internal/xs/XSAttributeDeclaration
instanceKlass com/sun/org/apache/xerces/internal/impl/xpath/regex/Token
instanceKlass java/util/ResourceBundle$Control$1
instanceKlass com/sun/org/apache/xerces/internal/utils/SecuritySupport$7
instanceKlass com/sun/org/apache/xerces/internal/impl/xpath/regex/RegexParser
instanceKlass com/sun/org/apache/xerces/internal/impl/xpath/regex/REUtil
instanceKlass com/sun/org/apache/xerces/internal/impl/xpath/regex/RegularExpression
instanceKlass com/sun/org/apache/xerces/internal/impl/dv/xs/DecimalDV$XDecimal
instanceKlass com/sun/org/apache/xerces/internal/xs/datatypes/XSDecimal
instanceKlass com/sun/org/apache/xerces/internal/impl/dv/ValidatedInfo
instanceKlass com/sun/org/apache/xerces/internal/impl/dv/XSFacets
instanceKlass com/sun/org/apache/xerces/internal/impl/dv/xs/XSSimpleTypeDecl$4
instanceKlass com/sun/org/apache/xerces/internal/impl/dv/xs/XSSimpleTypeDecl$1
instanceKlass com/sun/org/apache/xerces/internal/impl/dv/xs/AbstractDateTimeDV$DateTimeData
instanceKlass com/sun/org/apache/xerces/internal/xs/datatypes/XSDateTime
instanceKlass javax/xml/datatype/DatatypeFactory
instanceKlass com/sun/org/apache/xerces/internal/impl/dv/xs/TypeValidator
instanceKlass com/sun/org/apache/xerces/internal/impl/dv/xs/XSSimpleTypeDecl
instanceKlass com/sun/org/apache/xerces/internal/impl/dv/XSSimpleType
instanceKlass com/sun/org/apache/xerces/internal/xs/XSSimpleTypeDefinition
instanceKlass com/sun/org/apache/xerces/internal/util/SymbolHash$Entry
instanceKlass com/sun/org/apache/xerces/internal/util/SymbolHash
instanceKlass com/sun/org/apache/xerces/internal/utils/SecuritySupport$3
instanceKlass com/sun/org/apache/xerces/internal/utils/SecuritySupport$2
instanceKlass com/sun/org/apache/xerces/internal/utils/SecuritySupport$1
instanceKlass com/sun/org/apache/xerces/internal/utils/ObjectFactory
instanceKlass com/sun/org/apache/xerces/internal/impl/dv/SchemaDVFactory
instanceKlass com/sun/org/apache/xerces/internal/impl/xs/XSGroupDecl
instanceKlass com/sun/org/apache/xerces/internal/xs/XSModelGroupDefinition
instanceKlass com/sun/org/apache/xerces/internal/impl/xs/util/SimpleLocator
instanceKlass com/sun/org/apache/xerces/internal/impl/xs/SchemaSymbols
instanceKlass com/sun/org/apache/xerces/internal/impl/xs/XSComplexTypeDecl
instanceKlass com/sun/org/apache/xerces/internal/xs/XSComplexTypeDefinition
instanceKlass com/sun/org/apache/xerces/internal/xs/XSTypeDefinition
instanceKlass com/sun/org/apache/xerces/internal/impl/xs/SchemaGrammar
instanceKlass com/sun/org/apache/xerces/internal/xs/XSNamespaceItem
instanceKlass com/sun/org/apache/xerces/internal/xni/grammars/XSGrammar
instanceKlass com/sun/org/apache/xerces/internal/xni/grammars/Grammar
instanceKlass com/sun/org/apache/xerces/internal/impl/xs/SubstitutionGroupHandler$OneSubGroup
instanceKlass com/sun/org/apache/xerces/internal/impl/xs/XSElementDecl
instanceKlass com/sun/org/apache/xerces/internal/xs/XSElementDeclaration
instanceKlass com/sun/org/apache/xerces/internal/xs/XSTerm
instanceKlass com/sun/org/apache/xerces/internal/xs/XSObject
instanceKlass com/sun/org/apache/xerces/internal/impl/xs/SubstitutionGroupHandler
instanceKlass com/sun/org/apache/xerces/internal/impl/xs/XSGrammarBucket
instanceKlass com/sun/org/apache/xerces/internal/xni/grammars/XMLSchemaDescription
instanceKlass com/sun/org/apache/xerces/internal/impl/xs/XMLSchemaValidator$XSIErrorReporter
instanceKlass com/sun/org/apache/xerces/internal/impl/xs/ElementPSVImpl
instanceKlass com/sun/org/apache/xerces/internal/xs/ElementPSVI
instanceKlass com/sun/org/apache/xerces/internal/xs/ItemPSVI
instanceKlass com/sun/org/apache/xerces/internal/impl/xs/XMLSchemaValidator
instanceKlass com/sun/org/apache/xerces/internal/impl/xs/identity/FieldActivator
instanceKlass com/sun/org/apache/xerces/internal/impl/ExternalSubsetResolver
instanceKlass com/sun/org/apache/xerces/internal/util/EntityResolverWrapper
instanceKlass org/xml/sax/ext/EntityResolver2
instanceKlass com/sun/org/apache/xerces/internal/util/ErrorHandlerWrapper
instanceKlass com/sun/org/apache/xerces/internal/xni/parser/XMLErrorHandler
instanceKlass org/xml/sax/helpers/DefaultHandler
instanceKlass org/xml/sax/DTDHandler
instanceKlass java/nio/DirectByteBuffer$Deallocator
instanceKlass sun/nio/ch/Util$BufferCache
instanceKlass org/springframework/beans/factory/xml/PluggableSchemaResolver
instanceKlass org/springframework/beans/factory/xml/BeansDtdResolver
instanceKlass org/springframework/beans/factory/xml/DelegatingEntityResolver
instanceKlass java/nio/channels/Channels
instanceKlass sun/nio/fs/WindowsSecurityDescriptor
instanceKlass org/springframework/core/io/support/EncodedResource
instanceKlass org/springframework/core/io/support/PathMatchingResourcePatternResolver$$Lambda$282
instanceKlass org/springframework/beans/factory/annotation/RequiredAnnotationBeanPostProcessor
instanceKlass org/springframework/context/annotation/ConfigurationClassBeanDefinitionReader$$Lambda$281
instanceKlass org/springframework/context/annotation/ConfigurationClassBeanDefinitionReader$$Lambda$280
instanceKlass org/springframework/context/annotation/ConfigurationClassBeanDefinitionReader$TrackedConditionEvaluator
instanceKlass org/springframework/ws/config/annotation/WsConfigurationSupport
instanceKlass org/springframework/ws/config/annotation/EnableWs
instanceKlass org/springframework/transaction/annotation/AbstractTransactionManagementConfiguration
instanceKlass org/springframework/context/annotation/ImportAware
instanceKlass org/springframework/context/annotation/AutoProxyRegistrar
instanceKlass org/springframework/transaction/annotation/TransactionManagementConfigurationSelector$1
instanceKlass org/springframework/context/annotation/AdviceModeImportSelector
instanceKlass org/springframework/transaction/annotation/EnableTransactionManagement
instanceKlass org/springframework/jdbc/datasource/init/DatabasePopulator
instanceKlass org/springframework/boot/autoconfigure/condition/ConditionalOnJndi
instanceKlass org/springframework/boot/sql/init/dependency/DatabaseInitializationDependencyConfigurer
instanceKlass com/hazelcast/spring/cache/HazelcastCacheManager
instanceKlass org/springframework/cache/Cache
instanceKlass org/springframework/boot/autoconfigure/cache/CacheConfigurations$$Lambda$279
instanceKlass org/springframework/boot/autoconfigure/cache/NoOpCacheConfiguration
instanceKlass org/springframework/boot/autoconfigure/cache/SimpleCacheConfiguration
instanceKlass org/springframework/boot/autoconfigure/cache/CaffeineCacheConfiguration
instanceKlass org/springframework/boot/autoconfigure/cache/RedisCacheConfiguration
instanceKlass org/springframework/boot/autoconfigure/cache/CouchbaseCacheConfiguration
instanceKlass org/springframework/boot/autoconfigure/cache/JCacheCacheConfiguration
instanceKlass org/springframework/boot/autoconfigure/cache/InfinispanCacheConfiguration
instanceKlass org/springframework/boot/autoconfigure/cache/HazelcastCacheConfiguration
instanceKlass org/springframework/boot/autoconfigure/cache/EhCacheCacheConfiguration
instanceKlass org/springframework/boot/autoconfigure/cache/GenericCacheConfiguration
instanceKlass org/springframework/boot/autoconfigure/cache/CacheConfigurations
instanceKlass org/springframework/boot/autoconfigure/cache/CacheAutoConfiguration$CacheConfigurationImportSelector
instanceKlass org/springframework/boot/autoconfigure/jdbc/DataSourceInitializationConfiguration$SharedCredentialsDataSourceInitializationConfiguration$DataSourceInitializationCondition$$Lambda$278
instanceKlass oracle/jdbc/OracleConnection
instanceKlass java/sql/Connection
instanceKlass org/apache/commons/dbcp2/BasicDataSource
instanceKlass org/apache/commons/dbcp2/BasicDataSourceMXBean
instanceKlass org/springframework/boot/jdbc/DataSourceBuilder$MappedDataSourceProperties$$Lambda$277
instanceKlass org/springframework/boot/jdbc/DataSourceBuilder$MappedDataSourceProperties$$Lambda$276
instanceKlass org/springframework/boot/jdbc/DataSourceBuilder$MappedDataSourceProperties$$Lambda$275
instanceKlass org/springframework/boot/jdbc/DataSourceBuilder$HikariDataSourceProperties$$Lambda$274
instanceKlass org/springframework/boot/jdbc/DataSourceBuilder$HikariDataSourceProperties$$Lambda$273
instanceKlass org/springframework/boot/jdbc/DataSourceBuilder$HikariDataSourceProperties$$Lambda$272
instanceKlass org/springframework/boot/jdbc/DataSourceBuilder$HikariDataSourceProperties$$Lambda$271
instanceKlass org/springframework/boot/jdbc/DataSourceBuilder$HikariDataSourceProperties$$Lambda$270
instanceKlass org/springframework/boot/jdbc/DataSourceBuilder$HikariDataSourceProperties$$Lambda$269
instanceKlass org/springframework/boot/jdbc/DataSourceBuilder$HikariDataSourceProperties$$Lambda$268
instanceKlass org/springframework/boot/jdbc/DataSourceBuilder$HikariDataSourceProperties$$Lambda$267
instanceKlass org/springframework/boot/jdbc/DataSourceBuilder$MappedDataSourceProperty
instanceKlass org/springframework/boot/jdbc/DataSourceBuilder$ReflectionDataSourceProperties
instanceKlass org/springframework/boot/jdbc/DataSourceBuilder$Getter
instanceKlass org/springframework/boot/jdbc/DataSourceBuilder$Setter
instanceKlass com/zaxxer/hikari/HikariConfig
instanceKlass com/zaxxer/hikari/HikariConfigMXBean
instanceKlass org/springframework/boot/jdbc/DataSourceBuilder$MappedDataSourceProperties$$Lambda$266
instanceKlass org/springframework/boot/jdbc/DataSourceBuilder$MappedDataSourceProperties
instanceKlass org/springframework/boot/jdbc/DataSourceBuilder$DataSourceProperties
instanceKlass org/springframework/boot/jdbc/DataSourceBuilder
instanceKlass org/springframework/boot/autoconfigure/condition/AbstractNestedCondition$MemberOutcomes
instanceKlass org/springframework/boot/autoconfigure/condition/AbstractNestedCondition$MemberConditions$$Lambda$265
instanceKlass org/springframework/boot/autoconfigure/condition/AbstractNestedCondition$MemberMatchOutcomes
instanceKlass org/springframework/boot/autoconfigure/condition/AbstractNestedCondition$MemberConditions
instanceKlass com/hazelcast/config/Config
instanceKlass com/hazelcast/client/config/ClientConfig
instanceKlass com/hazelcast/client/HazelcastClient
instanceKlass org/springframework/boot/autoconfigure/hazelcast/HazelcastAutoConfiguration
instanceKlass javax/annotation/PostConstruct
instanceKlass org/apache/camel/spring/boot/util/HierarchicalPropertiesEvaluator
instanceKlass org/springframework/boot/context/properties/bind/JavaBeanBinder$BeanProperty$$Lambda$264
instanceKlass org/springframework/boot/context/properties/bind/JavaBeanBinder$Bean$$Lambda$263
instanceKlass org/springframework/boot/context/properties/bind/JavaBeanBinder$BeanSupplier
instanceKlass org/springframework/boot/context/properties/bind/JavaBeanBinder$Bean$$Lambda$262
instanceKlass org/springframework/boot/context/properties/bind/JavaBeanBinder$Bean$$Lambda$261
instanceKlass org/springframework/boot/context/properties/bind/JavaBeanBinder$Bean$$Lambda$260
instanceKlass org/springframework/boot/context/properties/bind/JavaBeanBinder$Bean$$Lambda$259
instanceKlass org/springframework/boot/context/properties/bind/JavaBeanBinder$BeanProperty
instanceKlass org/springframework/boot/context/properties/bind/JavaBeanBinder$Bean$$Lambda$258
instanceKlass org/springframework/boot/context/properties/bind/JavaBeanBinder$Bean$$Lambda$257
instanceKlass org/springframework/boot/context/properties/bind/JavaBeanBinder$Bean$$Lambda$256
instanceKlass org/springframework/boot/context/properties/bind/JavaBeanBinder$Bean$$Lambda$255
instanceKlass java/lang/invoke/LambdaForm$BMH
instanceKlass java/lang/invoke/LambdaForm$BMH
instanceKlass java/lang/invoke/LambdaForm$MH
instanceKlass java/lang/invoke/LambdaForm$MH
instanceKlass java/lang/invoke/LambdaForm$BMH
instanceKlass java/lang/invoke/LambdaForm$BMH
instanceKlass java/lang/invoke/LambdaForm$BMH
instanceKlass java/lang/invoke/LambdaForm$BMH
instanceKlass java/lang/invoke/LambdaForm$BMH
instanceKlass sun/invoke/util/ValueConversions$WrapperCache
instanceKlass java/lang/invoke/LambdaForm$MH
instanceKlass java/lang/invoke/LambdaForm$DMH
instanceKlass java/lang/invoke/LambdaForm$DMH
instanceKlass java/lang/invoke/MethodHandleImpl$BindCaller$T
instanceKlass java/lang/invoke/LambdaForm$BMH
instanceKlass java/lang/invoke/LambdaForm$MH
instanceKlass java/lang/invoke/LambdaForm$DMH
instanceKlass java/lang/invoke/LambdaForm$DMH
instanceKlass java/lang/invoke/LambdaForm$MH
instanceKlass java/lang/invoke/LambdaForm$DMH
instanceKlass java/lang/invoke/LambdaForm$DMH
instanceKlass java/lang/invoke/MethodHandleImpl$ArrayAccessor
instanceKlass java/lang/invoke/LambdaForm$BMH
instanceKlass java/lang/invoke/MethodHandleImpl$BindCaller$T
instanceKlass java/lang/invoke/MethodHandleImpl$BindCaller$2
instanceKlass java/lang/invoke/MethodHandleImpl$BindCaller
instanceKlass org/springframework/boot/autoconfigure/web/WebProperties$Resources$Chain
instanceKlass org/springframework/boot/autoconfigure/web/WebProperties$Resources$Cache
instanceKlass org/springframework/boot/autoconfigure/web/WebProperties$Resources
instanceKlass org/springframework/beans/factory/annotation/Autowired
instanceKlass org/springframework/boot/autoconfigure/web/ConditionalOnEnabledResourceChain
instanceKlass org/springframework/boot/autoconfigure/web/servlet/JspTemplateAvailabilityProvider
instanceKlass org/springframework/boot/autoconfigure/thymeleaf/ThymeleafTemplateAvailabilityProvider
instanceKlass org/springframework/boot/autoconfigure/mustache/MustacheTemplateAvailabilityProvider
instanceKlass org/springframework/boot/autoconfigure/template/PathBasedTemplateAvailabilityProvider$TemplateAvailabilityProperties
instanceKlass org/springframework/boot/autoconfigure/template/PathBasedTemplateAvailabilityProvider
instanceKlass org/springframework/boot/autoconfigure/template/TemplateAvailabilityProviders$NoTemplateAvailabilityProvider
instanceKlass org/springframework/boot/autoconfigure/template/TemplateAvailabilityProvider
instanceKlass org/springframework/boot/autoconfigure/template/TemplateAvailabilityProviders
instanceKlass org/springframework/boot/autoconfigure/validation/PrimaryDefaultValidatorPostProcessor
instanceKlass ai/pelican/camel/hazelcast/FileComparator
instanceKlass ai/pelican/camel/hazelcast/IdempotentManager
instanceKlass ai/pelican/camel/splitters/SplitterPacs003
instanceKlass ai/pelican/camel/interfaces/Pacs002Iterator
instanceKlass ai/pelican/camel/utils/SplitterUtilities
instanceKlass ai/pelican/camel/validation/MsgValidation
instanceKlass ai/pelican/camel/splitters/SplitterPacs004
instanceKlass ai/pelican/camel/splitters/SplitterCamt056
instanceKlass ai/pelican/camel/splitters/SplitterCamt029
instanceKlass ai/pelican/camel/interfaces/Pacs008Iterator
instanceKlass org/apache/coyote/UpgradeProtocol
instanceKlass org/springframework/boot/autoconfigure/web/servlet/ServletWebServerFactoryAutoConfiguration$BeanPostProcessorsRegistrar
instanceKlass org/springframework/boot/autoconfigure/condition/OnPropertyCondition$Spec
instanceKlass org/springframework/boot/autoconfigure/condition/OnPropertyCondition$$Lambda$254
instanceKlass org/springframework/boot/web/servlet/RegistrationBean
instanceKlass org/springframework/boot/web/servlet/ServletContextInitializer
instanceKlass org/springframework/boot/autoconfigure/web/servlet/ConditionalOnMissingFilterBean
instanceKlass org/apache/tomcat/websocket/server/WsSci
instanceKlass javax/servlet/ServletContainerInitializer
instanceKlass org/apache/catalina/startup/Tomcat
instanceKlass org/springframework/boot/autoconfigure/condition/OnWebApplicationCondition$1
instanceKlass org/springframework/boot/autoconfigure/condition/ConditionalOnMissingClass
instanceKlass org/springframework/core/annotation/MergedAnnotationCollectors$$Lambda$253
instanceKlass java/lang/invoke/LambdaForm$DMH
instanceKlass org/springframework/core/annotation/TypeMappedAnnotation$$Lambda$252
instanceKlass org/springframework/core/annotation/MergedAnnotationCollectors$$Lambda$251
instanceKlass org/springframework/core/annotation/MergedAnnotationCollectors$$Lambda$250
instanceKlass org/springframework/core/annotation/MergedAnnotationCollectors$$Lambda$249
instanceKlass java/util/function/Function$$Lambda$248
instanceKlass org/springframework/core/annotation/MergedAnnotationCollectors
instanceKlass org/springframework/core/type/AnnotatedTypeMetadata$$Lambda$247
instanceKlass org/springframework/core/type/AnnotatedTypeMetadata$$Lambda$246
instanceKlass org/springframework/core/annotation/MergedAnnotationPredicates$UniquePredicate
instanceKlass org/springframework/core/annotation/MergedAnnotationPredicates
instanceKlass org/springframework/core/type/AnnotatedTypeMetadata$$Lambda$245
instanceKlass org/springframework/context/annotation/ConfigurationClassParser$DeferredImportSelectorGroupingHandler$$Lambda$244
instanceKlass org/springframework/boot/autoconfigure/AutoConfigurationImportSelector$AutoConfigurationGroup$$Lambda$243
instanceKlass org/springframework/context/annotation/DeferredImportSelector$Group$Entry
instanceKlass org/springframework/boot/autoconfigure/AutoConfigurationSorter$$Lambda$242
instanceKlass org/springframework/boot/autoconfigure/AutoConfigurationSorter$AutoConfigurationClasses$$Lambda$241
instanceKlass org/springframework/boot/autoconfigure/AutoConfigureOrder
instanceKlass org/springframework/boot/autoconfigure/AutoConfigurationSorter$$Lambda$240
instanceKlass org/springframework/boot/autoconfigure/condition/ConditionalOnResource
instanceKlass org/springframework/boot/autoconfigure/condition/ConditionalOnProperty
instanceKlass org/springframework/boot/autoconfigure/AutoConfigureAfter
instanceKlass org/springframework/boot/autoconfigure/AutoConfigureBefore
instanceKlass org/springframework/boot/autoconfigure/condition/ConditionalOnMissingBean
instanceKlass org/springframework/boot/autoconfigure/AutoConfigurationSorter$AutoConfigurationClass
instanceKlass org/springframework/boot/autoconfigure/AutoConfigurationSorter$AutoConfigurationClasses
instanceKlass org/springframework/boot/autoconfigure/AutoConfigurationSorter
instanceKlass org/springframework/boot/autoconfigure/AutoConfigurationImportSelector$AutoConfigurationGroup$$Lambda$239
instanceKlass org/springframework/boot/autoconfigure/AutoConfigurationImportSelector$AutoConfigurationGroup$$Lambda$238
instanceKlass org/springframework/boot/autoconfigure/AutoConfigurationImportSelector$AutoConfigurationGroup$$Lambda$237
instanceKlass org/springframework/boot/autoconfigure/AutoConfigurationImportSelector$AutoConfigurationGroup$$Lambda$236
instanceKlass org/springframework/boot/autoconfigure/AutoConfigurationImportSelector$AutoConfigurationGroup$$Lambda$235
instanceKlass org/springframework/boot/autoconfigure/condition/ConditionEvaluationReportAutoConfigurationImportListener
instanceKlass org/springframework/boot/autoconfigure/AutoConfigurationImportListener
instanceKlass org/apache/camel/CamelContext
instanceKlass org/apache/camel/RuntimeConfiguration
instanceKlass org/apache/camel/SuspendableService
instanceKlass org/apache/camel/Service
instanceKlass org/apache/camel/spring/boot/cloud/CamelCloudAutoConfiguration
instanceKlass org/apache/camel/spring/boot/CamelAutoConfiguration
instanceKlass org/springframework/cache/interceptor/AbstractCacheInvoker
instanceKlass org/springframework/boot/autoconfigure/condition/ConditionalOnSingleCandidate
instanceKlass org/springframework/boot/autoconfigure/condition/ConditionalOnBean
instanceKlass org/springframework/boot/autoconfigure/condition/ConditionalOnWebApplication
instanceKlass org/springframework/boot/autoconfigure/condition/ConditionEvaluationReport$ConditionAndOutcome
instanceKlass org/springframework/boot/autoconfigure/condition/ConditionEvaluationReport$ConditionAndOutcomes
instanceKlass org/quartz/Scheduler
instanceKlass javax/mail/Message
instanceKlass javax/mail/internet/MimePart
instanceKlass javax/mail/Part
instanceKlass javax/activation/MimeType
instanceKlass javax/servlet/ServletRegistration
instanceKlass javax/servlet/Registration
instanceKlass org/springframework/jms/support/JmsAccessor
instanceKlass org/springframework/jms/core/JmsOperations
instanceKlass org/springframework/jmx/support/MBeanRegistrationSupport
instanceKlass org/springframework/jmx/export/MBeanExportOperations
instanceKlass org/springframework/jdbc/support/JdbcAccessor
instanceKlass org/springframework/jdbc/core/JdbcOperations
instanceKlass org/springframework/http/codec/CodecConfigurer
instanceKlass com/hazelcast/core/HazelcastInstance
instanceKlass javax/naming/ldap/LdapContext
instanceKlass javax/naming/directory/DirContext
instanceKlass org/springframework/aop/framework/ProxyConfig
instanceKlass org/springframework/cache/CacheManager
instanceKlass javax/sql/DataSource
instanceKlass javax/sql/CommonDataSource
instanceKlass org/apache/camel/spring/boot/actuate/endpoint/CamelRouteControllerEndpoint
instanceKlass org/apache/camel/spring/boot/actuate/endpoint/CamelRoutesEndpoint
instanceKlass org/springframework/xml/transform/TransformerObjectSupport
instanceKlass org/springframework/ws/client/core/WebServiceOperations
instanceKlass org/springframework/oxm/Unmarshaller
instanceKlass org/springframework/oxm/Marshaller
instanceKlass javax/websocket/server/ServerContainer
instanceKlass javax/websocket/WebSocketContainer
instanceKlass org/springframework/web/servlet/config/annotation/WebMvcConfigurer
instanceKlass org/springframework/web/multipart/support/StandardServletMultipartResolver
instanceKlass org/springframework/web/multipart/MultipartResolver
instanceKlass javax/servlet/MultipartConfigElement
instanceKlass org/springframework/web/filter/GenericFilterBean
instanceKlass javax/servlet/Filter
instanceKlass javax/servlet/GenericServlet
instanceKlass javax/servlet/ServletConfig
instanceKlass org/springframework/http/ReactiveHttpInputMessage
instanceKlass org/springframework/http/server/reactive/HttpHandler
instanceKlass org/springframework/http/client/support/HttpAccessor
instanceKlass org/springframework/web/client/RestOperations
instanceKlass org/springframework/transaction/PlatformTransactionManager
instanceKlass org/springframework/transaction/TransactionManager
instanceKlass org/springframework/scheduling/TaskScheduler
instanceKlass org/springframework/util/CustomizableThreadCreator
instanceKlass org/springframework/scheduling/SchedulingTaskExecutor
instanceKlass org/springframework/core/task/AsyncListenableTaskExecutor
instanceKlass org/springframework/core/task/AsyncTaskExecutor
instanceKlass org/springframework/core/task/TaskExecutor
instanceKlass org/springframework/boot/autoconfigure/condition/ConditionMessage$ItemsBuilder
instanceKlass org/springframework/boot/autoconfigure/condition/ConditionMessage$Builder
instanceKlass org/springframework/boot/autoconfigure/condition/ConditionMessage
instanceKlass org/springframework/boot/autoconfigure/condition/ConditionalOnClass
instanceKlass org/springframework/boot/autoconfigure/condition/ConditionOutcome
instanceKlass org/springframework/boot/autoconfigure/condition/OnClassCondition$ThreadedOutcomesResolver$$Lambda$234
instanceKlass org/springframework/boot/autoconfigure/condition/OnClassCondition$ThreadedOutcomesResolver
instanceKlass org/springframework/boot/autoconfigure/condition/OnClassCondition$StandardOutcomesResolver
instanceKlass org/springframework/boot/autoconfigure/AutoConfigurationMetadataLoader$PropertiesAutoConfigurationMetadata
instanceKlass org/springframework/boot/autoconfigure/AutoConfigurationMetadata
instanceKlass org/springframework/boot/autoconfigure/AutoConfigurationMetadataLoader
instanceKlass org/springframework/boot/autoconfigure/AutoConfigurationImportSelector$ConfigurationClassFilter
instanceKlass org/springframework/boot/autoconfigure/condition/OnClassCondition$OutcomesResolver
instanceKlass org/springframework/boot/autoconfigure/condition/OnBeanCondition$Spec
instanceKlass org/springframework/boot/autoconfigure/condition/SpringBootCondition
instanceKlass org/springframework/context/annotation/ConfigurationCondition
instanceKlass org/springframework/boot/autoconfigure/AutoConfigurationImportFilter
instanceKlass org/springframework/boot/autoconfigure/AutoConfigurationImportSelector$$Lambda$233
instanceKlass org/springframework/boot/autoconfigure/AutoConfigurationImportSelector$$Lambda$232
instanceKlass org/springframework/boot/autoconfigure/AutoConfigurationImportSelector$AutoConfigurationGroup$$Lambda$231
instanceKlass org/springframework/context/annotation/ConfigurationClassParser$DeferredImportSelectorGroupingHandler$$Lambda$230
instanceKlass org/springframework/context/annotation/ConfigurationClassParser$DeferredImportSelectorGrouping
instanceKlass org/springframework/boot/autoconfigure/AutoConfigurationImportSelector$AutoConfigurationGroup
instanceKlass org/springframework/context/annotation/DeferredImportSelector$Group
instanceKlass org/springframework/context/annotation/ConfigurationClassParser$DeferredImportSelectorHandler$$Lambda$229
instanceKlass org/springframework/context/annotation/ConfigurationClassParser$DeferredImportSelectorGroupingHandler
instanceKlass org/springframework/context/annotation/ConfigurationMethod
instanceKlass org/springframework/core/type/StandardMethodMetadata
instanceKlass org/springframework/core/annotation/AnnotatedElementUtils
instanceKlass java/util/function/Predicate$$Lambda$228
instanceKlass org/springframework/boot/autoconfigure/AutoConfigurationImportSelector$$Lambda$227
instanceKlass org/springframework/boot/autoconfigure/AutoConfigurationImportSelector$AutoConfigurationEntry
instanceKlass org/springframework/core/annotation/MergedAnnotationsCollection$AnnotationsSpliterator
instanceKlass com/fasterxml/jackson/annotation/JsonPropertyOrder
instanceKlass com/fasterxml/jackson/dataformat/xml/annotation/JacksonXmlRootElement
instanceKlass com/fasterxml/jackson/annotation/JacksonAnnotation
instanceKlass com/fasterxml/jackson/annotation/JsonIgnoreProperties
instanceKlass javax/annotation/PreDestroy
instanceKlass javax/xml/bind/annotation/XmlNs
instanceKlass javax/xml/bind/annotation/XmlSchema
instanceKlass javax/xml/bind/annotation/XmlElementDecl
instanceKlass org/springframework/core/type/classreading/SimpleMethodMetadataReadingVisitor$$Lambda$226
instanceKlass org/springframework/core/type/classreading/SimpleMethodMetadataReadingVisitor$Source
instanceKlass javax/xml/bind/annotation/XmlRegistry
instanceKlass javax/xml/bind/annotation/XmlEnum
instanceKlass javax/xml/bind/annotation/XmlType$DEFAULT
instanceKlass org/springframework/core/type/classreading/MergedAnnotationReadingVisitor$$Lambda$225
instanceKlass javax/xml/bind/annotation/XmlType
instanceKlass org/springframework/core/type/classreading/MergedAnnotationReadingVisitor$$Lambda$224
instanceKlass javax/xml/bind/annotation/XmlAccessorType
instanceKlass org/springframework/core/annotation/TypeMappedAnnotation$$Lambda$223
instanceKlass org/apache/camel/spi/UriEndpoint
instanceKlass org/springframework/asm/Type
instanceKlass org/springframework/asm/AnnotationVisitor
instanceKlass org/springframework/core/type/classreading/SimpleAnnotationMetadataReadingVisitor$$Lambda$222
instanceKlass org/springframework/core/type/classreading/SimpleAnnotationMetadataReadingVisitor$Source
instanceKlass org/springframework/boot/autoconfigure/BackgroundPreinitializer$CharsetInitializer
instanceKlass org/springframework/boot/autoconfigure/BackgroundPreinitializer$JacksonInitializer
instanceKlass com/fasterxml/jackson/databind/jsontype/impl/StdTypeResolverBuilder
instanceKlass com/fasterxml/jackson/databind/util/ArrayBuilders
instanceKlass com/fasterxml/jackson/databind/ObjectMapper$1
instanceKlass com/fasterxml/jackson/dataformat/xml/util/XmlRootNameLookup
instanceKlass javax/xml/namespace/QName$1
instanceKlass javax/xml/namespace/QName
instanceKlass javax/xml/stream/XMLOutputFactory
instanceKlass com/fasterxml/jackson/core/FormatFeature
instanceKlass com/sun/xml/internal/stream/StaxEntityResolverWrapper
instanceKlass com/sun/org/apache/xerces/internal/impl/PropertyManager
instanceKlass javax/xml/stream/SecuritySupport$1
instanceKlass javax/xml/stream/FactoryFinder$1
instanceKlass javax/xml/stream/SecuritySupport$5
instanceKlass javax/xml/stream/SecuritySupport$2
instanceKlass javax/xml/stream/SecuritySupport
instanceKlass javax/xml/stream/FactoryFinder
instanceKlass org/springframework/util/xml/StaxUtils$$Lambda$221
instanceKlass javax/xml/stream/XMLInputFactory
instanceKlass org/springframework/util/xml/StaxUtils$$Lambda$220
instanceKlass javax/xml/stream/XMLEventReader
instanceKlass javax/xml/stream/XMLStreamWriter
instanceKlass javax/xml/stream/XMLStreamReader
instanceKlass javax/xml/stream/XMLStreamConstants
instanceKlass org/xml/sax/ContentHandler
instanceKlass org/xml/sax/XMLReader
instanceKlass org/springframework/util/xml/StaxUtils
instanceKlass com/fasterxml/jackson/dataformat/xml/util/DefaultXmlPrettyPrinter$Lf2SpacesIndenter
instanceKlass com/fasterxml/jackson/dataformat/xml/util/DefaultXmlPrettyPrinter$FixedSpaceIndenter
instanceKlass com/fasterxml/jackson/dataformat/xml/util/DefaultXmlPrettyPrinter$Indenter
instanceKlass com/fasterxml/jackson/dataformat/xml/util/DefaultXmlPrettyPrinter
instanceKlass com/fasterxml/jackson/dataformat/xml/XmlPrettyPrinter
instanceKlass com/fasterxml/jackson/databind/type/ClassKey
instanceKlass com/fasterxml/jackson/databind/module/SimpleDeserializers
instanceKlass com/fasterxml/jackson/core/Version
instanceKlass com/fasterxml/jackson/core/util/VersionUtil
instanceKlass com/fasterxml/jackson/dataformat/xml/PackageVersion
instanceKlass com/fasterxml/jackson/dataformat/xml/XmlAnnotationIntrospector
instanceKlass org/springframework/http/converter/json/Jackson2ObjectMapperBuilder$XmlObjectMapperInitializer
instanceKlass org/springframework/http/converter/json/Jackson2ObjectMapperBuilder$$Lambda$219
instanceKlass org/springframework/http/converter/json/Jackson2ObjectMapperBuilder$$Lambda$218
instanceKlass org/springframework/core/type/AnnotationMetadata$$Lambda$217
instanceKlass org/springframework/core/type/classreading/SimpleAnnotationMetadata
instanceKlass org/springframework/core/annotation/MergedAnnotationsCollection
instanceKlass org/springframework/core/type/classreading/SimpleAnnotationMetadataReadingVisitor$$Lambda$216
instanceKlass org/springframework/core/type/classreading/SimpleMethodMetadata
instanceKlass org/springframework/core/type/MethodMetadata
instanceKlass org/springframework/asm/Context
instanceKlass org/springframework/asm/Attribute
instanceKlass org/springframework/asm/ClassReader
instanceKlass org/springframework/asm/MethodVisitor
instanceKlass org/springframework/core/type/classreading/SimpleMetadataReader
instanceKlass org/springframework/util/AntPathMatcher$AntPathStringMatcher
instanceKlass org/springframework/core/env/AbstractPropertyResolver$$Lambda$215
instanceKlass org/springframework/context/annotation/ParserStrategyUtils
instanceKlass org/springframework/context/annotation/TypeFilterUtils$1
instanceKlass org/springframework/context/annotation/TypeFilterUtils
instanceKlass org/springframework/context/annotation/PropertySource
instanceKlass org/springframework/context/annotation/PropertySources
instanceKlass org/springframework/context/annotation/ConfigurationClass
instanceKlass org/springframework/context/annotation/ComponentScanAnnotationParser
instanceKlass org/springframework/context/annotation/ConfigurationClassParser$SourceClass
instanceKlass org/springframework/context/annotation/ConfigurationClassParser$DeferredImportSelectorHandler
instanceKlass org/springframework/context/annotation/ConfigurationClassParser$$Lambda$214
instanceKlass org/springframework/context/annotation/ConfigurationClassParser$DeferredImportSelectorHolder
instanceKlass org/springframework/context/annotation/ConfigurationClassParser$$Lambda$213
instanceKlass org/springframework/core/io/support/DefaultPropertySourceFactory
instanceKlass org/springframework/context/annotation/ImportRegistry
instanceKlass org/springframework/beans/factory/parsing/Problem
instanceKlass org/springframework/core/io/support/PropertySourceFactory
instanceKlass org/springframework/context/annotation/ConfigurationClassParser
instanceKlass org/springframework/context/annotation/ConfigurationClassPostProcessor$$Lambda$212
instanceKlass org/springframework/core/annotation/AnnotationUtils
instanceKlass org/springframework/context/annotation/Bean
instanceKlass org/springframework/beans/BeanMetadataAttribute
instanceKlass org/springframework/aop/framework/AopInfrastructureBean
instanceKlass org/springframework/core/Conventions
instanceKlass org/springframework/context/annotation/ConfigurationClassUtils
instanceKlass org/springframework/context/support/PostProcessorRegistrationDelegate$$Lambda$211
instanceKlass org/springframework/beans/AbstractNestablePropertyAccessor$PropertyTokenHolder
instanceKlass org/springframework/beans/factory/config/TypedStringValue
instanceKlass org/springframework/context/annotation/ConfigurationClassBeanDefinitionReader
instanceKlass org/springframework/core/convert/Property
instanceKlass org/springframework/core/BridgeMethodResolver
instanceKlass org/springframework/beans/ExtendedBeanInfo
instanceKlass org/springframework/beans/ExtendedBeanInfoFactory
instanceKlass org/springframework/beans/BeanInfoFactory
instanceKlass org/springframework/beans/CachedIntrospectionResults
instanceKlass org/springframework/beans/PropertyAccessorUtils
instanceKlass org/springframework/beans/factory/support/DefaultSingletonBeanRegistry$$Lambda$210
instanceKlass org/springframework/beans/factory/support/DefaultSingletonBeanRegistry$$Lambda$209
instanceKlass org/springframework/beans/factory/support/DisposableBeanAdapter
instanceKlass org/springframework/beans/factory/InitializingBean
instanceKlass org/springframework/context/expression/StandardBeanExpressionResolver$$Lambda$208
instanceKlass org/springframework/expression/spel/support/StandardTypeConverter
instanceKlass org/springframework/expression/spel/support/StandardTypeLocator
instanceKlass org/springframework/context/expression/BeanFactoryResolver
instanceKlass org/springframework/context/expression/EnvironmentAccessor
instanceKlass org/springframework/context/expression/MapAccessor
instanceKlass org/springframework/expression/spel/CompilablePropertyAccessor
instanceKlass org/springframework/asm/Opcodes
instanceKlass org/springframework/context/expression/BeanFactoryAccessor
instanceKlass org/springframework/expression/spel/support/ReflectivePropertyAccessor
instanceKlass org/springframework/context/expression/BeanExpressionContextAccessor
instanceKlass org/springframework/expression/TypedValue
instanceKlass org/springframework/expression/spel/support/StandardOperatorOverloader
instanceKlass org/springframework/expression/spel/support/StandardTypeComparator
instanceKlass org/springframework/expression/OperatorOverloader
instanceKlass org/springframework/expression/TypeComparator
instanceKlass org/springframework/expression/spel/support/StandardEvaluationContext
instanceKlass org/springframework/expression/common/LiteralExpression
instanceKlass org/springframework/beans/factory/config/AutowiredPropertyMarker
instanceKlass org/springframework/beans/factory/support/BeanDefinitionValueResolver
instanceKlass org/springframework/beans/factory/support/AbstractAutowireCapableBeanFactory$$Lambda$207
instanceKlass org/springframework/beans/AbstractNestablePropertyAccessor$PropertyHandler
instanceKlass org/springframework/beans/factory/parsing/PassThroughSourceExtractor
instanceKlass org/springframework/beans/factory/support/AbstractBeanFactory$$Lambda$206
instanceKlass org/springframework/beans/factory/support/AbstractBeanFactory$$Lambda$205
instanceKlass org/springframework/beans/factory/support/NullBean
instanceKlass org/springframework/beans/factory/BeanFactoryUtils$$Lambda$204
instanceKlass org/springframework/beans/factory/support/AbstractBeanFactory$BeanPostProcessorCache
instanceKlass org/springframework/core/annotation/AnnotationAttributes$$Lambda$203
instanceKlass org/springframework/core/annotation/TypeMappedAnnotation$$Lambda$202
instanceKlass org/springframework/beans/factory/config/RuntimeBeanReference
instanceKlass org/springframework/beans/factory/config/BeanReference
instanceKlass org/springframework/beans/MutablePropertyValues
instanceKlass org/springframework/beans/factory/support/BeanDefinitionBuilder
instanceKlass org/springframework/boot/autoconfigure/SharedMetadataReaderFactoryContextInitializer$CachingMetadataReaderFactoryPostProcessor$$Lambda$201
instanceKlass org/springframework/boot/autoconfigure/SharedMetadataReaderFactoryContextInitializer$SharedMetadataReaderFactoryBean
instanceKlass org/springframework/beans/factory/FactoryBean
instanceKlass org/springframework/context/support/PostProcessorRegistrationDelegate
instanceKlass org/springframework/boot/web/servlet/context/ServletWebServerApplicationContext$ExistingWebApplicationScopes$$Lambda$200
instanceKlass org/springframework/web/context/support/WebApplicationContextUtils$WebRequestObjectFactory
instanceKlass org/springframework/web/context/request/WebRequest
instanceKlass org/springframework/web/context/request/RequestAttributes
instanceKlass org/springframework/web/context/support/WebApplicationContextUtils$SessionObjectFactory
instanceKlass javax/servlet/http/HttpSession
instanceKlass org/springframework/web/context/support/WebApplicationContextUtils$ResponseObjectFactory
instanceKlass javax/servlet/ServletResponse
instanceKlass org/springframework/web/context/support/WebApplicationContextUtils$RequestObjectFactory
instanceKlass javax/servlet/ServletRequest
instanceKlass org/springframework/web/context/request/AbstractRequestAttributesScope
instanceKlass org/springframework/boot/web/servlet/context/ServletWebServerApplicationContext$ExistingWebApplicationScopes
instanceKlass org/springframework/web/context/ServletContextAware
instanceKlass org/springframework/web/context/support/ServletContextAwareProcessor
instanceKlass org/springframework/context/support/ApplicationListenerDetector
instanceKlass org/springframework/context/MessageSourceAware
instanceKlass org/springframework/context/ApplicationEventPublisherAware
instanceKlass org/springframework/beans/factory/config/BeanExpressionContext
instanceKlass org/springframework/beans/factory/config/EmbeddedValueResolver
instanceKlass org/springframework/util/StringValueResolver
instanceKlass org/springframework/context/support/ApplicationContextAwareProcessor
instanceKlass org/springframework/beans/support/ResourceEditorRegistrar
instanceKlass org/springframework/expression/spel/SpelParserConfiguration
instanceKlass org/springframework/expression/Expression
instanceKlass org/springframework/expression/common/TemplateAwareExpressionParser
instanceKlass org/springframework/context/expression/StandardBeanExpressionResolver$1
instanceKlass org/springframework/expression/EvaluationContext
instanceKlass org/springframework/expression/TypeConverter
instanceKlass org/springframework/expression/TypeLocator
instanceKlass org/springframework/expression/BeanResolver
instanceKlass org/springframework/expression/PropertyAccessor
instanceKlass org/springframework/expression/ExpressionParser
instanceKlass org/springframework/expression/ParserContext
instanceKlass org/springframework/context/expression/StandardBeanExpressionResolver
instanceKlass org/springframework/web/context/request/RequestContextHolder
instanceKlass org/springframework/web/context/support/WebApplicationContextUtils
instanceKlass org/springframework/http/converter/json/Jackson2ObjectMapperBuilder$$Lambda$199
instanceKlass java/lang/invoke/LambdaForm$DMH
instanceKlass com/fasterxml/jackson/databind/ser/BeanSerializerModifier
instanceKlass com/fasterxml/jackson/databind/ser/Serializers
instanceKlass com/fasterxml/jackson/databind/cfg/SerializerFactoryConfig
instanceKlass com/fasterxml/jackson/databind/ser/std/StdJdkSerializers
instanceKlass com/fasterxml/jackson/databind/ser/std/NumberSerializers
instanceKlass com/fasterxml/jackson/databind/deser/DeserializerCache
instanceKlass com/fasterxml/jackson/databind/KeyDeserializer
instanceKlass com/fasterxml/jackson/databind/deser/std/StdKeyDeserializers
instanceKlass com/fasterxml/jackson/databind/deser/KeyDeserializers
instanceKlass com/fasterxml/jackson/databind/deser/ValueInstantiators
instanceKlass com/fasterxml/jackson/databind/AbstractTypeResolver
instanceKlass com/fasterxml/jackson/databind/deser/BeanDeserializerModifier
instanceKlass com/fasterxml/jackson/databind/cfg/DeserializerFactoryConfig
instanceKlass java/util/concurrent/ConcurrentNavigableMap
instanceKlass com/fasterxml/jackson/databind/PropertyName
instanceKlass com/fasterxml/jackson/databind/deser/Deserializers
instanceKlass com/fasterxml/jackson/annotation/ObjectIdGenerator
instanceKlass com/fasterxml/jackson/databind/deser/ValueInstantiator
instanceKlass com/fasterxml/jackson/databind/deser/ResolvableDeserializer
instanceKlass com/fasterxml/jackson/databind/deser/ValueInstantiator$Gettable
instanceKlass com/fasterxml/jackson/databind/deser/ContextualDeserializer
instanceKlass com/fasterxml/jackson/databind/ser/SerializerCache
instanceKlass com/fasterxml/jackson/databind/ser/ResolvableSerializer
instanceKlass com/fasterxml/jackson/databind/ser/ContextualSerializer
instanceKlass com/fasterxml/jackson/databind/node/JsonNodeFactory
instanceKlass com/fasterxml/jackson/databind/node/JsonNodeCreator
instanceKlass com/fasterxml/jackson/databind/cfg/ContextAttributes
instanceKlass com/fasterxml/jackson/core/util/Separators
instanceKlass com/fasterxml/jackson/core/util/DefaultPrettyPrinter$NopIndenter
instanceKlass com/fasterxml/jackson/databind/cfg/ConfigFeature
instanceKlass com/fasterxml/jackson/databind/cfg/ConfigOverride
instanceKlass com/fasterxml/jackson/annotation/JsonFormat$Features
instanceKlass com/fasterxml/jackson/annotation/JsonFormat$Value
instanceKlass com/fasterxml/jackson/databind/introspect/VisibilityChecker$Std
instanceKlass com/fasterxml/jackson/annotation/JsonSetter$Value
instanceKlass com/fasterxml/jackson/annotation/JsonInclude$Value
instanceKlass com/fasterxml/jackson/annotation/JacksonAnnotationValue
instanceKlass com/fasterxml/jackson/databind/cfg/ConfigOverrides
instanceKlass com/fasterxml/jackson/databind/introspect/AnnotatedClass$Creators
instanceKlass com/fasterxml/jackson/databind/introspect/AnnotationCollector$NoAnnotations
instanceKlass com/fasterxml/jackson/databind/util/Annotations
instanceKlass com/fasterxml/jackson/databind/introspect/AnnotationCollector
instanceKlass com/fasterxml/jackson/databind/introspect/AnnotatedClassResolver
instanceKlass com/fasterxml/jackson/databind/BeanDescription
instanceKlass com/fasterxml/jackson/databind/cfg/MapperConfig
instanceKlass com/fasterxml/jackson/databind/introspect/SimpleMixInResolver
instanceKlass com/fasterxml/jackson/databind/introspect/ClassIntrospector$MixInResolver
instanceKlass com/fasterxml/jackson/databind/util/RootNameLookup
instanceKlass com/fasterxml/jackson/core/sym/ByteQuadsCanonicalizer$TableInfo
instanceKlass com/fasterxml/jackson/core/sym/ByteQuadsCanonicalizer
instanceKlass com/fasterxml/jackson/core/sym/CharsToNameCanonicalizer$Bucket
instanceKlass com/fasterxml/jackson/core/sym/CharsToNameCanonicalizer$TableInfo
instanceKlass com/fasterxml/jackson/core/sym/CharsToNameCanonicalizer
instanceKlass com/fasterxml/jackson/core/io/SerializedString
instanceKlass com/fasterxml/jackson/core/util/DefaultPrettyPrinter
instanceKlass com/fasterxml/jackson/core/util/Instantiatable
instanceKlass com/fasterxml/jackson/core/async/ByteArrayFeeder
instanceKlass com/fasterxml/jackson/core/async/NonBlockingInputFeeder
instanceKlass com/fasterxml/jackson/core/SerializableString
instanceKlass com/fasterxml/jackson/core/Base64Variant
instanceKlass com/fasterxml/jackson/core/Base64Variants
instanceKlass com/fasterxml/jackson/databind/type/TypeParser
instanceKlass com/fasterxml/jackson/databind/type/TypeFactory
instanceKlass com/fasterxml/jackson/databind/cfg/BaseSettings
instanceKlass com/fasterxml/jackson/databind/util/LRUMap
instanceKlass java/beans/ConstructorProperties
instanceKlass com/fasterxml/jackson/databind/util/ClassUtil$Ctor
instanceKlass com/fasterxml/jackson/databind/util/ClassUtil
instanceKlass com/fasterxml/jackson/databind/jsonschema/SchemaAware
instanceKlass com/fasterxml/jackson/databind/JsonSerializer
instanceKlass com/fasterxml/jackson/databind/jsonFormatVisitors/JsonFormatVisitable
instanceKlass com/fasterxml/jackson/databind/JsonDeserializer
instanceKlass com/fasterxml/jackson/databind/deser/NullValueProvider
instanceKlass com/fasterxml/jackson/databind/ext/Java7Support
instanceKlass com/fasterxml/jackson/annotation/JsonMerge
instanceKlass com/fasterxml/jackson/databind/annotation/JsonDeserialize
instanceKlass com/fasterxml/jackson/annotation/JsonManagedReference
instanceKlass com/fasterxml/jackson/annotation/JsonBackReference
instanceKlass com/fasterxml/jackson/annotation/JsonUnwrapped
instanceKlass com/fasterxml/jackson/annotation/JsonRawValue
instanceKlass com/fasterxml/jackson/annotation/JsonTypeInfo
instanceKlass com/fasterxml/jackson/annotation/JsonFormat
instanceKlass com/fasterxml/jackson/annotation/JsonView
instanceKlass com/fasterxml/jackson/databind/annotation/JsonSerialize
instanceKlass com/fasterxml/jackson/databind/introspect/ConcreteBeanPropertyBase
instanceKlass com/fasterxml/jackson/databind/BeanProperty
instanceKlass com/fasterxml/jackson/databind/introspect/BeanPropertyDefinition
instanceKlass com/fasterxml/jackson/databind/util/Named
instanceKlass com/fasterxml/jackson/databind/introspect/TypeResolutionContext
instanceKlass com/fasterxml/jackson/databind/introspect/Annotated
instanceKlass com/fasterxml/jackson/databind/type/TypeBindings
instanceKlass com/fasterxml/jackson/databind/Module$SetupContext
instanceKlass com/fasterxml/jackson/databind/introspect/ClassIntrospector
instanceKlass com/fasterxml/jackson/databind/introspect/VisibilityChecker
instanceKlass com/fasterxml/jackson/databind/jsontype/TypeResolverBuilder
instanceKlass com/fasterxml/jackson/databind/AnnotationIntrospector
instanceKlass com/fasterxml/jackson/core/type/ResolvedType
instanceKlass com/fasterxml/jackson/databind/ser/SerializerFactory
instanceKlass com/fasterxml/jackson/databind/deser/DeserializerFactory
instanceKlass com/fasterxml/jackson/databind/DatabindContext
instanceKlass com/fasterxml/jackson/databind/jsontype/SubtypeResolver
instanceKlass com/fasterxml/jackson/core/JsonFactory
instanceKlass com/fasterxml/jackson/databind/cfg/HandlerInstantiator
instanceKlass com/fasterxml/jackson/databind/Module
instanceKlass org/springframework/http/converter/json/Jackson2ObjectMapperBuilder
instanceKlass com/fasterxml/jackson/core/PrettyPrinter
instanceKlass com/fasterxml/jackson/core/util/DefaultPrettyPrinter$Indenter
instanceKlass org/springframework/http/converter/GenericHttpMessageConverter
instanceKlass com/sun/org/apache/xalan/internal/utils/XMLSecurityManager
instanceKlass com/sun/org/apache/xalan/internal/utils/SecuritySupport$9
instanceKlass com/sun/org/apache/xalan/internal/utils/SecuritySupport$4
instanceKlass com/sun/org/apache/xalan/internal/utils/SecuritySupport
instanceKlass com/sun/org/apache/xalan/internal/utils/FeaturePropertyBase
instanceKlass jdk/xml/internal/JdkXmlFeatures
instanceKlass javax/xml/transform/ErrorListener
instanceKlass com/sun/org/apache/xalan/internal/xsltc/compiler/SourceLoader
instanceKlass javax/xml/transform/SecuritySupport$1
instanceKlass javax/xml/transform/FactoryFinder$1
instanceKlass javax/xml/transform/SecuritySupport$5
instanceKlass javax/xml/transform/SecuritySupport$2
instanceKlass javax/xml/transform/SecuritySupport
instanceKlass javax/xml/transform/FactoryFinder
instanceKlass javax/xml/transform/TransformerFactory
instanceKlass javax/xml/transform/stream/StreamSource
instanceKlass javax/xml/transform/stax/StAXSource
instanceKlass javax/xml/transform/sax/SAXSource
instanceKlass javax/xml/transform/dom/DOMSource
instanceKlass org/springframework/http/converter/xml/SourceHttpMessageConverter$$Lambda$198
instanceKlass javax/xml/stream/XMLResolver
instanceKlass java/lang/invoke/LambdaForm$DMH
instanceKlass org/springframework/http/converter/xml/SourceHttpMessageConverter$$Lambda$197
instanceKlass java/lang/invoke/LambdaForm$DMH
instanceKlass sun/invoke/util/VerifyAccess$1
instanceKlass javax/xml/transform/Result
instanceKlass org/springframework/core/log/CompositeLog$$Lambda$196
instanceKlass org/springframework/core/log/CompositeLog$$Lambda$195
instanceKlass org/springframework/core/log/CompositeLog$$Lambda$194
instanceKlass org/springframework/core/log/CompositeLog$$Lambda$193
instanceKlass org/springframework/core/log/CompositeLog$$Lambda$192
instanceKlass org/springframework/core/log/CompositeLog$$Lambda$191
instanceKlass org/apache/commons/logging/impl/NoOpLog
instanceKlass org/springframework/core/log/CompositeLog
instanceKlass org/springframework/core/log/LogDelegateFactory
instanceKlass org/springframework/http/HttpLogging
instanceKlass org/springframework/http/converter/AbstractHttpMessageConverter
instanceKlass com/fasterxml/jackson/core/JsonGenerator
instanceKlass javax/xml/bind/Binder
instanceKlass org/springframework/util/MimeType$SpecificityComparator
instanceKlass org/springframework/http/MediaType$$Lambda$190
instanceKlass org/springframework/util/MimeType$$Lambda$189
instanceKlass org/springframework/util/LinkedCaseInsensitiveMap
instanceKlass org/springframework/util/MimeType
instanceKlass org/springframework/http/HttpOutputMessage
instanceKlass org/springframework/http/HttpMessage
instanceKlass org/springframework/http/converter/FormHttpMessageConverter
instanceKlass org/springframework/http/converter/HttpMessageConverter
instanceKlass org/springframework/boot/autoconfigure/BackgroundPreinitializer$MessageConverterInitializer
instanceKlass org/hibernate/validator/internal/engine/ValidationContext$ValidatorScopedContext
instanceKlass javax/validation/groups/Default
instanceKlass javax/validation/valueextraction/ValueExtractor$ValueReceiver
instanceKlass javax/validation/Path$Node
instanceKlass javax/validation/Path
instanceKlass org/hibernate/validator/internal/engine/ValidatorImpl
instanceKlass javax/validation/executable/ExecutableValidator
instanceKlass org/hibernate/validator/group/GroupSequenceProvider
instanceKlass javax/validation/GroupSequence
instanceKlass org/hibernate/validator/internal/metadata/raw/BeanConfiguration
instanceKlass org/hibernate/validator/internal/metadata/location/BeanConstraintLocation
instanceKlass org/hibernate/validator/internal/util/privilegedactions/GetDeclaredConstructors
instanceKlass org/hibernate/validator/internal/metadata/provider/AnnotationMetaDataProvider$$Lambda$188
instanceKlass org/hibernate/validator/internal/metadata/core/MetaConstraint
instanceKlass org/hibernate/validator/internal/metadata/provider/AnnotationMetaDataProvider$$Lambda$187
instanceKlass org/hibernate/validator/internal/metadata/provider/AnnotationMetaDataProvider$TypeArgumentExecutableParameterLocation
instanceKlass org/hibernate/validator/internal/metadata/location/ParameterConstraintLocation
instanceKlass org/hibernate/validator/internal/metadata/location/ConstraintLocation
instanceKlass org/hibernate/validator/internal/metadata/core/AnnotationProcessingOptionsImpl$ExecutableParameterKey
instanceKlass org/hibernate/validator/internal/metadata/raw/AbstractConstrainedElement
instanceKlass org/hibernate/validator/internal/metadata/raw/ConstrainedElement
instanceKlass org/hibernate/validator/internal/util/TypeVariables
instanceKlass org/hibernate/validator/internal/metadata/aggregated/CascadingMetaData
instanceKlass org/hibernate/validator/internal/metadata/aggregated/CascadingMetaDataBuilder
instanceKlass javax/validation/groups/ConvertGroup$List
instanceKlass javax/validation/groups/ConvertGroup
instanceKlass javax/validation/Valid
instanceKlass org/hibernate/validator/internal/metadata/provider/AnnotationMetaDataProvider$TypeArgumentReturnValueLocation
instanceKlass java/util/stream/Collectors$$Lambda$186
instanceKlass java/util/stream/Collectors$$Lambda$185
instanceKlass java/util/stream/Collectors$$Lambda$184
instanceKlass org/hibernate/validator/internal/metadata/provider/AnnotationMetaDataProvider$$Lambda$183
instanceKlass sun/util/locale/provider/TimeZoneNameUtility$TimeZoneNameGetter
instanceKlass sun/util/locale/provider/TimeZoneNameUtility
instanceKlass org/hibernate/validator/internal/metadata/descriptor/ConstraintDescriptorImpl
instanceKlass org/hibernate/validator/internal/util/privilegedactions/GetDeclaredMethods
instanceKlass org/hibernate/validator/internal/util/privilegedactions/GetDeclaredFields
instanceKlass org/springframework/beans/factory/BeanFactoryUtils
instanceKlass org/hibernate/validator/internal/metadata/provider/AnnotationMetaDataProvider$TypeArgumentLocation
instanceKlass org/hibernate/validator/internal/metadata/provider/AnnotationMetaDataProvider
instanceKlass org/hibernate/validator/internal/util/logging/Messages_$bundle
instanceKlass org/springframework/boot/logging/DeferredLog$1
instanceKlass org/jboss/logging/Messages$1
instanceKlass org/springframework/boot/SpringApplicationRunListeners$$Lambda$182
instanceKlass org/springframework/beans/factory/support/BeanDefinitionReaderUtils
instanceKlass org/jboss/logging/Messages
instanceKlass org/hibernate/validator/internal/util/logging/Messages
instanceKlass org/springframework/context/annotation/Description
instanceKlass org/springframework/context/annotation/Role
instanceKlass org/hibernate/validator/internal/metadata/provider/ProgrammaticMetaDataProvider
instanceKlass org/hibernate/validator/internal/metadata/provider/MetaDataProvider
instanceKlass org/hibernate/validator/internal/metadata/aggregated/BeanMetaData
instanceKlass org/hibernate/validator/internal/metadata/facets/Validatable
instanceKlass org/hibernate/validator/internal/engine/ValidatorFactoryImpl$$Lambda$181
instanceKlass org/hibernate/validator/internal/metadata/BeanMetaDataManager
instanceKlass org/springframework/context/annotation/DependsOn
instanceKlass org/hibernate/validator/internal/engine/ValidatorFactoryImpl$BeanMetaDataManagerKey
instanceKlass org/springframework/context/annotation/Primary
instanceKlass org/springframework/context/annotation/Lazy
instanceKlass org/hibernate/validator/internal/util/logging/formatter/ClassObjectFormatter
instanceKlass org/hibernate/validator/internal/engine/groups/ValidationOrder
instanceKlass org/hibernate/validator/internal/engine/groups/ValidationOrderGenerator
instanceKlass org/hibernate/validator/internal/engine/constraintvalidation/ConstraintValidatorManager$1
instanceKlass org/springframework/core/type/AnnotationMetadata$$Lambda$180
instanceKlass org/springframework/core/type/AnnotationMetadata$$Lambda$179
instanceKlass org/springframework/core/type/AnnotationMetadata$$Lambda$178
instanceKlass javax/validation/metadata/ConstraintDescriptor
instanceKlass org/springframework/context/annotation/AnnotationBeanNameGenerator$$Lambda$177
instanceKlass org/hibernate/validator/internal/engine/constraintvalidation/ConstraintValidatorManager
instanceKlass org/springframework/core/annotation/AbstractMergedAnnotation$$Lambda$176
instanceKlass org/hibernate/validator/internal/engine/constraintvalidation/HibernateConstraintValidatorInitializationContextImpl
instanceKlass org/springframework/core/annotation/TypeMappedAnnotation$$Lambda$175
instanceKlass java/util/stream/Collectors$$Lambda$174
instanceKlass java/util/stream/Collectors$$Lambda$173
instanceKlass org/springframework/core/type/AnnotationMetadata$$Lambda$172
instanceKlass org/springframework/core/type/AnnotationMetadata$$Lambda$171
instanceKlass org/springframework/core/type/AnnotationMetadata$$Lambda$170
instanceKlass java/lang/invoke/LambdaForm$DMH
instanceKlass org/hibernate/validator/spi/scripting/ScriptEvaluator
instanceKlass org/springframework/core/annotation/TypeMappedAnnotations$Aggregate
instanceKlass org/hibernate/validator/spi/scripting/AbstractCachingScriptEvaluatorFactory
instanceKlass org/springframework/core/annotation/TypeMappedAnnotations$AggregatesCollector
instanceKlass org/springframework/core/annotation/TypeMappedAnnotations$AggregatesSpliterator
instanceKlass org/springframework/core/annotation/AnnotationTypeMappings$$Lambda$169
instanceKlass org/springframework/context/annotation/ScopeMetadata
instanceKlass org/springframework/boot/autoconfigure/AutoConfigurationPackages$Registrar
instanceKlass org/springframework/boot/context/annotation/DeterminableImports
instanceKlass org/springframework/context/annotation/ComponentScans
instanceKlass org/springframework/boot/autoconfigure/AutoConfigurationImportSelector
instanceKlass org/springframework/context/annotation/DeferredImportSelector
instanceKlass org/springframework/context/annotation/ImportSelector
instanceKlass org/springframework/boot/autoconfigure/AutoConfigurationExcludeFilter
instanceKlass org/springframework/boot/context/TypeExcludeFilter
instanceKlass java/lang/annotation/Repeatable
instanceKlass org/springframework/boot/autoconfigure/AutoConfigurationPackage
instanceKlass org/springframework/context/annotation/ComponentScan$Filter
instanceKlass org/springframework/boot/context/properties/EnableConfigurationPropertiesRegistrar
instanceKlass org/springframework/context/annotation/ImportBeanDefinitionRegistrar
instanceKlass org/springframework/core/annotation/AnnotationTypeMapping$$Lambda$168
instanceKlass org/springframework/core/annotation/AnnotationTypeMapping$$Lambda$167
instanceKlass org/springframework/core/annotation/TypeMappedAnnotations$IsPresent
instanceKlass org/springframework/context/annotation/Conditional
instanceKlass org/springframework/context/annotation/ImportResource
instanceKlass org/springframework/boot/context/properties/ConfigurationProperties
instanceKlass org/springframework/context/annotation/ComponentScan
instanceKlass org/springframework/boot/autoconfigure/EnableAutoConfiguration
instanceKlass org/springframework/boot/SpringBootConfiguration
instanceKlass org/springframework/boot/autoconfigure/SpringBootApplication
instanceKlass org/springframework/context/annotation/Import
instanceKlass org/springframework/boot/context/properties/EnableConfigurationProperties
instanceKlass org/springframework/context/annotation/Configuration
instanceKlass org/springframework/core/type/StandardClassMetadata
instanceKlass org/springframework/core/type/AnnotationMetadata
instanceKlass org/springframework/core/type/ClassMetadata
instanceKlass org/springframework/util/xml/XmlValidationModeDetector
instanceKlass org/springframework/util/xml/SimpleSaxErrorHandler
instanceKlass org/springframework/beans/factory/xml/DefaultDocumentLoader
instanceKlass org/springframework/beans/factory/parsing/NullSourceExtractor
instanceKlass org/springframework/beans/factory/parsing/EmptyReaderEventListener
instanceKlass org/springframework/beans/factory/parsing/FailFastProblemReporter
instanceKlass org/springframework/beans/factory/xml/DefaultBeanDefinitionDocumentReader
instanceKlass org/springframework/beans/factory/xml/BeanDefinitionDocumentReader
instanceKlass org/springframework/beans/factory/support/DefaultBeanNameGenerator
instanceKlass org/springframework/core/Constants
instanceKlass org/springframework/beans/factory/xml/NamespaceHandlerResolver
instanceKlass org/xml/sax/EntityResolver
instanceKlass org/xml/sax/ErrorHandler
instanceKlass org/springframework/beans/factory/xml/DocumentLoader
instanceKlass org/springframework/beans/factory/parsing/SourceExtractor
instanceKlass org/springframework/beans/factory/parsing/ReaderEventListener
instanceKlass org/springframework/beans/factory/parsing/ProblemReporter
instanceKlass org/springframework/beans/factory/support/AbstractBeanDefinitionReader
instanceKlass org/springframework/beans/factory/support/BeanDefinitionReader
instanceKlass org/springframework/boot/BeanDefinitionLoader
instanceKlass org/springframework/boot/SpringApplication$$Lambda$166
instanceKlass org/springframework/boot/StartupInfoLogger$$Lambda$165
instanceKlass org/springframework/boot/StartupInfoLogger$$Lambda$164
instanceKlass org/springframework/boot/StartupInfoLogger$$Lambda$163
instanceKlass org/springframework/boot/system/ApplicationHome
instanceKlass org/springframework/boot/StartupInfoLogger$$Lambda$162
instanceKlass org/springframework/boot/StartupInfoLogger$$Lambda$161
instanceKlass org/springframework/boot/StartupInfoLogger$$Lambda$160
instanceKlass org/springframework/boot/StartupInfoLogger$$Lambda$159
instanceKlass org/springframework/boot/StartupInfoLogger$$Lambda$158
instanceKlass org/springframework/boot/StartupInfoLogger
instanceKlass org/springframework/boot/SpringApplicationRunListeners$$Lambda$157
instanceKlass org/springframework/boot/autoconfigure/condition/ConditionEvaluationReport$AncestorsMatchedCondition
instanceKlass org/springframework/context/annotation/Condition
instanceKlass org/springframework/boot/autoconfigure/condition/ConditionEvaluationReport
instanceKlass org/springframework/boot/autoconfigure/logging/ConditionEvaluationReportLoggingListener$ConditionEvaluationReportListener
instanceKlass org/springframework/boot/rsocket/context/RSocketPortInfoApplicationContextInitializer$Listener
instanceKlass org/springframework/boot/context/ConfigurationWarningsApplicationContextInitializer$ComponentScanPackageCheck
instanceKlass org/springframework/boot/context/ConfigurationWarningsApplicationContextInitializer$Check
instanceKlass org/springframework/boot/context/ConfigurationWarningsApplicationContextInitializer$ConfigurationWarningsPostProcessor
instanceKlass org/springframework/beans/factory/support/DefaultListableBeanFactory$$Lambda$156
instanceKlass org/springframework/beans/factory/support/DefaultListableBeanFactory$$Lambda$155
instanceKlass org/springframework/boot/context/ContextIdApplicationContextInitializer$ContextId
instanceKlass org/springframework/boot/autoconfigure/SharedMetadataReaderFactoryContextInitializer$CachingMetadataReaderFactoryPostProcessor
instanceKlass org/springframework/context/index/CandidateComponentsIndexLoader$$Lambda$154
instanceKlass org/springframework/context/index/CandidateComponentsIndex
instanceKlass org/springframework/context/index/CandidateComponentsIndexLoader
instanceKlass org/springframework/core/io/DefaultResourceLoader$$Lambda$153
instanceKlass org/springframework/core/type/classreading/MetadataReader
instanceKlass org/springframework/core/type/classreading/SimpleMetadataReaderFactory
instanceKlass org/springframework/core/io/support/ResourcePatternUtils
instanceKlass javax/annotation/ManagedBean
instanceKlass java/util/zip/ZipUtils
instanceKlass java/util/zip/CRC32
instanceKlass java/util/zip/Checksum
instanceKlass java/lang/Package$1
instanceKlass org/springframework/stereotype/Indexed
instanceKlass org/springframework/stereotype/Component
instanceKlass org/springframework/core/type/filter/AbstractTypeHierarchyTraversingFilter
instanceKlass org/springframework/core/type/filter/TypeFilter
instanceKlass org/springframework/beans/factory/support/BeanDefinitionDefaults
instanceKlass org/springframework/core/type/classreading/MetadataReaderFactory
instanceKlass org/springframework/context/annotation/ClassPathScanningCandidateComponentProvider
instanceKlass org/springframework/context/event/DefaultEventListenerFactory
instanceKlass org/springframework/context/event/EventListenerFactory
instanceKlass org/springframework/context/event/EventListenerMethodProcessor
instanceKlass org/springframework/beans/factory/SmartInitializingSingleton
instanceKlass org/springframework/beans/factory/annotation/InitDestroyAnnotationBeanPostProcessor
instanceKlass org/springframework/beans/factory/config/DestructionAwareBeanPostProcessor
instanceKlass org/springframework/beans/factory/annotation/AutowiredAnnotationBeanPostProcessor
instanceKlass org/springframework/beans/factory/support/MergedBeanDefinitionPostProcessor
instanceKlass org/springframework/beans/factory/config/SmartInstantiationAwareBeanPostProcessor
instanceKlass org/springframework/beans/factory/config/InstantiationAwareBeanPostProcessor
instanceKlass org/springframework/beans/factory/config/BeanDefinitionHolder
instanceKlass org/springframework/beans/factory/support/DefaultListableBeanFactory$$Lambda$152
instanceKlass org/springframework/beans/factory/support/DefaultListableBeanFactory$$Lambda$151
instanceKlass org/springframework/beans/factory/support/MethodOverrides
instanceKlass org/springframework/context/annotation/ConfigurationClassPostProcessor
instanceKlass org/springframework/context/EnvironmentAware
instanceKlass org/springframework/context/ApplicationStartupAware
instanceKlass org/springframework/context/ResourceLoaderAware
instanceKlass org/springframework/beans/factory/support/BeanDefinitionRegistryPostProcessor
instanceKlass org/springframework/beans/factory/annotation/Qualifier
instanceKlass org/springframework/beans/factory/annotation/Value
instanceKlass org/springframework/aop/TargetSource
instanceKlass javax/annotation/Resource
instanceKlass org/springframework/context/annotation/AnnotationConfigUtils
instanceKlass org/springframework/context/annotation/ConditionEvaluator$ConditionContextImpl
instanceKlass org/springframework/context/annotation/ConditionContext
instanceKlass org/springframework/context/annotation/ConditionEvaluator
instanceKlass org/springframework/context/annotation/Scope
instanceKlass org/springframework/context/annotation/AnnotationScopeMetadataResolver
instanceKlass org/springframework/context/annotation/AnnotationBeanNameGenerator
instanceKlass org/springframework/beans/factory/annotation/AnnotatedBeanDefinition
instanceKlass org/springframework/core/type/AnnotatedTypeMetadata
instanceKlass org/springframework/context/annotation/ScopeMetadataResolver
instanceKlass org/springframework/beans/factory/support/BeanNameGenerator
instanceKlass org/springframework/context/annotation/AnnotatedBeanDefinitionReader
instanceKlass org/springframework/beans/factory/support/SimpleAutowireCandidateResolver
instanceKlass org/springframework/beans/factory/support/SimpleInstantiationStrategy
instanceKlass org/springframework/beans/factory/BeanNameAware
instanceKlass org/hibernate/validator/internal/util/ExecutableParameterNameProvider
instanceKlass javax/el/Util$CacheKey
instanceKlass javax/el/ELContext
instanceKlass javax/el/ELManager
instanceKlass javax/el/ELResolver
instanceKlass javax/el/Expression
instanceKlass javax/el/ExpressionFactory$CacheKey
instanceKlass javax/el/Util$CacheValue
instanceKlass javax/el/Util
instanceKlass javax/el/ExpressionFactory$CacheValue
instanceKlass javax/el/ExpressionFactory
instanceKlass org/hibernate/validator/internal/util/ConcurrentReferenceHashMap$HashEntry
instanceKlass org/hibernate/validator/messageinterpolation/AbstractMessageInterpolator
instanceKlass org/hibernate/validator/constraintvalidation/HibernateConstraintValidatorInitializationContext
instanceKlass org/hibernate/validator/internal/engine/ValidatorFactoryImpl$ValidatorFactoryScopedContext
instanceKlass org/hibernate/validator/internal/metadata/aggregated/rule/MethodConfigurationRule
instanceKlass org/hibernate/validator/internal/engine/MethodValidationConfiguration
instanceKlass org/hibernate/validator/internal/util/StringHelper
instanceKlass org/hibernate/validator/internal/metadata/core/AnnotationProcessingOptionsImpl
instanceKlass org/hibernate/validator/internal/metadata/core/AnnotationProcessingOptions
instanceKlass org/hibernate/validator/cfg/context/ConstraintDefinitionContext
instanceKlass org/hibernate/validator/cfg/context/TypeConstraintMappingContext
instanceKlass org/hibernate/validator/cfg/context/AnnotationIgnoreOptions
instanceKlass org/hibernate/validator/cfg/context/AnnotationProcessingOptions
instanceKlass org/hibernate/validator/cfg/context/ConstructorTarget
instanceKlass org/hibernate/validator/cfg/context/MethodTarget
instanceKlass org/hibernate/validator/cfg/context/PropertyTarget
instanceKlass org/hibernate/validator/cfg/context/ConstraintMappingTarget
instanceKlass org/hibernate/validator/cfg/context/ConstraintDefinitionTarget
instanceKlass org/hibernate/validator/cfg/context/TypeTarget
instanceKlass org/hibernate/validator/cfg/context/Constrainable
instanceKlass org/hibernate/validator/internal/cfg/context/DefaultConstraintMapping
instanceKlass org/hibernate/validator/internal/engine/ValidatorFactoryImpl$DefaultConstraintMappingBuilder
instanceKlass org/hibernate/validator/internal/engine/ServiceLoaderBasedConstraintMappingContributor
instanceKlass com/fasterxml/classmate/Filter
instanceKlass org/hibernate/validator/internal/util/ExecutableHelper
instanceKlass com/fasterxml/classmate/util/ResolvedTypeCache
instanceKlass com/fasterxml/classmate/util/ClassKey
instanceKlass com/fasterxml/classmate/TypeBindings
instanceKlass com/fasterxml/classmate/members/RawMember
instanceKlass com/fasterxml/classmate/ResolvedType
instanceKlass com/fasterxml/classmate/TypeResolver
instanceKlass org/hibernate/validator/internal/util/TypeResolutionHelper
instanceKlass org/hibernate/validator/internal/constraintvalidators/hv/URLValidator
instanceKlass org/hibernate/validator/constraints/URL
instanceKlass org/hibernate/validator/internal/constraintvalidators/hv/UniqueElementsValidator
instanceKlass org/hibernate/validator/constraints/UniqueElements
instanceKlass org/hibernate/validator/constraints/ScriptAssert
instanceKlass org/hibernate/validator/internal/constraintvalidators/hv/SafeHtmlValidator
instanceKlass org/hibernate/validator/constraints/SafeHtml
instanceKlass org/hibernate/validator/internal/constraintvalidators/hv/AbstractScriptAssertValidator
instanceKlass org/hibernate/validator/constraints/ParameterScriptAssert
instanceKlass org/hibernate/validator/internal/constraintvalidators/hv/NotBlankValidator
instanceKlass org/hibernate/validator/constraints/NotBlank
instanceKlass org/hibernate/validator/constraints/pl/PESEL
instanceKlass org/hibernate/validator/constraints/pl/NIP
instanceKlass org/hibernate/validator/constraints/pl/REGON
instanceKlass org/hibernate/validator/constraints/Mod11Check
instanceKlass org/hibernate/validator/constraints/Mod10Check
instanceKlass org/hibernate/validator/constraints/LuhnCheck
instanceKlass org/hibernate/validator/internal/constraintvalidators/hv/ModCheckBase
instanceKlass org/hibernate/validator/constraints/ModCheck
instanceKlass org/hibernate/validator/internal/constraintvalidators/hv/CodePointLengthValidator
instanceKlass org/hibernate/validator/constraints/CodePointLength
instanceKlass org/hibernate/validator/internal/constraintvalidators/hv/LengthValidator
instanceKlass org/hibernate/validator/constraints/Length
instanceKlass org/hibernate/validator/constraints/Email
instanceKlass org/hibernate/validator/internal/constraintvalidators/hv/EANValidator
instanceKlass org/hibernate/validator/constraints/EAN
instanceKlass org/hibernate/validator/internal/constraintvalidators/hv/time/DurationMinValidator
instanceKlass org/hibernate/validator/constraints/time/DurationMin
instanceKlass org/hibernate/validator/internal/constraintvalidators/hv/time/DurationMaxValidator
instanceKlass org/hibernate/validator/constraints/time/DurationMax
instanceKlass org/hibernate/validator/internal/constraintvalidators/hv/br/CPFValidator
instanceKlass org/hibernate/validator/constraints/br/CPF
instanceKlass org/hibernate/validator/internal/constraintvalidators/hv/br/CNPJValidator
instanceKlass org/hibernate/validator/constraints/br/CNPJ
instanceKlass javax/validation/constraints/Size
instanceKlass org/hibernate/validator/internal/constraintvalidators/bv/size/SizeValidatorForArraysOfPrimitives
instanceKlass org/hibernate/validator/internal/constraintvalidators/bv/size/SizeValidatorForMap
instanceKlass org/hibernate/validator/internal/constraintvalidators/bv/size/SizeValidatorForArray
instanceKlass org/hibernate/validator/internal/constraintvalidators/bv/size/SizeValidatorForCollection
instanceKlass org/hibernate/validator/internal/constraintvalidators/bv/size/SizeValidatorForCharSequence
instanceKlass org/hibernate/validator/internal/constraintvalidators/bv/number/sign/PositiveOrZeroValidatorForNumber
instanceKlass org/hibernate/validator/internal/constraintvalidators/bv/number/sign/PositiveOrZeroValidatorForByte
instanceKlass org/hibernate/validator/internal/constraintvalidators/bv/number/sign/PositiveOrZeroValidatorForShort
instanceKlass org/hibernate/validator/internal/constraintvalidators/bv/number/sign/PositiveOrZeroValidatorForInteger
instanceKlass org/hibernate/validator/internal/constraintvalidators/bv/number/sign/PositiveOrZeroValidatorForLong
instanceKlass org/hibernate/validator/internal/constraintvalidators/bv/number/sign/PositiveOrZeroValidatorForFloat
instanceKlass org/hibernate/validator/internal/constraintvalidators/bv/number/sign/PositiveOrZeroValidatorForDouble
instanceKlass org/hibernate/validator/internal/constraintvalidators/bv/number/sign/PositiveOrZeroValidatorForBigInteger
instanceKlass org/hibernate/validator/internal/constraintvalidators/bv/number/sign/PositiveOrZeroValidatorForBigDecimal
instanceKlass javax/validation/constraints/PositiveOrZero
instanceKlass org/hibernate/validator/internal/constraintvalidators/bv/number/sign/PositiveValidatorForNumber
instanceKlass org/hibernate/validator/internal/constraintvalidators/bv/number/sign/PositiveValidatorForByte
instanceKlass org/hibernate/validator/internal/constraintvalidators/bv/number/sign/PositiveValidatorForShort
instanceKlass org/hibernate/validator/internal/constraintvalidators/bv/number/sign/PositiveValidatorForInteger
instanceKlass org/hibernate/validator/internal/constraintvalidators/bv/number/sign/PositiveValidatorForLong
instanceKlass org/hibernate/validator/internal/constraintvalidators/bv/number/sign/PositiveValidatorForFloat
instanceKlass org/hibernate/validator/internal/constraintvalidators/bv/number/sign/PositiveValidatorForDouble
instanceKlass org/hibernate/validator/internal/constraintvalidators/bv/number/sign/PositiveValidatorForBigInteger
instanceKlass org/hibernate/validator/internal/constraintvalidators/bv/number/sign/PositiveValidatorForBigDecimal
instanceKlass javax/validation/constraints/Positive
instanceKlass org/hibernate/validator/internal/constraintvalidators/bv/PatternValidator
instanceKlass javax/validation/constraints/Pattern
instanceKlass javax/validation/constraints/PastOrPresent
instanceKlass javax/validation/constraints/Past
instanceKlass org/hibernate/validator/internal/constraintvalidators/bv/NullValidator
instanceKlass javax/validation/constraints/Null
instanceKlass org/hibernate/validator/internal/constraintvalidators/bv/NotNullValidator
instanceKlass javax/validation/constraints/NotNull
instanceKlass javax/validation/constraints/NotEmpty
instanceKlass org/hibernate/validator/internal/constraintvalidators/bv/notempty/NotEmptyValidatorForArraysOfShort
instanceKlass org/hibernate/validator/internal/constraintvalidators/bv/notempty/NotEmptyValidatorForArraysOfLong
instanceKlass org/hibernate/validator/internal/constraintvalidators/bv/notempty/NotEmptyValidatorForArraysOfInt
instanceKlass org/hibernate/validator/internal/constraintvalidators/bv/notempty/NotEmptyValidatorForArraysOfFloat
instanceKlass org/hibernate/validator/internal/constraintvalidators/bv/notempty/NotEmptyValidatorForArraysOfDouble
instanceKlass org/hibernate/validator/internal/constraintvalidators/bv/notempty/NotEmptyValidatorForArraysOfChar
instanceKlass org/hibernate/validator/internal/constraintvalidators/bv/notempty/NotEmptyValidatorForArraysOfByte
instanceKlass org/hibernate/validator/internal/constraintvalidators/bv/notempty/NotEmptyValidatorForArraysOfBoolean
instanceKlass org/hibernate/validator/internal/constraintvalidators/bv/notempty/NotEmptyValidatorForMap
instanceKlass org/hibernate/validator/internal/constraintvalidators/bv/notempty/NotEmptyValidatorForArray
instanceKlass org/hibernate/validator/internal/constraintvalidators/bv/notempty/NotEmptyValidatorForCollection
instanceKlass org/hibernate/validator/internal/constraintvalidators/bv/notempty/NotEmptyValidatorForCharSequence
instanceKlass org/hibernate/validator/internal/constraintvalidators/bv/NotBlankValidator
instanceKlass javax/validation/constraints/NotBlank
instanceKlass org/hibernate/validator/internal/constraintvalidators/bv/number/sign/NegativeOrZeroValidatorForNumber
instanceKlass org/hibernate/validator/internal/constraintvalidators/bv/number/sign/NegativeOrZeroValidatorForByte
instanceKlass org/hibernate/validator/internal/constraintvalidators/bv/number/sign/NegativeOrZeroValidatorForShort
instanceKlass org/hibernate/validator/internal/constraintvalidators/bv/number/sign/NegativeOrZeroValidatorForInteger
instanceKlass org/hibernate/validator/internal/constraintvalidators/bv/number/sign/NegativeOrZeroValidatorForLong
instanceKlass org/hibernate/validator/internal/constraintvalidators/bv/number/sign/NegativeOrZeroValidatorForFloat
instanceKlass org/hibernate/validator/internal/constraintvalidators/bv/number/sign/NegativeOrZeroValidatorForDouble
instanceKlass org/hibernate/validator/internal/constraintvalidators/bv/number/sign/NegativeOrZeroValidatorForBigInteger
instanceKlass org/hibernate/validator/internal/constraintvalidators/bv/number/sign/NegativeOrZeroValidatorForBigDecimal
instanceKlass javax/validation/constraints/NegativeOrZero
instanceKlass org/hibernate/validator/internal/constraintvalidators/bv/number/sign/NegativeValidatorForNumber
instanceKlass org/hibernate/validator/internal/constraintvalidators/bv/number/sign/NegativeValidatorForByte
instanceKlass org/hibernate/validator/internal/constraintvalidators/bv/number/sign/NegativeValidatorForShort
instanceKlass org/hibernate/validator/internal/constraintvalidators/bv/number/sign/NegativeValidatorForInteger
instanceKlass org/hibernate/validator/internal/constraintvalidators/bv/number/sign/NegativeValidatorForLong
instanceKlass org/hibernate/validator/internal/constraintvalidators/bv/number/sign/NegativeValidatorForFloat
instanceKlass org/hibernate/validator/internal/constraintvalidators/bv/number/sign/NegativeValidatorForDouble
instanceKlass org/hibernate/validator/internal/constraintvalidators/bv/number/sign/NegativeValidatorForBigInteger
instanceKlass org/hibernate/validator/internal/constraintvalidators/bv/number/sign/NegativeValidatorForBigDecimal
instanceKlass javax/validation/constraints/Negative
instanceKlass org/hibernate/validator/internal/constraintvalidators/bv/MinValidatorForCharSequence
instanceKlass org/hibernate/validator/internal/constraintvalidators/bv/number/bound/AbstractMinValidator
instanceKlass javax/validation/constraints/Min
instanceKlass org/hibernate/validator/internal/constraintvalidators/bv/MaxValidatorForCharSequence
instanceKlass org/hibernate/validator/internal/constraintvalidators/bv/number/bound/AbstractMaxValidator
instanceKlass javax/validation/constraints/Max
instanceKlass org/hibernate/validator/internal/constraintvalidators/hv/ISBNValidator
instanceKlass org/hibernate/validator/constraints/ISBN
instanceKlass javax/validation/constraints/FutureOrPresent
instanceKlass java/time/chrono/ChronoLocalDateImpl
instanceKlass javax/validation/constraints/Future
instanceKlass org/hibernate/validator/internal/constraintvalidators/bv/time/AbstractJavaTimeValidator
instanceKlass org/hibernate/validator/internal/constraintvalidators/bv/time/AbstractInstantBasedTimeValidator
instanceKlass org/hibernate/validator/constraintvalidation/HibernateConstraintValidator
instanceKlass org/hibernate/validator/internal/constraintvalidators/AbstractEmailValidator
instanceKlass javax/validation/constraints/Email
instanceKlass org/hibernate/validator/internal/metadata/core/ConstraintHelper$$Lambda$150
instanceKlass org/hibernate/validator/internal/constraintvalidators/bv/DigitsValidatorForNumber
instanceKlass org/hibernate/validator/internal/constraintvalidators/bv/DigitsValidatorForCharSequence
instanceKlass javax/validation/constraints/Digits
instanceKlass org/hibernate/validator/internal/constraintvalidators/bv/DecimalMinValidatorForCharSequence
instanceKlass org/hibernate/validator/internal/constraintvalidators/bv/number/bound/decimal/AbstractDecimalMinValidator
instanceKlass javax/validation/constraints/DecimalMin
instanceKlass org/hibernate/validator/internal/metadata/core/ConstraintHelper$$Lambda$149
instanceKlass org/hibernate/validator/internal/constraintvalidators/bv/DecimalMaxValidatorForCharSequence
instanceKlass org/hibernate/validator/internal/constraintvalidators/bv/number/bound/decimal/AbstractDecimalMaxValidator
instanceKlass javax/validation/constraints/DecimalMax
instanceKlass org/hibernate/validator/internal/constraintvalidators/bv/AssertTrueValidator
instanceKlass javax/validation/constraints/AssertTrue
instanceKlass javax/validation/constraintvalidation/SupportedValidationTarget
instanceKlass org/hibernate/validator/internal/engine/constraintvalidation/ClassBasedValidatorDescriptor
instanceKlass org/hibernate/validator/internal/engine/constraintvalidation/ConstraintValidatorDescriptor
instanceKlass org/hibernate/validator/internal/constraintvalidators/bv/AssertFalseValidator
instanceKlass javax/validation/ConstraintValidator
instanceKlass javax/validation/constraints/AssertFalse
instanceKlass org/hibernate/validator/internal/metadata/core/ConstraintHelper$ValidatorDescriptorMap
instanceKlass org/hibernate/validator/internal/metadata/core/ConstraintHelper
instanceKlass org/hibernate/validator/internal/engine/valueextraction/ValueExtractorResolver
instanceKlass java/util/stream/Collectors$$Lambda$148
instanceKlass java/util/stream/Collectors$$Lambda$147
instanceKlass java/util/stream/Collectors$$Lambda$146
instanceKlass org/hibernate/validator/internal/engine/ConfigurationImpl$$Lambda$145
instanceKlass java/util/HashMap$HashMapSpliterator
instanceKlass java/util/OptionalLong
instanceKlass org/hibernate/validator/internal/engine/valueextraction/OptionalLongValueExtractor
instanceKlass java/util/OptionalDouble
instanceKlass org/hibernate/validator/internal/engine/valueextraction/OptionalDoubleValueExtractor
instanceKlass org/hibernate/validator/internal/engine/valueextraction/AnnotatedObject
instanceKlass java/util/OptionalInt
instanceKlass org/hibernate/validator/internal/engine/valueextraction/OptionalIntValueExtractor
instanceKlass org/hibernate/validator/internal/engine/valueextraction/OptionalValueExtractor
instanceKlass org/hibernate/validator/internal/engine/valueextraction/IterableValueExtractor
instanceKlass org/hibernate/validator/internal/engine/valueextraction/MapKeyExtractor
instanceKlass org/hibernate/validator/internal/engine/valueextraction/MapValueExtractor
instanceKlass org/hibernate/validator/internal/engine/valueextraction/ListValueExtractor
instanceKlass org/hibernate/validator/internal/engine/valueextraction/ObjectArrayValueExtractor
instanceKlass sun/reflect/generics/tree/BooleanSignature
instanceKlass org/hibernate/validator/internal/engine/valueextraction/BooleanArrayValueExtractor
instanceKlass org/hibernate/validator/internal/engine/valueextraction/CharArrayValueExtractor
instanceKlass sun/reflect/generics/tree/DoubleSignature
instanceKlass org/hibernate/validator/internal/engine/valueextraction/DoubleArrayValueExtractor
instanceKlass sun/reflect/generics/tree/FloatSignature
instanceKlass org/hibernate/validator/internal/engine/valueextraction/FloatArrayValueExtractor
instanceKlass sun/reflect/generics/tree/LongSignature
instanceKlass org/hibernate/validator/internal/engine/valueextraction/LongArrayValueExtractor
instanceKlass org/hibernate/validator/internal/engine/valueextraction/IntArrayValueExtractor
instanceKlass sun/reflect/generics/tree/ShortSignature
instanceKlass org/hibernate/validator/internal/engine/valueextraction/ShortArrayValueExtractor
instanceKlass org/hibernate/validator/internal/engine/valueextraction/ArrayElement
instanceKlass java/lang/reflect/AnnotatedArrayType
instanceKlass org/hibernate/validator/internal/engine/valueextraction/ByteArrayValueExtractor
instanceKlass org/hibernate/validator/internal/engine/valueextraction/ReadOnlySetPropertyValueExtractor
instanceKlass javafx/beans/binding/SetExpression
instanceKlass javafx/beans/value/ObservableSetValue
instanceKlass javafx/beans/value/WritableSetValue
instanceKlass javafx/collections/ObservableSet
instanceKlass org/hibernate/validator/internal/engine/valueextraction/SetPropertyValueExtractor
instanceKlass org/hibernate/validator/internal/engine/valueextraction/ReadOnlyMapPropertyKeyExtractor
instanceKlass org/hibernate/validator/internal/engine/valueextraction/MapPropertyKeyExtractor
instanceKlass org/hibernate/validator/internal/engine/valueextraction/ReadOnlyMapPropertyValueExtractor
instanceKlass javafx/beans/binding/MapExpression
instanceKlass javafx/beans/value/ObservableMapValue
instanceKlass javafx/beans/value/WritableMapValue
instanceKlass javafx/collections/ObservableMap
instanceKlass org/hibernate/validator/internal/engine/valueextraction/MapPropertyValueExtractor
instanceKlass org/hibernate/validator/internal/engine/valueextraction/ReadOnlyListPropertyValueExtractor
instanceKlass javafx/beans/binding/ListExpression
instanceKlass javafx/beans/value/ObservableListValue
instanceKlass javafx/beans/value/ObservableObjectValue
instanceKlass javafx/beans/value/WritableListValue
instanceKlass javafx/collections/ObservableList
instanceKlass javafx/beans/value/WritableObjectValue
instanceKlass javafx/beans/property/Property
instanceKlass javafx/beans/value/WritableValue
instanceKlass javafx/beans/property/ReadOnlyProperty
instanceKlass org/hibernate/validator/internal/engine/valueextraction/ListPropertyValueExtractor
instanceKlass javax/validation/valueextraction/UnwrapByDefault
instanceKlass java/lang/reflect/AnnotatedWildcardType
instanceKlass org/hibernate/validator/internal/util/TypeHelper
instanceKlass org/hibernate/validator/internal/engine/valueextraction/ValueExtractorDescriptor$Key
instanceKlass org/hibernate/validator/internal/util/ReflectionHelper
instanceKlass java/lang/reflect/AnnotatedParameterizedType
instanceKlass javax/validation/valueextraction/ExtractedValue
instanceKlass sun/reflect/annotation/TypeAnnotation$TypeAnnotationTargetInfo
instanceKlass sun/reflect/annotation/TypeAnnotation$LocationInfo$Location
instanceKlass sun/reflect/annotation/TypeAnnotation$LocationInfo
instanceKlass sun/reflect/annotation/AnnotatedTypeFactory$AnnotatedTypeBaseImpl
instanceKlass sun/reflect/annotation/AnnotatedTypeFactory
instanceKlass sun/reflect/annotation/TypeAnnotation
instanceKlass sun/reflect/annotation/TypeAnnotationParser
instanceKlass org/hibernate/validator/internal/engine/valueextraction/ValueExtractorDescriptor
instanceKlass org/hibernate/validator/internal/engine/valueextraction/ObservableValueValueExtractor
instanceKlass javafx/beans/value/ObservableValue
instanceKlass javafx/beans/Observable
instanceKlass org/hibernate/validator/internal/engine/valueextraction/ValueExtractorManager
instanceKlass javax/validation/Validator
instanceKlass org/hibernate/validator/HibernateValidatorContext
instanceKlass org/hibernate/validator/spi/cfg/ConstraintMappingContributor
instanceKlass org/hibernate/validator/spi/cfg/ConstraintMappingContributor$ConstraintMappingBuilder
instanceKlass org/hibernate/validator/spi/scripting/ScriptEvaluatorFactory
instanceKlass javax/validation/ValidatorContext
instanceKlass org/hibernate/validator/internal/engine/ValidatorFactoryImpl
instanceKlass org/hibernate/validator/HibernateValidatorFactory
instanceKlass org/hibernate/validator/internal/xml/config/BootstrapConfigurationImpl
instanceKlass javax/validation/BootstrapConfiguration
instanceKlass org/apache/logging/log4j/message/ObjectMessage
instanceKlass org/hibernate/validator/internal/xml/config/ResourceLoaderHelper
instanceKlass org/hibernate/validator/internal/xml/config/ValidationXmlParser
instanceKlass org/hibernate/validator/internal/util/privilegedactions/GetInstancesFromServiceLoader
instanceKlass javax/validation/valueextraction/ValueExtractor
instanceKlass org/hibernate/validator/internal/util/privilegedactions/GetClassLoader
instanceKlass org/hibernate/validator/internal/engine/DefaultClockProvider
instanceKlass org/hibernate/validator/internal/engine/DefaultParameterNameProvider
instanceKlass org/hibernate/validator/internal/engine/constraintvalidation/ConstraintValidatorFactoryImpl
instanceKlass org/hibernate/validator/internal/engine/resolver/TraverseAllTraversableResolver
instanceKlass org/hibernate/validator/internal/util/privilegedactions/LoadClass
instanceKlass javax/validation/TraversableResolver
instanceKlass org/hibernate/validator/internal/engine/resolver/TraversableResolvers
instanceKlass org/hibernate/validator/internal/util/Contracts
instanceKlass org/hibernate/validator/internal/util/privilegedactions/GetMethod
instanceKlass org/hibernate/validator/resourceloading/PlatformResourceBundleLocator
instanceKlass org/hibernate/validator/internal/xml/config/ValidationBootstrapParameters
instanceKlass org/hibernate/validator/internal/engine/MethodValidationConfiguration$Builder
instanceKlass org/hibernate/validator/internal/util/CollectionHelper
instanceKlass org/apache/logging/log4j/core/layout/ByteBufferDestinationHelper
instanceKlass org/apache/logging/log4j/core/layout/TextEncoderHelper
instanceKlass org/apache/logging/log4j/message/StringFormattedMessage
instanceKlass org/jboss/logging/Log4j2LoggerProvider
instanceKlass org/jboss/logging/LoggerProviders$1
instanceKlass org/jboss/logging/LoggerProvider
instanceKlass org/jboss/logging/LoggerProviders
instanceKlass org/jboss/logging/DelegatingBasicLogger
instanceKlass org/jboss/logging/Logger$1
instanceKlass org/jboss/logging/LoggingLocale$1
instanceKlass org/jboss/logging/LoggingLocale
instanceKlass org/jboss/logging/Logger
instanceKlass org/hibernate/validator/internal/util/logging/Log
instanceKlass org/jboss/logging/BasicLogger
instanceKlass org/hibernate/validator/internal/util/logging/LoggerFactory
instanceKlass org/hibernate/validator/internal/util/Version
instanceKlass javax/validation/MessageInterpolator
instanceKlass org/hibernate/validator/cfg/ConstraintMapping
instanceKlass javax/validation/ClockProvider
instanceKlass javax/validation/ParameterNameProvider
instanceKlass javax/validation/ConstraintValidatorFactory
instanceKlass org/hibernate/validator/spi/resourceloading/ResourceBundleLocator
instanceKlass org/springframework/beans/factory/ObjectProvider
instanceKlass org/springframework/beans/factory/ObjectFactory
instanceKlass org/springframework/core/OrderComparator$OrderSourceProvider
instanceKlass org/springframework/beans/factory/support/AutowireCandidateResolver
instanceKlass org/springframework/core/AttributeAccessorSupport
instanceKlass org/hibernate/validator/internal/engine/ConfigurationImpl
instanceKlass javax/validation/spi/ConfigurationState
instanceKlass org/hibernate/validator/HibernateValidatorConfiguration
instanceKlass javax/validation/ValidatorFactory
instanceKlass javax/validation/Configuration
instanceKlass org/hibernate/validator/HibernateValidator
instanceKlass org/springframework/util/ReflectionUtils$MethodCallback
instanceKlass org/springframework/beans/PropertyValues
instanceKlass org/springframework/beans/BeanWrapper
instanceKlass org/springframework/beans/ConfigurablePropertyAccessor
instanceKlass org/springframework/beans/PropertyAccessor
instanceKlass javax/validation/spi/ValidationProvider
instanceKlass javax/validation/Validation$GetValidationProviderListAction
instanceKlass org/springframework/beans/factory/InjectionPoint
instanceKlass javax/validation/Validation$DefaultValidationProviderResolver
instanceKlass javax/validation/ValidationProviderResolver
instanceKlass org/springframework/beans/factory/support/InstantiationStrategy
instanceKlass javax/validation/Validation$GenericBootstrapImpl
instanceKlass javax/validation/spi/BootstrapState
instanceKlass javax/validation/bootstrap/ProviderSpecificBootstrap
instanceKlass javax/validation/bootstrap/GenericBootstrap
instanceKlass javax/validation/Validation
instanceKlass org/springframework/boot/autoconfigure/BackgroundPreinitializer$ValidationInitializer
instanceKlass org/springframework/beans/factory/DisposableBean
instanceKlass org/springframework/core/SimpleAliasRegistry
instanceKlass org/springframework/boot/autoconfigure/BackgroundPreinitializer$ConversionServiceInitializer
instanceKlass org/springframework/beans/factory/config/Scope
instanceKlass org/springframework/beans/factory/config/BeanDefinition
instanceKlass org/springframework/beans/BeanMetadataElement
instanceKlass org/springframework/core/AttributeAccessor
instanceKlass org/springframework/beans/factory/config/ConfigurableListableBeanFactory
instanceKlass org/springframework/beans/factory/config/ConfigurableBeanFactory
instanceKlass org/springframework/beans/factory/config/SingletonBeanRegistry
instanceKlass org/springframework/context/LifecycleProcessor
instanceKlass org/springframework/core/SmartClassLoader
instanceKlass org/springframework/beans/factory/config/BeanPostProcessor
instanceKlass org/springframework/beans/PropertyEditorRegistrar
instanceKlass org/springframework/beans/factory/config/BeanExpressionResolver
instanceKlass org/springframework/beans/factory/config/AutowireCapableBeanFactory
instanceKlass org/springframework/beans/factory/support/BeanDefinitionRegistry
instanceKlass org/springframework/core/AliasRegistry
instanceKlass org/springframework/ui/context/ThemeSource
instanceKlass org/springframework/boot/web/context/ConfigurableWebServerApplicationContext
instanceKlass org/springframework/boot/web/context/WebServerApplicationContext
instanceKlass org/springframework/context/annotation/AnnotationConfigRegistry
instanceKlass org/springframework/boot/web/servlet/context/AnnotationConfigServletWebServerApplicationContext$Factory
instanceKlass org/springframework/boot/web/reactive/context/AnnotationConfigReactiveWebServerApplicationContext$Factory
instanceKlass org/springframework/boot/SpringApplicationBannerPrinter$PrintedBanner
instanceKlass java/io/Console$2
instanceKlass sun/misc/JavaIOAccess
instanceKlass java/io/Console$1
instanceKlass org/springframework/boot/SpringBootVersion
instanceKlass org/springframework/core/io/ContextResource
instanceKlass org/springframework/boot/SpringApplicationBannerPrinter$Banners
instanceKlass org/springframework/boot/SpringBootBanner
instanceKlass org/springframework/boot/Banner
instanceKlass org/springframework/boot/SpringApplicationBannerPrinter
instanceKlass org/springframework/boot/EnvironmentConverter
instanceKlass org/springframework/boot/context/properties/bind/Bindable$$Lambda$144
instanceKlass org/springframework/boot/context/properties/bind/Bindable$$Lambda$143
instanceKlass org/springframework/boot/autoconfigure/BackgroundPreinitializer$1
instanceKlass org/springframework/boot/logging/log4j2/Log4J2LoggingSystem$$Lambda$142
instanceKlass org/springframework/boot/context/logging/LoggingApplicationListener$$Lambda$141
instanceKlass org/springframework/boot/context/logging/LoggingApplicationListener$$Lambda$140
instanceKlass org/springframework/boot/context/logging/LoggingApplicationListener$$Lambda$139
instanceKlass org/springframework/boot/context/logging/LoggingApplicationListener$$Lambda$138
instanceKlass java/lang/invoke/LambdaForm$DMH
instanceKlass org/apache/logging/log4j/message/ParameterizedNoReferenceMessageFactory$StatusMessage
instanceKlass org/apache/logging/log4j/message/ParameterFormatter$$Lambda$137
instanceKlass java/lang/invoke/LambdaForm$DMH
instanceKlass org/apache/logging/log4j/message/ParameterFormatter
instanceKlass org/apache/logging/log4j/message/ParameterizedMessage
instanceKlass org/springframework/boot/logging/LoggingInitializationContext
instanceKlass org/springframework/boot/logging/LoggerGroup
instanceKlass org/springframework/boot/logging/LoggerGroups$$Lambda$136
instanceKlass org/springframework/boot/logging/LoggerGroups
instanceKlass org/springframework/boot/logging/LogFile
instanceKlass org/springframework/boot/system/ApplicationPid
instanceKlass org/springframework/boot/logging/LoggingSystemProperties$$Lambda$135
instanceKlass java/lang/invoke/LambdaForm$DMH
instanceKlass org/springframework/boot/logging/LoggingSystemProperties
instanceKlass org/springframework/boot/ansi/AnsiElement
instanceKlass org/springframework/boot/context/config/AnsiOutputApplicationListener$$Lambda$134
instanceKlass java/lang/invoke/LambdaForm$DMH
instanceKlass org/springframework/boot/ansi/AnsiOutput
instanceKlass org/springframework/boot/context/config/InvalidConfigDataPropertyException$$Lambda$133
instanceKlass java/lang/invoke/LambdaForm$BMH
instanceKlass org/springframework/boot/context/config/ConfigDataEnvironmentContributor$$Lambda$132
instanceKlass org/springframework/boot/context/config/ConfigDataLocationResolvers$$Lambda$131
instanceKlass org/springframework/boot/context/config/Profiles$$Lambda$130
instanceKlass org/springframework/boot/context/config/Profiles$$Lambda$129
instanceKlass java/lang/invoke/LambdaForm$DMH
instanceKlass org/springframework/boot/context/config/Profiles$Type$$Lambda$128
instanceKlass org/springframework/boot/context/config/Profiles$Type$$Lambda$127
instanceKlass java/lang/invoke/LambdaForm$DMH
instanceKlass org/springframework/boot/context/config/Profiles$$Lambda$126
instanceKlass org/springframework/boot/context/properties/bind/MapBinder$EntryBinder
instanceKlass org/springframework/boot/context/properties/bind/MapBinder$$Lambda$125
instanceKlass org/springframework/boot/context/config/ConfigDataEnvironment$$Lambda$124
instanceKlass java/lang/invoke/LambdaForm$DMH
instanceKlass org/springframework/boot/context/properties/bind/CollectionBinder$$Lambda$123
instanceKlass org/springframework/boot/context/config/Profiles
instanceKlass org/springframework/boot/context/config/ConfigDataEnvironment$$Lambda$122
instanceKlass org/springframework/boot/cloud/CloudPlatform$6$$Lambda$121
instanceKlass org/springframework/boot/context/config/ConfigDataEnvironmentContributors$$Lambda$120
instanceKlass org/springframework/boot/context/config/ConfigDataEnvironmentContributors$$Lambda$119
instanceKlass java/util/Spliterators$IteratorSpliterator
instanceKlass java/util/function/Predicate$$Lambda$118
instanceKlass java/lang/invoke/LambdaForm$MH
instanceKlass java/lang/invoke/LambdaForm$DMH
instanceKlass java/lang/invoke/LambdaForm$DMH
instanceKlass org/springframework/boot/context/config/ConfigDataEnvironmentContributors$$Lambda$117
instanceKlass java/lang/invoke/LambdaForm$DMH
instanceKlass org/springframework/boot/context/config/ConfigDataEnvironmentContributors$InactiveSourceChecker
instanceKlass java/lang/invoke/LambdaForm$MH
instanceKlass java/lang/invoke/LambdaForm$DMH
instanceKlass java/lang/invoke/LambdaForm$DMH
instanceKlass org/springframework/boot/context/config/ConfigDataEnvironmentContributors$$Lambda$116
instanceKlass java/lang/invoke/LambdaForm$DMH
instanceKlass org/springframework/boot/context/properties/bind/DefaultValue
instanceKlass org/springframework/boot/context/properties/bind/DataObjectPropertyName
instanceKlass org/springframework/boot/context/properties/bind/ValueObjectBinder$ConstructorParameter
instanceKlass org/springframework/core/SerializableTypeWrapper$MethodInvokeTypeProvider
instanceKlass java/lang/reflect/Proxy$1
instanceKlass java/lang/reflect/Proxy$KeyX
instanceKlass org/springframework/core/SerializableTypeWrapper$TypeProxyInvocationHandler
instanceKlass sun/reflect/generics/tree/VoidDescriptor
instanceKlass org/springframework/core/SerializableTypeWrapper$MethodParameterTypeProvider
instanceKlass java/lang/invoke/LambdaForm$MH
instanceKlass java/lang/invoke/LambdaForm$DMH
instanceKlass org/springframework/core/MethodParameter$$Lambda$115
instanceKlass java/lang/invoke/LambdaForm$DMH
instanceKlass org/springframework/core/MethodParameter
instanceKlass org/springframework/boot/context/properties/bind/Name
instanceKlass org/springframework/boot/context/properties/bind/ValueObjectBinder$DefaultValueObject$$Lambda$114
instanceKlass org/springframework/boot/context/config/ConfigDataProperties$Activate
instanceKlass org/springframework/boot/context/properties/bind/AbstractBindHandler
instanceKlass org/springframework/boot/context/config/ConfigDataProperties$LegacyProfilesBindHandler
instanceKlass org/springframework/boot/context/config/ConfigDataEnvironmentContributorPlaceholdersResolver
instanceKlass org/springframework/boot/context/config/ConfigDataEnvironmentContributor$$Lambda$113
instanceKlass org/springframework/boot/context/config/ConfigDataEnvironmentContributors$$Lambda$112
instanceKlass org/springframework/boot/context/config/ConfigDataEnvironmentContributors$$Lambda$111
instanceKlass org/springframework/boot/context/config/ConfigData
instanceKlass org/springframework/boot/env/PropertiesPropertySourceLoader$$Lambda$110
instanceKlass org/springframework/boot/origin/OriginTrackedValue
instanceKlass org/springframework/boot/origin/TextResourceOrigin
instanceKlass org/springframework/boot/origin/TextResourceOrigin$Location
instanceKlass org/springframework/boot/env/OriginTrackedPropertiesLoader$CharacterReader
instanceKlass org/springframework/boot/env/OriginTrackedPropertiesLoader$Document
instanceKlass org/springframework/boot/env/OriginTrackedPropertiesLoader
instanceKlass org/springframework/boot/origin/OriginTrackedResource
instanceKlass org/springframework/boot/context/config/ConfigDataLoaders$$Lambda$109
instanceKlass org/springframework/boot/context/config/ConfigDataLoaders$$Lambda$108
instanceKlass org/springframework/boot/context/config/ConfigDataResolutionResult
instanceKlass org/springframework/core/io/WritableResource
instanceKlass org/springframework/boot/context/config/LocationResourceLoader$$Lambda$107
instanceKlass org/springframework/boot/context/config/StandardConfigDataReference
instanceKlass org/springframework/boot/context/config/ConfigDataLocationResolvers$$Lambda$106
instanceKlass org/springframework/boot/context/config/ConfigDataEnvironmentContributors$ContributorDataLoaderContext
instanceKlass org/springframework/boot/context/config/ConfigDataEnvironmentContributors$ContributorConfigDataLocationResolverContext
instanceKlass org/springframework/boot/context/config/ConfigDataEnvironmentContributor$ContributorIterator
instanceKlass org/springframework/boot/DefaultBootstrapContext$$Lambda$105
instanceKlass org/springframework/boot/BootstrapRegistry$InstanceSupplier$1
instanceKlass org/springframework/boot/BootstrapRegistry$InstanceSupplier$$Lambda$104
instanceKlass org/springframework/boot/BootstrapRegistry$InstanceSupplier
instanceKlass java/lang/invoke/LambdaForm$MH
instanceKlass org/springframework/boot/context/config/ConfigDataEnvironment$$Lambda$103
instanceKlass org/springframework/boot/context/config/ConfigDataActivationContext
instanceKlass org/springframework/boot/context/config/ConfigDataImporter
instanceKlass org/springframework/boot/context/config/ConfigDataEnvironmentContributors$$Lambda$102
instanceKlass org/springframework/boot/context/config/ConfigDataLocationResolverContext
instanceKlass org/springframework/boot/context/config/ConfigDataLoaderContext
instanceKlass org/springframework/boot/context/config/ConfigDataEnvironmentContributors
instanceKlass org/springframework/boot/context/config/ConfigDataProperties
instanceKlass org/springframework/core/CollectionFactory
instanceKlass org/springframework/boot/convert/Delimiter
instanceKlass org/springframework/core/convert/support/ConversionUtils
instanceKlass org/springframework/util/AntPathMatcher$PathSeparatorPatternCache
instanceKlass org/springframework/util/AntPathMatcher
instanceKlass org/springframework/util/PathMatcher
instanceKlass org/springframework/core/io/support/PathMatchingResourcePatternResolver
instanceKlass java/util/concurrent/ConcurrentLinkedDeque$AbstractItr
instanceKlass org/springframework/core/convert/support/GenericConversionService$ConverterCacheKey
instanceKlass org/springframework/boot/context/properties/bind/PropertySourcesPlaceholdersResolver$$Lambda$101
instanceKlass org/springframework/util/PropertyPlaceholderHelper$PlaceholderResolver
instanceKlass org/springframework/boot/context/properties/source/ConfigurationProperty
instanceKlass org/springframework/boot/origin/PropertySourceOrigin
instanceKlass org/springframework/boot/context/config/ConfigDataEnvironmentContributor
instanceKlass org/springframework/core/log/LogMessage
instanceKlass org/springframework/boot/context/config/ConfigData$Options
instanceKlass org/springframework/boot/context/config/ConfigData$AlwaysPropertySourceOptions
instanceKlass org/springframework/boot/context/config/ConfigData$PropertySourceOptions
instanceKlass org/springframework/boot/context/config/StandardConfigDataLoader
instanceKlass org/springframework/boot/context/config/ConfigDataResource
instanceKlass org/springframework/boot/context/config/ConfigTreeConfigDataLoader
instanceKlass org/springframework/boot/context/config/ConfigDataLoaders$$Lambda$100
instanceKlass org/springframework/boot/context/config/ConfigDataLoaders$$Lambda$99
instanceKlass org/springframework/boot/context/config/ConfigDataLoader
instanceKlass org/springframework/boot/context/config/ConfigDataLoaders
instanceKlass org/springframework/boot/context/config/ConfigDataEnvironmentUpdateListener$1
instanceKlass org/springframework/boot/context/config/StandardConfigDataLocationResolver$$Lambda$98
instanceKlass java/lang/invoke/LambdaForm$MH
instanceKlass java/lang/invoke/LambdaForm$DMH
instanceKlass java/lang/invoke/LambdaForm$DMH
instanceKlass org/springframework/boot/context/properties/bind/Binder$$Lambda$97
instanceKlass java/lang/invoke/LambdaForm$DMH
instanceKlass java/util/stream/StreamSpliterators$WrappingSpliterator$$Lambda$96
instanceKlass java/util/function/BooleanSupplier
instanceKlass java/util/stream/StreamSpliterators$WrappingSpliterator$$Lambda$95
instanceKlass java/lang/invoke/LambdaForm$DMH
instanceKlass java/util/stream/AbstractSpinedBuffer
instanceKlass java/util/Spliterators$1Adapter
instanceKlass java/util/stream/StreamSpliterators$AbstractWrappingSpliterator
instanceKlass java/util/stream/AbstractPipeline$$Lambda$94
instanceKlass org/springframework/boot/context/properties/source/SpringIterableConfigurationPropertySource$$Lambda$93
instanceKlass org/springframework/boot/context/properties/source/FilteredConfigurationPropertiesSource
instanceKlass org/springframework/boot/context/properties/bind/IndexedElementsBinder$$Lambda$92
instanceKlass org/springframework/boot/context/properties/bind/ArrayBinder$$Lambda$91
instanceKlass org/springframework/boot/context/properties/bind/AggregateBinder$AggregateSupplier
instanceKlass org/springframework/boot/context/properties/bind/Binder$$Lambda$90
instanceKlass org/springframework/boot/context/properties/bind/Binder$$Lambda$89
instanceKlass org/springframework/boot/context/properties/bind/AggregateElementBinder
instanceKlass org/springframework/boot/env/YamlPropertySourceLoader
instanceKlass org/springframework/boot/env/PropertiesPropertySourceLoader
instanceKlass org/springframework/boot/env/PropertySourceLoader
instanceKlass org/springframework/boot/context/config/StandardConfigDataLocationResolver
instanceKlass org/springframework/boot/context/config/LocationResourceLoader$$Lambda$88
instanceKlass java/util/Comparator$$Lambda$87
instanceKlass org/springframework/boot/context/config/LocationResourceLoader$$Lambda$86
instanceKlass org/springframework/boot/context/config/LocationResourceLoader
instanceKlass org/springframework/boot/context/config/ConfigTreeConfigDataLocationResolver
instanceKlass org/springframework/boot/context/config/ConfigDataLocationResolvers$$Lambda$85
instanceKlass org/springframework/boot/context/config/ConfigDataLocationResolvers$$Lambda$84
instanceKlass java/lang/invoke/LambdaForm$DMH
instanceKlass org/springframework/boot/context/config/ConfigDataLocationResolver
instanceKlass org/springframework/boot/context/config/ConfigDataLocationResolvers
instanceKlass org/springframework/boot/context/properties/bind/JavaBeanBinder$Bean
instanceKlass org/springframework/boot/context/properties/bind/ValueObjectBinder$ValueObject
instanceKlass java/lang/invoke/LambdaForm$MH
instanceKlass org/springframework/boot/context/properties/bind/Binder$$Lambda$83
instanceKlass java/lang/invoke/LambdaForm$MH
instanceKlass org/springframework/boot/context/properties/bind/Binder$$Lambda$82
instanceKlass org/springframework/boot/context/properties/bind/DataObjectPropertyBinder
instanceKlass org/springframework/boot/context/properties/bind/BindResult
instanceKlass org/springframework/boot/context/properties/bind/Binder$Context
instanceKlass org/springframework/boot/context/config/UseLegacyConfigProcessingException$UseLegacyProcessingBindHandler
instanceKlass org/springframework/boot/context/properties/bind/JavaBeanBinder
instanceKlass org/springframework/boot/context/properties/bind/ValueObjectBinder
instanceKlass org/springframework/boot/context/properties/bind/DataObjectBinder
instanceKlass org/springframework/boot/context/properties/bind/DefaultBindConstructorProvider
instanceKlass org/springframework/boot/context/properties/bind/BindConstructorProvider
instanceKlass org/springframework/boot/context/properties/bind/BindHandler$1
instanceKlass org/springframework/boot/context/properties/bind/BindHandler
instanceKlass org/springframework/beans/TypeConverterDelegate
instanceKlass org/springframework/beans/PropertyEditorRegistrySupport
instanceKlass org/springframework/beans/PropertyEditorRegistry
instanceKlass org/springframework/beans/TypeConverter
instanceKlass java/beans/PropertyEditorSupport
instanceKlass java/beans/PropertyEditor
instanceKlass org/springframework/boot/context/properties/bind/BindConverter$TypeConverterConverter
instanceKlass org/springframework/boot/context/properties/bind/BindConverter
instanceKlass org/springframework/util/PropertyPlaceholderHelper
instanceKlass org/springframework/boot/context/properties/bind/PropertySourcesPlaceholdersResolver
instanceKlass org/springframework/boot/context/properties/bind/AggregateBinder
instanceKlass org/springframework/boot/context/properties/bind/BindContext
instanceKlass org/springframework/boot/context/properties/bind/Binder
instanceKlass org/springframework/boot/context/config/ConfigDataLocation
instanceKlass org/springframework/boot/context/properties/bind/PlaceholdersResolver
instanceKlass org/springframework/boot/origin/OriginProvider
instanceKlass org/springframework/boot/context/config/ConfigDataEnvironment
instanceKlass org/springframework/boot/context/properties/source/ConfigurationPropertyName$$Lambda$81
instanceKlass org/springframework/boot/context/properties/source/ConfigurationPropertyName$ElementCharPredicate
instanceKlass java/lang/invoke/LambdaForm$DMH
instanceKlass org/springframework/boot/env/SpringApplicationJsonEnvironmentPostProcessor$$Lambda$80
instanceKlass java/lang/invoke/LambdaForm$DMH
instanceKlass java/util/stream/Sink$OfInt
instanceKlass java/util/function/IntConsumer
instanceKlass java/util/Spliterators$IntIteratorSpliterator
instanceKlass java/lang/CharSequence$1CharIterator
instanceKlass java/util/PrimitiveIterator$OfInt
instanceKlass java/util/PrimitiveIterator
instanceKlass java/util/stream/MatchOps$$Lambda$79
instanceKlass org/springframework/boot/context/properties/source/SystemEnvironmentPropertyMapper$$Lambda$78
instanceKlass java/util/function/IntPredicate
instanceKlass java/lang/invoke/LambdaForm$DMH
instanceKlass java/lang/CharSequence$$Lambda$77
instanceKlass org/springframework/boot/context/properties/source/SystemEnvironmentPropertyMapper$$Lambda$76
instanceKlass java/util/function/BiPredicate$$Lambda$75
instanceKlass java/lang/invoke/LambdaForm$DMH
instanceKlass org/springframework/boot/context/properties/source/SystemEnvironmentPropertyMapper$$Lambda$74
instanceKlass java/lang/invoke/LambdaForm$DMH
instanceKlass org/springframework/boot/context/properties/source/SpringIterableConfigurationPropertySource$Mappings$$Lambda$73
instanceKlass org/springframework/boot/context/properties/source/SpringIterableConfigurationPropertySource$$Lambda$72
instanceKlass org/springframework/boot/context/properties/source/SpringIterableConfigurationPropertySource$$Lambda$71
instanceKlass java/util/function/UnaryOperator
instanceKlass org/springframework/boot/context/properties/source/SpringIterableConfigurationPropertySource$$Lambda$70
instanceKlass org/springframework/boot/context/properties/source/SpringIterableConfigurationPropertySource$Mappings
instanceKlass org/springframework/boot/context/properties/source/DefaultPropertyMapper$LastMapping
instanceKlass java/time/Clock
instanceKlass org/springframework/boot/context/properties/source/SoftReferenceConfigurationPropertyCache
instanceKlass org/springframework/boot/context/properties/source/ConfigurationPropertyCaching
instanceKlass org/springframework/boot/context/properties/source/SystemEnvironmentPropertyMapper
instanceKlass org/springframework/boot/context/properties/source/PropertyMapper$$Lambda$69
instanceKlass java/util/function/BiPredicate
instanceKlass java/lang/invoke/LambdaForm$DMH
instanceKlass org/springframework/boot/context/properties/source/DefaultPropertyMapper
instanceKlass org/springframework/boot/context/properties/source/PropertyMapper
instanceKlass org/springframework/boot/context/properties/source/CachingConfigurationPropertySource
instanceKlass org/springframework/boot/context/properties/source/IterableConfigurationPropertySource
instanceKlass org/springframework/boot/context/properties/source/SpringConfigurationPropertySource
instanceKlass org/springframework/boot/context/properties/source/SpringConfigurationPropertySources$$Lambda$68
instanceKlass org/springframework/boot/context/properties/source/SpringConfigurationPropertySources$SourcesIterator
instanceKlass java/util/stream/FindOps$$Lambda$67
instanceKlass java/util/stream/FindOps$FindSink
instanceKlass java/util/stream/FindOps$$Lambda$66
instanceKlass java/util/stream/FindOps$FindOp
instanceKlass java/util/stream/FindOps
instanceKlass org/springframework/boot/env/SpringApplicationJsonEnvironmentPostProcessor$$Lambda$65
instanceKlass org/springframework/boot/env/SpringApplicationJsonEnvironmentPostProcessor$$Lambda$64
instanceKlass org/springframework/boot/env/SpringApplicationJsonEnvironmentPostProcessor$JsonPropertyValue
instanceKlass java/util/Spliterators$ArraySpliterator
instanceKlass java/util/Spliterator$OfDouble
instanceKlass java/util/Spliterator$OfLong
instanceKlass java/util/Spliterators$EmptySpliterator
instanceKlass java/util/Spliterators
instanceKlass org/springframework/boot/origin/Origin
instanceKlass org/springframework/boot/logging/DeferredLog$Line
instanceKlass org/springframework/boot/autoconfigure/integration/IntegrationPropertiesEnvironmentPostProcessor
instanceKlass org/springframework/boot/reactor/DebugAgentEnvironmentPostProcessor
instanceKlass org/springframework/boot/env/SystemEnvironmentPropertySourceEnvironmentPostProcessor
instanceKlass org/springframework/boot/env/SpringApplicationJsonEnvironmentPostProcessor
instanceKlass org/springframework/boot/env/RandomValuePropertySourceEnvironmentPostProcessor
instanceKlass org/springframework/boot/context/config/ConfigDataEnvironmentUpdateListener
instanceKlass org/springframework/boot/context/config/ConfigDataEnvironmentPostProcessor
instanceKlass org/springframework/boot/logging/DeferredLog
instanceKlass org/springframework/boot/logging/DeferredLogs$$Lambda$63
instanceKlass org/springframework/boot/cloud/CloudFoundryVcapEnvironmentPostProcessor
instanceKlass org/springframework/boot/util/Instantiator$TypeSupplier$1
instanceKlass org/springframework/boot/util/Instantiator$$Lambda$62
instanceKlass org/springframework/boot/util/Instantiator$$Lambda$61
instanceKlass org/springframework/boot/util/Instantiator$TypeSupplier
instanceKlass org/springframework/boot/env/ReflectionEnvironmentPostProcessorsFactory$$Lambda$60
instanceKlass java/lang/invoke/LambdaForm$DMH
instanceKlass org/springframework/boot/util/Instantiator$1$$Lambda$59
instanceKlass org/springframework/boot/util/Instantiator$1
instanceKlass org/springframework/boot/env/ReflectionEnvironmentPostProcessorsFactory$$Lambda$58
instanceKlass org/springframework/boot/util/Instantiator$AvailableParameters
instanceKlass java/util/Collections$ReverseComparator2
instanceKlass java/util/Comparator$$Lambda$57
instanceKlass java/lang/invoke/LambdaForm$DMH
instanceKlass org/springframework/boot/util/Instantiator$$Lambda$56
instanceKlass java/util/function/ToIntFunction
instanceKlass java/lang/invoke/LambdaForm$DMH
instanceKlass org/springframework/boot/util/Instantiator
instanceKlass org/springframework/boot/env/EnvironmentPostProcessor
instanceKlass org/springframework/boot/env/ReflectionEnvironmentPostProcessorsFactory
instanceKlass org/springframework/boot/SpringApplicationRunListeners$$Lambda$55
instanceKlass org/springframework/boot/context/properties/source/ConfigurationPropertySource
instanceKlass org/springframework/boot/context/properties/source/SpringConfigurationPropertySources
instanceKlass org/springframework/boot/convert/CharSequenceToObjectConverter
instanceKlass org/springframework/boot/convert/LenientObjectToEnumConverterFactory
instanceKlass org/springframework/boot/convert/InputStreamSourceToByteArrayConverter
instanceKlass org/springframework/core/io/DefaultResourceLoader
instanceKlass org/springframework/boot/convert/StringToFileConverter
instanceKlass org/springframework/boot/convert/NumberToDataSizeConverter
instanceKlass org/springframework/util/unit/DataSize
instanceKlass org/springframework/boot/convert/StringToDataSizeConverter
instanceKlass org/springframework/boot/convert/NumberToPeriodConverter
instanceKlass org/springframework/boot/convert/PeriodToStringConverter
instanceKlass org/springframework/boot/convert/StringToPeriodConverter
instanceKlass org/springframework/boot/convert/DurationToNumberConverter
instanceKlass org/springframework/boot/convert/NumberToDurationConverter
instanceKlass org/springframework/boot/convert/DurationToStringConverter
instanceKlass org/springframework/boot/convert/StringToDurationConverter
instanceKlass org/springframework/boot/convert/DelimitedStringToCollectionConverter
instanceKlass org/springframework/boot/convert/DelimitedStringToArrayConverter
instanceKlass org/springframework/boot/convert/CollectionToDelimitedStringConverter
instanceKlass org/springframework/boot/convert/ArrayToDelimitedStringConverter
instanceKlass org/springframework/boot/convert/IsoOffsetFormatter
instanceKlass org/springframework/boot/convert/InetAddressFormatter
instanceKlass org/springframework/format/support/FormattingConversionService$$Lambda$54
instanceKlass org/springframework/boot/convert/CharArrayFormatter
instanceKlass org/springframework/format/annotation/DateTimeFormat
instanceKlass org/springframework/format/datetime/standard/MonthDayFormatter
instanceKlass java/time/MonthDay
instanceKlass org/springframework/format/datetime/standard/YearMonthFormatter
instanceKlass java/time/YearMonth
instanceKlass org/springframework/format/datetime/standard/MonthFormatter
instanceKlass org/springframework/format/datetime/standard/YearFormatter
instanceKlass java/time/Year
instanceKlass org/springframework/format/datetime/standard/DurationFormatter
instanceKlass org/springframework/format/datetime/standard/PeriodFormatter
instanceKlass org/springframework/format/datetime/standard/InstantFormatter
instanceKlass java/time/OffsetTime
instanceKlass org/springframework/format/support/FormattingConversionService$ParserConverter
instanceKlass org/springframework/format/support/FormattingConversionService$PrinterConverter
instanceKlass org/springframework/format/datetime/standard/TemporalAccessorParser
instanceKlass org/springframework/format/datetime/standard/TemporalAccessorPrinter
instanceKlass java/time/format/DateTimeFormatterBuilder$LocalizedPrinterParser
instanceKlass java/time/format/DateTimeFormatter$$Lambda$53
instanceKlass java/time/format/DateTimeFormatter$$Lambda$52
instanceKlass java/time/Period
instanceKlass java/time/chrono/ChronoPeriod
instanceKlass java/time/format/DateTimeFormatterBuilder$TextPrinterParser
instanceKlass java/time/format/DateTimeTextProvider$1
instanceKlass java/time/format/DateTimeTextProvider
instanceKlass java/util/AbstractMap$SimpleImmutableEntry
instanceKlass java/time/format/DateTimeTextProvider$LocaleStore
instanceKlass java/time/format/DateTimeFormatterBuilder$InstantPrinterParser
instanceKlass java/time/format/DateTimeFormatterBuilder$StringLiteralPrinterParser
instanceKlass java/time/format/DateTimeFormatterBuilder$ZoneIdPrinterParser
instanceKlass java/time/format/DateTimeFormatterBuilder$FractionPrinterParser
instanceKlass java/time/format/DateTimeFormatterBuilder$OffsetIdPrinterParser
instanceKlass java/time/format/DecimalStyle
instanceKlass java/time/format/DateTimeFormatterBuilder$CompositePrinterParser
instanceKlass java/time/chrono/AbstractChronology$$Lambda$51
instanceKlass java/time/chrono/AbstractChronology$$Lambda$50
instanceKlass java/time/chrono/AbstractChronology$$Lambda$49
instanceKlass java/lang/invoke/LambdaForm$BMH
instanceKlass java/lang/invoke/LambdaForm$MH
instanceKlass java/lang/invoke/LambdaForm$BMH
instanceKlass java/lang/invoke/LambdaForm$BMH
instanceKlass java/time/chrono/AbstractChronology
instanceKlass java/time/chrono/Chronology
instanceKlass java/time/format/DateTimeFormatterBuilder$CharLiteralPrinterParser
instanceKlass java/time/format/DateTimeFormatterBuilder$NumberPrinterParser
instanceKlass java/time/format/DateTimeFormatterBuilder$DateTimePrinterParser
instanceKlass java/time/format/DateTimeFormatterBuilder$2
instanceKlass java/time/temporal/IsoFields
instanceKlass java/time/temporal/ValueRange
instanceKlass java/time/Duration
instanceKlass java/time/temporal/TemporalAmount
instanceKlass java/time/temporal/TemporalUnit
instanceKlass java/time/temporal/TemporalField
instanceKlass java/time/format/DateTimeFormatterBuilder$$Lambda$48
instanceKlass java/time/temporal/TemporalQuery
instanceKlass java/time/format/DateTimeFormatterBuilder
instanceKlass java/time/format/DateTimeFormatter
instanceKlass org/springframework/format/datetime/standard/DateTimeFormatterRegistrar$1
instanceKlass org/springframework/format/datetime/standard/DateTimeConverters$InstantToLongConverter
instanceKlass org/springframework/format/datetime/standard/DateTimeConverters$LongToInstantConverter
instanceKlass org/springframework/format/datetime/standard/DateTimeConverters$CalendarToInstantConverter
instanceKlass org/springframework/format/datetime/standard/DateTimeConverters$CalendarToLocalDateTimeConverter
instanceKlass org/springframework/format/datetime/standard/DateTimeConverters$CalendarToLocalTimeConverter
instanceKlass org/springframework/format/datetime/standard/DateTimeConverters$CalendarToLocalDateConverter
instanceKlass org/springframework/format/datetime/standard/DateTimeConverters$CalendarToOffsetDateTimeConverter
instanceKlass org/springframework/format/datetime/standard/DateTimeConverters$CalendarToZonedDateTimeConverter
instanceKlass org/springframework/format/datetime/standard/DateTimeConverters$OffsetDateTimeToInstantConverter
instanceKlass org/springframework/format/datetime/standard/DateTimeConverters$OffsetDateTimeToZonedDateTimeConverter
instanceKlass org/springframework/format/datetime/standard/DateTimeConverters$OffsetDateTimeToLocalDateTimeConverter
instanceKlass org/springframework/format/datetime/standard/DateTimeConverters$OffsetDateTimeToLocalTimeConverter
instanceKlass org/springframework/format/datetime/standard/DateTimeConverters$OffsetDateTimeToLocalDateConverter
instanceKlass org/springframework/format/datetime/standard/DateTimeConverters$ZonedDateTimeToInstantConverter
instanceKlass java/time/OffsetDateTime
instanceKlass org/springframework/format/datetime/standard/DateTimeConverters$ZonedDateTimeToOffsetDateTimeConverter
instanceKlass org/springframework/format/datetime/standard/DateTimeConverters$ZonedDateTimeToLocalDateTimeConverter
instanceKlass org/springframework/format/datetime/standard/DateTimeConverters$ZonedDateTimeToLocalTimeConverter
instanceKlass org/springframework/format/datetime/standard/DateTimeConverters$ZonedDateTimeToLocalDateConverter
instanceKlass java/time/LocalTime
instanceKlass org/springframework/format/datetime/standard/DateTimeConverters$LocalDateTimeToLocalTimeConverter
instanceKlass java/time/LocalDate
instanceKlass java/time/chrono/ChronoLocalDate
instanceKlass java/time/LocalDateTime
instanceKlass java/time/chrono/ChronoLocalDateTime
instanceKlass org/springframework/format/datetime/standard/DateTimeConverters$LocalDateTimeToLocalDateConverter
instanceKlass org/springframework/format/datetime/DateFormatterRegistrar$LongToCalendarConverter
instanceKlass org/springframework/format/datetime/DateFormatterRegistrar$LongToDateConverter
instanceKlass org/springframework/format/datetime/DateFormatterRegistrar$CalendarToLongConverter
instanceKlass org/springframework/format/datetime/DateFormatterRegistrar$CalendarToDateConverter
instanceKlass org/springframework/format/datetime/DateFormatterRegistrar$DateToCalendarConverter
instanceKlass org/springframework/format/datetime/DateFormatterRegistrar$DateToLongConverter
instanceKlass org/springframework/format/datetime/DateFormatterRegistrar
instanceKlass org/springframework/format/datetime/standard/DateTimeConverters
instanceKlass org/springframework/format/datetime/standard/DateTimeFormatterFactory
instanceKlass org/springframework/format/datetime/standard/DateTimeFormatterRegistrar
instanceKlass org/springframework/format/FormatterRegistrar
instanceKlass org/springframework/format/support/FormattingConversionService$AnnotationParserConverter
instanceKlass org/springframework/format/support/FormattingConversionService$AnnotationPrinterConverter
instanceKlass org/springframework/util/NumberUtils
instanceKlass org/springframework/core/GenericTypeResolver$$Lambda$47
instanceKlass org/springframework/format/annotation/NumberFormat
instanceKlass org/springframework/core/GenericTypeResolver
instanceKlass org/springframework/context/support/EmbeddedValueResolutionSupport
instanceKlass org/springframework/format/AnnotationFormatterFactory
instanceKlass org/springframework/core/convert/support/ObjectToOptionalConverter
instanceKlass org/springframework/core/convert/support/FallbackObjectToStringConverter
instanceKlass org/springframework/core/convert/support/IdToEntityConverter
instanceKlass org/springframework/core/convert/support/ObjectToObjectConverter
instanceKlass java/time/ZonedDateTime
instanceKlass java/time/chrono/ChronoZonedDateTime
instanceKlass org/springframework/core/convert/support/ZonedDateTimeToCalendarConverter
instanceKlass java/time/ZoneId
instanceKlass org/springframework/core/convert/support/ZoneIdToTimeZoneConverter
instanceKlass org/springframework/core/convert/support/StringToTimeZoneConverter
instanceKlass org/springframework/core/convert/support/ByteBufferConverter
instanceKlass org/springframework/core/convert/TypeDescriptor$AnnotatedElementAdapter
instanceKlass org/springframework/core/convert/TypeDescriptor
instanceKlass org/springframework/core/convert/support/StreamConverter
instanceKlass org/springframework/core/convert/support/ObjectToCollectionConverter
instanceKlass org/springframework/core/convert/support/CollectionToObjectConverter
instanceKlass org/springframework/core/convert/support/StringToCollectionConverter
instanceKlass org/springframework/core/convert/support/ObjectToArrayConverter
instanceKlass org/springframework/core/convert/support/ArrayToObjectConverter
instanceKlass org/springframework/core/convert/support/StringToArrayConverter
instanceKlass org/springframework/core/convert/support/CollectionToStringConverter
instanceKlass org/springframework/core/convert/support/ArrayToStringConverter
instanceKlass org/springframework/core/convert/support/MapToMapConverter
instanceKlass org/springframework/core/convert/support/CollectionToCollectionConverter
instanceKlass org/springframework/core/convert/support/ArrayToArrayConverter
instanceKlass org/springframework/core/convert/support/CollectionToArrayConverter
instanceKlass org/springframework/core/convert/support/ArrayToCollectionConverter
instanceKlass org/springframework/core/convert/support/StringToUUIDConverter
instanceKlass org/springframework/core/convert/support/PropertiesToStringConverter
instanceKlass org/springframework/core/convert/support/StringToPropertiesConverter
instanceKlass org/springframework/core/convert/support/StringToCurrencyConverter
instanceKlass org/springframework/core/convert/support/StringToCharsetConverter
instanceKlass org/springframework/core/convert/support/StringToLocaleConverter
instanceKlass org/springframework/core/convert/support/IntegerToEnumConverterFactory
instanceKlass org/springframework/core/convert/support/AbstractConditionalEnumConverter
instanceKlass org/springframework/core/convert/support/StringToEnumConverterFactory
instanceKlass org/springframework/core/convert/support/StringToBooleanConverter
instanceKlass org/springframework/core/convert/support/CharacterToNumberFactory
instanceKlass org/springframework/core/convert/support/NumberToCharacterConverter
instanceKlass org/springframework/core/convert/support/StringToCharacterConverter
instanceKlass org/springframework/core/convert/support/GenericConversionService$ConverterAdapter
instanceKlass org/springframework/core/convert/support/ObjectToStringConverter
instanceKlass org/springframework/core/convert/support/StringToNumberConverterFactory
instanceKlass org/springframework/core/convert/support/GenericConversionService$Converters$$Lambda$46
instanceKlass org/springframework/core/convert/support/GenericConversionService$ConvertersForPair
instanceKlass org/springframework/core/convert/converter/GenericConverter$ConvertiblePair
instanceKlass org/springframework/core/convert/support/GenericConversionService$ConverterFactoryAdapter
instanceKlass org/springframework/core/convert/converter/ConditionalGenericConverter
instanceKlass org/springframework/core/convert/support/NumberToNumberConverterFactory
instanceKlass org/springframework/core/convert/converter/ConditionalConverter
instanceKlass org/springframework/core/convert/support/GenericConversionService$Converters
instanceKlass org/springframework/core/convert/support/GenericConversionService$NoOpConverter
instanceKlass org/springframework/format/Formatter
instanceKlass org/springframework/core/convert/converter/ConverterFactory
instanceKlass org/springframework/core/convert/converter/Converter
instanceKlass org/springframework/format/Parser
instanceKlass org/springframework/format/Printer
instanceKlass org/springframework/core/convert/converter/GenericConverter
instanceKlass org/springframework/core/convert/support/GenericConversionService
instanceKlass org/springframework/context/EmbeddedValueResolverAware
instanceKlass org/springframework/format/FormatterRegistry
instanceKlass javax/naming/spi/NamingManager
instanceKlass com/sun/naming/internal/VersionHelper12$5
instanceKlass com/sun/naming/internal/VersionHelper12$InputStreamEnumeration$1
instanceKlass com/sun/naming/internal/VersionHelper12$InputStreamEnumeration
instanceKlass javax/naming/NamingEnumeration
instanceKlass com/sun/naming/internal/VersionHelper12$6
instanceKlass com/sun/naming/internal/VersionHelper12$7
instanceKlass com/sun/naming/internal/VersionHelper12$3
instanceKlass com/sun/naming/internal/VersionHelper12$1
instanceKlass com/sun/naming/internal/VersionHelper
instanceKlass com/sun/naming/internal/ResourceManager
instanceKlass org/springframework/jndi/JndiAccessor
instanceKlass org/springframework/core/env/AbstractPropertyResolver
instanceKlass org/springframework/boot/origin/OriginLookup
instanceKlass org/springframework/boot/context/properties/source/ConfigurationPropertySources
instanceKlass org/springframework/core/env/MutablePropertySources
instanceKlass javax/naming/InitialContext
instanceKlass org/springframework/core/env/PropertySources
instanceKlass org/springframework/core/env/AbstractEnvironment
instanceKlass org/springframework/web/context/ConfigurableWebEnvironment
instanceKlass org/springframework/boot/SpringApplication$1
instanceKlass org/springframework/core/env/CommandLineArgs
instanceKlass org/springframework/core/env/SimpleCommandLineArgsParser
instanceKlass org/springframework/boot/DefaultApplicationArguments
instanceKlass sun/util/logging/LoggingSupport$2
instanceKlass java/util/logging/Formatter
instanceKlass java/util/logging/ErrorManager
instanceKlass org/springframework/boot/logging/AbstractLoggingSystem$LogLevels
instanceKlass org/springframework/boot/logging/LoggerConfigurationComparator
instanceKlass org/springframework/boot/logging/java/JavaLoggingSystem$Factory
instanceKlass org/springframework/boot/logging/log4j2/Log4J2LoggingSystem$Factory
instanceKlass org/springframework/boot/logging/logback/LogbackLoggingSystem$Factory
instanceKlass org/apache/logging/log4j/message/Clearable
instanceKlass org/apache/logging/log4j/core/impl/MutableLogEvent
instanceKlass org/apache/logging/log4j/message/ParameterVisitable
instanceKlass org/apache/logging/log4j/message/ReusableMessage
instanceKlass org/apache/logging/log4j/core/impl/ReusableLogEventFactory
instanceKlass org/apache/logging/log4j/message/TimestampMessage
instanceKlass org/apache/logging/log4j/message/LoggerNameAwareMessage
instanceKlass org/apache/logging/log4j/core/impl/ContextDataFactory
instanceKlass org/apache/logging/log4j/message/SimpleMessage
instanceKlass org/springframework/boot/logging/LoggingSystemFactory$$Lambda$45
instanceKlass org/springframework/boot/logging/DelegatingLoggingSystemFactory
instanceKlass org/springframework/boot/logging/LoggingSystemFactory
instanceKlass org/springframework/boot/logging/LoggingSystem
instanceKlass org/springframework/aop/SpringProxy
instanceKlass org/springframework/aop/support/AopUtils
instanceKlass org/springframework/core/ResolvableType$WildcardBounds
instanceKlass org/springframework/context/event/GenericApplicationListenerAdapter
instanceKlass org/springframework/context/event/AbstractApplicationEventMulticaster$CachedListenerRetriever
instanceKlass org/springframework/context/event/AbstractApplicationEventMulticaster$ListenerCacheKey
instanceKlass org/springframework/core/ResolvableTypeProvider
instanceKlass org/springframework/boot/SpringApplicationRunListeners$$Lambda$44
instanceKlass org/springframework/boot/SpringApplicationRunListeners$$Lambda$43
instanceKlass org/springframework/aop/framework/Advised
instanceKlass org/springframework/aop/TargetClassAware
instanceKlass java/lang/reflect/AnnotatedType
instanceKlass org/springframework/aop/framework/AopProxyUtils
instanceKlass org/springframework/util/ErrorHandler
instanceKlass org/springframework/boot/availability/AvailabilityState
instanceKlass org/springframework/boot/context/event/EventPublishingRunListener
instanceKlass org/springframework/boot/SpringApplicationRunListener
instanceKlass org/springframework/boot/SpringApplicationRunListeners
instanceKlass org/springframework/boot/SpringApplication$$Lambda$42
instanceKlass org/springframework/context/event/AbstractApplicationEventMulticaster$DefaultListenerRetriever
instanceKlass org/springframework/context/event/AbstractApplicationEventMulticaster
instanceKlass org/springframework/beans/factory/BeanFactoryAware
instanceKlass org/springframework/beans/factory/BeanClassLoaderAware
instanceKlass org/springframework/context/event/ApplicationEventMulticaster
instanceKlass org/springframework/boot/DefaultBootstrapContext
instanceKlass org/springframework/util/StopWatch
instanceKlass org/springframework/core/annotation/TypeMappedAnnotation$$Lambda$41
instanceKlass org/springframework/core/annotation/ValueExtractor
instanceKlass org/springframework/core/annotation/AnnotationTypeMappings$$Lambda$40
instanceKlass java/lang/invoke/LambdaForm$DMH
instanceKlass org/springframework/core/annotation/AliasFor
instanceKlass org/springframework/core/annotation/AnnotationTypeMapping$MirrorSets
instanceKlass org/springframework/core/annotation/AnnotationTypeMapping$MirrorSets$MirrorSet
instanceKlass org/springframework/core/annotation/AnnotationTypeMapping
instanceKlass org/springframework/core/annotation/AnnotationTypeMappings$Cache$$Lambda$39
instanceKlass org/springframework/core/annotation/AnnotationTypeMappings$$Lambda$38
instanceKlass org/springframework/core/annotation/AnnotationTypeMappings$Cache
instanceKlass org/springframework/core/annotation/AnnotationTypeMappings
instanceKlass org/springframework/core/annotation/RepeatableContainers$StandardRepeatableContainers$$Lambda$37
instanceKlass org/springframework/core/annotation/AttributeMethods$$Lambda$36
instanceKlass org/springframework/core/annotation/AttributeMethods$$Lambda$35
instanceKlass org/springframework/core/annotation/AttributeMethods
instanceKlass org/springframework/core/NativeDetector
instanceKlass java/util/concurrent/CountDownLatch
instanceKlass org/springframework/boot/autoconfigure/BackgroundPreinitializer
instanceKlass org/springframework/boot/logging/DeferredLog$Lines
instanceKlass org/springframework/boot/env/EnvironmentPostProcessorApplicationListener$$Lambda$34
instanceKlass org/springframework/boot/env/EnvironmentPostProcessorsFactory
instanceKlass org/springframework/boot/logging/DeferredLogs
instanceKlass org/springframework/boot/logging/DeferredLogFactory
instanceKlass org/springframework/boot/env/EnvironmentPostProcessorApplicationListener
instanceKlass org/springframework/util/MultiValueMapAdapter$$Lambda$33
instanceKlass org/springframework/util/MultiValueMapAdapter
instanceKlass org/springframework/core/ResolvableType$DefaultVariableResolver
instanceKlass org/springframework/core/ResolvableType$TypeVariablesVariableResolver
instanceKlass org/springframework/core/ResolvableType$SyntheticParameterizedType
instanceKlass org/springframework/core/SerializableTypeWrapper$SerializableTypeProxy
instanceKlass org/springframework/core/SerializableTypeWrapper
instanceKlass org/springframework/core/ResolvableType$$Lambda$32
instanceKlass org/springframework/core/ResolvableType$EmptyType
instanceKlass org/springframework/core/ResolvableType$VariableResolver
instanceKlass org/springframework/core/SerializableTypeWrapper$TypeProvider
instanceKlass org/springframework/core/ResolvableType
instanceKlass org/springframework/boot/context/properties/bind/Bindable
instanceKlass org/springframework/boot/context/properties/source/ConfigurationPropertyName$ElementsParser
instanceKlass org/springframework/boot/context/properties/source/ConfigurationPropertyName$Elements
instanceKlass org/springframework/boot/context/properties/source/ConfigurationPropertyName
instanceKlass org/springframework/boot/context/logging/LoggingApplicationListener
instanceKlass org/springframework/context/event/GenericApplicationListener
instanceKlass org/springframework/context/event/SmartApplicationListener
instanceKlass org/springframework/boot/context/config/DelegatingApplicationListener
instanceKlass org/springframework/boot/context/config/AnsiOutputApplicationListener
instanceKlass org/springframework/boot/context/FileEncodingApplicationListener
instanceKlass org/springframework/boot/builder/ParentContextCloserApplicationListener
instanceKlass org/springframework/context/ApplicationContextAware
instanceKlass org/springframework/beans/factory/Aware
instanceKlass org/springframework/boot/ClearCachesApplicationListener
instanceKlass org/springframework/core/DecoratingProxy
instanceKlass org/springframework/core/annotation/AbstractMergedAnnotation
instanceKlass java/lang/FunctionalInterface
instanceKlass org/springframework/core/annotation/AnnotationsScanner$1
instanceKlass org/springframework/core/annotation/MergedAnnotationSelectors$FirstDirectlyDeclared
instanceKlass org/springframework/core/annotation/MergedAnnotationSelectors$Nearest
instanceKlass org/springframework/core/annotation/MergedAnnotationSelector
instanceKlass org/springframework/core/annotation/MergedAnnotationSelectors
instanceKlass org/springframework/core/annotation/MergedAnnotation
instanceKlass org/springframework/core/annotation/TypeMappedAnnotations$MergedAnnotationFinder
instanceKlass org/springframework/core/annotation/Order
instanceKlass org/springframework/core/annotation/OrderUtils
instanceKlass org/springframework/core/annotation/AnnotationsScanner
instanceKlass org/springframework/core/annotation/AnnotationsProcessor
instanceKlass org/springframework/core/annotation/TypeMappedAnnotations
instanceKlass org/springframework/core/annotation/AnnotationFilter$2
instanceKlass org/springframework/core/annotation/AnnotationFilter$1
instanceKlass org/springframework/core/annotation/PackagesAnnotationFilter
instanceKlass org/springframework/core/annotation/AnnotationFilter
instanceKlass org/springframework/core/annotation/RepeatableContainers
instanceKlass org/springframework/core/annotation/MergedAnnotations
instanceKlass org/springframework/core/PriorityOrdered
instanceKlass org/springframework/boot/autoconfigure/logging/ConditionEvaluationReportLoggingListener
instanceKlass org/springframework/boot/autoconfigure/SharedMetadataReaderFactoryContextInitializer
instanceKlass org/springframework/boot/web/context/ServerPortInfoApplicationContextInitializer
instanceKlass org/springframework/boot/rsocket/context/RSocketPortInfoApplicationContextInitializer
instanceKlass org/springframework/boot/context/config/DelegatingApplicationContextInitializer
instanceKlass org/springframework/boot/context/ContextIdApplicationContextInitializer
instanceKlass org/springframework/core/Ordered
instanceKlass org/springframework/util/ReflectionUtils$$Lambda$31
instanceKlass org/springframework/util/ReflectionUtils$FieldFilter
instanceKlass org/springframework/util/ReflectionUtils$$Lambda$30
instanceKlass org/springframework/util/ReflectionUtils$MethodFilter
instanceKlass org/springframework/util/ReflectionUtils
instanceKlass org/springframework/asm/ClassVisitor
instanceKlass org/springframework/core/LocalVariableTableParameterNameDiscoverer
instanceKlass org/springframework/core/StandardReflectionParameterNameDiscoverer
instanceKlass org/springframework/core/KotlinDetector
instanceKlass org/springframework/core/PrioritizedParameterNameDiscoverer
instanceKlass org/springframework/core/ParameterNameDiscoverer
instanceKlass org/springframework/beans/BeanUtils
instanceKlass org/springframework/boot/context/ConfigurationWarningsApplicationContextInitializer
instanceKlass org/springframework/context/ApplicationContextInitializer
instanceKlass org/springframework/util/ObjectUtils
instanceKlass java/util/stream/ForEachOps$ForEachOp
instanceKlass java/util/stream/ForEachOps
instanceKlass org/springframework/boot/SpringApplication$$Lambda$29
instanceKlass java/lang/invoke/LambdaForm$DMH
instanceKlass org/springframework/boot/SpringApplication$$Lambda$28
instanceKlass org/springframework/boot/BootstrapRegistryInitializer
instanceKlass org/springframework/core/OrderComparator
instanceKlass org/springframework/util/ConcurrentReferenceHashMap$Entry
instanceKlass java/lang/invoke/LambdaForm$MH
instanceKlass java/lang/invoke/LambdaForm$DMH
instanceKlass java/lang/invoke/LambdaForm$DMH
instanceKlass org/springframework/util/ConcurrentReferenceHashMap$Segment$$Lambda$27
instanceKlass org/springframework/util/ConcurrentReferenceHashMap$Entries
instanceKlass java/lang/invoke/LambdaForm$DMH
instanceKlass java/util/stream/Sink$ChainedReference
instanceKlass java/util/stream/ReduceOps$Box
instanceKlass java/util/stream/ReduceOps$AccumulatingSink
instanceKlass java/util/stream/TerminalSink
instanceKlass java/util/stream/ReduceOps$ReduceOp
instanceKlass java/util/stream/ReduceOps
instanceKlass java/util/function/Function$$Lambda$26
instanceKlass org/springframework/core/io/support/SpringFactoriesLoader$$Lambda$25
instanceKlass java/util/stream/Collectors$$Lambda$24
instanceKlass java/util/stream/Collectors$$Lambda$23
instanceKlass java/util/function/BinaryOperator
instanceKlass java/util/stream/Collectors$$Lambda$22
instanceKlass java/lang/invoke/LambdaForm$DMH
instanceKlass java/util/stream/Collectors$$Lambda$21
instanceKlass java/util/stream/Collectors$CollectorImpl
instanceKlass java/util/stream/Collector
instanceKlass java/util/stream/Collectors
instanceKlass java/util/stream/DistinctOps
instanceKlass org/springframework/core/io/support/SpringFactoriesLoader$$Lambda$20
instanceKlass org/springframework/core/io/support/SpringFactoriesLoader$$Lambda$19
instanceKlass org/springframework/util/MultiValueMap
instanceKlass org/springframework/util/CollectionUtils
instanceKlass org/springframework/util/StringUtils
instanceKlass org/springframework/util/ResourceUtils
instanceKlass org/springframework/core/SpringProperties
instanceKlass org/springframework/util/PropertiesPersister
instanceKlass org/springframework/core/io/support/PropertiesLoaderUtils
instanceKlass org/springframework/core/io/AbstractResource
instanceKlass org/springframework/core/io/Resource
instanceKlass org/springframework/core/io/InputStreamSource
instanceKlass org/springframework/core/io/support/SpringFactoriesLoader
instanceKlass org/springframework/boot/Bootstrapper
instanceKlass org/springframework/web/context/ConfigurableWebApplicationContext
instanceKlass org/springframework/web/context/WebApplicationContext
instanceKlass java/io/Externalizable
instanceKlass java/util/Optional
instanceKlass java/util/IdentityHashMap$EntryIterator$Entry
instanceKlass java/util/IdentityHashMap$IdentityHashMapIterator
instanceKlass org/springframework/util/ConcurrentReferenceHashMap$Reference
instanceKlass org/springframework/util/ConcurrentReferenceHashMap$ReferenceManager
instanceKlass org/springframework/util/ConcurrentReferenceHashMap$Task
instanceKlass org/springframework/util/ClassUtils
instanceKlass org/springframework/util/Assert
instanceKlass org/springframework/core/metrics/DefaultApplicationStartup$DefaultStartupStep$DefaultTags
instanceKlass org/springframework/core/metrics/StartupStep$Tags
instanceKlass org/springframework/core/metrics/DefaultApplicationStartup$DefaultStartupStep
instanceKlass org/springframework/core/metrics/StartupStep
instanceKlass org/springframework/core/metrics/DefaultApplicationStartup
instanceKlass org/springframework/core/metrics/ApplicationStartup
instanceKlass org/springframework/boot/ApplicationContextFactory$$Lambda$18
instanceKlass java/lang/invoke/LambdaForm$DMH
instanceKlass org/springframework/context/ConfigurableApplicationContext
instanceKlass org/springframework/context/Lifecycle
instanceKlass org/springframework/boot/ApplicationContextFactory
instanceKlass org/springframework/boot/SpringApplicationShutdownHook$ApplicationContextClosedListener
instanceKlass org/springframework/boot/SpringApplicationShutdownHook$Handlers
instanceKlass org/springframework/boot/SpringApplicationShutdownHandlers
instanceKlass org/springframework/context/ApplicationListener
instanceKlass org/springframework/boot/SpringApplicationShutdownHook
instanceKlass org/apache/commons/logging/LogAdapter$Log4jLog
instanceKlass org/apache/commons/logging/Log
instanceKlass org/apache/commons/logging/LogAdapter$Log4jAdapter
instanceKlass org/apache/commons/logging/LogAdapter$1
instanceKlass org/apache/commons/logging/LogAdapter
instanceKlass org/apache/commons/logging/LogFactory
instanceKlass org/springframework/beans/factory/config/BeanFactoryPostProcessor
instanceKlass org/springframework/core/convert/support/ConfigurableConversionService
instanceKlass org/springframework/core/convert/converter/ConverterRegistry
instanceKlass org/springframework/core/convert/ConversionService
instanceKlass org/springframework/core/env/PropertySource
instanceKlass org/springframework/core/env/ConfigurableEnvironment
instanceKlass org/springframework/core/env/ConfigurablePropertyResolver
instanceKlass org/springframework/core/env/Environment
instanceKlass org/springframework/core/env/PropertyResolver
instanceKlass org/springframework/context/ApplicationContext
instanceKlass org/springframework/core/io/support/ResourcePatternResolver
instanceKlass org/springframework/core/io/ResourceLoader
instanceKlass org/springframework/context/ApplicationEventPublisher
instanceKlass org/springframework/context/MessageSource
instanceKlass org/springframework/beans/factory/HierarchicalBeanFactory
instanceKlass org/springframework/beans/factory/ListableBeanFactory
instanceKlass org/springframework/beans/factory/BeanFactory
instanceKlass org/springframework/core/env/EnvironmentCapable
instanceKlass org/springframework/boot/ApplicationArguments
instanceKlass org/springframework/boot/ConfigurableBootstrapContext
instanceKlass org/springframework/boot/BootstrapContext
instanceKlass org/springframework/boot/BootstrapRegistry
instanceKlass org/springframework/boot/SpringApplication
instanceKlass org/apache/logging/log4j/core/util/NameUtil
instanceKlass org/apache/logging/log4j/core/Logger$PrivateConfig
instanceKlass org/apache/logging/slf4j/Log4jMarker
instanceKlass org/slf4j/Marker
instanceKlass org/apache/logging/slf4j/Log4jMarkerFactory
instanceKlass org/slf4j/impl/StaticMarkerBinder
instanceKlass org/slf4j/spi/MarkerFactoryBinder
instanceKlass org/slf4j/IMarkerFactory
instanceKlass org/slf4j/MarkerFactory
instanceKlass org/apache/logging/slf4j/Log4jLogger
instanceKlass org/slf4j/spi/LocationAwareLogger
instanceKlass org/apache/logging/log4j/core/LoggerContext$1
instanceKlass org/apache/logging/log4j/core/util/ExecutorServices
instanceKlass org/apache/logging/log4j/core/time/PreciseClock
instanceKlass org/apache/logging/log4j/core/util/SystemClock
instanceKlass org/apache/logging/log4j/core/util/Clock
instanceKlass org/apache/logging/log4j/core/util/ClockFactory
instanceKlass org/apache/logging/log4j/core/impl/Log4jLogEvent
instanceKlass org/apache/logging/log4j/core/jmx/AppenderAdmin
instanceKlass org/apache/logging/log4j/core/jmx/AppenderAdminMBean
instanceKlass org/apache/logging/log4j/core/jmx/LoggerConfigAdmin
instanceKlass org/apache/logging/log4j/core/jmx/LoggerConfigAdminMBean
instanceKlass org/apache/logging/log4j/core/jmx/ContextSelectorAdmin
instanceKlass org/apache/logging/log4j/core/jmx/ContextSelectorAdminMBean
instanceKlass org/apache/logging/log4j/status/StatusData
instanceKlass org/apache/logging/log4j/core/jmx/StatusLoggerAdminMBean
instanceKlass javax/management/NotificationFilter
instanceKlass javax/management/NotificationListener
instanceKlass java/beans/PropertyChangeListener
instanceKlass org/apache/logging/log4j/core/jmx/LoggerContextAdminMBean
instanceKlass com/sun/jmx/mbeanserver/Repository$ObjectNamePattern
instanceKlass sun/management/Flag$1
instanceKlass sun/management/Flag
instanceKlass sun/management/ExtendedPlatformComponent
instanceKlass sun/management/DiagnosticCommandImpl$Wrapper
instanceKlass sun/management/DiagnosticCommandArgumentInfo
instanceKlass sun/management/DiagnosticCommandInfo
instanceKlass sun/management/DiagnosticCommandImpl$OperationInfoComparator
instanceKlass java/lang/management/ManagementFactory$3
instanceKlass com/sun/management/DiagnosticCommandMBean
instanceKlass com/sun/management/VMOption
instanceKlass sun/management/HotSpotDiagnostic
instanceKlass com/sun/management/HotSpotDiagnosticMXBean
instanceKlass com/sun/management/UnixOperatingSystemMXBean
instanceKlass sun/nio/ch/FileChannelImpl$1
instanceKlass sun/management/ManagementFactoryHelper$1
instanceKlass java/nio/Bits$1$1
instanceKlass sun/misc/JavaNioAccess$BufferPool
instanceKlass java/lang/management/BufferPoolMXBean
instanceKlass javax/management/MBeanInfo$ArrayGettersSafeAction
instanceKlass javax/management/openmbean/OpenMBeanOperationInfo
instanceKlass sun/management/ManagementFactoryHelper$PlatformLoggingImpl
instanceKlass sun/management/ManagementFactoryHelper$LoggingMXBean
instanceKlass java/util/logging/LoggingMXBean
instanceKlass java/lang/management/PlatformLoggingMXBean
instanceKlass java/lang/management/LockInfo
instanceKlass java/lang/management/ThreadInfo
instanceKlass sun/management/ThreadImpl
instanceKlass com/sun/management/ThreadMXBean
instanceKlass java/lang/management/ThreadMXBean
instanceKlass sun/management/BaseOperatingSystemImpl
instanceKlass com/sun/management/OperatingSystemMXBean
instanceKlass java/lang/management/OperatingSystemMXBean
instanceKlass sun/management/Sensor
instanceKlass sun/management/MemoryPoolImpl
instanceKlass java/lang/management/MemoryPoolMXBean
instanceKlass javax/management/DescriptorKey
instanceKlass com/sun/management/GcInfo
instanceKlass javax/management/openmbean/CompositeDataView
instanceKlass jdk/Exported
instanceKlass com/sun/jmx/mbeanserver/PerInterface$MethodAndSig
instanceKlass sun/management/CompilationImpl
instanceKlass sun/management/VMManagementImpl$1
instanceKlass java/lang/management/CompilationMXBean
instanceKlass com/sun/jmx/mbeanserver/WeakIdentityHashMap
instanceKlass com/sun/jmx/mbeanserver/MXBeanLookup
instanceKlass com/sun/jmx/mbeanserver/PerInterface$InitMaps
instanceKlass com/sun/jmx/mbeanserver/PerInterface
instanceKlass javax/management/openmbean/OpenMBeanAttributeInfo
instanceKlass javax/management/openmbean/OpenMBeanParameterInfo
instanceKlass com/sun/jmx/mbeanserver/MBeanIntrospector$MBeanInfoMaker
instanceKlass com/sun/jmx/mbeanserver/MBeanAnalyzer$MBeanVisitor
instanceKlass com/sun/jmx/mbeanserver/MBeanAnalyzer$AttrMethods
instanceKlass com/sun/jmx/mbeanserver/MXBeanMapping
instanceKlass javax/management/openmbean/TabularData
instanceKlass javax/management/openmbean/CompositeData
instanceKlass javax/management/openmbean/OpenType
instanceKlass com/sun/jmx/mbeanserver/MXBeanMappingFactory
instanceKlass com/sun/jmx/mbeanserver/ConvertingMethod
instanceKlass com/sun/jmx/mbeanserver/MBeanAnalyzer$MethodOrder
instanceKlass com/sun/jmx/mbeanserver/MBeanAnalyzer
instanceKlass com/sun/jmx/mbeanserver/MBeanIntrospector
instanceKlass javax/management/MXBean
instanceKlass com/sun/jmx/mbeanserver/MBeanSupport
instanceKlass com/sun/jmx/mbeanserver/DescriptorCache
instanceKlass javax/management/JMX
instanceKlass javax/management/StandardMBean
instanceKlass java/lang/management/ManagementFactory$2
instanceKlass java/util/Collections$1
instanceKlass sun/management/ClassLoadingImpl
instanceKlass java/lang/management/ClassLoadingMXBean
instanceKlass java/lang/management/PlatformComponent$15
instanceKlass java/lang/management/PlatformComponent$14
instanceKlass java/lang/management/PlatformComponent$13
instanceKlass java/lang/management/PlatformComponent$12
instanceKlass java/lang/management/PlatformComponent$11
instanceKlass java/lang/management/PlatformComponent$10
instanceKlass java/lang/management/PlatformComponent$9
instanceKlass java/lang/management/PlatformComponent$8
instanceKlass java/lang/management/PlatformComponent$7
instanceKlass java/lang/management/PlatformComponent$6
instanceKlass java/lang/management/PlatformComponent$5
instanceKlass java/lang/management/PlatformComponent$4
instanceKlass java/lang/management/PlatformComponent$3
instanceKlass java/lang/management/PlatformComponent$2
instanceKlass java/lang/management/PlatformComponent$1
instanceKlass java/lang/management/PlatformComponent$MXBeanFetcher
instanceKlass com/sun/jmx/mbeanserver/JmxMBeanServer$3
instanceKlass javax/management/ObjectInstance
instanceKlass com/sun/jmx/mbeanserver/NamedObject
instanceKlass com/sun/jmx/interceptor/DefaultMBeanServerInterceptor$ResourceContext$1
instanceKlass com/sun/jmx/interceptor/DefaultMBeanServerInterceptor$ResourceContext
instanceKlass com/sun/jmx/mbeanserver/Repository$RegistrationContext
instanceKlass com/sun/jmx/mbeanserver/DynamicMBean2
instanceKlass com/sun/jmx/defaults/JmxProperties
instanceKlass com/sun/jmx/mbeanserver/Introspector
instanceKlass com/sun/jmx/mbeanserver/JmxMBeanServer$2
instanceKlass com/sun/jmx/interceptor/DefaultMBeanServerInterceptor
instanceKlass com/sun/jmx/interceptor/MBeanServerInterceptor
instanceKlass com/sun/jmx/mbeanserver/Repository
instanceKlass com/sun/jmx/mbeanserver/JmxMBeanServer$1
instanceKlass com/sun/jmx/mbeanserver/SecureClassLoaderRepository
instanceKlass com/sun/jmx/mbeanserver/MBeanInstantiator
instanceKlass com/sun/jmx/mbeanserver/ClassLoaderRepositorySupport$LoaderEntry
instanceKlass com/sun/jmx/mbeanserver/ClassLoaderRepositorySupport
instanceKlass com/sun/jmx/mbeanserver/ModifiableClassLoaderRepository
instanceKlass javax/management/loading/ClassLoaderRepository
instanceKlass javax/management/ImmutableDescriptor
instanceKlass javax/management/Descriptor
instanceKlass java/util/logging/LogManager$5
instanceKlass java/util/logging/LoggingProxyImpl
instanceKlass sun/util/logging/LoggingProxy
instanceKlass sun/util/logging/LoggingSupport$1
instanceKlass sun/util/logging/LoggingSupport
instanceKlass sun/util/logging/PlatformLogger$LoggerProxy
instanceKlass sun/util/logging/PlatformLogger$1
instanceKlass sun/util/logging/PlatformLogger
instanceKlass java/util/logging/LogManager$LoggerContext$1
instanceKlass java/util/logging/LogManager$3
instanceKlass java/util/logging/LogManager$2
instanceKlass java/lang/Shutdown$Lock
instanceKlass java/lang/Shutdown
instanceKlass java/lang/ApplicationShutdownHooks$1
instanceKlass java/lang/ApplicationShutdownHooks
instanceKlass java/util/logging/LogManager$LogNode
instanceKlass java/util/logging/LogManager$LoggerContext
instanceKlass java/util/logging/LogManager$1
instanceKlass java/util/logging/LogManager
instanceKlass java/util/logging/Logger$LoggerBundle
instanceKlass java/util/logging/Level$KnownLevel
instanceKlass java/util/logging/Level
instanceKlass java/util/logging/Handler
instanceKlass java/util/logging/Logger
instanceKlass com/sun/jmx/remote/util/ClassLogger
instanceKlass javax/management/NotificationBroadcasterSupport$1
instanceKlass javax/management/NotificationBroadcasterSupport
instanceKlass javax/management/ObjectName$Property
instanceKlass javax/management/ObjectName
instanceKlass javax/management/QueryExp
instanceKlass com/sun/jmx/mbeanserver/Util
instanceKlass javax/management/MBeanInfo
instanceKlass javax/management/MBeanFeatureInfo
instanceKlass javax/management/DescriptorRead
instanceKlass javax/management/MBeanServerDelegate
instanceKlass javax/management/MBeanServerDelegateMBean
instanceKlass javax/management/MBeanRegistration
instanceKlass javax/management/DynamicMBean
instanceKlass com/sun/jmx/mbeanserver/JmxMBeanServer
instanceKlass com/sun/jmx/mbeanserver/SunJmxMBeanServer
instanceKlass javax/management/MBeanServer
instanceKlass javax/management/MBeanServerConnection
instanceKlass javax/management/MBeanServerBuilder
instanceKlass com/sun/jmx/mbeanserver/GetPropertyAction
instanceKlass javax/management/MBeanServerFactory
instanceKlass org/apache/logging/log4j/core/jmx/Server
instanceKlass java/util/concurrent/ConcurrentHashMap$MapEntry
instanceKlass org/apache/logging/log4j/core/config/Loggers
instanceKlass org/apache/logging/log4j/core/config/AwaitCompletionReliabilityStrategy
instanceKlass org/apache/logging/log4j/core/config/ReliabilityStrategyFactory
instanceKlass org/apache/logging/log4j/core/config/LoggerConfig$LevelAndRefs
instanceKlass org/apache/logging/log4j/core/config/LoggerConfig$RootLogger$Builder
instanceKlass java/time/Instant
instanceKlass java/time/temporal/TemporalAdjuster
instanceKlass java/time/temporal/Temporal
instanceKlass java/nio/file/attribute/FileTime$1
instanceKlass sun/nio/fs/WindowsFileAttributes
instanceKlass java/nio/file/attribute/DosFileAttributes
instanceKlass sun/nio/fs/AbstractBasicFileAttributeView
instanceKlass sun/nio/fs/DynamicFileAttributeView
instanceKlass sun/nio/fs/WindowsFileAttributeViews
instanceKlass java/nio/file/attribute/BasicFileAttributeView
instanceKlass java/nio/file/attribute/FileAttributeView
instanceKlass java/nio/file/attribute/AttributeView
instanceKlass java/nio/file/attribute/BasicFileAttributes
instanceKlass sun/nio/fs/NativeBuffer$Deallocator
instanceKlass sun/nio/fs/NativeBuffer
instanceKlass sun/nio/fs/NativeBuffers
instanceKlass sun/nio/fs/WindowsNativeDispatcher$BackupResult
instanceKlass sun/nio/fs/WindowsNativeDispatcher$CompletionStatus
instanceKlass sun/nio/fs/WindowsNativeDispatcher$AclInformation
instanceKlass sun/nio/fs/WindowsNativeDispatcher$Account
instanceKlass sun/nio/fs/WindowsNativeDispatcher$DiskFreeSpace
instanceKlass sun/nio/fs/WindowsNativeDispatcher$VolumeInformation
instanceKlass sun/nio/fs/WindowsNativeDispatcher$FirstStream
instanceKlass sun/nio/fs/WindowsNativeDispatcher$FirstFile
instanceKlass sun/nio/fs/WindowsNativeDispatcher$1
instanceKlass sun/nio/fs/WindowsNativeDispatcher
instanceKlass sun/nio/fs/WindowsChannelFactory$Flags
instanceKlass sun/nio/fs/WindowsChannelFactory$1
instanceKlass sun/nio/fs/WindowsChannelFactory
instanceKlass java/nio/file/Files
instanceKlass java/nio/file/CopyOption
instanceKlass java/nio/file/OpenOption
instanceKlass sun/nio/fs/AbstractPath
instanceKlass org/apache/logging/log4j/core/appender/ConfigurationFactoryData
instanceKlass org/apache/logging/log4j/core/util/Log4jThreadFactory
instanceKlass java/util/concurrent/Semaphore
instanceKlass org/apache/logging/log4j/core/appender/rolling/PatternProcessor
instanceKlass java/nio/file/attribute/FileTime
instanceKlass org/apache/logging/log4j/core/appender/rolling/RollingFileManager$RollingFileManagerFactory
instanceKlass org/apache/logging/log4j/core/appender/FileManager$FileManagerFactory
instanceKlass org/apache/logging/log4j/core/appender/rolling/DefaultRolloverStrategy$Builder
instanceKlass org/apache/logging/log4j/core/appender/rolling/RolloverDescription
instanceKlass org/apache/logging/log4j/core/util/Assert
instanceKlass org/apache/logging/log4j/core/config/plugins/validation/validators/RequiredValidator
instanceKlass org/apache/logging/log4j/core/config/plugins/validation/ConstraintValidator
instanceKlass org/apache/logging/log4j/core/config/plugins/validation/constraints/Required
instanceKlass org/apache/logging/log4j/core/lookup/DefaultLookupResult
instanceKlass org/apache/logging/log4j/core/filter/AbstractFilterable$Builder
instanceKlass java/text/ParsePosition
instanceKlass org/apache/logging/log4j/core/appender/rolling/FileSize
instanceKlass org/apache/logging/log4j/core/appender/rolling/TimeBasedTriggeringPolicy$Builder
instanceKlass org/apache/logging/log4j/core/util/datetime/FastDateParser$StrategyAndWidth
instanceKlass org/apache/logging/log4j/core/util/datetime/FastDateParser$StrategyParser
instanceKlass org/apache/logging/log4j/core/util/datetime/FastDateParser$$Lambda$17
instanceKlass sun/util/locale/Extension
instanceKlass sun/util/locale/LocaleExtensions
instanceKlass org/apache/logging/log4j/core/util/datetime/FastDateParser$Strategy
instanceKlass org/apache/logging/log4j/core/util/datetime/FastDateParser
instanceKlass org/apache/logging/log4j/core/util/datetime/FastDatePrinter$PaddedNumberField
instanceKlass org/apache/logging/log4j/core/util/datetime/FastDatePrinter$TwoDigitMonthField
instanceKlass org/apache/logging/log4j/core/util/datetime/FastDatePrinter$CharacterLiteral
instanceKlass org/apache/logging/log4j/core/util/datetime/FastDatePrinter$TwoDigitNumberField
instanceKlass org/apache/logging/log4j/core/util/datetime/FastDatePrinter$NumberRule
instanceKlass org/apache/logging/log4j/core/util/datetime/FastDatePrinter$Rule
instanceKlass org/apache/logging/log4j/core/util/datetime/FastDatePrinter
instanceKlass org/apache/logging/log4j/core/util/datetime/FormatCache$MultipartKey
instanceKlass org/apache/logging/log4j/core/util/datetime/FormatCache
instanceKlass org/apache/logging/log4j/core/util/datetime/Format
instanceKlass org/apache/logging/log4j/core/util/datetime/DatePrinter
instanceKlass org/apache/logging/log4j/core/util/datetime/DateParser
instanceKlass org/apache/logging/log4j/core/config/plugins/PluginConfiguration
instanceKlass org/apache/logging/log4j/core/config/plugins/PluginElement
instanceKlass org/apache/logging/log4j/core/config/plugins/PluginBuilderAttribute
instanceKlass org/apache/logging/log4j/core/util/TypeUtil
instanceKlass org/apache/logging/log4j/util/EnglishEnums
instanceKlass org/apache/logging/log4j/core/config/plugins/convert/EnumConverter
instanceKlass org/apache/logging/log4j/core/config/plugins/validation/Constraint
instanceKlass org/apache/logging/log4j/core/config/plugins/validation/ConstraintValidators
instanceKlass org/apache/logging/log4j/util/StringBuilders
instanceKlass org/apache/logging/log4j/core/appender/rolling/action/Duration
instanceKlass org/apache/logging/log4j/core/util/CronExpression
instanceKlass sun/reflect/generics/tree/CharSignature
instanceKlass sun/reflect/generics/tree/ArrayTypeSignature
instanceKlass sun/reflect/generics/tree/ByteSignature
instanceKlass org/apache/logging/log4j/core/config/plugins/convert/TypeConverterRegistry
instanceKlass org/apache/logging/log4j/core/config/plugins/convert/TypeConverters
instanceKlass org/apache/logging/log4j/core/config/plugins/visitors/AbstractPluginVisitor
instanceKlass org/apache/logging/log4j/core/config/plugins/visitors/PluginVisitor
instanceKlass org/apache/logging/log4j/core/config/plugins/visitors/PluginVisitors
instanceKlass org/apache/logging/log4j/core/config/plugins/PluginVisitorStrategy
instanceKlass org/apache/logging/log4j/core/config/plugins/PluginAttribute
instanceKlass org/apache/logging/log4j/core/config/plugins/PluginFactory
instanceKlass org/apache/logging/log4j/core/config/plugins/PluginBuilderFactory
instanceKlass org/apache/logging/log4j/core/config/plugins/util/PluginBuilder
instanceKlass org/apache/logging/log4j/core/config/plugins/PluginAliases
instanceKlass org/apache/logging/log4j/core/config/Scheduled
instanceKlass org/w3c/dom/Comment
instanceKlass java/util/Formattable
instanceKlass java/util/Formatter$FixedString
instanceKlass java/util/Formatter$Conversion
instanceKlass java/util/Formatter$Flags
instanceKlass java/util/Formatter$FormatSpecifier
instanceKlass java/util/Formatter$FormatString
instanceKlass java/util/Formatter
instanceKlass org/apache/logging/log4j/core/Version
instanceKlass java/net/InetAddress$CacheEntry
instanceKlass sun/net/InetAddressCachePolicy$2
instanceKlass sun/net/InetAddressCachePolicy$1
instanceKlass sun/net/InetAddressCachePolicy
instanceKlass java/net/Inet4AddressImpl
instanceKlass org/apache/logging/log4j/core/LoggerContext$$Lambda$16
instanceKlass java/util/concurrent/LinkedBlockingQueue$Itr
instanceKlass org/apache/logging/log4j/status/StatusConsoleListener
instanceKlass org/apache/logging/log4j/status/StatusListener
instanceKlass org/apache/logging/log4j/core/config/status/StatusConfiguration
instanceKlass com/sun/org/apache/xerces/internal/util/IntStack
instanceKlass com/sun/org/apache/xerces/internal/xinclude/XIncludeMessageFormatter
instanceKlass com/sun/org/apache/xerces/internal/xinclude/XIncludeHandler
instanceKlass com/sun/org/apache/xerces/internal/util/URI
instanceKlass org/apache/logging/log4j/core/util/Closer
instanceKlass org/apache/logging/log4j/core/config/plugins/util/ResolverUtil
instanceKlass javax/xml/transform/Source
instanceKlass org/apache/logging/log4j/core/config/Reconfigurable
instanceKlass sun/nio/fs/WindowsUriSupport
instanceKlass sun/nio/fs/Util
instanceKlass sun/nio/fs/WindowsPathParser$Result
instanceKlass sun/nio/fs/WindowsPathParser
instanceKlass java/nio/file/FileSystem
instanceKlass java/nio/file/spi/FileSystemProvider
instanceKlass sun/nio/fs/DefaultFileSystemProvider
instanceKlass java/nio/file/FileSystems$DefaultFileSystemHolder$1
instanceKlass java/nio/file/FileSystems$DefaultFileSystemHolder
instanceKlass java/nio/file/FileSystems
instanceKlass java/nio/file/Paths
instanceKlass org/apache/logging/log4j/core/util/Source
instanceKlass java/text/DontCareFieldPosition$1
instanceKlass java/text/Format$FieldDelegate
instanceKlass java/text/DigitList
instanceKlass java/util/Currency$CurrencyNameGetter
instanceKlass java/util/Currency$1
instanceKlass java/util/Currency
instanceKlass java/text/DecimalFormatSymbols
instanceKlass java/util/concurrent/atomic/AtomicMarkableReference$Pair
instanceKlass java/util/concurrent/atomic/AtomicMarkableReference
instanceKlass java/text/DateFormatSymbols
instanceKlass sun/net/www/MimeEntry
instanceKlass sun/net/www/MimeTable$DefaultInstanceHolder$1
instanceKlass sun/net/www/MimeTable$DefaultInstanceHolder
instanceKlass sun/net/www/MimeTable$1
instanceKlass sun/net/www/MimeTable
instanceKlass java/net/URLConnection$1
instanceKlass java/net/FileNameMap
instanceKlass sun/net/DefaultProgressMeteringPolicy
instanceKlass sun/net/ProgressMeteringPolicy
instanceKlass sun/net/ProgressMonitor
instanceKlass org/apache/logging/log4j/core/net/UrlConnectionFactory
instanceKlass org/apache/logging/log4j/core/util/FileUtils
instanceKlass org/apache/logging/log4j/core/util/NetUtils
instanceKlass org/apache/logging/log4j/core/util/BasicAuthorizationProvider$$Lambda$15
instanceKlass org/apache/logging/log4j/core/util/BasicAuthorizationProvider$$Lambda$14
instanceKlass org/apache/logging/log4j/core/util/BasicAuthorizationProvider$$Lambda$13
instanceKlass org/apache/logging/log4j/core/util/BasicAuthorizationProvider
instanceKlass com/fasterxml/jackson/core/JsonParser
instanceKlass com/fasterxml/jackson/databind/JsonSerializable$Base
instanceKlass com/fasterxml/jackson/databind/JsonSerializable
instanceKlass com/fasterxml/jackson/core/TreeNode
instanceKlass com/fasterxml/jackson/core/TreeCodec
instanceKlass com/fasterxml/jackson/core/Versioned
instanceKlass org/apache/logging/log4j/core/config/Order
instanceKlass org/apache/logging/log4j/core/config/OrderComparator
instanceKlass org/apache/logging/log4j/core/util/AuthorizationProvider
instanceKlass org/apache/logging/log4j/core/config/builder/api/ConfigurationBuilder
instanceKlass org/apache/logging/log4j/core/selector/ClassLoaderContextSelector$$Lambda$12
instanceKlass org/apache/logging/log4j/core/appender/DefaultErrorHandler
instanceKlass org/apache/logging/log4j/core/appender/ConsoleAppender$FactoryData
instanceKlass org/apache/logging/log4j/core/appender/ConsoleAppender$ConsoleManagerFactory
instanceKlass org/apache/logging/log4j/core/layout/ByteBufferDestination
instanceKlass org/apache/logging/log4j/core/ErrorHandler
instanceKlass org/apache/logging/log4j/core/layout/PatternLayout$PatternFormatterPatternSerializer
instanceKlass org/apache/logging/log4j/core/pattern/PlainTextRenderer
instanceKlass org/apache/logging/log4j/core/impl/ThrowableFormatOptions
instanceKlass org/apache/logging/log4j/core/pattern/PatternFormatter
instanceKlass org/apache/logging/log4j/core/pattern/TextRenderer
instanceKlass org/apache/logging/log4j/core/util/Integers
instanceKlass org/apache/logging/log4j/core/pattern/NameAbbreviator
instanceKlass org/apache/logging/log4j/core/util/OptionConverter
instanceKlass sun/util/calendar/CalendarUtils
instanceKlass sun/util/calendar/CalendarDate
instanceKlass sun/util/locale/LanguageTag
instanceKlass java/util/ResourceBundle$CacheKeyReference
instanceKlass java/util/ResourceBundle$CacheKey
instanceKlass java/util/ResourceBundle$RBClassLoader$1
instanceKlass java/util/ResourceBundle$Control
instanceKlass sun/util/resources/LocaleData$1
instanceKlass sun/util/resources/LocaleData
instanceKlass sun/util/locale/provider/LocaleResources
instanceKlass sun/util/locale/provider/CalendarDataUtility$CalendarWeekParameterGetter
instanceKlass sun/util/locale/provider/LocaleServiceProviderPool$LocalizedObjectGetter
instanceKlass sun/util/locale/provider/SPILocaleProviderAdapter$1
instanceKlass sun/util/locale/provider/LocaleServiceProviderPool
instanceKlass sun/util/locale/provider/CalendarDataUtility
instanceKlass java/util/Calendar$Builder
instanceKlass sun/util/locale/provider/JRELocaleProviderAdapter$1
instanceKlass sun/util/locale/provider/LocaleDataMetaInfo
instanceKlass sun/util/locale/provider/AvailableLanguageTags
instanceKlass sun/util/locale/provider/LocaleProviderAdapter$1
instanceKlass sun/util/locale/provider/ResourceBundleBasedAdapter
instanceKlass sun/util/locale/provider/LocaleProviderAdapter
instanceKlass java/util/spi/LocaleServiceProvider
instanceKlass java/util/TimeZone$1
instanceKlass sun/util/calendar/ZoneInfoFile$ZoneOffsetTransitionRule
instanceKlass sun/util/calendar/ZoneInfoFile$1
instanceKlass sun/util/calendar/ZoneInfoFile
instanceKlass sun/util/calendar/CalendarSystem
instanceKlass org/apache/logging/log4j/core/util/datetime/FixedDateFormat
instanceKlass org/apache/logging/log4j/core/time/MutableInstant
instanceKlass java/time/temporal/TemporalAccessor
instanceKlass org/apache/logging/log4j/core/pattern/DatePatternConverter$CachedTime
instanceKlass org/apache/logging/log4j/core/pattern/DatePatternConverter$Formatter
instanceKlass org/apache/logging/log4j/core/time/Instant
instanceKlass org/apache/logging/log4j/core/pattern/PatternParser$1
instanceKlass org/apache/logging/log4j/core/pattern/FormattingInfo
instanceKlass java/lang/annotation/Documented
instanceKlass org/apache/logging/log4j/core/config/plugins/Plugin
instanceKlass org/apache/logging/log4j/core/pattern/ConverterKeys
instanceKlass org/apache/logging/log4j/core/pattern/PatternParser
instanceKlass org/apache/logging/log4j/core/layout/StringBuilderEncoder
instanceKlass org/apache/logging/log4j/core/layout/PatternLayout$PatternSerializer
instanceKlass org/apache/logging/log4j/core/layout/AbstractStringLayout$Serializer
instanceKlass org/apache/logging/log4j/core/layout/PatternLayout$SerializerBuilder
instanceKlass org/apache/logging/log4j/core/layout/PatternLayout$Builder
instanceKlass org/apache/logging/log4j/core/layout/AbstractStringLayout$Serializer2
instanceKlass org/apache/logging/log4j/spi/LoggerRegistry$ConcurrentMapFactory
instanceKlass org/apache/logging/log4j/spi/LoggerRegistry$MapFactory
instanceKlass org/apache/logging/log4j/spi/LoggerRegistry
instanceKlass org/apache/logging/log4j/core/config/Node
instanceKlass org/apache/logging/log4j/core/util/DummyNanoClock
instanceKlass org/apache/logging/log4j/core/util/WatchEventService
instanceKlass java/util/UUID
instanceKlass org/apache/logging/log4j/core/util/WatchManager$LocalUUID
instanceKlass java/util/concurrent/Future
instanceKlass java/util/concurrent/ScheduledExecutorService
instanceKlass org/apache/logging/log4j/core/config/DefaultReliabilityStrategy
instanceKlass org/apache/logging/log4j/core/config/LocationAwareReliabilityStrategy
instanceKlass org/apache/logging/log4j/core/config/AppenderControlArraySet
instanceKlass org/apache/logging/log4j/core/impl/DefaultLogEventFactory
instanceKlass org/apache/logging/log4j/core/util/Constants
instanceKlass org/apache/logging/log4j/core/LogEvent
instanceKlass org/apache/logging/log4j/core/impl/LogEventFactory
instanceKlass org/apache/logging/log4j/core/impl/LocationAwareLogEventFactory
instanceKlass org/apache/logging/log4j/core/config/ReliabilityStrategy
instanceKlass org/apache/logging/log4j/core/lookup/StrMatcher
instanceKlass sun/management/Util
instanceKlass sun/management/RuntimeImpl
instanceKlass java/lang/management/RuntimeMXBean
instanceKlass org/apache/logging/log4j/core/net/JndiManager$JndiManagerFactory
instanceKlass javax/naming/Context
instanceKlass org/apache/logging/log4j/core/appender/ManagerFactory
instanceKlass org/apache/logging/log4j/core/appender/AbstractManager
instanceKlass java/util/stream/MatchOps$$Lambda$11
instanceKlass java/util/stream/MatchOps$BooleanTerminalSink
instanceKlass java/util/stream/Sink
instanceKlass java/util/function/Consumer
instanceKlass java/util/stream/MatchOps$MatchOp
instanceKlass java/util/stream/TerminalOp
instanceKlass java/util/stream/MatchOps
instanceKlass org/apache/logging/log4j/core/impl/ThreadContextDataInjector$$Lambda$10
instanceKlass java/lang/invoke/LambdaForm$DMH
instanceKlass java/lang/invoke/LambdaForm$DMH
instanceKlass java/util/stream/StreamOpFlag$MaskBuilder
instanceKlass java/util/stream/PipelineHelper
instanceKlass java/util/stream/Stream
instanceKlass java/util/stream/StreamSupport
instanceKlass java/util/ArrayList$ArrayListSpliterator
instanceKlass org/apache/logging/log4j/core/impl/ThreadContextDataProvider
instanceKlass org/apache/logging/log4j/core/util/ContextDataProvider
instanceKlass java/util/concurrent/ConcurrentLinkedDeque$Node
instanceKlass org/apache/logging/log4j/core/impl/ThreadContextDataInjector
instanceKlass org/apache/logging/log4j/core/impl/ThreadContextDataInjector$ForDefaultThreadContextMap
instanceKlass org/apache/logging/log4j/spi/DefaultThreadContextStack
instanceKlass org/apache/logging/log4j/spi/DefaultThreadContextMap
instanceKlass org/apache/logging/log4j/spi/GarbageFreeSortedArrayThreadContextMap
instanceKlass java/io/ObjectInputValidation
instanceKlass java/io/ObjectInputStream$GetField
instanceKlass org/apache/logging/log4j/util/SortedArrayStringMap$$Lambda$9
instanceKlass org/apache/logging/log4j/util/TriConsumer
instanceKlass java/lang/invoke/LambdaForm$DMH
instanceKlass org/apache/logging/log4j/util/SortedArrayStringMap
instanceKlass org/apache/logging/log4j/util/IndexedStringMap
instanceKlass org/apache/logging/log4j/util/IndexedReadOnlyStringMap
instanceKlass org/apache/logging/log4j/util/StringMap
instanceKlass org/apache/logging/log4j/util/ReadOnlyStringMap
instanceKlass org/apache/logging/log4j/spi/CopyOnWriteSortedArrayThreadContextMap
instanceKlass org/apache/logging/log4j/spi/CopyOnWrite
instanceKlass org/apache/logging/log4j/spi/ObjectThreadContextMap
instanceKlass org/apache/logging/log4j/spi/CleanableThreadContextMap
instanceKlass org/apache/logging/log4j/spi/ThreadContextMap2
instanceKlass org/apache/logging/log4j/spi/ReadOnlyThreadContextMap
instanceKlass org/apache/logging/log4j/spi/ThreadContextMapFactory
instanceKlass org/apache/logging/log4j/ThreadContext$EmptyIterator
instanceKlass org/apache/logging/log4j/spi/ThreadContextMap
instanceKlass org/apache/logging/log4j/spi/ThreadContextStack
instanceKlass org/apache/logging/log4j/ThreadContext$ContextStack
instanceKlass org/apache/logging/log4j/ThreadContext
instanceKlass org/apache/logging/log4j/core/ContextDataInjector
instanceKlass org/apache/logging/log4j/core/impl/ContextDataInjectorFactory
instanceKlass org/apache/logging/log4j/core/util/ReflectionUtil
instanceKlass java/util/concurrent/CopyOnWriteArrayList$COWIterator
instanceKlass java/util/concurrent/ConcurrentHashMap$Traverser
instanceKlass java/lang/invoke/LambdaForm$MH
instanceKlass java/lang/invoke/LambdaForm$DMH
instanceKlass org/apache/logging/log4j/core/config/plugins/util/PluginRegistry$$Lambda$8
instanceKlass org/apache/logging/log4j/util/Supplier
instanceKlass java/lang/invoke/LambdaForm$DMH
instanceKlass org/apache/logging/log4j/core/util/AbstractWatcher
instanceKlass org/apache/logging/log4j/core/config/plugins/convert/TypeConverters$UuidConverter
instanceKlass org/apache/logging/log4j/core/config/plugins/convert/TypeConverters$UrlConverter
instanceKlass org/apache/logging/log4j/core/config/plugins/convert/TypeConverters$UriConverter
instanceKlass org/apache/logging/log4j/core/config/plugins/convert/TypeConverters$StringConverter
instanceKlass org/apache/logging/log4j/core/config/plugins/convert/TypeConverters$ShortConverter
instanceKlass org/apache/logging/log4j/core/config/plugins/convert/TypeConverters$SecurityProviderConverter
instanceKlass org/apache/logging/log4j/core/config/plugins/convert/TypeConverters$PatternConverter
instanceKlass org/apache/logging/log4j/core/config/plugins/convert/TypeConverters$PathConverter
instanceKlass org/apache/logging/log4j/core/config/plugins/convert/TypeConverters$LongConverter
instanceKlass org/apache/logging/log4j/core/config/plugins/convert/TypeConverters$LevelConverter
instanceKlass org/apache/logging/log4j/core/config/plugins/convert/TypeConverters$IntegerConverter
instanceKlass org/apache/logging/log4j/core/config/plugins/convert/TypeConverters$InetAddressConverter
instanceKlass org/apache/logging/log4j/core/config/plugins/convert/TypeConverters$FloatConverter
instanceKlass org/apache/logging/log4j/core/config/plugins/convert/TypeConverters$FileConverter
instanceKlass org/apache/logging/log4j/core/config/plugins/convert/TypeConverters$DurationConverter
instanceKlass org/apache/logging/log4j/core/config/plugins/convert/TypeConverters$DoubleConverter
instanceKlass org/apache/logging/log4j/core/config/plugins/convert/TypeConverters$CronExpressionConverter
instanceKlass org/apache/logging/log4j/core/config/plugins/convert/TypeConverters$ClassConverter
instanceKlass org/apache/logging/log4j/core/config/plugins/convert/TypeConverters$CharsetConverter
instanceKlass org/apache/logging/log4j/core/config/plugins/convert/TypeConverters$CharArrayConverter
instanceKlass org/apache/logging/log4j/core/config/plugins/convert/TypeConverters$CharacterConverter
instanceKlass org/apache/logging/log4j/core/config/plugins/convert/TypeConverters$ByteArrayConverter
instanceKlass org/apache/logging/log4j/core/config/plugins/convert/TypeConverters$ByteConverter
instanceKlass org/apache/logging/log4j/core/config/plugins/convert/TypeConverters$BooleanConverter
instanceKlass org/apache/logging/log4j/core/config/plugins/convert/TypeConverters$BigIntegerConverter
instanceKlass org/apache/logging/log4j/core/config/plugins/convert/TypeConverters$BigDecimalConverter
instanceKlass org/apache/logging/log4j/core/config/plugins/convert/TypeConverter
instanceKlass org/apache/logging/log4j/core/lookup/UpperLookup
instanceKlass org/apache/logging/log4j/core/lookup/StructuredDataLookup
instanceKlass org/apache/logging/log4j/core/lookup/LowerLookup
instanceKlass org/apache/logging/log4j/core/lookup/MapLookup
instanceKlass org/apache/logging/log4j/core/lookup/DateLookup
instanceKlass org/apache/logging/log4j/core/lookup/ContextMapLookup
instanceKlass org/apache/logging/log4j/core/pattern/FileDatePatternConverter
instanceKlass org/apache/logging/log4j/core/config/arbiters/SystemPropertyArbiter
instanceKlass org/apache/logging/log4j/core/net/ssl/SslConfiguration
instanceKlass org/apache/logging/log4j/core/appender/rolling/action/PathSortByModificationTime
instanceKlass org/apache/logging/log4j/core/appender/rolling/action/PathSorter
instanceKlass org/apache/logging/log4j/core/net/SocketPerformancePreferences
instanceKlass org/apache/logging/log4j/core/net/SocketOptions
instanceKlass org/apache/logging/log4j/core/util/Builder
instanceKlass org/apache/logging/log4j/core/net/SocketAddress
instanceKlass org/apache/logging/log4j/core/config/arbiters/SelectArbiter
instanceKlass org/apache/logging/log4j/core/config/ScriptsPlugin
instanceKlass org/apache/logging/log4j/core/layout/ScriptPatternSelector
instanceKlass org/apache/logging/log4j/core/appender/rolling/action/ScriptCondition
instanceKlass org/apache/logging/log4j/core/config/arbiters/ScriptArbiter
instanceKlass org/apache/logging/log4j/core/script/AbstractScript
instanceKlass org/apache/logging/log4j/core/appender/routing/Routes
instanceKlass org/apache/logging/log4j/core/appender/routing/Route
instanceKlass org/apache/logging/log4j/core/pattern/RegexReplacement
instanceKlass org/apache/logging/log4j/core/appender/rewrite/PropertiesRewritePolicy
instanceKlass org/apache/logging/log4j/core/config/PropertiesPlugin
instanceKlass org/apache/logging/log4j/core/layout/PatternMatch
instanceKlass org/jboss/netty/util/CharsetUtil
instanceKlass org/apache/logging/log4j/core/net/MulticastDnsAdvertiser
instanceKlass org/apache/logging/log4j/core/layout/MarkerPatternSelector
instanceKlass org/apache/logging/log4j/core/appender/rewrite/MapRewritePolicy
instanceKlass org/apache/logging/log4j/core/config/LoggersPlugin
instanceKlass org/apache/logging/log4j/core/appender/rewrite/LoggerNameLevelRewritePolicy
instanceKlass org/apache/logging/log4j/core/appender/rewrite/RewritePolicy
instanceKlass org/apache/logging/log4j/core/layout/LoggerFields
instanceKlass org/apache/logging/log4j/core/async/LinkedTransferQueueFactory
instanceKlass org/apache/logging/log4j/core/layout/LevelPatternSelector
instanceKlass org/apache/logging/log4j/core/layout/PatternSelector
instanceKlass org/apache/logging/log4j/core/util/KeyValuePair
instanceKlass org/apache/logging/log4j/core/net/ssl/StoreConfiguration
instanceKlass org/apache/logging/log4j/core/async/JCToolsBlockingQueueFactory
instanceKlass org/apache/logging/log4j/core/appender/rolling/action/IfNot
instanceKlass org/apache/logging/log4j/core/appender/rolling/action/IfLastModified
instanceKlass org/apache/logging/log4j/core/appender/rolling/action/IfFileName
instanceKlass org/apache/logging/log4j/core/appender/rolling/action/IfAny
instanceKlass org/apache/logging/log4j/core/appender/rolling/action/IfAll
instanceKlass org/apache/logging/log4j/core/appender/rolling/action/IfAccumulatedFileSize
instanceKlass org/apache/logging/log4j/core/appender/rolling/action/IfAccumulatedFileCount
instanceKlass org/apache/logging/log4j/core/appender/rolling/action/PathCondition
instanceKlass org/apache/logging/log4j/core/appender/routing/PurgePolicy
instanceKlass org/apache/logging/log4j/core/appender/FailoversPlugin
instanceKlass org/apache/logging/log4j/core/async/DisruptorBlockingQueueFactory
instanceKlass org/apache/logging/log4j/core/appender/rolling/DirectFileRolloverStrategy
instanceKlass org/apache/logging/log4j/core/appender/rolling/action/AbstractAction
instanceKlass org/apache/logging/log4j/core/appender/rolling/action/Action
instanceKlass org/apache/logging/log4j/core/appender/rolling/AbstractRolloverStrategy
instanceKlass org/apache/logging/log4j/core/appender/rolling/RolloverStrategy
instanceKlass org/apache/logging/log4j/core/config/arbiters/DefaultArbiter
instanceKlass org/apache/logging/log4j/core/config/CustomLevels
instanceKlass org/apache/logging/log4j/core/config/CustomLevelConfig
instanceKlass org/apache/logging/log4j/core/layout/AbstractLayout
instanceKlass org/apache/logging/log4j/core/StringLayout
instanceKlass org/apache/logging/log4j/core/appender/rolling/TriggeringPolicy
instanceKlass org/apache/logging/log4j/core/appender/db/jdbc/ConnectionSource
instanceKlass org/apache/logging/log4j/core/appender/db/ColumnMapping
instanceKlass org/apache/logging/log4j/core/appender/db/jdbc/ColumnConfig
instanceKlass org/apache/logging/log4j/core/config/arbiters/ClassArbiter
instanceKlass org/apache/logging/log4j/core/config/arbiters/Arbiter
instanceKlass org/apache/logging/log4j/core/async/ArrayBlockingQueueFactory
instanceKlass org/apache/logging/log4j/core/async/BlockingQueueFactory
instanceKlass org/apache/logging/log4j/core/appender/AppenderSet
instanceKlass org/apache/logging/log4j/core/config/AppendersPlugin
instanceKlass org/apache/logging/log4j/core/config/AppenderRef
instanceKlass org/apache/logging/log4j/core/pattern/AnsiConverter
instanceKlass org/apache/logging/log4j/core/pattern/ArrayPatternConverter
instanceKlass org/apache/logging/log4j/core/impl/LocationAware
instanceKlass org/apache/logging/log4j/core/pattern/AbstractPatternConverter
instanceKlass org/apache/logging/log4j/core/pattern/PatternConverter
instanceKlass org/apache/logging/log4j/core/config/plugins/util/PluginType
instanceKlass org/apache/logging/log4j/core/config/builder/api/ConfigurationBuilderFactory
instanceKlass java/lang/invoke/LambdaForm$MH
instanceKlass java/lang/invoke/LambdaForm$DMH
instanceKlass java/lang/invoke/LambdaForm$DMH
instanceKlass org/apache/logging/log4j/core/config/plugins/processor/PluginCache$$Lambda$7
instanceKlass java/lang/invoke/LambdaForm$DMH
instanceKlass org/apache/logging/log4j/core/config/plugins/processor/PluginEntry
instanceKlass org/apache/logging/log4j/core/config/plugins/processor/PluginCache$$Lambda$6
instanceKlass org/apache/logging/log4j/core/config/plugins/processor/PluginCache
instanceKlass org/apache/logging/log4j/core/config/plugins/util/ResolverUtil$Test
instanceKlass org/apache/logging/log4j/core/config/plugins/util/PluginRegistry
instanceKlass org/apache/logging/log4j/core/config/plugins/util/PluginManager
instanceKlass org/apache/logging/log4j/core/lookup/PropertiesLookup
instanceKlass org/apache/logging/log4j/core/lookup/LookupResult
instanceKlass org/apache/logging/log4j/core/lookup/AbstractLookup
instanceKlass org/apache/logging/log4j/core/config/DefaultAdvertiser
instanceKlass org/apache/logging/log4j/core/config/Property
instanceKlass org/apache/logging/log4j/core/config/ConfigurationSource
instanceKlass org/apache/logging/log4j/core/util/Watcher
instanceKlass org/apache/logging/log4j/core/async/AsyncLoggerConfigDelegate
instanceKlass org/apache/logging/log4j/core/Appender
instanceKlass org/apache/logging/log4j/core/Layout
instanceKlass org/apache/logging/log4j/core/layout/Encoder
instanceKlass org/apache/logging/log4j/core/util/NanoClock
instanceKlass org/apache/logging/log4j/core/lookup/StrLookup
instanceKlass org/apache/logging/log4j/core/net/Advertiser
instanceKlass org/apache/logging/log4j/core/lookup/StrSubstitutor
instanceKlass org/apache/logging/log4j/core/config/ConfigurationAware
instanceKlass org/apache/logging/log4j/core/Filter
instanceKlass org/apache/logging/log4j/core/AbstractLifeCycle
instanceKlass org/apache/logging/log4j/spi/LoggerContextShutdownEnabled
instanceKlass org/apache/logging/log4j/core/config/ConfigurationListener
instanceKlass org/apache/logging/log4j/spi/Terminable
instanceKlass org/apache/logging/log4j/util/StackLocator
instanceKlass org/apache/logging/log4j/util/StackLocatorUtil
instanceKlass org/apache/logging/log4j/internal/LogManagerStatus
instanceKlass org/apache/logging/log4j/core/util/Cancellable
instanceKlass org/apache/logging/log4j/core/util/DefaultShutdownCallbackRegistry
instanceKlass org/apache/logging/log4j/core/LifeCycle2
instanceKlass java/util/concurrent/atomic/AtomicReference
instanceKlass org/apache/logging/log4j/core/selector/ClassLoaderContextSelector
instanceKlass org/apache/logging/log4j/core/util/Loader
instanceKlass org/apache/logging/log4j/core/selector/ContextSelector
instanceKlass org/apache/logging/log4j/core/config/Configuration
instanceKlass org/apache/logging/log4j/core/filter/Filterable
instanceKlass org/apache/logging/log4j/core/LifeCycle
instanceKlass org/apache/logging/log4j/spi/LoggerContext
instanceKlass org/apache/logging/log4j/core/impl/Log4jContextFactory
instanceKlass org/apache/logging/log4j/core/util/ShutdownCallbackRegistry
instanceKlass org/apache/logging/log4j/spi/Provider
instanceKlass org/apache/logging/log4j/util/ProviderUtil
instanceKlass org/apache/logging/log4j/spi/LoggerContextFactory
instanceKlass org/apache/logging/log4j/LogManager
instanceKlass org/apache/logging/slf4j/Log4jLoggerFactory$$Lambda$5
instanceKlass java/util/function/Predicate
instanceKlass java/lang/invoke/LambdaForm$DMH
instanceKlass java/lang/invoke/LambdaForm$DMH
instanceKlass java/util/RegularEnumSet$EnumSetIterator
instanceKlass org/apache/logging/log4j/Level
instanceKlass org/apache/logging/log4j/util/Strings$$Lambda$4
instanceKlass java/lang/invoke/LambdaForm$DMH
instanceKlass org/apache/logging/log4j/util/Strings
instanceKlass java/util/concurrent/ConcurrentLinkedQueue$Node
instanceKlass java/util/concurrent/locks/ReentrantReadWriteLock$WriteLock
instanceKlass java/util/concurrent/locks/ReentrantReadWriteLock$ReadLock
instanceKlass org/apache/logging/log4j/message/ExitMessage
instanceKlass org/apache/logging/log4j/message/EntryMessage
instanceKlass org/apache/logging/log4j/message/FlowMessage
instanceKlass org/apache/logging/log4j/message/DefaultFlowMessageFactory
instanceKlass org/apache/logging/log4j/message/FlowMessageFactory
instanceKlass javax/servlet/Servlet
instanceKlass java/util/Collections$UnmodifiableMap$UnmodifiableEntrySet$UnmodifiableEntry
instanceKlass java/util/Collections$UnmodifiableMap$UnmodifiableEntrySet$1
instanceKlass org/apache/logging/log4j/util/PropertySource$Util
instanceKlass java/lang/invoke/LambdaForm$MH
instanceKlass org/springframework/boot/logging/log4j2/SpringBootPropertySource$$Lambda$3
instanceKlass java/util/function/BiConsumer
instanceKlass java/lang/invoke/LambdaForm$DMH
instanceKlass java/lang/invoke/LambdaForm$MH
instanceKlass org/apache/logging/log4j/util/PropertiesUtil$Environment$$Lambda$2
instanceKlass java/lang/invoke/LambdaForm$DMH
instanceKlass java/util/zip/ZipFile$ZipEntryIterator
instanceKlass java/util/jar/JarFile$JarEntryIterator
instanceKlass org/apache/logging/log4j/util/SystemPropertiesPropertySource
instanceKlass org/apache/logging/log4j/util/EnvironmentPropertySource
instanceKlass org/springframework/boot/logging/log4j2/SpringBootPropertySource
instanceKlass java/lang/invoke/LambdaForm$MH
instanceKlass java/lang/invoke/LambdaForm$MH
instanceKlass java/lang/invoke/InnerClassLambdaMetafactory$1
instanceKlass org/apache/logging/log4j/util/PropertiesUtil$Environment$$Lambda$1
instanceKlass java/lang/invoke/InfoFromMemberName
instanceKlass java/lang/invoke/MethodHandleInfo
instanceKlass sun/security/util/SecurityConstants
instanceKlass java/security/AccessController$1
instanceKlass java/lang/invoke/AbstractValidatingLambdaMetafactory
instanceKlass java/lang/invoke/LambdaForm$BMH
instanceKlass java/lang/invoke/LambdaForm$BMH
instanceKlass java/lang/invoke/LambdaForm$BMH
instanceKlass java/lang/invoke/LambdaForm$BMH
instanceKlass sun/reflect/UnsafeFieldAccessorFactory
instanceKlass jdk/internal/org/objectweb/asm/FieldVisitor
instanceKlass java/lang/invoke/BoundMethodHandle$Factory$1
instanceKlass java/lang/invoke/BoundMethodHandle$SpeciesData$1
instanceKlass java/lang/invoke/LambdaForm$BMH
instanceKlass java/lang/invoke/LambdaForm$MH
instanceKlass java/lang/invoke/LambdaForm$BMH
instanceKlass java/lang/invoke/LambdaForm$MH
instanceKlass java/lang/invoke/LambdaForm$DMH
instanceKlass java/lang/invoke/LambdaForm$DMH
instanceKlass java/lang/invoke/LambdaForm$BMH
instanceKlass java/lang/invoke/LambdaForm$BMH
instanceKlass java/lang/invoke/LambdaForm$MH
instanceKlass java/lang/invoke/LambdaFormBuffer
instanceKlass java/lang/invoke/LambdaFormEditor
instanceKlass java/lang/invoke/LambdaForm$BMH
instanceKlass java/lang/invoke/LambdaForm$DMH
instanceKlass java/lang/invoke/LambdaForm$DMH
instanceKlass java/lang/invoke/LambdaForm$DMH
instanceKlass java/lang/invoke/LambdaForm$DMH
instanceKlass java/lang/invoke/LambdaForm$MH
instanceKlass java/lang/invoke/LambdaForm$DMH
instanceKlass java/lang/invoke/LambdaForm$DMH
instanceKlass java/lang/invoke/LambdaForm$MH
instanceKlass java/lang/invoke/LambdaForm$DMH
instanceKlass java/lang/invoke/LambdaForm$DMH
instanceKlass java/lang/invoke/LambdaForm$MH
instanceKlass java/lang/invoke/LambdaForm$DMH
instanceKlass java/lang/invoke/LambdaForm$DMH
instanceKlass java/lang/invoke/LambdaForm$MH
instanceKlass java/lang/invoke/LambdaForm$DMH
instanceKlass java/lang/invoke/LambdaForm$DMH
instanceKlass java/lang/invoke/LambdaForm$MH
instanceKlass java/lang/invoke/LambdaForm$DMH
instanceKlass java/lang/invoke/LambdaForm$MH
instanceKlass java/lang/invoke/LambdaForm$DMH
instanceKlass java/lang/invoke/LambdaForm$DMH
instanceKlass java/lang/invoke/LambdaForm$MH
instanceKlass java/lang/invoke/LambdaForm$DMH
instanceKlass java/lang/invoke/LambdaForm$DMH
instanceKlass java/lang/invoke/LambdaForm$MH
instanceKlass java/lang/invoke/LambdaForm$DMH
instanceKlass java/lang/invoke/LambdaForm$MH
instanceKlass java/lang/invoke/LambdaForm$DMH
instanceKlass java/lang/invoke/LambdaForm$MH
instanceKlass java/lang/invoke/LambdaForm$DMH
instanceKlass org/jboss/netty/channel/DefaultWriteCompletionEvent
instanceKlass org/jboss/netty/channel/DownstreamMessageEvent
instanceKlass org/rzo/yajsw/controller/Message
instanceKlass org/jboss/netty/util/internal/DeadLockProofWorker$1
instanceKlass org/jboss/netty/util/internal/DeadLockProofWorker
instanceKlass org/jboss/netty/channel/FileRegion
instanceKlass org/jboss/netty/channel/socket/oio/OioWorker
instanceKlass org/jboss/netty/util/ThreadNameDeterminer$2
instanceKlass org/jboss/netty/util/ThreadNameDeterminer$1
instanceKlass org/jboss/netty/util/ThreadNameDeterminer
instanceKlass org/jboss/netty/util/ThreadRenamingRunnable
instanceKlass java/lang/invoke/LambdaForm$DMH
instanceKlass java/net/InetAddressContainer
instanceKlass java/net/Socket$3
instanceKlass java/net/Socket$2
instanceKlass java/lang/invoke/MethodHandleImpl$Lazy
instanceKlass java/lang/invoke/LambdaForm$BMH
instanceKlass java/lang/invoke/LambdaForm$MH
instanceKlass java/lang/invoke/LambdaForm$DMH
instanceKlass java/lang/invoke/LambdaForm$DMH
instanceKlass org/apache/logging/log4j/util/BiConsumer
instanceKlass java/lang/invoke/LambdaForm$DMH
instanceKlass sun/net/NetHooks
instanceKlass java/net/Proxy
instanceKlass sun/net/spi/DefaultProxySelector$3
instanceKlass sun/net/spi/DefaultProxySelector$NonProxyInfo
instanceKlass java/lang/invoke/LambdaForm$DMH
instanceKlass sun/net/NetProperties$1
instanceKlass sun/net/NetProperties
instanceKlass sun/net/spi/DefaultProxySelector$1
instanceKlass java/net/ProxySelector
instanceKlass java/net/SocksSocketImpl$3
instanceKlass java/util/SubList$1
instanceKlass java/lang/invoke/LambdaForm$MH
instanceKlass java/lang/invoke/LambdaForm$MH
instanceKlass org/jboss/netty/channel/ChannelFutureProgressListener
instanceKlass java/lang/invoke/LambdaForm$MH
instanceKlass org/jboss/netty/channel/ChannelFutureListener$2
instanceKlass java/lang/invoke/LambdaForm$MH
instanceKlass java/lang/invoke/LambdaForm$MH
instanceKlass java/lang/invoke/LambdaForm$MH
instanceKlass java/lang/invoke/LambdaForm$MH
instanceKlass java/lang/invoke/LambdaForm$MH
instanceKlass java/lang/invoke/LambdaForm$MH
instanceKlass java/lang/invoke/LambdaForm$MH
instanceKlass org/jboss/netty/channel/ChannelFutureListener$1
instanceKlass org/jboss/netty/channel/ChannelFutureListener
instanceKlass java/lang/invoke/LambdaForm$MH
instanceKlass org/jboss/netty/channel/socket/oio/OioClientSocketPipelineSink$1
instanceKlass org/jboss/netty/channel/UpstreamMessageEvent
instanceKlass java/lang/invoke/LambdaForm$MH
instanceKlass java/lang/invoke/InvokerBytecodeGenerator$CpPatch
instanceKlass java/lang/invoke/LambdaForm$DMH
instanceKlass java/lang/invoke/LambdaForm$DMH
instanceKlass java/lang/invoke/LambdaForm$DMH
instanceKlass java/lang/invoke/LambdaForm$DMH
instanceKlass org/jboss/netty/channel/DownstreamChannelStateEvent
instanceKlass java/lang/invoke/LambdaForm$DMH
instanceKlass org/jboss/netty/util/internal/ConversionUtil
instanceKlass java/lang/invoke/LambdaForm$DMH
instanceKlass org/jboss/netty/channel/SimpleChannelHandler$1
instanceKlass sun/invoke/empty/Empty
instanceKlass org/jboss/netty/channel/SimpleChannelUpstreamHandler$1
instanceKlass org/jboss/netty/channel/ChildChannelStateEvent
instanceKlass sun/invoke/util/VerifyType
instanceKlass org/jboss/netty/channel/WriteCompletionEvent
instanceKlass org/jboss/netty/channel/MessageEvent
instanceKlass java/lang/invoke/InvokerBytecodeGenerator$2
instanceKlass jdk/internal/org/objectweb/asm/AnnotationVisitor
instanceKlass org/jboss/netty/channel/UpstreamChannelStateEvent
instanceKlass org/jboss/netty/channel/ChannelStateEvent
instanceKlass jdk/internal/org/objectweb/asm/Frame
instanceKlass jdk/internal/org/objectweb/asm/Label
instanceKlass jdk/internal/org/objectweb/asm/Type
instanceKlass org/jboss/netty/buffer/AbstractChannelBufferFactory
instanceKlass org/jboss/netty/buffer/ChannelBufferFactory
instanceKlass jdk/internal/org/objectweb/asm/MethodVisitor
instanceKlass org/jboss/netty/channel/DefaultChannelConfig
instanceKlass jdk/internal/org/objectweb/asm/Item
instanceKlass jdk/internal/org/objectweb/asm/ByteVector
instanceKlass jdk/internal/org/objectweb/asm/ClassVisitor
instanceKlass java/lang/invoke/InvokerBytecodeGenerator
instanceKlass org/jboss/netty/channel/DefaultChannelFuture
instanceKlass org/jboss/netty/channel/CompleteChannelFuture
instanceKlass java/lang/invoke/DirectMethodHandle$Lazy
instanceKlass sun/invoke/util/BytecodeDescriptor
instanceKlass java/net/PlainSocketImpl$1
instanceKlass java/lang/invoke/BoundMethodHandle$Factory
instanceKlass java/net/AbstractPlainSocketImpl$1
instanceKlass java/lang/invoke/BoundMethodHandle$SpeciesData
instanceKlass java/net/SocketImpl
instanceKlass java/net/SocketOptions
instanceKlass java/net/SocksConsts
instanceKlass org/jboss/netty/util/internal/ConcurrentHashMap$HashEntry
instanceKlass java/lang/invoke/LambdaForm$NamedFunction
instanceKlass java/lang/invoke/LambdaForm$Name
instanceKlass sun/invoke/util/ValueConversions
instanceKlass sun/invoke/util/VerifyAccess
instanceKlass org/jboss/netty/channel/socket/SocketChannelConfig
instanceKlass java/lang/Character$CharacterCache
instanceKlass org/jboss/netty/channel/ChannelConfig
instanceKlass java/lang/Short$ShortCache
instanceKlass java/lang/Byte$ByteCache
instanceKlass sun/invoke/util/Wrapper$Format
instanceKlass java/lang/invoke/MethodHandles
instanceKlass org/jboss/netty/channel/SimpleChannelHandler
instanceKlass java/lang/invoke/Invokers
instanceKlass java/net/InetSocketAddress$InetSocketAddressHolder
instanceKlass java/lang/invoke/MethodTypeForm
instanceKlass java/lang/invoke/MethodType$ConcurrentWeakInternSet
instanceKlass org/rzo/yajsw/util/Cycler$1
instanceKlass java/lang/invoke/MethodHandles$Lookup
instanceKlass org/rzo/yajsw/app/WrapperManagerImpl$5
instanceKlass java/lang/invoke/LambdaMetafactory
instanceKlass org/rzo/yajsw/util/Cycler
instanceKlass org/jboss/netty/handler/codec/oneone/OneToOneDecoder
instanceKlass org/apache/logging/log4j/util/PropertySource$Comparator
instanceKlass org/jboss/netty/handler/codec/oneone/OneToOneEncoder
instanceKlass java/util/NavigableSet
instanceKlass org/jboss/netty/channel/LifeCycleAwareChannelHandler
instanceKlass org/jboss/netty/channel/ChannelDownstreamHandler
instanceKlass org/apache/logging/log4j/util/LoaderUtil$ThreadContextClassLoaderGetter
instanceKlass org/jboss/netty/channel/DefaultChannelPipeline$DefaultChannelHandlerContext
instanceKlass org/apache/logging/log4j/util/LoaderUtil
instanceKlass org/apache/logging/log4j/util/PropertiesPropertySource
instanceKlass org/apache/logging/log4j/util/PropertiesUtil$Environment
instanceKlass org/apache/logging/log4j/util/PropertySource
instanceKlass org/apache/logging/log4j/util/PropertiesUtil
instanceKlass org/jboss/netty/buffer/AbstractChannelBuffer
instanceKlass org/apache/logging/log4j/util/Constants
instanceKlass org/apache/logging/log4j/message/AbstractMessageFactory
instanceKlass org/apache/logging/log4j/message/ReusableMessageFactory
instanceKlass org/apache/logging/log4j/MarkerManager$Log4jMarker
instanceKlass org/apache/logging/log4j/util/StringBuilderFormattable
instanceKlass org/jboss/netty/buffer/ChannelBuffers
instanceKlass org/apache/logging/log4j/Marker
instanceKlass org/apache/logging/log4j/MarkerManager
instanceKlass org/jboss/netty/buffer/ChannelBuffer
instanceKlass org/apache/logging/log4j/LogBuilder
instanceKlass org/jboss/netty/handler/codec/frame/Delimiters
instanceKlass org/apache/logging/log4j/message/MessageFactory2
instanceKlass org/jboss/netty/channel/SimpleChannelUpstreamHandler
instanceKlass org/jboss/netty/channel/ChannelUpstreamHandler
instanceKlass org/jboss/netty/channel/Channels$1
instanceKlass org/jboss/netty/channel/DefaultChannelPipeline$DiscardingChannelSink
instanceKlass org/apache/logging/log4j/message/Message
instanceKlass org/jboss/netty/channel/ChannelHandlerContext
instanceKlass org/apache/logging/log4j/message/MessageFactory
instanceKlass org/jboss/netty/channel/DefaultChannelPipeline
instanceKlass org/apache/logging/log4j/spi/AbstractLogger
instanceKlass org/jboss/netty/channel/ChannelPipelineFactory
instanceKlass org/jboss/netty/channel/ChannelPipeline
instanceKlass org/jboss/netty/channel/ChannelEvent
instanceKlass org/jboss/netty/channel/Channels
instanceKlass org/apache/logging/log4j/spi/LocationAwareLogger
instanceKlass org/apache/logging/log4j/spi/ExtendedLogger
instanceKlass org/apache/logging/log4j/Logger
instanceKlass org/apache/logging/log4j/spi/AbstractLoggerAdapter
instanceKlass org/apache/logging/log4j/spi/LoggerContextShutdownAware
instanceKlass org/apache/logging/log4j/spi/LoggerAdapter
instanceKlass java/net/SocketAddress
instanceKlass org/slf4j/impl/StaticLoggerBinder
instanceKlass org/slf4j/spi/LoggerFactoryBinder
instanceKlass org/jboss/netty/channel/AbstractChannel
instanceKlass org/jboss/netty/channel/AbstractChannelSink
instanceKlass org/jboss/netty/channel/socket/SocketChannel
instanceKlass org/jboss/netty/channel/ChannelSink
instanceKlass org/slf4j/helpers/Util
instanceKlass org/jboss/netty/channel/Channel
instanceKlass org/jboss/netty/channel/socket/oio/OioClientSocketChannelFactory
instanceKlass org/slf4j/helpers/NOPLoggerFactory
instanceKlass org/jboss/netty/channel/socket/ClientSocketChannelFactory
instanceKlass java/util/concurrent/LinkedBlockingQueue$Node
instanceKlass org/slf4j/Logger
instanceKlass org/slf4j/helpers/SubstituteLoggerFactory
instanceKlass org/jboss/netty/bootstrap/Bootstrap
instanceKlass org/slf4j/ILoggerFactory
instanceKlass org/slf4j/event/LoggingEvent
instanceKlass org/slf4j/LoggerFactory
instanceKlass org/rzo/yajsw/app/WrapperManagerProxy$1
instanceKlass com/sun/management/GarbageCollectorMXBean
instanceKlass java/lang/management/GarbageCollectorMXBean
instanceKlass sun/management/ManagementFactory
instanceKlass java/lang/management/MemoryManagerMXBean
instanceKlass org/rzo/yajsw/wrapper/AlphanumComparator
instanceKlass org/apache/commons/collections/map/AbstractLinkedMap$LinkIterator
instanceKlass org/apache/commons/collections/iterators/AbstractEmptyIterator
instanceKlass org/apache/commons/configuration/AbstractConfiguration$3
instanceKlass org/apache/commons/collections/iterators/FilterIterator
instanceKlass org/apache/camel/spring/boot/CamelContextConfiguration
instanceKlass ai/pelican/camel/PelicanSpringBoot
instanceKlass org/apache/commons/lang/BooleanUtils
instanceKlass java/io/Console
instanceKlass org/apache/commons/lang/text/StrTokenizer
instanceKlass org/apache/commons/lang/text/StrBuilder
instanceKlass java/util/DualPivotQuicksort
instanceKlass org/apache/commons/lang/text/StrMatcher
instanceKlass org/apache/commons/lang/text/StrSubstitutor
instanceKlass org/apache/commons/lang/StringEscapeUtils
instanceKlass org/apache/commons/lang/ArrayUtils
instanceKlass java/io/FileFilter
instanceKlass java/io/FilenameFilter
instanceKlass sun/misc/FloatingDecimal$ASCIIToBinaryBuffer
instanceKlass sun/misc/FloatingDecimal$PreparedASCIIToBinaryBuffer
instanceKlass sun/misc/FloatingDecimal$ASCIIToBinaryConverter
instanceKlass sun/misc/FloatingDecimal$BinaryToASCIIBuffer
instanceKlass sun/misc/FloatingDecimal$ExceptionalBinaryToASCIIBuffer
instanceKlass sun/misc/FloatingDecimal$BinaryToASCIIConverter
instanceKlass sun/misc/FloatingDecimal
instanceKlass org/apache/commons/lang/SystemUtils
instanceKlass org/apache/commons/configuration/ConfigurationUtils
instanceKlass org/apache/commons/configuration/PropertiesConfigurationLayout$PropertyLayoutData
instanceKlass org/apache/commons/collections/iterators/SingletonIterator
instanceKlass org/apache/commons/collections/ResettableIterator
instanceKlass java/util/EventObject
instanceKlass org/apache/commons/configuration/PropertiesConfigurationLayout
instanceKlass org/apache/commons/configuration/AbstractConfiguration$2
instanceKlass org/apache/commons/configuration/reloading/InvariantReloadingStrategy
instanceKlass org/apache/commons/configuration/PropertiesConfiguration$DefaultIOFactory
instanceKlass org/apache/commons/configuration/PropertiesConfiguration$IOFactory
instanceKlass org/apache/commons/configuration/event/ConfigurationListener
instanceKlass org/apache/commons/configuration/reloading/ReloadingStrategy
instanceKlass org/apache/commons/configuration/FileSystemBased
instanceKlass org/apache/commons/configuration/FileConfiguration
instanceKlass org/rzo/yajsw/config/YajswConfigurationImpl$1
instanceKlass org/rzo/yajsw/util/CommonsLoggingAdapter
instanceKlass org/apache/commons/configuration/PropertyConverter
instanceKlass org/apache/commons/configuration/ConfigurationConverter
instanceKlass groovy/lang/GroovyShell$1
instanceKlass org/apache/commons/configuration/GInterpolator
instanceKlass org/apache/commons/collections/OrderedMapIterator
instanceKlass org/apache/commons/collections/OrderedIterator
instanceKlass org/apache/commons/collections/map/AbstractHashedMap$HashEntry
instanceKlass org/apache/commons/collections/KeyValue
instanceKlass org/apache/commons/collections/MapIterator
instanceKlass org/apache/commons/collections/OrderedMap
instanceKlass org/apache/commons/collections/IterableMap
instanceKlass org/apache/commons/logging/impl/NoOpLog
instanceKlass org/apache/commons/configuration/FileOptionsProvider
instanceKlass org/apache/commons/configuration/FileSystem
instanceKlass org/apache/commons/configuration/Interpolator
instanceKlass org/apache/commons/collections/Predicate
instanceKlass org/apache/commons/lang/exception/Nestable
instanceKlass org/apache/commons/configuration/event/ConfigurationErrorListener
instanceKlass org/apache/commons/lang/text/StrLookup
instanceKlass org/apache/commons/configuration/event/EventSource
instanceKlass org/codehaus/groovy/reflection/ClassLoaderForClassArtifacts$1
instanceKlass org/codehaus/groovy/reflection/CachedClass$5$1
instanceKlass org/codehaus/groovy/runtime/callsite/GroovySunClassLoader$1
instanceKlass org/codehaus/groovy/reflection/SunClassLoader$1
instanceKlass org/codehaus/groovy/runtime/callsite/CallSiteGenerator
instanceKlass org/codehaus/groovy/runtime/ArrayUtil
instanceKlass java/lang/ProcessBuilder$Redirect
instanceKlass java/lang/ProcessImpl$2
instanceKlass java/lang/ProcessEnvironment$CheckedEntry
instanceKlass java/lang/ProcessEnvironment$CheckedEntrySet$1
instanceKlass java/lang/ProcessEnvironment$EntryComparator
instanceKlass java/lang/ProcessEnvironment$NameComparator
instanceKlass java/lang/ProcessBuilder
instanceKlass groovy/lang/AdaptingMetaClass
instanceKlass org/codehaus/groovy/runtime/metaclass/MetaMethodIndex$CacheEntry
instanceKlass org/codehaus/groovy/runtime/metaclass/MetaClassRegistryImpl$1
instanceKlass org/codehaus/groovy/runtime/GroovyCategorySupport
instanceKlass java/util/concurrent/locks/ReentrantReadWriteLock
instanceKlass java/util/concurrent/locks/ReadWriteLock
instanceKlass org/codehaus/groovy/util/ComplexKeyHashMap$1
instanceKlass org/codehaus/groovy/reflection/CachedClass$1$1
instanceKlass java/beans/SimpleBeanInfo
instanceKlass java/util/TreeMap$PrivateEntryIterator
instanceKlass java/beans/Transient
instanceKlass com/sun/beans/WildcardTypeImpl
instanceKlass com/sun/beans/TypeResolver
instanceKlass java/beans/MethodRef
instanceKlass com/sun/beans/util/Cache$CacheEntry
instanceKlass com/sun/beans/util/Cache
instanceKlass com/sun/beans/finder/AbstractFinder
instanceKlass com/sun/beans/finder/ClassFinder
instanceKlass com/sun/beans/finder/InstanceFinder
instanceKlass java/beans/WeakIdentityMap
instanceKlass java/beans/ThreadGroupContext
instanceKlass com/sun/beans/WeakCache
instanceKlass java/beans/Introspector
instanceKlass groovy/lang/MetaClassImpl$15
instanceKlass java/beans/BeanInfo
instanceKlass org/codehaus/groovy/reflection/CachedClass$CachedMethodComparatorWithString
instanceKlass java/beans/FeatureDescriptor
instanceKlass org/codehaus/groovy/runtime/metaclass/MethodHelper
instanceKlass groovy/lang/ClosureInvokingMethod
instanceKlass org/codehaus/groovy/reflection/CachedConstructor$1
instanceKlass groovy/lang/ExpandoMetaClass$Callable
instanceKlass org/codehaus/groovy/reflection/CachedClass$2$1
instanceKlass org/codehaus/groovy/runtime/metaclass/MetaMethodIndex$Header
instanceKlass org/codehaus/groovy/runtime/metaclass/MetaMethodIndex$Entry
instanceKlass org/codehaus/groovy/runtime/metaclass/MetaMethodIndex$EntryIterator
instanceKlass org/codehaus/groovy/runtime/metaclass/MetaMethodIndex
instanceKlass groovy/lang/MetaClassImpl$17
instanceKlass groovy/lang/MetaClassImpl$16
instanceKlass groovy/lang/MetaClassImpl$1
instanceKlass org/codehaus/groovy/util/SingleKeyHashMap$Copier
instanceKlass groovy/lang/MetaClassImpl$MethodIndexAction
instanceKlass groovy/lang/MetaClassImpl
instanceKlass groovy/lang/MutableMetaClass
instanceKlass javax/script/ScriptEngineManager
instanceKlass org/codehaus/groovy/runtime/DefaultGroovyStaticMethods
instanceKlass java/lang/Deprecated
instanceKlass org/codehaus/groovy/runtime/DefaultGroovyMethodsSupport$RangeInfo
instanceKlass java/util/TimSort
instanceKlass org/codehaus/groovy/reflection/CachedClass$CachedMethodComparatorByName
instanceKlass java/util/ComparableTimSort
instanceKlass java/util/Arrays$LegacyMergeSort
instanceKlass org/codehaus/groovy/reflection/CachedMethod$MyComparator
instanceKlass org/codehaus/groovy/runtime/memoize/MemoizeCache
instanceKlass org/codehaus/groovy/reflection/CachedClass$3$1
instanceKlass java/util/TimeZone
instanceKlass java/util/Calendar
instanceKlass java/sql/ResultSetMetaData
instanceKlass groovy/sql/GroovyResultSet
instanceKlass java/sql/ResultSet
instanceKlass java/sql/Wrapper
instanceKlass javax/swing/Action
instanceKlass javax/swing/table/AbstractTableModel
instanceKlass javax/swing/table/TableColumnModel
instanceKlass javax/swing/table/TableColumn
instanceKlass javax/swing/ButtonGroup
instanceKlass javax/swing/tree/TreePath
instanceKlass javax/swing/MenuElement
instanceKlass javax/swing/table/TableModel
instanceKlass javax/swing/tree/DefaultMutableTreeNode
instanceKlass javax/swing/tree/MutableTreeNode
instanceKlass javax/swing/tree/TreeNode
instanceKlass javax/swing/SwingConstants
instanceKlass javax/swing/TransferHandler$HasGetTransferHandler
instanceKlass javax/accessibility/Accessible
instanceKlass java/awt/event/ActionListener
instanceKlass javax/swing/event/ListDataListener
instanceKlass java/awt/ItemSelectable
instanceKlass javax/swing/AbstractListModel
instanceKlass javax/swing/MutableComboBoxModel
instanceKlass javax/swing/ComboBoxModel
instanceKlass javax/swing/ListModel
instanceKlass java/awt/Component
instanceKlass java/awt/MenuContainer
instanceKlass java/awt/image/ImageObserver
instanceKlass java/util/Timer
instanceKlass groovy/lang/MetaProperty
instanceKlass java/lang/Process
instanceKlass java/util/SortedSet
instanceKlass java/net/ServerSocket
instanceKlass java/net/Socket
instanceKlass org/codehaus/groovy/reflection/GeneratedMetaMethod$DgmMethodRecord
instanceKlass groovy/lang/MetaClassRegistry$MetaClassCreationHandle
instanceKlass org/codehaus/groovy/util/ManagedLinkedList
instanceKlass groovy/lang/MetaClassRegistryChangeEventListener
instanceKlass java/util/EventListener
instanceKlass org/codehaus/groovy/runtime/metaclass/MetaClassRegistryImpl
instanceKlass groovy/lang/MetaClassRegistry
instanceKlass groovy/lang/GroovySystem
instanceKlass org/codehaus/groovy/runtime/callsite/AbstractCallSite
instanceKlass org/codehaus/groovy/runtime/callsite/CallSiteArray
instanceKlass java/util/Collections$3
instanceKlass java/security/PermissionsEnumerator
instanceKlass groovy/lang/GroovyClassLoader$4
instanceKlass org/codehaus/groovy/tools/GroovyClass
instanceKlass groovyjarjarasm/asm/Handler
instanceKlass org/codehaus/groovy/classgen/asm/MopWriter$MopKey
instanceKlass java/util/Spliterator$OfInt
instanceKlass java/util/Spliterator$OfPrimitive
instanceKlass java/util/Spliterator
instanceKlass java/util/stream/IntStream
instanceKlass java/util/stream/BaseStream
instanceKlass sun/reflect/generics/tree/IntSignature
instanceKlass org/codehaus/groovy/runtime/wrappers/Wrapper
instanceKlass org/codehaus/groovy/util/ReferenceType$HardRef
instanceKlass org/codehaus/groovy/util/FastArray
instanceKlass org/codehaus/groovy/util/AbstractConcurrentMapBase
instanceKlass org/codehaus/groovy/util/Reference
instanceKlass org/codehaus/groovy/util/ReferenceBundle
instanceKlass org/codehaus/groovy/reflection/CachedClass
instanceKlass org/codehaus/groovy/util/ReferenceManager
instanceKlass org/codehaus/groovy/util/ComplexKeyHashMap$Entry
instanceKlass org/codehaus/groovy/util/ComplexKeyHashMap$EntryIterator
instanceKlass org/codehaus/groovy/util/ComplexKeyHashMap
instanceKlass org/codehaus/groovy/reflection/ReflectionCache
instanceKlass org/codehaus/groovy/classgen/asm/BytecodeVariable
instanceKlass groovyjarjarasm/asm/Edge
instanceKlass org/codehaus/groovy/classgen/asm/CompileStack$StateStackElement
instanceKlass groovyjarjarasm/asm/Frame
instanceKlass groovyjarjarasm/asm/Label
instanceKlass groovyjarjarasm/asm/MethodWriter
instanceKlass groovyjarjarasm/asm/FieldWriter
instanceKlass org/codehaus/groovy/classgen/asm/OptimizingStatementWriter$StatementMeta
instanceKlass org/codehaus/groovy/classgen/asm/OptimizingStatementWriter$OptimizeFlagsCollector$OptimizeFlagsEntry
instanceKlass org/codehaus/groovy/classgen/asm/OptimizingStatementWriter$OptimizeFlagsCollector
instanceKlass org/codehaus/groovy/classgen/asm/StatementMetaTypeChooser
instanceKlass org/codehaus/groovy/classgen/asm/CompileStack
instanceKlass org/codehaus/groovy/classgen/asm/ClosureWriter
instanceKlass org/codehaus/groovy/classgen/asm/AssertionWriter
instanceKlass org/codehaus/groovy/classgen/asm/OperandStack
instanceKlass org/codehaus/groovy/runtime/BytecodeInterface8
instanceKlass org/codehaus/groovy/classgen/asm/BinaryExpressionWriter
instanceKlass org/codehaus/groovy/classgen/asm/InvocationWriter
instanceKlass org/codehaus/groovy/runtime/callsite/CallSite
instanceKlass org/codehaus/groovy/classgen/asm/CallSiteWriter
instanceKlass org/codehaus/groovy/classgen/asm/TypeChooser
instanceKlass org/codehaus/groovy/classgen/asm/StatementWriter
instanceKlass org/codehaus/groovy/classgen/asm/BinaryExpressionHelper
instanceKlass org/codehaus/groovy/classgen/asm/WriterController
instanceKlass org/codehaus/groovy/classgen/asm/MethodCaller
instanceKlass org/codehaus/groovy/classgen/asm/MethodCallerMultiAdapter
instanceKlass org/codehaus/groovy/runtime/ScriptBytecodeAdapter
instanceKlass groovyjarjarasm/asm/Type
instanceKlass groovyjarjarasm/asm/Item
instanceKlass groovyjarjarasm/asm/ByteVector
instanceKlass groovyjarjarasm/asm/MethodVisitor
instanceKlass groovyjarjarasm/asm/AnnotationVisitor
instanceKlass groovyjarjarasm/asm/FieldVisitor
instanceKlass groovyjarjarasm/asm/ClassWriter
instanceKlass org/codehaus/groovy/classgen/ExtendedVerifier
instanceKlass org/codehaus/groovy/classgen/ReturnAdder
instanceKlass org/codehaus/groovy/classgen/asm/MopWriter
instanceKlass java/lang/Long$LongCache
instanceKlass org/codehaus/groovy/classgen/asm/OptimizingStatementWriter$ClassNodeSkip
instanceKlass org/codehaus/groovy/util/ManagedReference
instanceKlass org/codehaus/groovy/util/Finalizable
instanceKlass org/codehaus/groovy/util/AbstractConcurrentMap$Entry
instanceKlass org/codehaus/groovy/util/AbstractConcurrentMapBase$Entry
instanceKlass org/codehaus/groovy/runtime/typehandling/DefaultTypeTransformation
instanceKlass org/codehaus/groovy/classgen/asm/BytecodeHelper
instanceKlass org/codehaus/groovy/classgen/Verifier$11
instanceKlass org/codehaus/groovy/classgen/Verifier$10
instanceKlass org/codehaus/groovy/classgen/InnerClassCompletionVisitor
instanceKlass java/util/EnumMap$1
instanceKlass sun/reflect/generics/reflectiveObjects/ParameterizedTypeImpl
instanceKlass sun/reflect/generics/tree/MethodTypeSignature
instanceKlass sun/reflect/generics/tree/Wildcard
instanceKlass sun/reflect/generics/tree/BottomSignature
instanceKlass org/codehaus/groovy/runtime/MetaClassHelper
instanceKlass org/codehaus/groovy/classgen/VariableScopeVisitor$StateStackElement
instanceKlass org/codehaus/groovy/ast/DynamicVariable
instanceKlass groovy/grape/Grape
instanceKlass org/codehaus/groovy/classgen/GeneratorContext
instanceKlass org/codehaus/groovy/runtime/InvokerHelper
instanceKlass org/codehaus/groovy/control/SourceUnit$1
instanceKlass org/codehaus/groovy/syntax/Types
instanceKlass org/codehaus/groovy/syntax/CSTNode
instanceKlass org/codehaus/groovy/ast/VariableScope
instanceKlass org/codehaus/groovy/antlr/AntlrParserPlugin$1
instanceKlass org/codehaus/groovy/antlr/LineColumn
instanceKlass org/codehaus/groovy/antlr/AntlrASTProcessSnippets
instanceKlass sun/reflect/ClassDefiner$1
instanceKlass sun/reflect/ClassDefiner
instanceKlass sun/reflect/MethodAccessorGenerator$1
instanceKlass sun/reflect/Label$PatchInfo
instanceKlass sun/reflect/Label
instanceKlass sun/reflect/UTF8
instanceKlass sun/reflect/ClassFileAssembler
instanceKlass sun/reflect/ByteVectorImpl
instanceKlass sun/reflect/ByteVector
instanceKlass sun/reflect/ByteVectorFactory
instanceKlass sun/reflect/AccessorGenerator
instanceKlass sun/reflect/ClassFileConstants
instanceKlass groovyjarjarantlr/collections/impl/ASTArray
instanceKlass groovyjarjarantlr/ASTPair
instanceKlass groovyjarjarantlr/ASTFactory
instanceKlass groovyjarjarantlr/TokenQueue
instanceKlass groovyjarjarantlr/TokenBuffer
instanceKlass groovyjarjarantlr/ParserSharedInputState
instanceKlass org/codehaus/groovy/antlr/parser/GroovyLexer$1
instanceKlass groovyjarjarantlr/collections/ASTEnumeration
instanceKlass groovyjarjarantlr/BaseAST
instanceKlass groovyjarjarantlr/Parser
instanceKlass groovyjarjarantlr/collections/impl/BitSet
instanceKlass org/codehaus/groovy/antlr/SourceInfo
instanceKlass groovyjarjarantlr/CharQueue
instanceKlass groovyjarjarantlr/InputBuffer
instanceKlass groovyjarjarantlr/Token
instanceKlass groovyjarjarantlr/Utils
instanceKlass groovyjarjarantlr/ANTLRHashString
instanceKlass groovyjarjarantlr/ANTLRStringBuffer
instanceKlass org/codehaus/groovy/antlr/SourceBuffer
instanceKlass groovyjarjarantlr/CharScanner
instanceKlass groovyjarjarantlr/TokenStream
instanceKlass groovyjarjarantlr/LexerSharedInputState
instanceKlass org/codehaus/groovy/antlr/treewalker/Visitor
instanceKlass org/codehaus/groovy/antlr/AntlrASTProcessor
instanceKlass groovyjarjarantlr/collections/AST
instanceKlass org/codehaus/groovy/syntax/ASTHelper
instanceKlass org/codehaus/groovy/antlr/parser/GroovyTokenTypes
instanceKlass org/codehaus/groovy/control/ParserPlugin
instanceKlass org/codehaus/groovy/control/ParserPluginFactory
instanceKlass groovy/lang/GroovyClassLoader$5
instanceKlass org/codehaus/groovy/control/io/AbstractReaderSource
instanceKlass org/codehaus/groovy/transform/ASTTransformationVisitor$4
instanceKlass org/codehaus/groovy/ast/builder/AstBuilderTransformation
instanceKlass org/codehaus/groovy/reflection/ParameterTypes
instanceKlass java/io/ObjectOutput
instanceKlass java/io/ObjectStreamConstants
instanceKlass java/io/ObjectInput
instanceKlass java/util/TimerTask
instanceKlass groovy/lang/GrabResolver
instanceKlass groovy/lang/Grapes
instanceKlass groovy/lang/GrabConfig
instanceKlass groovy/lang/GrabExclude
instanceKlass groovy/lang/Grab
instanceKlass java/util/Collections$EmptyIterator
instanceKlass java/lang/annotation/Target
instanceKlass java/lang/reflect/WeakCache$Value
instanceKlass sun/misc/ProxyGenerator$ExceptionTableEntry
instanceKlass sun/misc/ProxyGenerator$PrimitiveTypeInfo
instanceKlass sun/misc/ProxyGenerator$FieldInfo
instanceKlass sun/misc/ProxyGenerator$ConstantPool$Entry
instanceKlass sun/misc/ProxyGenerator$MethodInfo
instanceKlass sun/misc/ProxyGenerator$ProxyMethod
instanceKlass sun/misc/ProxyGenerator$ConstantPool
instanceKlass sun/misc/ProxyGenerator
instanceKlass java/lang/reflect/WeakCache$Factory
instanceKlass java/util/function/Supplier
instanceKlass java/lang/reflect/Proxy$ProxyClassFactory
instanceKlass java/lang/reflect/Proxy$KeyFactory
instanceKlass java/util/function/BiFunction
instanceKlass java/lang/reflect/WeakCache
instanceKlass java/lang/reflect/Proxy
instanceKlass sun/reflect/annotation/AnnotationInvocationHandler
instanceKlass java/lang/reflect/InvocationHandler
instanceKlass sun/reflect/annotation/AnnotationParser$1
instanceKlass java/lang/annotation/Inherited
instanceKlass sun/reflect/annotation/ExceptionProxy
instanceKlass java/lang/Class$4
instanceKlass sun/reflect/annotation/AnnotationType$1
instanceKlass sun/reflect/annotation/AnnotationParser
instanceKlass org/codehaus/groovy/transform/GroovyASTTransformation
instanceKlass org/codehaus/groovy/transform/ASTTransformation
instanceKlass org/codehaus/groovy/ast/stmt/LoopingStatement
instanceKlass org/codehaus/groovy/ast/expr/ExpressionTransformer
instanceKlass groovy/lang/GroovyInterceptable
instanceKlass java/lang/reflect/GenericArrayType
instanceKlass java/lang/reflect/ParameterizedType
instanceKlass java/lang/reflect/WildcardType
instanceKlass sun/reflect/generics/reflectiveObjects/LazyReflectiveObjectGenerator
instanceKlass sun/reflect/generics/visitor/Reifier
instanceKlass sun/reflect/generics/visitor/TypeTreeVisitor
instanceKlass sun/reflect/generics/tree/TypeVariableSignature
instanceKlass sun/reflect/generics/factory/CoreReflectionFactory
instanceKlass sun/reflect/generics/factory/GenericsFactory
instanceKlass sun/reflect/generics/scope/AbstractScope
instanceKlass sun/reflect/generics/scope/Scope
instanceKlass java/lang/reflect/TypeVariable
instanceKlass sun/reflect/generics/tree/ClassSignature
instanceKlass sun/reflect/generics/tree/Signature
instanceKlass sun/reflect/generics/tree/ClassTypeSignature
instanceKlass sun/reflect/generics/tree/SimpleClassTypeSignature
instanceKlass sun/reflect/generics/tree/FieldTypeSignature
instanceKlass sun/reflect/generics/tree/BaseType
instanceKlass sun/reflect/generics/tree/TypeSignature
instanceKlass sun/reflect/generics/tree/ReturnType
instanceKlass sun/reflect/generics/tree/TypeArgument
instanceKlass sun/reflect/generics/tree/FormalTypeParameter
instanceKlass sun/reflect/generics/tree/TypeTree
instanceKlass sun/reflect/generics/tree/Tree
instanceKlass sun/reflect/generics/parser/SignatureParser
instanceKlass org/codehaus/groovy/runtime/DefaultGroovyMethodsSupport
instanceKlass java/lang/annotation/Retention
instanceKlass org/codehaus/groovy/vmplugin/v5/Java5
instanceKlass javax/script/ScriptEngine
instanceKlass org/codehaus/groovy/vmplugin/VMPlugin
instanceKlass org/codehaus/groovy/vmplugin/VMPluginFactory
instanceKlass org/codehaus/groovy/ast/ClassNode$MapOfLists
instanceKlass org/codehaus/groovy/util/ListHashMap
instanceKlass org/codehaus/groovy/ast/ClassHelper$ClassHelperCache
instanceKlass org/codehaus/groovy/runtime/GeneratedClosure
instanceKlass groovy/lang/MetaClass
instanceKlass groovy/lang/MetaObjectProtocol
instanceKlass groovy/lang/Range
instanceKlass groovy/lang/Buildable
instanceKlass groovy/lang/Writable
instanceKlass groovy/lang/GroovyObjectSupport
instanceKlass groovy/lang/GroovyObject
instanceKlass groovy/lang/GroovyCallable
instanceKlass org/codehaus/groovy/ast/ClassHelper
instanceKlass org/codehaus/groovy/classgen/Verifier$DefaultArgsAction
instanceKlass org/codehaus/groovy/ast/Variable
instanceKlass org/codehaus/groovy/classgen/BytecodeInstruction
instanceKlass org/codehaus/groovy/classgen/Verifier
instanceKlass org/codehaus/groovy/ast/CompileUnit
instanceKlass org/codehaus/groovy/ast/CodeVisitorSupport
instanceKlass org/codehaus/groovy/ast/GroovyCodeVisitor
instanceKlass org/codehaus/groovy/ast/GroovyClassVisitor
instanceKlass org/codehaus/groovy/control/ErrorCollector
instanceKlass org/codehaus/groovy/control/CompilationUnit$GroovyClassOperation
instanceKlass org/codehaus/groovy/control/CompilationUnit$SourceUnitOperation
instanceKlass org/codehaus/groovy/control/io/ReaderSource
instanceKlass org/codehaus/groovy/control/HasCleanup
instanceKlass org/codehaus/groovy/control/CompilationUnit$PrimaryClassNodeOperation
instanceKlass org/codehaus/groovy/control/messages/Message
instanceKlass org/codehaus/groovy/ast/ASTNode
instanceKlass groovyjarjarasm/asm/Opcodes
instanceKlass groovyjarjarasm/asm/ClassVisitor
instanceKlass org/codehaus/groovy/control/ProcessingUnit
instanceKlass groovy/lang/GroovyCodeSource
instanceKlass groovy/lang/GroovyClassLoader$2
instanceKlass org/apache/commons/io/IOUtils
instanceKlass org/apache/commons/vfs/provider/FileContentThreadData
instanceKlass org/codehaus/groovy/control/SourceExtensionHandler
instanceKlass groovy/lang/GroovyClassLoader$1$1
instanceKlass org/rzo/yajsw/boot/WrapperLoader
instanceKlass java/util/LinkedList$ListItr
instanceKlass org/codehaus/groovy/GroovyExceptionInterface
instanceKlass org/codehaus/groovy/control/CompilerConfiguration
instanceKlass groovy/lang/GroovyClassLoader$1
instanceKlass groovy/lang/GroovyResourceLoader
instanceKlass org/codehaus/groovy/control/CompilationUnit$ClassgenCallback
instanceKlass org/apache/commons/lang/StringUtils
instanceKlass org/apache/commons/vfs/provider/DefaultFileContent
instanceKlass org/apache/commons/vfs/cache/FileSystemAndNameKey
instanceKlass org/apache/commons/vfs/RandomAccessContent
instanceKlass org/apache/commons/vfs/operations/FileOperations
instanceKlass org/apache/commons/vfs/FileSelectInfo
instanceKlass org/apache/commons/vfs/FileContent
instanceKlass org/apache/commons/vfs/provider/AbstractFileObject
instanceKlass java/util/TreeMap$Entry
instanceKlass java/util/Collections$UnmodifiableCollection$1
instanceKlass org/apache/commons/vfs/FileChangeEvent
instanceKlass org/apache/commons/vfs/FileListener
instanceKlass org/apache/commons/vfs/provider/FileSystemKey
instanceKlass org/apache/commons/vfs/NameScope
instanceKlass org/apache/commons/vfs/provider/AbstractFileName
instanceKlass org/apache/commons/vfs/FileType
instanceKlass org/apache/commons/vfs/provider/UriParser
instanceKlass org/apache/commons/vfs/CacheStrategy
instanceKlass org/apache/commons/vfs/FileContentInfo
instanceKlass org/apache/commons/vfs/impl/FileContentInfoFilenameFactory
instanceKlass javax/crypto/Cipher
instanceKlass org/apache/commons/vfs/UserAuthenticationData
instanceKlass org/apache/commons/vfs/UserAuthenticationData$Type
instanceKlass org/apache/commons/vfs/FileSystemConfigBuilder
instanceKlass org/apache/commons/httpclient/HttpClient
instanceKlass java/util/LinkedList$Node
instanceKlass org/apache/commons/vfs/provider/bzip2/BZip2Constants
instanceKlass java/util/HashMap$HashIterator
instanceKlass org/apache/commons/vfs/util/OsFamily
instanceKlass org/apache/commons/vfs/util/Os
instanceKlass org/apache/commons/vfs/provider/AbstractFileNameParser
instanceKlass org/apache/commons/vfs/Capability
instanceKlass org/apache/commons/vfs/FileSystem
instanceKlass org/apache/commons/vfs/provider/FileNameParser
instanceKlass org/apache/commons/vfs/provider/LocalFileProvider
instanceKlass org/apache/commons/vfs/provider/FileProvider
instanceKlass org/w3c/dom/Attr
instanceKlass com/sun/org/apache/xerces/internal/dom/NamedNodeMapImpl
instanceKlass org/w3c/dom/NamedNodeMap
instanceKlass com/sun/org/apache/xerces/internal/dom/CharacterDataImpl$1
instanceKlass org/w3c/dom/Text
instanceKlass org/w3c/dom/CharacterData
instanceKlass com/sun/org/apache/xerces/internal/dom/DeepNodeListImpl
instanceKlass com/sun/org/apache/xerces/internal/impl/Constants$ArrayEnumeration
instanceKlass com/sun/org/apache/xerces/internal/impl/Constants
instanceKlass com/sun/org/apache/xerces/internal/util/XMLChar
instanceKlass com/sun/org/apache/xerces/internal/dom/DeferredDocumentImpl$RefCount
instanceKlass com/sun/org/apache/xerces/internal/dom/NodeListCache
instanceKlass org/w3c/dom/TypeInfo
instanceKlass org/w3c/dom/Element
instanceKlass org/w3c/dom/DocumentType
instanceKlass com/sun/org/apache/xerces/internal/dom/NodeImpl
instanceKlass org/w3c/dom/events/EventTarget
instanceKlass org/w3c/dom/NodeList
instanceKlass org/w3c/dom/Document
instanceKlass org/w3c/dom/ranges/DocumentRange
instanceKlass org/w3c/dom/events/DocumentEvent
instanceKlass org/w3c/dom/traversal/DocumentTraversal
instanceKlass com/sun/org/apache/xerces/internal/dom/DeferredNode
instanceKlass org/w3c/dom/Node
instanceKlass com/sun/org/apache/xerces/internal/util/XMLSymbols
instanceKlass com/sun/xml/internal/stream/Entity
instanceKlass com/sun/xml/internal/stream/util/BufferAllocator
instanceKlass com/sun/xml/internal/stream/util/ThreadLocalBufferAllocator
instanceKlass com/sun/org/apache/xerces/internal/utils/XMLLimitAnalyzer
instanceKlass com/sun/org/apache/xerces/internal/xni/parser/XMLInputSource
instanceKlass org/xml/sax/InputSource
instanceKlass com/sun/org/apache/xerces/internal/utils/XMLSecurityPropertyManager
instanceKlass com/sun/org/apache/xerces/internal/util/PropertyState
instanceKlass com/sun/org/apache/xerces/internal/util/FeatureState
instanceKlass com/sun/org/apache/xerces/internal/impl/msg/XMLMessageFormatter
instanceKlass com/sun/org/apache/xerces/internal/util/MessageFormatter
instanceKlass com/sun/org/apache/xerces/internal/impl/XMLVersionDetector
instanceKlass com/sun/org/apache/xerces/internal/impl/validation/ValidationManager
instanceKlass java/util/Collections$UnmodifiableMap
instanceKlass com/sun/org/apache/xerces/internal/impl/dv/dtd/NMTOKENDatatypeValidator
instanceKlass com/sun/org/apache/xerces/internal/impl/dv/dtd/NOTATIONDatatypeValidator
instanceKlass com/sun/org/apache/xerces/internal/impl/dv/dtd/ENTITYDatatypeValidator
instanceKlass com/sun/org/apache/xerces/internal/impl/dv/dtd/ListDatatypeValidator
instanceKlass com/sun/org/apache/xerces/internal/impl/dv/dtd/IDREFDatatypeValidator
instanceKlass com/sun/org/apache/xerces/internal/impl/dv/dtd/IDDatatypeValidator
instanceKlass com/sun/org/apache/xerces/internal/impl/dv/dtd/StringDatatypeValidator
instanceKlass com/sun/org/apache/xerces/internal/impl/dv/DatatypeValidator
instanceKlass com/sun/org/apache/xerces/internal/impl/dv/DTDDVFactory
instanceKlass com/sun/org/apache/xerces/internal/impl/dtd/DTDGrammarBucket
instanceKlass com/sun/org/apache/xerces/internal/impl/dtd/XMLAttributeDecl
instanceKlass com/sun/org/apache/xerces/internal/impl/dtd/XMLSimpleType
instanceKlass com/sun/org/apache/xerces/internal/impl/dtd/XMLElementDecl
instanceKlass com/sun/org/apache/xerces/internal/impl/validation/ValidationState
instanceKlass com/sun/org/apache/xerces/internal/impl/dv/ValidationContext
instanceKlass com/sun/org/apache/xerces/internal/impl/dtd/XMLDTDValidator
instanceKlass com/sun/org/apache/xerces/internal/impl/RevalidationHandler
instanceKlass com/sun/org/apache/xerces/internal/impl/dtd/XMLDTDValidatorFilter
instanceKlass com/sun/org/apache/xerces/internal/xni/parser/XMLDocumentFilter
instanceKlass com/sun/org/apache/xerces/internal/impl/dtd/XMLEntityDecl
instanceKlass com/sun/org/apache/xerces/internal/impl/dtd/XMLDTDProcessor
instanceKlass com/sun/org/apache/xerces/internal/xni/parser/XMLDTDContentModelFilter
instanceKlass com/sun/org/apache/xerces/internal/xni/parser/XMLDTDFilter
instanceKlass com/sun/org/apache/xerces/internal/xni/parser/XMLDTDScanner
instanceKlass com/sun/org/apache/xerces/internal/xni/parser/XMLDTDContentModelSource
instanceKlass com/sun/org/apache/xerces/internal/xni/parser/XMLDTDSource
instanceKlass com/sun/org/apache/xerces/internal/xni/grammars/XMLDTDDescription
instanceKlass com/sun/org/apache/xerces/internal/xni/grammars/XMLGrammarDescription
instanceKlass com/sun/org/apache/xerces/internal/impl/XMLDocumentScannerImpl$TrailingMiscDriver
instanceKlass com/sun/org/apache/xerces/internal/impl/XMLDocumentScannerImpl$PrologDriver
instanceKlass com/sun/org/apache/xerces/internal/impl/XMLDocumentScannerImpl$XMLDeclDriver
instanceKlass com/sun/org/apache/xerces/internal/util/NamespaceSupport
instanceKlass com/sun/org/apache/xerces/internal/xni/NamespaceContext
instanceKlass com/sun/org/apache/xerces/internal/util/XMLAttributesImpl$Attribute
instanceKlass com/sun/org/apache/xerces/internal/util/XMLAttributesImpl
instanceKlass com/sun/org/apache/xerces/internal/xni/XMLAttributes
instanceKlass com/sun/org/apache/xerces/internal/impl/XMLDocumentFragmentScannerImpl$FragmentContentDriver
instanceKlass com/sun/org/apache/xerces/internal/impl/XMLDocumentFragmentScannerImpl$Driver
instanceKlass com/sun/org/apache/xerces/internal/impl/XMLDocumentFragmentScannerImpl$ElementStack2
instanceKlass com/sun/org/apache/xerces/internal/xni/QName
instanceKlass com/sun/org/apache/xerces/internal/impl/XMLDocumentFragmentScannerImpl$ElementStack
instanceKlass com/sun/org/apache/xerces/internal/xni/XMLString
instanceKlass com/sun/org/apache/xerces/internal/impl/XMLScanner
instanceKlass com/sun/xml/internal/stream/XMLBufferListener
instanceKlass com/sun/org/apache/xerces/internal/impl/XMLEntityHandler
instanceKlass com/sun/org/apache/xerces/internal/xni/parser/XMLDocumentScanner
instanceKlass com/sun/org/apache/xerces/internal/xni/parser/XMLDocumentSource
instanceKlass com/sun/org/apache/xerces/internal/impl/XMLErrorReporter
instanceKlass com/sun/org/apache/xerces/internal/impl/XMLEntityScanner
instanceKlass com/sun/org/apache/xerces/internal/xni/XMLLocator
instanceKlass com/sun/xml/internal/stream/XMLEntityStorage
instanceKlass com/sun/org/apache/xerces/internal/utils/SecuritySupport$8
instanceKlass com/sun/org/apache/xerces/internal/utils/SecuritySupport$4
instanceKlass com/sun/org/apache/xerces/internal/utils/SecuritySupport
instanceKlass java/util/concurrent/CopyOnWriteArrayList
instanceKlass com/sun/org/apache/xerces/internal/utils/XMLSecurityManager
instanceKlass com/sun/org/apache/xerces/internal/impl/XMLEntityManager$CharacterBuffer
instanceKlass com/sun/org/apache/xerces/internal/impl/XMLEntityManager$CharacterBufferPool
instanceKlass com/sun/org/apache/xerces/internal/util/AugmentationsImpl$AugmentationsItemsContainer
instanceKlass com/sun/org/apache/xerces/internal/util/AugmentationsImpl
instanceKlass com/sun/org/apache/xerces/internal/xni/Augmentations
instanceKlass com/sun/org/apache/xerces/internal/util/XMLResourceIdentifierImpl
instanceKlass com/sun/org/apache/xerces/internal/xni/XMLResourceIdentifier
instanceKlass com/sun/org/apache/xerces/internal/impl/XMLEntityManager
instanceKlass com/sun/org/apache/xerces/internal/xni/parser/XMLEntityResolver
instanceKlass com/sun/org/apache/xerces/internal/xni/parser/XMLComponent
instanceKlass com/sun/org/apache/xerces/internal/util/SymbolTable$Entry
instanceKlass com/sun/org/apache/xerces/internal/util/SymbolTable
instanceKlass javax/xml/parsers/SAXParserFactory
instanceKlass jdk/xml/internal/SecuritySupport$3
instanceKlass jdk/xml/internal/SecuritySupport$1
instanceKlass jdk/xml/internal/SecuritySupport
instanceKlass jdk/xml/internal/JdkXmlUtils
instanceKlass com/sun/org/apache/xerces/internal/util/ParserConfigurationSettings
instanceKlass com/sun/org/apache/xerces/internal/parsers/XML11Configurable
instanceKlass com/sun/org/apache/xerces/internal/xni/parser/XMLPullParserConfiguration
instanceKlass com/sun/org/apache/xerces/internal/xni/parser/XMLParserConfiguration
instanceKlass com/sun/org/apache/xerces/internal/xni/parser/XMLComponentManager
instanceKlass com/sun/org/apache/xerces/internal/parsers/XMLParser
instanceKlass com/sun/org/apache/xerces/internal/xni/XMLDTDContentModelHandler
instanceKlass com/sun/org/apache/xerces/internal/xni/XMLDTDHandler
instanceKlass com/sun/org/apache/xerces/internal/xni/XMLDocumentHandler
instanceKlass javax/xml/parsers/DocumentBuilder
instanceKlass com/sun/org/apache/xerces/internal/jaxp/JAXPConstants
instanceKlass javax/xml/parsers/SecuritySupport$1
instanceKlass javax/xml/parsers/FactoryFinder$1
instanceKlass javax/xml/parsers/SecuritySupport$5
instanceKlass javax/xml/parsers/SecuritySupport$2
instanceKlass javax/xml/parsers/SecuritySupport
instanceKlass javax/xml/parsers/FactoryFinder
instanceKlass javax/xml/parsers/DocumentBuilderFactory
instanceKlass org/apache/commons/vfs/VfsLog
instanceKlass java/text/AttributedCharacterIterator$Attribute
instanceKlass java/util/Date
instanceKlass java/text/FieldPosition
instanceKlass java/util/Locale$1
instanceKlass sun/net/www/protocol/jar/JarFileFactory
instanceKlass sun/net/www/protocol/jar/URLJarFile$URLJarFileCloseController
instanceKlass java/util/LinkedHashMap$LinkedHashIterator
instanceKlass java/util/ServiceLoader$1
instanceKlass java/util/ServiceLoader$LazyIterator
instanceKlass java/util/ServiceLoader
instanceKlass java/util/spi/ResourceBundleControlProvider
instanceKlass java/util/ResourceBundle
instanceKlass org/apache/commons/vfs/util/Messages
instanceKlass java/util/Random
instanceKlass org/apache/commons/vfs/impl/PrivilegedFileReplicator$InitAction
instanceKlass org/apache/commons/vfs/impl/PrivilegedFileReplicator
instanceKlass org/apache/commons/vfs/FileObject
instanceKlass org/apache/commons/logging/impl/SimpleLog$1
instanceKlass java/text/Format
instanceKlass org/apache/commons/logging/impl/SimpleLog
instanceKlass org/apache/commons/logging/Log
instanceKlass org/apache/commons/logging/LogFactory$2
instanceKlass org/apache/commons/logging/LogFactory$3
instanceKlass java/net/URLClassLoader$3$1
instanceKlass sun/misc/CompoundEnumeration
instanceKlass java/net/URLClassLoader$3
instanceKlass sun/misc/URLClassPath$1
instanceKlass java/lang/ClassLoader$2
instanceKlass sun/misc/URLClassPath$2
instanceKlass org/apache/commons/logging/LogFactory$4
instanceKlass org/apache/commons/logging/impl/WeakHashtable$Referenced
instanceKlass org/apache/commons/logging/LogFactory$1
instanceKlass org/apache/commons/logging/LogFactory
instanceKlass org/apache/commons/vfs/FileName
instanceKlass org/apache/commons/vfs/provider/AbstractVfsComponent
instanceKlass org/apache/commons/vfs/provider/VfsComponent
instanceKlass org/apache/commons/vfs/impl/FileTypeMap
instanceKlass org/apache/commons/vfs/impl/DefaultVfsComponentContext
instanceKlass org/apache/commons/vfs/provider/TemporaryFileStore
instanceKlass org/apache/commons/vfs/provider/FileReplicator
instanceKlass org/apache/commons/vfs/FileContentInfoFactory
instanceKlass org/apache/commons/vfs/FilesCache
instanceKlass org/apache/commons/vfs/provider/VfsComponentContext
instanceKlass org/apache/commons/vfs/impl/DefaultFileSystemManager
instanceKlass org/apache/commons/vfs/FileSystemManager
instanceKlass sun/nio/ch/Util$5
instanceKlass org/apache/commons/vfs/VFS
instanceKlass java/util/NavigableMap
instanceKlass java/util/SortedMap
instanceKlass org/apache/commons/vfs/FileSystemOptions
instanceKlass org/rzo/yajsw/util/VFSUtils
instanceKlass java/util/Collections$SynchronizedMap
instanceKlass java/util/concurrent/Executors$DefaultThreadFactory
instanceKlass org/rzo/yajsw/wrapper/WrappedProcess
instanceKlass java/util/concurrent/Callable
instanceKlass org/rzo/yajsw/script/AbstractScript
instanceKlass org/rzo/yajsw/script/ScriptFactory
instanceKlass org/rzo/yajsw/io/TeeInputStream$Source
instanceKlass sun/nio/ch/IOStatus
instanceKlass sun/nio/ch/Util$4
instanceKlass sun/nio/ch/Util$2
instanceKlass sun/nio/ch/Util
instanceKlass sun/nio/ch/FileChannelImpl$Unmapper
instanceKlass sun/nio/ch/NativeThread
instanceKlass java/nio/channels/spi/AbstractInterruptibleChannel$1
instanceKlass sun/nio/ch/Interruptible
instanceKlass java/nio/channels/FileChannel$MapMode
instanceKlass sun/nio/ch/FileDispatcherImpl$1
instanceKlass sun/nio/ch/NativeDispatcher
instanceKlass sun/nio/ch/NativeThreadSet
instanceKlass java/net/Inet6Address$Inet6AddressHolder
instanceKlass java/net/InetAddress$2
instanceKlass sun/net/spi/nameservice/NameService
instanceKlass java/net/Inet6AddressImpl
instanceKlass java/net/InetAddressImpl
instanceKlass java/net/InetAddressImplFactory
instanceKlass java/net/InetAddress$Cache
instanceKlass java/net/InetAddress$InetAddressHolder
instanceKlass java/net/InetAddress$1
instanceKlass sun/security/action/GetBooleanAction
instanceKlass java/net/InetAddress
instanceKlass sun/nio/ch/IOUtil$1
instanceKlass sun/nio/ch/IOUtil
instanceKlass java/nio/file/attribute/FileAttribute
instanceKlass java/nio/channels/spi/AbstractInterruptibleChannel
instanceKlass java/nio/channels/InterruptibleChannel
instanceKlass java/nio/channels/ScatteringByteChannel
instanceKlass java/nio/channels/GatheringByteChannel
instanceKlass java/nio/channels/SeekableByteChannel
instanceKlass java/nio/channels/ByteChannel
instanceKlass java/nio/channels/WritableByteChannel
instanceKlass java/nio/channels/ReadableByteChannel
instanceKlass java/nio/channels/Channel
instanceKlass java/io/RandomAccessFile
instanceKlass java/io/DataInput
instanceKlass java/io/DataOutput
instanceKlass org/rzo/yajsw/os/ms/win/w32/WindowsXPSystemInformation
instanceKlass org/rzo/yajsw/os/ms/win/w32/WindowsXPErrorHandler
instanceKlass org/rzo/yajsw/os/SystemInformation
instanceKlass org/rzo/yajsw/os/ErrorHandler
instanceKlass org/rzo/yajsw/os/JavaHome
instanceKlass org/rzo/yajsw/os/OperatingSystem
instanceKlass java/lang/management/MemoryUsage
instanceKlass sun/management/NotificationEmitterSupport
instanceKlass javax/management/NotificationEmitter
instanceKlass javax/management/NotificationBroadcaster
instanceKlass java/lang/management/MemoryMXBean
instanceKlass java/lang/management/PlatformManagedObject
instanceKlass sun/management/VMManagementImpl
instanceKlass sun/management/VMManagement
instanceKlass sun/management/ManagementFactoryHelper$4
instanceKlass sun/management/ManagementFactoryHelper
instanceKlass java/lang/management/ManagementFactory
instanceKlass java/util/concurrent/SynchronousQueue$TransferStack$SNode
instanceKlass java/util/concurrent/SynchronousQueue$Transferer
instanceKlass java/util/concurrent/BlockingQueue
instanceKlass java/util/concurrent/ThreadPoolExecutor$AbortPolicy
instanceKlass java/util/concurrent/RejectedExecutionHandler
instanceKlass java/util/concurrent/AbstractExecutorService
instanceKlass java/util/concurrent/ExecutorService
instanceKlass java/util/concurrent/Executors
instanceKlass org/rzo/yajsw/util/DaemonThreadFactory
instanceKlass java/util/concurrent/locks/AbstractQueuedSynchronizer$ConditionObject
instanceKlass java/util/concurrent/locks/Condition
instanceKlass java/util/concurrent/locks/AbstractQueuedSynchronizer$Node
instanceKlass java/util/concurrent/locks/AbstractOwnableSynchronizer
instanceKlass org/jboss/netty/logging/InternalLoggerFactory$1
instanceKlass org/jboss/netty/logging/SimpleLogger
instanceKlass org/jboss/netty/util/internal/SystemPropertyUtil
instanceKlass org/jboss/netty/util/DebugUtil
instanceKlass org/jboss/netty/util/internal/StackTraceSimplifier
instanceKlass org/jboss/netty/logging/InternalLogger
instanceKlass org/jboss/netty/logging/InternalLoggerFactory
instanceKlass org/rzo/yajsw/config/YajswConfiguration
instanceKlass org/apache/commons/configuration/Configuration
instanceKlass java/util/concurrent/Executor
instanceKlass java/util/concurrent/ThreadFactory
instanceKlass org/jboss/netty/channel/ChannelHandler
instanceKlass org/jboss/netty/channel/ChannelFactory
instanceKlass org/jboss/netty/util/ExternalResourceReleasable
instanceKlass org/rzo/yajsw/script/Script
instanceKlass org/rzo/yajsw/wrapper/TriggerAction
instanceKlass org/jboss/netty/channel/ChannelFuture
instanceKlass org/rzo/yajsw/app/WrapperManagerImpl
instanceKlass org/rzo/yajsw/app/WrapperManagerImplMBean
instanceKlass org/rzo/yajsw/Constants
instanceKlass org/rzo/yajsw/app/WrapperManager
instanceKlass java/util/ArrayList$Itr
instanceKlass java/net/URI$Parser
instanceKlass java/net/URI
instanceKlass java/net/URLClassLoader$2
instanceKlass sun/misc/Launcher$BootClassPathHolder$1
instanceKlass sun/misc/Launcher$BootClassPathHolder
instanceKlass org/rzo/yajsw/boot/WrapperLoader
instanceKlass org/rzo/yajsw/app/WrapperManagerProxy
instanceKlass org/rzo/yajsw/app/AbstractWrapperJVMMain$YajswUncaughtExceptionHandler
instanceKlass org/rzo/yajsw/app/AbstractWrapperJVMMain$1
instanceKlass java/lang/Void
instanceKlass java/lang/Class$MethodArray
instanceKlass sun/launcher/LauncherHelper$FXHelper
instanceKlass org/rzo/yajsw/app/AbstractWrapperJVMMain
instanceKlass java/io/FilePermission$1
instanceKlass sun/net/www/MessageHeader
instanceKlass java/net/URLConnection
instanceKlass java/security/PermissionCollection
instanceKlass sun/nio/ByteBuffered
instanceKlass java/lang/Package
instanceKlass sun/security/util/ManifestEntryVerifier
instanceKlass sun/security/util/DisabledAlgorithmConstraints$1
instanceKlass sun/security/util/DisabledAlgorithmConstraints$Constraint
instanceKlass java/util/AbstractList$Itr
instanceKlass java/util/regex/Matcher
instanceKlass java/util/regex/MatchResult
instanceKlass sun/security/util/DisabledAlgorithmConstraints$Constraints
instanceKlass java/util/ArrayList$SubList$1
instanceKlass java/util/ListIterator
instanceKlass java/util/Properties$LineReader
instanceKlass java/security/Security$1
instanceKlass java/security/Security
instanceKlass sun/security/util/AbstractAlgorithmConstraints$1
instanceKlass java/util/regex/ASCII
instanceKlass java/util/regex/Pattern$TreeInfo
instanceKlass java/util/regex/Pattern$Node
instanceKlass java/util/regex/Pattern
instanceKlass sun/security/util/AlgorithmDecomposer
instanceKlass sun/security/util/AbstractAlgorithmConstraints
instanceKlass java/security/AlgorithmConstraints
instanceKlass sun/security/util/SignatureFileVerifier
instanceKlass sun/misc/Resource
instanceKlass sun/misc/ASCIICaseInsensitiveComparator
instanceKlass java/util/jar/Attributes$Name
instanceKlass java/util/jar/Attributes
instanceKlass java/util/jar/JarVerifier$3
instanceKlass java/security/CodeSigner
instanceKlass java/util/jar/JarVerifier
instanceKlass sun/misc/IOUtils
instanceKlass java/util/zip/ZStreamRef
instanceKlass java/util/zip/Inflater
instanceKlass java/util/zip/ZipEntry
instanceKlass sun/misc/ExtensionDependency
instanceKlass sun/misc/JarIndex
instanceKlass sun/nio/ch/DirectBuffer
instanceKlass sun/misc/PerfCounter$CoreCounters
instanceKlass sun/misc/Perf
instanceKlass sun/misc/Perf$GetPerfAction
instanceKlass sun/misc/PerfCounter
instanceKlass java/util/zip/ZipCoder
instanceKlass java/util/Deque
instanceKlass java/util/Queue
instanceKlass java/nio/charset/StandardCharsets
instanceKlass java/util/jar/JavaUtilJarAccessImpl
instanceKlass sun/misc/JavaUtilJarAccess
instanceKlass sun/misc/FileURLMapper
instanceKlass sun/misc/URLClassPath$JarLoader$1
instanceKlass sun/nio/cs/ThreadLocalCoders$Cache
instanceKlass sun/nio/cs/ThreadLocalCoders
instanceKlass java/util/zip/ZipFile$1
instanceKlass sun/misc/JavaUtilZipFileAccess
instanceKlass java/util/zip/ZipFile
instanceKlass java/util/zip/ZipConstants
instanceKlass sun/misc/URLClassPath$Loader
instanceKlass sun/misc/URLClassPath$3
instanceKlass sun/net/util/URLUtil
instanceKlass java/net/URLClassLoader$1
instanceKlass java/lang/StringCoding$StringDecoder
instanceKlass java/io/FileOutputStream$1
instanceKlass java/lang/StringCoding$StringEncoder
instanceKlass java/lang/ThreadLocal$ThreadLocalMap
instanceKlass java/lang/StringCoding
instanceKlass sun/usagetracker/UsageTrackerClient$3
instanceKlass sun/usagetracker/UsageTrackerClient$2
instanceKlass sun/usagetracker/UsageTrackerClient$4
instanceKlass sun/usagetracker/UsageTrackerClient$1
instanceKlass java/util/concurrent/atomic/AtomicBoolean
instanceKlass sun/usagetracker/UsageTrackerClient
instanceKlass sun/misc/PostVMInitHook$1
instanceKlass jdk/internal/util/EnvUtils
instanceKlass sun/misc/PostVMInitHook$2
instanceKlass sun/misc/PostVMInitHook
instanceKlass java/lang/invoke/MethodHandleStatics$1
instanceKlass java/lang/invoke/MethodHandleStatics
instanceKlass java/lang/invoke/MemberName$Factory
instanceKlass java/lang/ClassValue$Version
instanceKlass java/lang/ClassValue$Identity
instanceKlass java/lang/ClassValue
instanceKlass java/lang/invoke/MethodHandleImpl$3
instanceKlass java/lang/invoke/MethodHandleImpl$2
instanceKlass java/util/function/Function
instanceKlass java/lang/invoke/MethodHandleImpl$1
instanceKlass java/lang/invoke/MethodHandleImpl
instanceKlass java/lang/SystemClassLoaderAction
instanceKlass sun/misc/Launcher$AppClassLoader$1
instanceKlass sun/misc/URLClassPath
instanceKlass java/security/Principal
instanceKlass java/security/ProtectionDomain$Key
instanceKlass java/security/ProtectionDomain$2
instanceKlass sun/misc/JavaSecurityProtectionDomainAccess
instanceKlass java/security/ProtectionDomain$JavaSecurityAccessImpl
instanceKlass sun/misc/JavaSecurityAccess
instanceKlass sun/net/util/IPAddressUtil
instanceKlass java/net/URLStreamHandler
instanceKlass java/net/Parts
instanceKlass java/util/BitSet
instanceKlass sun/net/www/ParseUtil
instanceKlass java/io/FileInputStream$1
instanceKlass java/lang/CharacterData
instanceKlass sun/util/locale/LocaleUtils
instanceKlass java/util/Locale$LocaleKey
instanceKlass sun/util/locale/BaseLocale$Key
instanceKlass sun/util/locale/BaseLocale
instanceKlass java/util/concurrent/ConcurrentHashMap$CollectionView
instanceKlass java/util/concurrent/ConcurrentHashMap$CounterCell
instanceKlass java/util/concurrent/ConcurrentHashMap$Node
instanceKlass java/util/concurrent/locks/ReentrantLock
instanceKlass java/util/concurrent/locks/Lock
instanceKlass java/util/concurrent/ConcurrentMap
instanceKlass sun/util/locale/LocaleObjectCache
instanceKlass java/util/Locale
instanceKlass java/lang/reflect/Array
instanceKlass java/nio/charset/CoderResult$Cache
instanceKlass java/nio/charset/CoderResult
instanceKlass java/nio/charset/CharsetDecoder
instanceKlass sun/nio/cs/ArrayDecoder
instanceKlass java/io/Reader
instanceKlass java/lang/Readable
instanceKlass sun/misc/MetaIndex
instanceKlass java/util/StringTokenizer
instanceKlass sun/misc/Launcher$ExtClassLoader$1
instanceKlass java/net/URLClassLoader$7
instanceKlass sun/misc/JavaNetAccess
instanceKlass java/lang/ClassLoader$ParallelLoaders
instanceKlass sun/security/util/Debug
instanceKlass sun/misc/Launcher$Factory
instanceKlass java/net/URLStreamHandlerFactory
instanceKlass java/lang/Compiler$1
instanceKlass java/lang/Compiler
instanceKlass java/lang/System$2
instanceKlass sun/misc/JavaLangAccess
instanceKlass sun/io/Win32ErrorMode
instanceKlass sun/misc/OSEnvironment
instanceKlass java/lang/Integer$IntegerCache
instanceKlass sun/misc/NativeSignalHandler
instanceKlass sun/misc/Signal
instanceKlass java/lang/Terminator$1
instanceKlass sun/misc/SignalHandler
instanceKlass java/lang/Terminator
instanceKlass java/lang/ClassLoader$NativeLibrary
instanceKlass java/io/ExpiringCache$Entry
instanceKlass java/lang/ClassLoader$3
instanceKlass java/nio/file/Path
instanceKlass java/nio/file/Watchable
instanceKlass java/lang/Enum
instanceKlass java/io/ExpiringCache
instanceKlass java/io/FileSystem
instanceKlass java/io/DefaultFileSystem
instanceKlass sun/security/action/GetPropertyAction
instanceKlass java/nio/Bits$1
instanceKlass sun/misc/JavaNioAccess
instanceKlass java/nio/ByteOrder
instanceKlass java/nio/Bits
instanceKlass java/nio/charset/CodingErrorAction
instanceKlass java/nio/charset/CharsetEncoder
instanceKlass sun/nio/cs/ArrayEncoder
instanceKlass java/io/Writer
instanceKlass sun/reflect/ReflectionFactory$1
instanceKlass java/lang/Class$1
instanceKlass sun/nio/cs/SingleByte
instanceKlass sun/nio/cs/HistoricallyNamedCharset
instanceKlass java/lang/ThreadLocal
instanceKlass java/nio/charset/spi/CharsetProvider
instanceKlass java/nio/charset/Charset
instanceKlass java/util/Arrays
instanceKlass sun/reflect/misc/ReflectUtil
instanceKlass java/lang/reflect/ReflectAccess
instanceKlass sun/reflect/LangReflectAccess
instanceKlass java/lang/reflect/Modifier
instanceKlass sun/reflect/annotation/AnnotationType
instanceKlass java/lang/Class$AnnotationData
instanceKlass sun/reflect/generics/repository/AbstractRepository
instanceKlass java/lang/Class$Atomic
instanceKlass java/lang/Class$ReflectionData
instanceKlass java/lang/Class$3
instanceKlass java/util/concurrent/atomic/AtomicReferenceFieldUpdater$AtomicReferenceFieldUpdaterImpl$1
instanceKlass java/security/PrivilegedExceptionAction
instanceKlass java/util/concurrent/atomic/AtomicReferenceFieldUpdater
instanceKlass java/io/OutputStream
instanceKlass java/io/Flushable
instanceKlass java/io/FileDescriptor$1
instanceKlass sun/misc/JavaIOFileDescriptorAccess
instanceKlass java/io/FileDescriptor
instanceKlass sun/misc/Version
instanceKlass java/lang/Runtime
instanceKlass java/util/Hashtable$Enumerator
instanceKlass java/util/Iterator
instanceKlass java/util/Enumeration
instanceKlass java/util/Objects
instanceKlass java/util/Collections$SynchronizedCollection
instanceKlass java/lang/Math
instanceKlass java/util/Hashtable$Entry
instanceKlass sun/misc/VM
instanceKlass java/util/HashMap$Node
instanceKlass java/util/Map$Entry
instanceKlass sun/reflect/Reflection
instanceKlass sun/misc/SharedSecrets
instanceKlass java/lang/ref/Reference$1
instanceKlass sun/misc/JavaLangRefAccess
instanceKlass java/lang/ref/ReferenceQueue$Lock
instanceKlass java/util/Collections$UnmodifiableCollection
instanceKlass java/util/AbstractMap
instanceKlass java/util/Set
instanceKlass java/util/Collections
instanceKlass java/lang/ref/Reference$Lock
instanceKlass sun/reflect/ReflectionFactory
instanceKlass java/util/AbstractCollection
instanceKlass java/util/RandomAccess
instanceKlass java/util/List
instanceKlass java/util/Collection
instanceKlass java/lang/Iterable
instanceKlass java/security/cert/Certificate
instanceKlass sun/reflect/ReflectionFactory$GetReflectionFactoryAction
instanceKlass java/security/PrivilegedAction
instanceKlass java/security/AccessController
instanceKlass java/security/Permission
instanceKlass java/security/Guard
instanceKlass java/lang/String$CaseInsensitiveComparator
instanceKlass java/util/Comparator
instanceKlass java/io/ObjectStreamField
instanceKlass java/lang/Number
instanceKlass java/lang/Character
instanceKlass java/lang/Boolean
instanceKlass java/nio/Buffer
instanceKlass java/lang/StackTraceElement
instanceKlass java/security/CodeSource
instanceKlass sun/misc/Launcher
instanceKlass java/util/jar/Manifest
instanceKlass java/net/URL
instanceKlass java/io/File
instanceKlass java/io/InputStream
instanceKlass java/io/Closeable
instanceKlass java/lang/AutoCloseable
instanceKlass sun/misc/Unsafe
instanceKlass java/lang/AbstractStringBuilder
instanceKlass java/lang/Appendable
instanceKlass java/lang/invoke/CallSite
instanceKlass java/lang/invoke/MethodType
instanceKlass java/lang/invoke/LambdaForm
instanceKlass java/lang/invoke/MethodHandleNatives
instanceKlass java/lang/invoke/MemberName
instanceKlass java/lang/invoke/MethodHandle
instanceKlass sun/reflect/CallerSensitive
instanceKlass java/lang/annotation/Annotation
instanceKlass sun/reflect/FieldAccessor
instanceKlass sun/reflect/ConstantPool
instanceKlass sun/reflect/ConstructorAccessor
instanceKlass sun/reflect/MethodAccessor
instanceKlass sun/reflect/MagicAccessorImpl
instanceKlass java/lang/reflect/Parameter
instanceKlass java/lang/reflect/Member
instanceKlass java/lang/reflect/AccessibleObject
instanceKlass java/util/Dictionary
instanceKlass java/util/Map
instanceKlass java/lang/ThreadGroup
instanceKlass java/lang/Thread$UncaughtExceptionHandler
instanceKlass java/lang/Thread
instanceKlass java/lang/Runnable
instanceKlass java/lang/ref/ReferenceQueue
instanceKlass java/lang/ref/Reference
instanceKlass java/security/AccessControlContext
instanceKlass java/security/ProtectionDomain
instanceKlass java/lang/SecurityManager
instanceKlass java/lang/Throwable
instanceKlass java/lang/System
instanceKlass java/lang/ClassLoader
instanceKlass java/lang/Cloneable
instanceKlass java/lang/Class
instanceKlass java/lang/reflect/Type
instanceKlass java/lang/reflect/GenericDeclaration
instanceKlass java/lang/reflect/AnnotatedElement
instanceKlass java/lang/String
instanceKlass java/lang/CharSequence
instanceKlass java/lang/Comparable
instanceKlass java/io/Serializable
ciInstanceKlass java/lang/Object 1 1 75 3 8 8 8 1 1 1 1 1 1 1 1 1 1 1 1 1 1 1 1 1 1 1 1 1 1 1 1 1 1 1 1 1 1 1 1 1 1 1 1 1 1 1 7 7 100 7 7 7 7 7 1 1 1 12 12 12 12 12 12 12 12 12 12 10 10 10 10 10 10 10 10 10 10
ciInstanceKlass java/io/Serializable 1 0 5 1 1 100 100
ciInstanceKlass java/lang/String 1 1 537 3 3 3 3 8 8 8 8 8 8 8 8 8 8 1 1 1 1 1 1 1 1 1 1 1 1 1 1 1 1 1 1 1 1 1 1 1 1 1 1 1 1 1 1 1 1 1 1 1 1 1 1 1 1 1 1 1 1 1 1 1 1 1 1 1 1 1 1 1 1 1 1 1 1 1 1 1 1 1 1 1 1 1 1 1 1 1 1 1 1 1 1 1 1 1 1 1 1 1 1 1 1 1 1 1 1 1 1 1 1 1 1 1 1 1 1 1 1 1 1 1 1 1 1 1 1 1 1 1 1 1 1 1 1 1 1 1 1 1 1 1 1 1 1 1 1 1 1 1 1 1 1 1 1 1 1 1 1 1 1 1 1 1 1 1 1 1 1 1 1 1 1 1 1 1 1 1 1 1 1 1 1 1 1 1 1 1 1 1 1 1 1 1 1 1 1 1 1 1 1 1 1 1 1 1 1 1 1 1 1 1 5 0 100 100 100 100 7 7 100 7 100 7 7 100 100 7 100 100 100 7 100 7 7 100 7 7 100 7 100 100 7 100 7 100 100 7 7 7 7 100 7 7 7 100 7 7 1 1 1 1 1 1 1 1 1 1 1 1 1 1 1 1 1 1 1 1 1 1 1 1 1 1 1 1 1 1 1 1 1 1 1 1 1 1 1 1 1 1 1 1 1 1 1 1 1 1 1 1 1 1 1 1 1 1 1 1 1 12 12 12 12 12 12 12 12 12 12 12 12 12 12 12 12 12 12 12 12 12 12 12 12 12 12 12 12 12 12 12 12 12 12 12 12 12 12 12 12 12 12 12 12 12 12 12 12 12 12 12 12 12 12 12 12 12 12 12 12 12 12 12 12 12 12 12 12 12 12 12 12 12 12 12 12 12 12 12 12 12 12 12 12 12 12 12 12 12 12 12 12 12 12 12 12 12 12 12 12 12 9 9 9 9 10 10 10 10 10 10 10 10 10 10 10 10 10 10 10 10 10 10 10 10 10 10 10 10 10 10 10 10 10 10 10 10 10 10 10 10 10 10 10 10 10 10 10 10 10 10 10 10 10 10 10 10 10 10 10 10 10 10 10 10 10 10 10 10 10 10 10 10 10 10 10 10 10 10 10 10 10 10 10 10 10 10 10 10 10 10 10 10 10 10 10 10 10 10 10 10 10 10 10 10 10 10 10 10 11 11 11 11 11 11 11 11 1
staticfield java/lang/String serialPersistentFields [Ljava/io/ObjectStreamField; 0 [Ljava/io/ObjectStreamField;
staticfield java/lang/String CASE_INSENSITIVE_ORDER Ljava/util/Comparator; java/lang/String$CaseInsensitiveComparator
ciInstanceKlass java/lang/Class 1 1 1187 8 8 8 8 8 8 8 8 8 8 8 8 8 8 8 8 8 8 7 1 1 1 1 1 1 1 1 1 1 1 1 1 1 1 1 1 1 1 1 1 1 1 1 1 1 1 1 1 1 1 1 1 1 1 1 1 1 1 1 1 1 1 1 1 1 1 1 1 1 1 1 1 1 1 1 1 1 1 1 1 1 1 1 1 1 1 1 1 1 1 1 1 1 1 1 1 1 1 1 1 1 1 1 1 1 1 1 1 1 1 1 1 1 1 1 1 1 1 1 1 1 1 1 1 1 1 1 1 1 1 1 1 1 1 1 1 1 1 1 1 1 1 1 1 1 1 1 1 1 1 1 1 1 1 1 1 1 1 1 1 1 1 1 1 1 1 1 1 1 1 1 1 1 1 1 1 1 1 1 1 1 1 1 1 1 1 1 1 1 1 1 1 1 1 1 1 1 1 1 1 1 1 1 1 1 1 1 1 1 1 1 1 1 1 1 1 1 1 1 1 1 1 1 1 1 1 1 1 1 1 1 1 1 1 1 1 1 1 1 1 1 1 1 1 1 1 1 1 1 1 1 1 1 1 1 1 1 1 1 1 1 1 1 1 1 1 1 1 1 1 1 1 1 1 1 1 1 1 1 1 1 1 1 1 1 1 1 1 1 1 1 1 1 1 1 1 1 1 1 1 1 1 1 1 1 1 1 1 1 1 1 1 1 1 1 1 1 1 1 1 1 1 1 1 1 1 1 1 1 1 1 1 1 1 1 1 1 1 1 1 1 1 1 1 1 1 1 1 1 1 1 1 1 1 1 1 1 1 1 1 1 1 1 1 1 1 1 1 1 1 1 1 1 1 1 1 1 1 1 1 1 1 1 1 1 1 1 1 1 1 1 1 1 1 1 1 1 1 1 1 1 1 1 1 1 1 1 1 1 1 1 1 1 1 1 1 1 1 1 3 3 3 5 0 8 8 8 8 8 7 7 7 100 100 100 7 7 100 7 100 7 7 7 7 100 7 7 100 7 7 100 100 7 7 100 100 7 100 100 7 7 7 7 100 7 100 7 7 7 100 100 7 7 100 100 7 7 100 7 100 7 7 100 100 7 7 7 7 7 7 7 7 7 7 7 7 7 7 7 100 100 7 7 7 7 7 7 7 7 7 100 100 7 100 7 1 1 1 1 1 1 1 1 1 1 1 1 1 1 1 1 1 1 1 1 1 1 1 1 1 1 1 1 1 1 1 1 1 1 1 1 1 1 1 1 1 1 1 1 1 1 1 1 1 1 1 1 1 1 1 1 1 1 1 1 1 1 1 1 1 1 1 1 1 1 1 1 1 1 1 1 1 1 1 1 1 1 1 1 1 1 1 1 1 1 1 1 1 1 1 1 1 1 1 1 1 1 1 1 1 1 1 1 1 1 1 1 1 1 1 1 1 1 1 1 1 1 1 1 1 1 1 1 1 1 1 1 1 1 1 1 1 1 1 1 1 1 1 1 1 1 1 1 1 1 1 1 1 1 1 1 1 1 1 1 1 1 1 1 1 1 1 12 12 12 12 12 12 12 12 12 12 12 12 12 12 12 12 12 12 12 12 12 12 12 12 12 12 12 12 12 12 12 12 12 12 12 12 12 12 12 12 12 12 12 12 12 12 12 12 12 12 12 12 12 12 12 12 12 12 12 12 12 12 12 12 12 12 12 12 12 12 12 12 12 12 12 12 12 12 12 12 12 12 12 12 12 12 12 12 12 12 12 12 12 12 12 12 12 12 12 12 12 12 12 12 12 12 12 12 12 12 12 12 12 12 12 12 12 12 12 12 12 12 12 12 12 12 12 12 12 12 12 12 12 12 12 12 12 12 12 12 12 12 12 12 12 12 12 12 12 12 12 12 12 12 12 12 12 12 12 12 12 12 12 12 12 12 12 12 12 12 12 12 12 12 12 12 12 12 12 12 12 12 12 12 12 12 12 12 12 12 12 12 12 12 12 12 12 12 12 12 12 12 12 12 12 12 12 12 12 12 12 12 12 12 12 12 12 12 12 12 12 12 12 12 12 12 12 12 12 12 12 12 9 9 9 9 9 9 9 9 9 9 9 9 9 9 9 9 9 9 9 9 9 9 9 9 9 9 9 9 9 9 9 9 9 9 9 9 9 10 10 10 10 10 10 10 10 10 10 10 10 10 10 10 10 10 10 10 10 10 10 10 10 10 10 10 10 10 10 10 10 10 10 10 10 10 10 10 10 10 10 10 10 10 10 10 10 10 10 10 10 10 10 10 10 10 10 10 10 10 10 10 10 10 10 10 10 10 10 10 10 10 10 10 10 10 10 10 10 10 10 10 10 10 10 10 10 10 10 10 10 10 10 10 10 10 10 10 10 10 10 10 10 10 10 10 10 10 10 10 10 10 10 10 10 10 10 10 10 10 10 10 10 10 10 10 10 10 10 10 10 10 10 10 10 10 10 10 10 10 10 10 10 10 10 10 10 10 10 10 10 10 10 10 10 10 10 10 10 10 10 10 10 10 10 10 10 10 10 10 10 10 10 10 10 10 10 10 10 10 10 10 10 10 10 10 10 10 10 10 10 10 10 10 10 10 10 10 10 10 10 10 10 10 10 10 10 10 10 11 11 11 11 11 11 11 11 11 11 11 11 11 11 11 11 11 11 1 1 1 1 1 1 1
staticfield java/lang/Class serialPersistentFields [Ljava/io/ObjectStreamField; 0 [Ljava/io/ObjectStreamField;
ciInstanceKlass java/lang/Cloneable 1 0 5 1 1 100 100
instanceKlass com/oracle/truffle/polyglot/HostClassLoader
instanceKlass org/springframework/core/DecoratingClassLoader
instanceKlass java/util/ResourceBundle$RBClassLoader
instanceKlass org/codehaus/groovy/reflection/ClassLoaderForClassArtifacts
instanceKlass org/codehaus/groovy/reflection/SunClassLoader
instanceKlass sun/reflect/DelegatingClassLoader
instanceKlass java/security/SecureClassLoader
ciInstanceKlass java/lang/ClassLoader 1 1 822 8 8 8 8 8 8 8 8 8 8 8 8 8 8 8 8 8 8 7 1 1 1 1 1 1 1 1 1 1 1 1 1 1 1 1 1 1 1 1 1 1 1 1 1 1 1 1 1 1 1 1 1 1 1 1 1 1 1 1 1 1 1 1 1 1 1 1 1 1 1 1 1 1 1 1 1 1 1 1 1 1 1 1 1 1 1 1 1 1 1 1 1 1 1 1 1 1 1 1 1 1 1 1 1 1 1 1 1 1 1 1 1 1 1 1 1 1 1 1 1 1 1 1 1 1 1 1 1 1 1 1 1 1 1 1 1 1 1 1 1 1 1 1 1 1 1 1 1 1 1 1 1 1 1 1 1 1 1 1 1 1 1 1 1 1 1 1 1 1 1 1 1 1 1 1 1 1 1 1 1 1 1 1 1 1 1 1 1 1 1 1 1 1 1 1 1 1 1 1 1 1 1 1 1 1 1 1 1 1 1 1 1 1 1 1 1 1 1 1 1 1 1 1 1 1 1 1 1 1 1 1 1 1 1 1 1 1 1 1 1 1 1 1 1 1 1 1 1 1 1 1 1 1 1 1 1 1 1 1 1 1 1 1 1 1 1 1 1 1 1 1 1 1 1 1 1 1 1 1 1 1 1 1 1 1 1 1 1 1 1 100 100 100 7 7 7 7 100 100 100 7 7 100 7 7 7 7 7 7 100 7 100 100 7 7 100 100 7 7 7 7 100 7 100 100 7 100 100 7 7 100 7 7 100 100 7 7 7 7 7 7 7 7 7 7 7 7 7 7 100 100 1 1 1 1 1 1 1 1 1 1 1 1 1 1 1 1 1 1 1 1 1 1 1 1 1 1 1 1 1 1 1 1 1 1 1 1 1 1 1 1 1 1 1 1 1 1 1 1 1 1 1 1 1 1 1 1 1 1 1 1 1 1 1 1 1 1 1 1 1 1 1 1 1 1 1 1 1 1 1 1 1 1 1 1 1 1 1 1 1 1 1 1 1 1 1 1 1 1 1 1 1 1 1 1 1 1 1 1 1 1 1 12 12 12 12 12 12 12 12 12 12 12 12 12 12 12 12 12 12 12 12 12 12 12 12 12 12 12 12 12 12 12 12 12 12 12 12 12 12 12 12 12 12 12 12 12 12 12 12 12 12 12 12 12 12 12 12 12 12 12 12 12 12 12 12 12 12 12 12 12 12 12 12 12 12 12 12 12 12 12 12 12 12 12 12 12 12 12 12 12 12 12 12 12 12 12 12 12 12 12 12 12 12 12 12 12 12 12 12 12 12 12 12 12 12 12 12 12 12 12 12 12 12 12 12 12 12 12 12 12 12 12 12 12 12 12 12 12 12 12 12 12 12 12 12 12 12 12 12 12 12 12 12 12 12 12 12 12 12 12 12 12 12 12 12 12 12 9 9 9 9 9 9 9 9 9 9 9 9 9 9 9 9 9 9 9 9 9 9 9 9 9 9 9 9 10 10 10 10 10 10 10 10 10 10 10 10 10 10 10 10 10 10 10 10 10 10 10 10 10 10 10 10 10 10 10 10 10 10 10 10 10 10 10 10 10 10 10 10 10 10 10 10 10 10 10 10 10 10 10 10 10 10 10 10 10 10 10 10 10 10 10 10 10 10 10 10 10 10 10 10 10 10 10 10 10 10 10 10 10 10 10 10 10 10 10 10 10 10 10 10 10 10 10 10 10 10 10 10 10 10 10 10 10 10 10 10 10 10 10 10 10 10 10 10 10 10 10 10 10 10 10 10 10 10 10 10 10 10 10 10 10 10 10 10 10 10 10 10 10 10 10 10 10 10 10 10 10 10 10 10 10 10 11 11 11 11 11 1 1
staticfield java/lang/ClassLoader nocerts [Ljava/security/cert/Certificate; 0 [Ljava/security/cert/Certificate;
ciInstanceKlass java/lang/System 1 1 366 8 8 8 8 8 8 8 8 8 8 8 8 8 7 1 1 1 1 1 1 1 1 1 1 1 1 1 1 1 1 1 1 1 1 1 1 1 1 1 1 1 1 1 1 1 1 1 1 1 1 1 1 1 1 1 1 1 1 1 1 1 1 1 1 1 1 1 1 1 1 1 1 1 1 1 1 1 1 1 1 1 1 1 1 1 1 1 1 1 1 1 1 1 1 1 1 1 1 1 1 1 1 1 1 1 1 1 1 1 1 1 1 1 1 1 1 1 1 1 1 1 1 1 1 1 1 1 1 1 1 1 1 1 1 1 1 1 1 1 1 1 1 1 1 1 1 1 1 1 7 7 7 7 7 7 7 100 100 100 100 100 100 7 7 100 100 7 100 100 7 7 7 7 100 100 100 7 100 7 7 7 7 7 1 1 1 1 1 1 1 1 1 1 1 1 1 1 1 1 1 1 1 1 1 1 1 1 1 1 1 1 1 1 1 1 1 1 1 1 1 1 1 1 12 12 12 12 12 12 12 12 12 12 12 12 12 12 12 12 12 12 12 12 12 12 12 12 12 12 12 12 12 12 12 12 12 12 12 12 12 12 12 12 12 12 12 12 12 12 12 12 12 12 12 12 12 12 12 12 12 12 12 12 12 12 12 12 12 12 12 12 9 9 9 9 9 9 9 9 9 9 10 10 10 10 10 10 10 10 10 10 10 10 10 10 10 10 10 10 10 10 10 10 10 10 10 10 10 10 10 10 10 10 10 10 10 10 10 10 10 10 10 10 10 10 10 10 10 10 10 10 10 10 10 10 10 10 10 10 10 10 10 10 10 11
staticfield java/lang/System in Ljava/io/InputStream; org/rzo/yajsw/io/TeeInputStream
staticfield java/lang/System out Ljava/io/PrintStream; java/io/PrintStream
staticfield java/lang/System err Ljava/io/PrintStream; java/io/PrintStream
instanceKlass com/oracle/truffle/api/TruffleStackTrace$LazyStackTrace
instanceKlass oracle/net/jdbc/TNSAddress/SOException
instanceKlass java/lang/Exception
instanceKlass java/lang/Error
ciInstanceKlass java/lang/Throwable 1 1 350 8 8 8 8 8 8 8 8 8 8 8 8 8 8 8 8 8 8 8 7 1 1 1 1 1 1 1 1 1 1 1 1 1 1 1 1 1 1 1 1 1 1 1 1 1 1 1 1 1 1 1 1 1 1 1 1 1 1 1 1 1 1 1 1 1 1 1 1 1 1 1 1 1 1 1 1 1 1 1 1 1 1 1 1 1 1 1 1 1 1 1 1 1 1 1 1 1 1 1 1 1 1 1 1 1 1 1 1 1 1 1 1 1 1 1 1 1 1 1 1 1 1 1 1 1 1 1 1 1 1 1 1 1 1 1 1 1 1 1 1 1 1 1 1 1 1 1 1 1 1 1 1 1 1 1 1 5 0 7 7 7 7 100 100 100 100 7 100 7 100 100 100 100 7 100 7 100 7 100 100 100 7 100 7 7 7 7 7 100 7 100 7 1 1 1 1 1 1 1 1 1 1 1 1 1 1 1 1 1 1 1 1 1 1 1 1 1 1 1 1 1 1 1 12 12 12 12 12 12 12 12 12 12 12 12 12 12 12 12 12 12 12 12 12 12 12 12 12 12 12 12 12 12 12 12 12 12 12 12 12 12 12 12 12 12 12 12 12 12 12 12 12 12 12 12 12 12 12 12 12 9 9 9 9 9 9 9 9 9 9 9 9 10 10 10 10 10 10 10 10 10 10 10 10 10 10 10 10 10 10 10 10 10 10 10 10 10 10 10 10 10 10 10 10 10 10 10 10 10 10 10 10 10 10 10 10 10 11 11 11 11 11 11 11 11 1 1 1 1
staticfield java/lang/Throwable UNASSIGNED_STACK [Ljava/lang/StackTraceElement; 0 [Ljava/lang/StackTraceElement;
staticfield java/lang/Throwable SUPPRESSED_SENTINEL Ljava/util/List; java/util/Collections$UnmodifiableRandomAccessList
staticfield java/lang/Throwable EMPTY_THROWABLE_ARRAY [Ljava/lang/Throwable; 0 [Ljava/lang/Throwable;
staticfield java/lang/Throwable $assertionsDisabled Z 1
instanceKlass javax/xml/transform/TransformerFactoryConfigurationError
instanceKlass com/hazelcast/memory/NativeOutOfMemoryError
instanceKlass javax/xml/parsers/FactoryConfigurationError
instanceKlass java/util/ServiceConfigurationError
instanceKlass java/lang/AssertionError
instanceKlass java/lang/VirtualMachineError
instanceKlass java/lang/LinkageError
instanceKlass java/lang/ThreadDeath
ciInstanceKlass java/lang/Error 1 1 27 1 1 1 1 1 1 1 1 1 1 5 0 100 7 1 1 12 12 12 12 12 10 10 10 10 10
instanceKlass com/oracle/truffle/polyglot/PolyglotEngineImpl$CancelExecution
ciInstanceKlass java/lang/ThreadDeath 0 0 15 1 1 1 1 1 1 1 1 5 0 100 100 12 10
instanceKlass ai/pelican/camel/exception/StaticDataNotFoundException
instanceKlass org/springframework/validation/BindException
instanceKlass sun/security/ec/ECOperations$IntermediateValueException
instanceKlass com/acesw/db/DBException
instanceKlass com/acesw/appletservlet/ACERequestException
instanceKlass com/acesw/log/InCorrectTypeException
instanceKlass com/acesw/exception/GenException
instanceKlass ai/pelican/camel/handler/exception/ExceptionHandler
instanceKlass ai/pelican/camel/exception/AuthenticationException
instanceKlass sun/nio/fs/WindowsException
instanceKlass com/oracle/truffle/api/TruffleStackTrace
instanceKlass com/oracle/truffle/api/nodes/SlowPathException
instanceKlass com/oracle/truffle/api/interop/InteropException
instanceKlass org/springframework/core/NestedCheckedException
instanceKlass oracle/jdbc/OracleDatabaseException
instanceKlass oracle/net/jdbc/nl/NLException
instanceKlass com/zaxxer/hikari/pool/PoolBase$ConnectionSetupException
instanceKlass javax/management/modelmbean/InvalidTargetObjectTypeException
instanceKlass org/apache/camel/VetoCamelContextStartException
instanceKlass javax/transaction/xa/XAException
instanceKlass javax/security/auth/callback/UnsupportedCallbackException
instanceKlass java/util/zip/DataFormatException
instanceKlass ai/pelican/camel/exception/DebulkerException
instanceKlass org/apache/tomcat/websocket/AuthenticationException
instanceKlass java/lang/instrument/IllegalClassFormatException
instanceKlass org/apache/catalina/connector/CoyoteAdapter$RecycleRequiredException
instanceKlass javax/websocket/DeploymentException
instanceKlass org/ietf/jgss/GSSException
instanceKlass org/apache/catalina/LifecycleException
instanceKlass javax/xml/xpath/XPathException
instanceKlass java/util/concurrent/ExecutionException
instanceKlass javax/xml/datatype/DatatypeConfigurationException
instanceKlass org/apache/camel/CamelException
instanceKlass com/sun/xml/bind/v2/model/impl/ClassInfoImpl$DuplicateException
instanceKlass com/sun/xml/bind/v2/model/impl/ClassInfoImpl$ConflictException
instanceKlass javax/activation/MimeTypeParseException
instanceKlass com/sun/xml/bind/api/AccessorException
instanceKlass javax/xml/bind/JAXBException
instanceKlass java/sql/SQLException
instanceKlass java/beans/IntrospectionException
instanceKlass org/springframework/expression/AccessException
instanceKlass javax/xml/transform/TransformerException
instanceKlass javax/xml/stream/XMLStreamException
instanceKlass javax/servlet/ServletException
instanceKlass java/util/concurrent/TimeoutException
instanceKlass java/security/GeneralSecurityException
instanceKlass javax/management/JMException
instanceKlass javax/xml/parsers/ParserConfigurationException
instanceKlass org/xml/sax/SAXException
instanceKlass javax/naming/NamingException
instanceKlass org/jboss/netty/handler/codec/frame/TooLongFrameException
instanceKlass org/apache/commons/lang/exception/NestableException
instanceKlass java/beans/PropertyVetoException
instanceKlass java/text/ParseException
instanceKlass javax/script/ScriptException
instanceKlass java/lang/CloneNotSupportedException
instanceKlass groovyjarjarantlr/ANTLRException
instanceKlass org/codehaus/groovy/GroovyException
instanceKlass java/net/URISyntaxException
instanceKlass org/rzo/yajsw/os/OsException
instanceKlass java/security/PrivilegedActionException
instanceKlass java/io/IOException
instanceKlass java/lang/InterruptedException
instanceKlass java/lang/ReflectiveOperationException
instanceKlass java/lang/RuntimeException
ciInstanceKlass java/lang/Exception 1 1 27 1 1 1 1 1 1 1 1 1 1 5 0 100 7 1 1 12 12 12 12 12 10 10 10 10 10
instanceKlass org/jboss/netty/channel/ChannelHandlerLifeCycleException
instanceKlass org/jboss/netty/channel/ChannelException
instanceKlass org/apache/camel/spring/boot/CamelSpringBootInitializationException
instanceKlass com/acesw/log/UnableToConnectException
instanceKlass com/oracle/truffle/js/runtime/JSCancelledExecutionException
instanceKlass com/oracle/truffle/regex/UnsupportedRegexException
instanceKlass com/oracle/truffle/regex/RegexSyntaxException
instanceKlass com/oracle/truffle/api/nodes/ControlFlowException
instanceKlass com/oracle/truffle/api/dsl/UnsupportedSpecializationException
instanceKlass com/oracle/js/parser/ParserException
instanceKlass com/oracle/truffle/polyglot/HostLanguage$HostLanguageException
instanceKlass com/oracle/truffle/js/runtime/GraalJSException
instanceKlass java/nio/file/FileSystemAlreadyExistsException
instanceKlass com/oracle/truffle/polyglot/HostException
instanceKlass org/graalvm/polyglot/PolyglotException
instanceKlass com/oracle/truffle/polyglot/PolyglotEngineException
instanceKlass org/apache/camel/impl/DefaultFactoryFinder$WrappedRuntimeException
instanceKlass java/util/concurrent/CompletionException
instanceKlass com/hazelcast/ringbuffer/StaleSequenceException
instanceKlass com/hazelcast/map/ReachedMaxSizeException
instanceKlass java/lang/NegativeArraySizeException
instanceKlass com/hazelcast/core/HazelcastException
instanceKlass java/security/ProviderException
instanceKlass org/springframework/expression/spel/InternalParseException
instanceKlass com/zaxxer/hikari/pool/HikariPool$PoolInitializationException
instanceKlass org/apache/tomcat/util/threads/StopPooledThreadException
instanceKlass java/nio/BufferUnderflowException
instanceKlass org/apache/coyote/ProtocolException
instanceKlass java/util/concurrent/RejectedExecutionException
instanceKlass javax/management/JMRuntimeException
instanceKlass org/apache/juli/logging/LogConfigurationException
instanceKlass org/springframework/boot/web/server/WebServerException
instanceKlass org/springframework/context/NoSuchMessageException
instanceKlass org/springframework/transaction/interceptor/TransactionAspectSupport$ThrowableHolderException
instanceKlass org/w3c/dom/DOMException
instanceKlass org/springframework/cglib/core/ClassNameReader$EarlyExitException
instanceKlass org/springframework/cglib/core/CodeGenerationException
instanceKlass org/springframework/objenesis/ObjenesisException
instanceKlass org/springframework/boot/context/properties/IncompatibleConfigurationException
instanceKlass org/springframework/boot/autoconfigure/condition/OnBeanCondition$BeanTypeDeductionException
instanceKlass org/apache/camel/RuntimeCamelException
instanceKlass org/springframework/expression/ExpressionException
instanceKlass javax/el/ELException
instanceKlass java/lang/reflect/MalformedParameterizedTypeException
instanceKlass javax/validation/ValidationException
instanceKlass java/nio/file/FileSystemNotFoundException
instanceKlass org/springframework/boot/context/properties/bind/UnboundConfigurationPropertiesException
instanceKlass org/springframework/boot/context/properties/bind/BindException
instanceKlass org/springframework/boot/context/config/ConfigDataException
instanceKlass java/lang/TypeNotPresentException
instanceKlass org/springframework/boot/context/properties/source/InvalidConfigurationPropertyNameException
instanceKlass org/springframework/core/NestedRuntimeException
instanceKlass com/sun/org/apache/xerces/internal/xni/XNIException
instanceKlass java/time/DateTimeException
instanceKlass org/apache/logging/log4j/core/config/ConfigurationException
instanceKlass java/lang/invoke/WrongMethodTypeException
instanceKlass org/jboss/netty/channel/ChannelHandlerLifeCycleException
instanceKlass org/apache/logging/log4j/LoggingException
instanceKlass org/jboss/netty/channel/ChannelException
instanceKlass java/util/ConcurrentModificationException
instanceKlass org/apache/commons/lang/exception/NestableRuntimeException
instanceKlass java/lang/UnsupportedOperationException
instanceKlass groovy/lang/StringWriterIOException
instanceKlass org/codehaus/groovy/runtime/powerassert/SourceTextNotAvailableException
instanceKlass org/codehaus/groovy/classgen/ClassGeneratorException
instanceKlass org/codehaus/groovy/antlr/ASTRuntimeException
instanceKlass java/util/NoSuchElementException
instanceKlass java/lang/reflect/UndeclaredThrowableException
instanceKlass org/codehaus/groovy/control/ConfigurationException
instanceKlass groovy/lang/GroovyRuntimeException
instanceKlass groovy/lang/DeprecationException
instanceKlass java/lang/IndexOutOfBoundsException
instanceKlass java/util/MissingResourceException
instanceKlass org/apache/commons/logging/LogConfigurationException
instanceKlass java/lang/SecurityException
instanceKlass java/lang/IllegalStateException
instanceKlass java/lang/IllegalArgumentException
instanceKlass java/lang/ArithmeticException
instanceKlass java/lang/NullPointerException
instanceKlass java/lang/IllegalMonitorStateException
instanceKlass java/lang/ArrayStoreException
instanceKlass java/lang/ClassCastException
ciInstanceKlass java/lang/RuntimeException 1 1 27 1 1 1 1 1 1 1 1 1 1 5 0 7 100 1 1 12 12 12 12 12 10 10 10 10 10
instanceKlass org/apache/logging/log4j/util/PrivateSecurityManagerStackTraceUtil$PrivateSecurityManager
instanceKlass javax/crypto/JceSecurityManager
ciInstanceKlass java/lang/SecurityManager 1 1 372 8 8 8 8 8 8 8 8 8 8 8 8 8 8 8 8 8 8 8 8 8 8 8 8 8 8 8 8 8 8 8 8 8 8 8 8 7 1 1 1 1 1 1 1 1 1 1 1 1 1 1 1 1 1 1 1 1 1 1 1 1 1 1 1 1 1 1 1 1 1 1 1 1 1 1 1 1 1 1 1 1 1 1 1 1 1 1 1 1 1 1 1 1 1 1 1 1 1 1 1 1 1 1 1 1 1 1 1 1 1 1 1 1 1 1 1 1 1 1 1 1 1 1 1 1 1 1 1 1 1 1 1 1 1 1 1 1 1 1 1 1 1 1 1 1 1 1 1 1 1 1 1 1 1 1 1 1 1 1 1 1 1 1 1 1 1 1 1 1 1 1 1 1 1 1 1 1 1 1 1 1 1 1 1 1 1 1 1 1 1 1 1 1 1 1 1 1 1 1 100 100 100 100 100 100 100 7 100 100 100 100 100 100 7 7 7 100 100 100 100 100 100 100 100 100 100 100 1 1 1 1 1 1 1 1 1 1 1 1 1 1 1 1 1 1 1 1 1 1 1 1 1 1 1 1 1 1 1 12 12 12 12 12 12 12 12 12 12 12 12 12 12 12 12 12 12 12 12 12 12 12 12 12 12 12 12 12 12 12 12 12 12 12 12 12 12 12 12 12 12 12 12 12 12 12 12 12 12 12 9 9 9 9 9 9 9 9 9 9 9 9 9 9 9 9 9 10 10 10 10 10 10 10 10 10 10 10 10 10 10 10 10 10 10 10 10 10 10 10 10 10 10 10 10 10 10 10 10 10 10 10 10 10 10 10 10 10 10 10 10 10
staticfield java/lang/SecurityManager packageAccessLock Ljava/lang/Object; java/lang/Object
staticfield java/lang/SecurityManager packageDefinitionLock Ljava/lang/Object; java/lang/Object
ciInstanceKlass java/security/ProtectionDomain 1 1 269 8 8 8 8 8 8 8 8 8 8 1 1 1 1 1 1 1 1 1 1 1 1 1 1 1 1 1 1 1 1 1 1 1 1 1 1 1 1 1 1 1 1 1 1 1 1 1 1 1 1 1 1 1 1 1 1 1 1 1 1 1 1 1 1 1 1 1 1 1 1 1 1 1 1 1 1 1 1 1 1 1 1 1 1 1 1 1 1 1 1 1 1 1 1 1 1 1 1 1 1 1 1 1 1 1 1 1 100 100 100 7 100 100 100 100 100 100 100 100 100 7 7 100 7 7 100 7 7 7 100 100 100 7 7 100 1 1 1 1 1 1 1 1 1 1 1 1 1 1 1 1 1 1 1 1 1 1 1 1 1 1 1 1 1 12 12 12 12 12 12 12 12 12 12 12 12 12 12 12 12 12 12 12 12 12 12 12 12 12 12 12 12 12 12 12 12 12 12 12 12 12 12 12 12 12 12 12 12 12 12 12 12 9 9 9 9 9 9 9 9 9 9 9 10 10 10 10 10 10 10 10 10 10 10 10 10 10 10 10 10 10 10 10 10 10 10 10 10 10 10 10 10 10 10 10 10 10 10 10 10 11 11 11 11 11 11 11 1
staticfield java/security/ProtectionDomain debug Lsun/security/util/Debug; null
ciInstanceKlass java/security/AccessControlContext 1 1 302 8 8 8 8 8 8 8 8 8 8 8 8 8 7 1 1 1 1 1 1 1 1 1 1 1 1 1 1 1 1 1 1 1 1 1 1 1 1 1 1 1 1 1 1 1 1 1 1 1 1 1 1 1 1 1 1 1 1 1 1 1 1 1 1 1 1 1 1 1 1 1 1 1 1 1 1 1 1 1 1 1 1 1 1 1 1 1 1 1 1 1 1 1 1 1 1 1 1 1 1 1 1 1 1 1 1 1 1 1 1 1 1 1 1 1 1 1 1 1 1 1 100 7 100 100 7 100 100 7 100 100 7 100 100 7 100 100 7 100 7 100 100 100 100 1 1 1 1 1 1 1 1 1 1 1 1 1 1 1 1 1 1 1 1 1 1 1 1 1 1 1 1 1 1 1 1 1 1 12 12 12 12 12 12 12 12 12 12 12 12 12 12 12 12 12 12 12 12 12 12 12 12 12 12 12 12 12 12 12 12 12 12 12 12 12 12 12 12 12 12 12 12 12 12 12 12 12 12 12 12 12 12 12 12 12 12 9 9 9 9 9 9 9 9 9 9 9 9 9 9 10 10 10 10 10 10 10 10 10 10 10 10 10 10 10 10 10 10 10 10 10 10 10 10 10 10 10 10 10 10 10 10 10 10 10 10 10 10 10 10 10 10 10 10 10 11 11 11 11 11 11
instanceKlass sun/reflect/misc/MethodUtil
instanceKlass java/net/URLClassLoader
ciInstanceKlass java/security/SecureClassLoader 1 1 127 8 8 8 8 1 1 1 1 1 1 1 1 1 1 1 1 1 1 1 1 1 1 1 1 1 1 1 1 1 1 1 1 1 1 1 1 1 1 1 1 1 1 1 1 1 1 1 1 7 100 100 100 100 7 100 7 7 7 7 7 1 1 1 1 1 1 1 1 1 1 1 1 1 1 1 1 1 1 12 12 12 12 12 12 12 12 12 12 12 12 12 12 12 12 12 12 12 12 12 12 12 9 9 9 10 10 10 10 10 10 10 10 10 10 10 10 10 10 10 10 10 10 10 10 10 10
staticfield java/security/SecureClassLoader debug Lsun/security/util/Debug; null
instanceKlass java/lang/NoSuchFieldException
instanceKlass java/lang/InstantiationException
instanceKlass java/lang/IllegalAccessException
instanceKlass java/lang/NoSuchMethodException
instanceKlass java/lang/reflect/InvocationTargetException
instanceKlass java/lang/ClassNotFoundException
ciInstanceKlass java/lang/ReflectiveOperationException 1 1 24 1 1 1 1 1 1 1 1 1 1 5 0 7 100 1 12 12 12 12 10 10 10 10
ciInstanceKlass java/lang/ClassNotFoundException 1 1 29 1 1 1 1 1 1 1 1 1 1 1 1 1 1 5 0 7 7 100 1 1 1 12 12 12 9 10 10
instanceKlass java/lang/UnsatisfiedLinkError
instanceKlass java/lang/ClassFormatError
instanceKlass java/lang/ExceptionInInitializerError
instanceKlass java/lang/IncompatibleClassChangeError
instanceKlass java/lang/BootstrapMethodError
instanceKlass java/lang/NoClassDefFoundError
ciInstanceKlass java/lang/LinkageError 1 1 21 1 1 1 1 1 1 1 1 1 5 0 7 100 1 12 12 12 10 10 10
ciInstanceKlass java/lang/NoClassDefFoundError 1 1 18 1 1 1 1 1 1 1 1 1 5 0 7 100 12 12 10 10
instanceKlass org/codehaus/groovy/runtime/typehandling/GroovyCastException
ciInstanceKlass java/lang/ClassCastException 1 1 18 1 1 1 1 1 1 1 1 1 5 0 100 7 12 12 10 10
ciInstanceKlass java/lang/ArrayStoreException 1 1 18 1 1 1 1 1 1 1 1 1 5 0 100 7 12 12 10 10
instanceKlass java/lang/InternalError
instanceKlass java/lang/StackOverflowError
instanceKlass java/lang/OutOfMemoryError
ciInstanceKlass java/lang/VirtualMachineError 1 1 24 1 1 1 1 1 1 1 1 1 1 5 0 7 100 1 12 12 12 12 10 10 10 10
ciInstanceKlass java/lang/OutOfMemoryError 1 1 18 1 1 1 1 1 1 1 1 1 5 0 100 7 12 12 10 10
instanceKlass com/oracle/truffle/polyglot/PolyglotImpl$1
ciInstanceKlass java/lang/StackOverflowError 1 1 18 1 1 1 1 1 1 1 1 1 5 0 100 7 12 12 10 10
instanceKlass com/hazelcast/cp/lock/exception/LockOwnershipLostException
ciInstanceKlass java/lang/IllegalMonitorStateException 1 1 18 1 1 1 1 1 1 1 1 1 5 0 100 7 12 12 10 10
instanceKlass java/lang/ref/PhantomReference
instanceKlass java/lang/ref/FinalReference
instanceKlass java/lang/ref/WeakReference
instanceKlass java/lang/ref/SoftReference
ciInstanceKlass java/lang/ref/Reference 1 1 131 8 1 1 1 1 1 1 1 1 1 1 1 1 1 1 1 1 1 1 1 1 1 1 1 1 1 1 1 1 1 1 1 1 1 1 1 1 1 1 1 1 1 1 1 1 1 1 1 1 1 1 1 1 1 100 7 100 7 7 100 7 7 7 7 7 7 7 1 1 1 1 1 1 1 1 1 1 1 1 1 1 1 1 12 12 12 12 12 12 12 12 12 12 12 12 12 12 12 12 12 12 12 12 12 12 9 9 9 9 9 9 9 10 10 10 10 10 10 10 10 10 10 10 10 10 10 10 10 1 1
instanceKlass org/apache/camel/com/github/benmanes/caffeine/cache/References$SoftValueReference
instanceKlass sun/security/util/MemoryCache$SoftCacheEntry
instanceKlass org/springframework/util/ConcurrentReferenceHashMap$SoftEntryReference
instanceKlass sun/util/locale/provider/LocaleResources$ResourceReference
instanceKlass java/util/ResourceBundle$BundleReference
instanceKlass java/lang/invoke/LambdaFormEditor$Transform
instanceKlass org/codehaus/groovy/util/ReferenceType$SoftRef
instanceKlass sun/util/locale/LocaleObjectCache$CacheEntry
ciInstanceKlass java/lang/ref/SoftReference 1 1 32 1 1 1 1 1 1 1 1 1 1 1 1 1 1 100 7 7 1 1 1 1 12 12 12 12 12 9 9 10 10 10
instanceKlass org/jboss/netty/util/internal/ConcurrentIdentityWeakKeyHashMap$WeakKeyReference
instanceKlass org/apache/camel/com/github/benmanes/caffeine/cache/References$WeakValueReference
instanceKlass com/oracle/truffle/polyglot/PolyglotSourceCache$WeakSourceKey
instanceKlass com/oracle/truffle/js/runtime/builtins/JSWeakRef$TruffleWeakReference
instanceKlass com/oracle/truffle/object/StrongKeyWeakValueEntry
instanceKlass com/oracle/truffle/api/source/InternedSources$WeakSourceRef
instanceKlass com/oracle/truffle/polyglot/PolyglotContextImpl$ContextWeakReference
instanceKlass com/oracle/truffle/api/utilities/TruffleWeakReference
instanceKlass com/oracle/truffle/api/TruffleLogger$AbstractLoggerRef
instanceKlass java/io/ObjectStreamClass$FieldReflectorKey
instanceKlass java/io/ObjectStreamClass$WeakClassKey
instanceKlass org/apache/camel/com/github/benmanes/caffeine/cache/References$WeakKeyReference
instanceKlass java/util/concurrent/ForkJoinTask$ExceptionNode
instanceKlass com/hazelcast/internal/util/ConcurrentReferenceHashMap$WeakValueReference
instanceKlass com/hazelcast/internal/util/ConcurrentReferenceHashMap$WeakKeyReference
instanceKlass org/apache/tomcat/util/collections/ManagedConcurrentWeakHashMap$Key
instanceKlass org/springframework/cglib/core/WeakCacheKey
instanceKlass java/lang/reflect/Proxy$Key2
instanceKlass com/sun/jmx/mbeanserver/WeakIdentityHashMap$IdentityWeakReference
instanceKlass java/util/logging/LogManager$LoggerWeakRef
instanceKlass java/util/ResourceBundle$LoaderReference
instanceKlass java/lang/invoke/MethodType$ConcurrentWeakInternSet$WeakEntry
instanceKlass java/beans/WeakIdentityMap$Entry
instanceKlass java/lang/reflect/WeakCache$CacheValue
instanceKlass java/lang/reflect/Proxy$Key1
instanceKlass java/lang/reflect/WeakCache$CacheKey
instanceKlass org/apache/commons/logging/impl/WeakHashtable$WeakKey
instanceKlass java/lang/ThreadLocal$ThreadLocalMap$Entry
instanceKlass java/lang/ClassValue$Entry
instanceKlass java/util/WeakHashMap$Entry
ciInstanceKlass java/lang/ref/WeakReference 1 1 17 1 1 1 1 1 1 7 100 1 1 1 1 12 12 10 10
instanceKlass java/lang/ref/Finalizer
ciInstanceKlass java/lang/ref/FinalReference 1 1 13 1 1 1 1 1 100 7 1 1 1 12 10
instanceKlass sun/misc/Cleaner
ciInstanceKlass java/lang/ref/PhantomReference 1 1 16 1 1 1 1 1 1 1 1 100 7 1 1 1 12 10
ciInstanceKlass sun/misc/Cleaner 1 1 71 1 1 1 1 1 1 1 1 1 1 1 1 1 1 1 1 1 1 1 1 1 1 1 1 1 7 100 7 7 100 7 100 1 1 1 1 1 1 1 1 1 1 1 1 12 12 12 12 12 12 12 12 12 12 12 12 12 9 9 9 9 9 10 10 10 10 10 10 10 11
staticfield sun/misc/Cleaner dummyQueue Ljava/lang/ref/ReferenceQueue; java/lang/ref/ReferenceQueue
ciInstanceKlass java/lang/ref/Finalizer 1 1 147 1 1 1 1 1 1 1 1 1 1 1 1 1 1 1 1 1 1 1 1 1 1 1 1 1 1 1 1 1 1 1 1 1 1 1 1 1 1 1 1 1 1 1 1 1 1 1 1 1 1 1 1 1 1 1 1 1 1 7 7 7 7 100 7 7 100 100 100 7 7 100 7 100 1 1 1 1 1 1 1 1 1 1 1 1 1 1 1 1 1 12 12 12 12 12 12 12 12 12 12 12 12 12 12 12 12 12 12 12 12 12 12 12 12 12 12 9 9 9 9 9 10 10 10 10 10 10 10 10 10 10 10 10 10 10 10 10 10 10 10 10 10 10 10 11 1
staticfield java/lang/ref/Finalizer lock Ljava/lang/Object; java/lang/Object
instanceKlass java/lang/ref/ReferenceQueue$Null
ciInstanceKlass java/lang/ref/ReferenceQueue 1 1 127 8 7 1 1 1 1 1 1 1 1 1 1 1 1 1 1 1 1 1 1 1 1 1 1 1 1 1 1 1 1 1 1 1 1 1 1 1 1 1 1 1 1 1 1 1 1 1 1 1 1 1 1 1 5 0 100 7 100 100 7 7 100 7 7 100 7 7 100 7 1 1 1 1 1 1 1 1 1 1 1 1 1 1 1 1 12 12 12 12 12 12 12 12 12 12 12 12 12 12 12 12 12 12 12 9 9 9 9 9 9 9 9 10 10 10 10 10 10 10 10 10 10 10 10 11 1
staticfield java/lang/ref/ReferenceQueue $assertionsDisabled Z 1
instanceKlass org/apache/camel/main/MainSupport$HangupInterceptor
instanceKlass ai/pelican/camel/license/PulseTask
instanceKlass sun/security/ssl/SSLSocketImpl$NotifyHandshakeThread
instanceKlass com/acesw/appletservlet/ACERequestAdapter$1
instanceKlass com/oracle/truffle/polyglot/PolyglotThread
instanceKlass oracle/jdbc/driver/BlockSource$ThreadedCachingBlockSource$BlockReleaser
instanceKlass java/util/TimerThread
instanceKlass org/apache/camel/util/FileUtil$1
instanceKlass com/hazelcast/internal/networking/nio/iobalancer/IOBalancerThread
instanceKlass com/hazelcast/internal/networking/nio/NioThread
instanceKlass com/hazelcast/internal/util/executor/StripedExecutor$Worker
instanceKlass com/hazelcast/client/impl/spi/impl/ClientResponseHandlerSupplier$ResponseThread
instanceKlass com/hazelcast/internal/util/executor/HazelcastManagedThread
instanceKlass java/util/concurrent/ForkJoinWorkerThread
instanceKlass org/apache/tomcat/util/threads/TaskThread
instanceKlass org/springframework/boot/web/embedded/tomcat/TomcatWebServer$1
instanceKlass org/springframework/context/support/AbstractApplicationContext$1
instanceKlass java/util/logging/LogManager$Cleaner
instanceKlass org/apache/logging/log4j/core/util/Log4jThread
instanceKlass org/apache/commons/vfs/cache/SoftRefFilesCache$SoftRefReleaseThread
instanceKlass org/rzo/yajsw/app/WrapperManagerImpl$1
instanceKlass java/lang/ref/Finalizer$FinalizerThread
instanceKlass java/lang/ref/Reference$ReferenceHandler
ciInstanceKlass java/lang/Thread 1 1 536 3 3 8 8 8 8 8 8 8 8 8 8 8 8 7 1 1 1 1 1 1 1 1 1 1 1 1 1 1 1 1 1 1 1 1 1 1 1 1 1 1 1 1 1 1 1 1 1 1 1 1 1 1 1 1 1 1 1 1 1 1 1 1 1 1 1 1 1 1 1 1 1 1 1 1 1 1 1 1 1 1 1 1 1 1 1 1 1 1 1 1 1 1 1 1 1 1 1 1 1 1 1 1 1 1 1 1 1 1 1 1 1 1 1 1 1 1 1 1 1 1 1 1 1 1 1 1 1 1 1 1 1 1 1 1 1 1 1 1 1 1 1 1 1 1 1 1 1 1 1 1 1 1 1 1 1 1 1 1 1 1 1 1 1 1 1 1 1 1 1 1 1 1 1 1 1 1 1 1 1 1 1 1 1 1 1 1 1 1 1 1 1 1 1 1 1 1 1 1 1 1 1 1 1 1 1 1 1 1 1 1 1 1 1 1 1 1 1 1 1 1 1 3 3 3 100 100 100 100 100 7 7 100 100 7 100 100 7 7 7 100 7 100 7 7 100 100 100 100 100 100 7 7 100 100 100 100 100 100 7 100 100 100 7 100 100 100 1 1 1 1 1 1 1 1 1 1 1 1 1 1 1 1 1 1 1 1 1 1 1 1 1 1 1 1 1 1 1 1 1 1 1 1 1 1 1 1 1 1 1 1 1 1 1 1 1 1 1 1 1 1 1 1 1 1 12 12 12 12 12 12 12 12 12 12 12 12 12 12 12 12 12 12 12 12 12 12 12 12 12 12 12 12 12 12 12 12 12 12 12 12 12 12 12 12 12 12 12 12 12 12 12 12 12 12 12 12 12 12 12 12 12 12 12 12 12 12 12 12 12 12 12 12 12 12 12 12 12 12 12 12 12 12 12 12 12 12 12 12 12 12 12 12 12 12 12 12 12 12 12 12 9 9 9 9 9 9 9 9 9 9 9 9 9 9 9 9 9 9 9 9 9 9 9 9 9 9 10 10 10 10 10 10 10 10 10 10 10 10 10 10 10 10 10 10 10 10 10 10 10 10 10 10 10 10 10 10 10 10 10 10 10 10 10 10 10 10 10 10 10 10 10 10 10 10 10 10 10 10 10 10 10 10 10 10 10 10 10 10 10 10 10 10 10 10 10 10 10 10 10 10 10 10 10 11 11 11 11 11 11 11 1 1 1 1
staticfield java/lang/Thread EMPTY_STACK_TRACE [Ljava/lang/StackTraceElement; 0 [Ljava/lang/StackTraceElement;
staticfield java/lang/Thread SUBCLASS_IMPLEMENTATION_PERMISSION Ljava/lang/RuntimePermission; java/lang/RuntimePermission
ciInstanceKlass java/lang/ThreadGroup 1 1 265 8 8 8 8 8 8 8 1 1 1 1 1 1 1 1 1 1 1 1 1 1 1 1 1 1 1 1 1 1 1 1 1 1 1 1 1 1 1 1 1 1 1 1 1 1 1 1 1 1 1 1 1 1 1 1 1 1 1 1 1 1 1 1 1 1 1 1 1 1 1 1 1 1 1 1 1 1 1 1 1 1 1 1 1 1 1 1 1 1 1 1 1 1 1 1 1 1 1 1 1 1 1 1 1 1 1 7 100 100 100 100 100 7 100 100 7 7 100 100 7 100 7 100 1 1 1 1 1 1 1 1 1 1 1 1 1 1 1 1 1 1 1 1 1 1 1 1 1 1 1 12 12 12 12 12 12 12 12 12 12 12 12 12 12 12 12 12 12 12 12 12 12 12 12 12 12 12 12 12 12 12 12 12 12 12 12 12 12 12 12 12 12 12 12 12 12 12 12 12 12 12 12 12 9 9 9 9 9 9 9 9 9 9 9 9 9 10 10 10 10 10 10 10 10 10 10 10 10 10 10 10 10 10 10 10 10 10 10 10 10 10 10 10 10 10 10 10 10 10 10 10 10 10 10 10 10 10 10 10 10 10 10 11 1
instanceKlass java/util/Hashtable
ciInstanceKlass java/util/Dictionary 1 1 28 1 1 1 1 1 1 1 1 1 1 1 1 1 1 1 1 1 7 100 1 1 1 1 1 1 12 10
instanceKlass org/apache/commons/logging/impl/WeakHashtable
instanceKlass java/util/Properties
ciInstanceKlass java/util/Hashtable 1 1 413 3 3 4 4 8 8 8 8 8 8 7 1 1 1 1 1 1 1 1 1 1 1 1 1 1 1 1 1 1 1 1 1 1 1 1 1 1 1 1 1 1 1 1 1 1 1 1 1 1 1 1 1 1 1 1 1 1 1 1 1 1 1 1 1 1 1 1 1 1 1 1 1 1 1 1 1 1 1 1 1 1 1 1 1 1 1 1 1 1 1 1 1 1 1 1 1 1 1 1 1 1 1 1 1 1 1 1 1 1 1 1 1 1 1 1 1 1 1 1 1 1 1 1 1 1 1 1 1 1 1 1 1 1 1 1 1 1 1 1 1 1 1 1 1 1 1 1 1 1 1 1 1 1 1 1 1 1 1 1 1 1 1 1 1 1 3 3 3 5 0 100 7 7 100 100 7 100 7 100 100 7 100 100 7 100 7 100 7 100 7 100 7 7 100 7 7 7 7 100 7 7 7 7 7 100 100 100 7 7 1 1 1 1 1 1 1 1 1 1 1 1 1 1 1 1 1 1 1 1 1 1 1 1 1 1 1 1 1 1 1 1 1 1 1 1 1 1 1 1 1 1 1 1 1 1 1 1 1 1 1 1 1 1 1 1 12 12 12 12 12 12 12 12 12 12 12 12 12 12 12 12 12 12 12 12 12 12 12 12 12 12 12 12 12 12 12 12 12 12 12 12 12 12 12 12 12 12 12 12 12 12 12 12 12 12 12 12 12 12 12 12 12 12 12 12 12 12 12 12 12 9 9 9 9 9 9 9 9 9 9 9 9 10 10 10 10 10 10 10 10 10 10 10 10 10 10 10 10 10 10 10 10 10 10 10 10 10 10 10 10 10 10 10 10 10 10 10 10 10 10 10 10 10 10 10 10 10 10 10 10 10 10 10 10 10 11 11 11 11 11 11 11 11 11 11 11 11 11 1 1 1 1
instanceKlass oracle/net/ns/ClientProfile
instanceKlass org/springframework/beans/factory/support/ManagedProperties
instanceKlass org/springframework/core/SortedProperties
instanceKlass java/security/Provider
ciInstanceKlass java/util/Properties 1 1 260 3 8 8 8 8 8 8 8 1 1 1 1 1 1 1 1 1 1 1 1 1 1 1 1 1 1 1 1 1 1 1 1 1 1 1 1 1 1 1 1 1 1 1 1 1 1 1 1 1 1 1 1 1 1 1 1 1 1 1 1 1 1 1 1 1 1 1 1 1 1 1 1 1 1 1 1 1 1 1 1 1 1 1 1 1 1 1 1 1 1 1 1 1 1 1 1 1 1 1 1 1 1 1 5 0 100 100 100 100 100 100 100 100 100 100 100 7 100 100 100 100 7 7 100 100 7 7 100 1 1 1 1 1 1 1 1 1 1 1 1 1 1 1 1 1 1 1 1 1 1 1 1 1 1 1 1 1 1 1 12 12 12 12 12 12 12 12 12 12 12 12 12 12 12 12 12 12 12 12 12 12 12 12 12 12 12 12 12 12 12 12 12 12 12 12 12 12 12 12 12 12 12 12 12 9 9 9 10 10 10 10 10 10 10 10 10 10 10 10 10 10 10 10 10 10 10 10 10 10 10 10 10 10 10 10 10 10 10 10 10 10 10 10 10 10 10 10 10 10 10 10 10 10 10 10 11 11 1 1
staticfield java/util/Properties hexDigit [C 16
instanceKlass java/lang/reflect/Executable
instanceKlass java/lang/reflect/Field
ciInstanceKlass java/lang/reflect/AccessibleObject 1 1 141 8 8 8 7 1 1 1 1 1 1 1 1 1 1 1 1 1 1 1 1 1 1 1 1 1 1 1 1 1 1 1 1 1 1 1 1 1 1 1 1 1 1 1 1 1 1 1 1 1 1 1 1 1 1 1 1 1 1 1 1 1 100 100 100 7 100 100 7 7 7 7 100 7 7 7 7 7 1 1 1 1 1 1 1 1 1 1 1 1 1 1 1 1 1 1 1 1 12 12 12 12 12 12 12 12 12 12 12 12 12 12 12 12 12 12 12 12 9 9 9 9 10 10 10 10 10 10 10 10 10 10 10 10 10 10 10 10 10 11 1
staticfield java/lang/reflect/AccessibleObject ACCESS_PERMISSION Ljava/security/Permission; java/lang/reflect/ReflectPermission
staticfield java/lang/reflect/AccessibleObject reflectionFactory Lsun/reflect/ReflectionFactory; sun/reflect/ReflectionFactory
ciInstanceKlass java/lang/reflect/Field 1 1 359 8 8 8 8 1 1 1 1 1 1 1 1 1 1 1 1 1 1 1 1 1 1 1 1 1 1 1 1 1 1 1 1 1 1 1 1 1 1 1 1 1 1 1 1 1 1 1 1 1 1 1 1 1 1 1 1 1 1 1 1 1 1 1 1 1 1 1 1 1 1 1 1 1 1 1 1 1 1 1 1 1 1 1 1 1 1 1 1 1 1 1 1 1 1 1 1 1 1 1 1 1 1 1 1 1 1 1 1 1 1 1 1 1 1 1 1 1 1 1 1 1 1 1 1 1 1 1 1 1 1 7 100 100 7 100 7 7 7 100 7 100 7 7 7 7 7 7 7 7 100 100 100 100 7 7 7 1 1 1 1 1 1 1 1 1 1 1 1 1 1 1 1 1 1 1 1 1 1 1 1 1 1 1 1 1 1 1 1 1 1 1 1 1 1 1 1 1 1 1 1 1 1 1 1 1 1 1 1 1 1 12 12 12 12 12 12 12 12 12 12 12 12 12 12 12 12 12 12 12 12 12 12 12 12 12 12 12 12 12 12 12 12 12 12 12 12 12 12 12 12 12 12 12 12 12 12 12 12 12 12 12 12 12 12 12 12 12 12 12 12 12 12 12 12 12 12 12 12 12 12 12 9 9 9 9 9 9 9 9 9 9 9 9 9 9 9 10 10 10 10 10 10 10 10 10 10 10 10 10 10 10 10 10 10 10 10 10 10 10 10 10 10 10 10 10 10 10 10 10 10 10 10 10 10 10 10 11 11 11 11 11 11 11 11 11 11 11 11 11 11 11 11 11 11 11 11 11 1
ciInstanceKlass java/lang/reflect/Parameter 1 1 207 8 8 8 8 1 1 1 1 1 1 1 1 1 1 1 1 1 1 1 1 1 1 1 1 1 1 1 1 1 1 1 1 1 1 1 1 1 1 1 1 1 1 1 1 1 1 1 1 1 1 1 1 1 1 1 1 1 1 1 1 1 1 1 1 1 1 1 1 1 1 1 1 1 1 1 1 1 1 1 1 1 100 7 7 7 100 100 100 7 100 7 100 7 7 7 100 1 1 1 1 1 1 1 1 1 1 1 1 1 1 1 1 1 1 1 1 1 1 1 1 1 1 1 1 12 12 12 12 12 12 12 12 12 12 12 12 12 12 12 12 12 12 12 12 12 12 12 12 12 12 12 12 12 12 12 12 12 12 12 12 12 12 12 9 9 9 9 9 9 9 10 10 10 10 10 10 10 10 10 10 10 10 10 10 10 10 10 10 10 10 10 10 10 10 10 10 10 10 10 10 10 10 11 11 11 11
instanceKlass java/lang/reflect/Constructor
instanceKlass java/lang/reflect/Method
ciInstanceKlass java/lang/reflect/Executable 1 1 375 3 8 8 8 8 8 8 8 8 8 8 8 8 8 8 1 1 1 1 1 1 1 1 1 1 1 1 1 1 1 1 1 1 1 1 1 1 1 1 1 1 1 1 1 1 1 1 1 1 1 1 1 1 1 1 1 1 1 1 1 1 1 1 1 1 1 1 1 1 1 1 1 1 1 1 1 1 1 1 1 1 1 1 1 1 1 1 1 1 1 1 1 1 1 1 1 1 1 1 1 1 1 1 1 1 1 1 1 1 1 1 1 1 1 1 1 1 1 1 1 1 1 1 1 1 1 1 1 1 1 1 1 1 1 1 1 1 1 1 1 1 1 1 1 1 1 1 1 1 100 7 100 100 7 100 7 100 100 7 7 7 7 7 7 100 100 100 7 7 7 100 7 7 7 7 7 100 100 7 7 7 1 1 1 1 1 1 1 1 1 1 1 1 1 1 1 1 1 1 1 1 1 1 1 1 1 1 1 1 1 1 1 1 1 1 1 1 1 1 1 1 1 1 1 1 1 1 1 1 1 1 1 12 12 12 12 12 12 12 12 12 12 12 12 12 12 12 12 12 12 12 12 12 12 12 12 12 12 12 12 12 12 12 12 12 12 12 12 12 12 12 12 12 12 12 12 12 12 12 12 12 12 12 12 12 12 12 12 12 12 12 12 12 12 12 12 12 12 12 12 9 9 9 9 9 9 9 10 10 10 10 10 10 10 10 10 10 10 10 10 10 10 10 10 10 10 10 10 10 10 10 10 10 10 10 10 10 10 10 10 10 10 10 10 10 10 10 10 10 10 10 10 10 10 10 10 10 10 10 10 10 10 10 10 10 10 10 10 10 10 11 11 11 1
ciInstanceKlass java/lang/reflect/Method 1 1 343 8 8 8 1 1 1 1 1 1 1 1 1 1 1 1 1 1 1 1 1 1 1 1 1 1 1 1 1 1 1 1 1 1 1 1 1 1 1 1 1 1 1 1 1 1 1 1 1 1 1 1 1 1 1 1 1 1 1 1 1 1 1 1 1 1 1 1 1 1 1 1 1 1 1 1 1 1 1 1 1 1 1 1 1 1 1 1 1 1 1 1 1 1 1 1 1 1 1 1 1 1 1 1 1 1 1 1 1 1 1 1 1 1 1 1 1 1 1 1 1 1 1 1 1 1 1 1 1 1 7 7 7 100 100 7 7 7 100 7 100 7 7 7 7 7 7 7 7 7 7 7 7 7 7 7 7 1 1 1 1 1 1 1 1 1 1 1 1 1 1 1 1 1 1 1 1 1 1 1 1 1 1 1 1 1 1 1 1 1 1 1 1 1 1 1 1 1 1 1 1 1 1 1 1 12 12 12 12 12 12 12 12 12 12 12 12 12 12 12 12 12 12 12 12 12 12 12 12 12 12 12 12 12 12 12 12 12 12 12 12 12 12 12 12 12 12 12 12 12 12 12 12 12 12 12 12 12 12 12 12 12 12 12 12 12 12 12 12 12 12 12 9 9 9 9 9 9 9 9 9 9 9 9 9 9 9 9 10 10 10 10 10 10 10 10 10 10 10 10 10 10 10 10 10 10 10 10 10 10 10 10 10 10 10 10 10 10 10 10 10 10 10 10 10 10 10 10 10 10 10 10 10 10 10 10 10 10 10 10 11 11 11
ciInstanceKlass java/lang/reflect/Constructor 1 1 327 8 8 8 1 1 1 1 1 1 1 1 1 1 1 1 1 1 1 1 1 1 1 1 1 1 1 1 1 1 1 1 1 1 1 1 1 1 1 1 1 1 1 1 1 1 1 1 1 1 1 1 1 1 1 1 1 1 1 1 1 1 1 1 1 1 1 1 1 1 1 1 1 1 1 1 1 1 1 1 1 1 1 1 1 1 1 1 1 1 1 1 1 1 1 1 1 1 1 1 1 1 1 1 1 1 1 1 1 1 1 1 1 1 1 1 1 1 1 1 1 1 1 1 1 1 1 1 7 100 7 100 100 100 7 100 100 7 7 100 100 100 100 100 7 7 7 100 100 100 7 7 7 1 1 1 1 1 1 1 1 1 1 1 1 1 1 1 1 1 1 1 1 1 1 1 1 1 1 1 1 1 1 1 1 1 1 1 1 1 1 1 1 1 1 1 1 1 1 1 1 12 12 12 12 12 12 12 12 12 12 12 12 12 12 12 12 12 12 12 12 12 12 12 12 12 12 12 12 12 12 12 12 12 12 12 12 12 12 12 12 12 12 12 12 12 12 12 12 12 12 12 12 12 12 12 12 12 12 12 12 12 12 9 9 9 9 9 9 9 9 9 9 9 9 9 9 10 10 10 10 10 10 10 10 10 10 10 10 10 10 10 10 10 10 10 10 10 10 10 10 10 10 10 10 10 10 10 10 10 10 10 10 10 10 10 10 10 10 10 10 10 10 10 11 11 1
instanceKlass sun/reflect/GroovyMagic
instanceKlass sun/reflect/FieldAccessorImpl
instanceKlass sun/reflect/ConstructorAccessorImpl
instanceKlass sun/reflect/MethodAccessorImpl
ciInstanceKlass sun/reflect/MagicAccessorImpl 1 1 10 1 1 1 1 1 7 100 12 10
instanceKlass sun/reflect/GeneratedMethodAccessor112
instanceKlass sun/reflect/GeneratedMethodAccessor111
instanceKlass sun/reflect/GeneratedMethodAccessor110
instanceKlass sun/reflect/GeneratedMethodAccessor109
instanceKlass sun/reflect/GeneratedMethodAccessor108
instanceKlass sun/reflect/GeneratedMethodAccessor107
instanceKlass sun/reflect/GeneratedMethodAccessor106
instanceKlass sun/reflect/GeneratedMethodAccessor105
instanceKlass sun/reflect/GeneratedMethodAccessor104
instanceKlass sun/reflect/GeneratedMethodAccessor103
instanceKlass sun/reflect/GeneratedMethodAccessor102
instanceKlass sun/reflect/GeneratedMethodAccessor101
instanceKlass sun/reflect/GeneratedMethodAccessor100
instanceKlass sun/reflect/GeneratedMethodAccessor99
instanceKlass sun/reflect/GeneratedMethodAccessor98
instanceKlass sun/reflect/GeneratedMethodAccessor97
instanceKlass sun/reflect/GeneratedMethodAccessor96
instanceKlass sun/reflect/GeneratedMethodAccessor95
instanceKlass sun/reflect/GeneratedMethodAccessor94
instanceKlass sun/reflect/GeneratedMethodAccessor93
instanceKlass sun/reflect/GeneratedMethodAccessor92
instanceKlass sun/reflect/GeneratedMethodAccessor91
instanceKlass sun/reflect/GeneratedMethodAccessor90
instanceKlass sun/reflect/GeneratedMethodAccessor89
instanceKlass sun/reflect/GeneratedMethodAccessor88
instanceKlass sun/reflect/GeneratedMethodAccessor87
instanceKlass sun/reflect/GeneratedMethodAccessor86
instanceKlass sun/reflect/GeneratedMethodAccessor85
instanceKlass sun/reflect/GeneratedMethodAccessor84
instanceKlass sun/reflect/GeneratedMethodAccessor83
instanceKlass sun/reflect/GeneratedMethodAccessor82
instanceKlass sun/reflect/GeneratedMethodAccessor81
instanceKlass sun/reflect/GeneratedMethodAccessor80
instanceKlass sun/reflect/GeneratedMethodAccessor79
instanceKlass sun/reflect/GeneratedMethodAccessor78
instanceKlass sun/reflect/GeneratedMethodAccessor77
instanceKlass sun/reflect/GeneratedMethodAccessor76
instanceKlass sun/reflect/GeneratedMethodAccessor75
instanceKlass sun/reflect/GeneratedMethodAccessor74
instanceKlass sun/reflect/GeneratedMethodAccessor73
instanceKlass sun/reflect/GeneratedMethodAccessor72
instanceKlass sun/reflect/GeneratedMethodAccessor71
instanceKlass sun/reflect/GeneratedMethodAccessor70
instanceKlass sun/reflect/GeneratedMethodAccessor69
instanceKlass sun/reflect/GeneratedMethodAccessor68
instanceKlass sun/reflect/GeneratedMethodAccessor67
instanceKlass sun/reflect/GeneratedMethodAccessor66
instanceKlass sun/reflect/GeneratedMethodAccessor65
instanceKlass sun/reflect/GeneratedMethodAccessor64
instanceKlass sun/reflect/GeneratedMethodAccessor63
instanceKlass sun/reflect/GeneratedMethodAccessor62
instanceKlass sun/reflect/GeneratedMethodAccessor61
instanceKlass sun/reflect/GeneratedMethodAccessor60
instanceKlass sun/reflect/GeneratedMethodAccessor59
instanceKlass sun/reflect/GeneratedMethodAccessor58
instanceKlass sun/reflect/GeneratedMethodAccessor57
instanceKlass sun/reflect/GeneratedMethodAccessor56
instanceKlass sun/reflect/GeneratedMethodAccessor55
instanceKlass sun/reflect/GeneratedMethodAccessor54
instanceKlass sun/reflect/GeneratedMethodAccessor53
instanceKlass sun/reflect/GeneratedMethodAccessor52
instanceKlass sun/reflect/GeneratedMethodAccessor51
instanceKlass sun/reflect/GeneratedMethodAccessor50
instanceKlass sun/reflect/GeneratedMethodAccessor49
instanceKlass sun/reflect/GeneratedMethodAccessor48
instanceKlass sun/reflect/GeneratedMethodAccessor47
instanceKlass sun/reflect/GeneratedMethodAccessor46
instanceKlass sun/reflect/GeneratedMethodAccessor45
instanceKlass sun/reflect/GeneratedMethodAccessor44
instanceKlass sun/reflect/GeneratedMethodAccessor43
instanceKlass sun/reflect/GeneratedMethodAccessor42
instanceKlass sun/reflect/GeneratedMethodAccessor41
instanceKlass sun/reflect/GeneratedMethodAccessor40
instanceKlass sun/reflect/GeneratedMethodAccessor39
instanceKlass sun/reflect/GeneratedMethodAccessor38
instanceKlass sun/reflect/GeneratedMethodAccessor37
instanceKlass sun/reflect/GeneratedMethodAccessor36
instanceKlass sun/reflect/GeneratedMethodAccessor35
instanceKlass sun/reflect/GeneratedMethodAccessor34
instanceKlass sun/reflect/GeneratedMethodAccessor33
instanceKlass sun/reflect/GeneratedMethodAccessor32
instanceKlass sun/reflect/GeneratedMethodAccessor31
instanceKlass sun/reflect/GeneratedMethodAccessor30
instanceKlass sun/reflect/GeneratedMethodAccessor29
instanceKlass sun/reflect/GeneratedMethodAccessor28
instanceKlass sun/reflect/GeneratedMethodAccessor27
instanceKlass sun/reflect/GeneratedMethodAccessor26
instanceKlass sun/reflect/GeneratedMethodAccessor25
instanceKlass sun/reflect/GeneratedMethodAccessor24
instanceKlass sun/reflect/GeneratedMethodAccessor23
instanceKlass sun/reflect/GeneratedMethodAccessor22
instanceKlass sun/reflect/GeneratedMethodAccessor21
instanceKlass sun/reflect/GeneratedMethodAccessor20
instanceKlass sun/reflect/GeneratedMethodAccessor19
instanceKlass sun/reflect/GeneratedMethodAccessor18
instanceKlass sun/reflect/GeneratedMethodAccessor17
instanceKlass sun/reflect/GeneratedMethodAccessor16
instanceKlass sun/reflect/GeneratedMethodAccessor15
instanceKlass sun/reflect/GeneratedMethodAccessor14
instanceKlass sun/reflect/GeneratedMethodAccessor13
instanceKlass sun/reflect/GeneratedMethodAccessor12
instanceKlass sun/reflect/GeneratedMethodAccessor11
instanceKlass sun/reflect/GeneratedMethodAccessor10
instanceKlass sun/reflect/GeneratedMethodAccessor9
instanceKlass sun/reflect/GeneratedMethodAccessor8
instanceKlass sun/reflect/GeneratedMethodAccessor7
instanceKlass sun/reflect/GeneratedMethodAccessor6
instanceKlass sun/reflect/GeneratedMethodAccessor5
instanceKlass sun/reflect/GeneratedMethodAccessor4
instanceKlass sun/reflect/GeneratedMethodAccessor3
instanceKlass sun/reflect/GeneratedMethodAccessor2
instanceKlass sun/reflect/GeneratedMethodAccessor1
instanceKlass sun/reflect/DelegatingMethodAccessorImpl
instanceKlass sun/reflect/NativeMethodAccessorImpl
ciInstanceKlass sun/reflect/MethodAccessorImpl 1 1 19 1 1 1 1 1 1 1 1 1 1 1 100 100 7 100 100 12 10
instanceKlass sun/reflect/GeneratedConstructorAccessor99
instanceKlass sun/reflect/GeneratedConstructorAccessor98
instanceKlass sun/reflect/GeneratedConstructorAccessor97
instanceKlass sun/reflect/GeneratedConstructorAccessor96
instanceKlass sun/reflect/GeneratedConstructorAccessor95
instanceKlass sun/reflect/GeneratedConstructorAccessor94
instanceKlass sun/reflect/GeneratedConstructorAccessor93
instanceKlass sun/reflect/GeneratedConstructorAccessor92
instanceKlass sun/reflect/GeneratedConstructorAccessor91
instanceKlass sun/reflect/GeneratedConstructorAccessor90
instanceKlass sun/reflect/GeneratedConstructorAccessor89
instanceKlass sun/reflect/GeneratedConstructorAccessor88
instanceKlass sun/reflect/GeneratedConstructorAccessor87
instanceKlass sun/reflect/GeneratedConstructorAccessor86
instanceKlass sun/reflect/GeneratedConstructorAccessor85
instanceKlass sun/reflect/GeneratedConstructorAccessor84
instanceKlass sun/reflect/GeneratedConstructorAccessor83
instanceKlass sun/reflect/GeneratedConstructorAccessor82
instanceKlass sun/reflect/GeneratedConstructorAccessor81
instanceKlass sun/reflect/GeneratedConstructorAccessor80
instanceKlass sun/reflect/GeneratedConstructorAccessor79
instanceKlass sun/reflect/GeneratedConstructorAccessor78
instanceKlass sun/reflect/GeneratedConstructorAccessor77
instanceKlass sun/reflect/GeneratedConstructorAccessor76
instanceKlass sun/reflect/GeneratedConstructorAccessor75
instanceKlass sun/reflect/GeneratedConstructorAccessor74
instanceKlass sun/reflect/GeneratedConstructorAccessor73
instanceKlass sun/reflect/GeneratedConstructorAccessor72
instanceKlass sun/reflect/GeneratedConstructorAccessor71
instanceKlass sun/reflect/GeneratedConstructorAccessor70
instanceKlass sun/reflect/GeneratedConstructorAccessor69
instanceKlass sun/reflect/SerializationConstructorAccessorImpl
instanceKlass sun/reflect/GeneratedConstructorAccessor68
instanceKlass sun/reflect/GeneratedConstructorAccessor67
instanceKlass sun/reflect/GeneratedConstructorAccessor66
instanceKlass sun/reflect/GeneratedConstructorAccessor65
instanceKlass sun/reflect/GeneratedConstructorAccessor64
instanceKlass sun/reflect/GeneratedConstructorAccessor63
instanceKlass sun/reflect/GeneratedConstructorAccessor62
instanceKlass sun/reflect/GeneratedConstructorAccessor61
instanceKlass sun/reflect/GeneratedConstructorAccessor60
instanceKlass sun/reflect/GeneratedConstructorAccessor59
instanceKlass sun/reflect/GeneratedConstructorAccessor58
instanceKlass sun/reflect/GeneratedConstructorAccessor57
instanceKlass sun/reflect/GeneratedConstructorAccessor56
instanceKlass sun/reflect/GeneratedConstructorAccessor55
instanceKlass sun/reflect/GeneratedConstructorAccessor54
instanceKlass sun/reflect/GeneratedConstructorAccessor53
instanceKlass sun/reflect/GeneratedConstructorAccessor52
instanceKlass sun/reflect/GeneratedConstructorAccessor51
instanceKlass sun/reflect/GeneratedConstructorAccessor50
instanceKlass sun/reflect/GeneratedConstructorAccessor49
instanceKlass sun/reflect/GeneratedConstructorAccessor48
instanceKlass sun/reflect/GeneratedConstructorAccessor47
instanceKlass sun/reflect/GeneratedConstructorAccessor46
instanceKlass sun/reflect/GeneratedConstructorAccessor45
instanceKlass sun/reflect/GeneratedConstructorAccessor44
instanceKlass sun/reflect/GeneratedConstructorAccessor43
instanceKlass sun/reflect/GeneratedConstructorAccessor42
instanceKlass sun/reflect/GeneratedConstructorAccessor41
instanceKlass sun/reflect/GeneratedConstructorAccessor40
instanceKlass sun/reflect/GeneratedConstructorAccessor39
instanceKlass sun/reflect/GeneratedConstructorAccessor38
instanceKlass sun/reflect/GeneratedConstructorAccessor37
instanceKlass sun/reflect/GeneratedConstructorAccessor36
instanceKlass sun/reflect/GeneratedConstructorAccessor35
instanceKlass sun/reflect/GeneratedConstructorAccessor34
instanceKlass sun/reflect/GeneratedConstructorAccessor33
instanceKlass sun/reflect/GeneratedConstructorAccessor32
instanceKlass sun/reflect/GeneratedConstructorAccessor31
instanceKlass sun/reflect/GeneratedConstructorAccessor30
instanceKlass sun/reflect/GeneratedConstructorAccessor29
instanceKlass sun/reflect/GeneratedConstructorAccessor28
instanceKlass sun/reflect/GeneratedConstructorAccessor27
instanceKlass sun/reflect/GeneratedConstructorAccessor26
instanceKlass sun/reflect/GeneratedConstructorAccessor25
instanceKlass sun/reflect/GeneratedConstructorAccessor24
instanceKlass sun/reflect/GeneratedConstructorAccessor23
instanceKlass sun/reflect/GeneratedConstructorAccessor22
instanceKlass sun/reflect/GeneratedConstructorAccessor21
instanceKlass sun/reflect/GeneratedConstructorAccessor20
instanceKlass sun/reflect/GeneratedConstructorAccessor19
instanceKlass sun/reflect/GeneratedConstructorAccessor18
instanceKlass sun/reflect/GeneratedConstructorAccessor17
instanceKlass sun/reflect/GeneratedConstructorAccessor16
instanceKlass sun/reflect/GeneratedConstructorAccessor15
instanceKlass sun/reflect/GeneratedConstructorAccessor14
instanceKlass sun/reflect/GeneratedConstructorAccessor13
instanceKlass sun/reflect/GeneratedConstructorAccessor12
instanceKlass sun/reflect/GeneratedConstructorAccessor11
instanceKlass sun/reflect/GeneratedConstructorAccessor10
instanceKlass sun/reflect/GeneratedConstructorAccessor9
instanceKlass sun/reflect/GeneratedConstructorAccessor8
instanceKlass sun/reflect/GeneratedConstructorAccessor7
instanceKlass sun/reflect/GeneratedConstructorAccessor6
instanceKlass sun/reflect/GeneratedConstructorAccessor5
instanceKlass sun/reflect/GeneratedConstructorAccessor4
instanceKlass sun/reflect/GeneratedConstructorAccessor3
instanceKlass sun/reflect/GeneratedConstructorAccessor2
instanceKlass sun/reflect/BootstrapConstructorAccessorImpl
instanceKlass sun/reflect/GeneratedConstructorAccessor1
instanceKlass sun/reflect/DelegatingConstructorAccessorImpl
instanceKlass sun/reflect/NativeConstructorAccessorImpl
ciInstanceKlass sun/reflect/ConstructorAccessorImpl 1 1 21 1 1 1 1 1 1 1 1 1 1 1 1 100 100 100 100 100 7 12 10
ciInstanceKlass sun/reflect/DelegatingClassLoader 1 1 10 1 1 1 1 7 100 1 12 10
ciInstanceKlass sun/reflect/ConstantPool 1 1 103 8 7 1 1 1 1 1 1 1 1 1 1 1 1 1 1 1 1 1 1 1 1 1 1 1 1 1 1 1 1 1 1 1 1 1 1 1 1 1 1 1 1 1 1 1 1 1 1 100 7 7 1 1 1 1 1 1 1 1 1 1 1 1 1 1 1 1 1 12 12 12 12 12 12 12 12 12 12 12 12 12 12 12 12 12 9 10 10 10 10 10 10 10 10 10 10 10 10 10 10 10 10
instanceKlass sun/reflect/UnsafeFieldAccessorImpl
ciInstanceKlass sun/reflect/FieldAccessorImpl 1 1 53 1 1 1 1 1 1 1 1 1 1 1 1 1 1 1 1 1 1 1 1 1 1 1 1 1 1 1 1 1 1 1 1 100 100 100 100 7 1 1 1 1 1 1 1 1 1 1 1 1 1 12 10
instanceKlass sun/reflect/UnsafeQualifiedFieldAccessorImpl
instanceKlass sun/reflect/UnsafeIntegerFieldAccessorImpl
instanceKlass sun/reflect/UnsafeBooleanFieldAccessorImpl
instanceKlass sun/reflect/UnsafeObjectFieldAccessorImpl
instanceKlass sun/reflect/UnsafeStaticFieldAccessorImpl
ciInstanceKlass sun/reflect/UnsafeFieldAccessorImpl 1 1 226 8 8 8 8 8 8 8 8 8 8 8 8 8 8 8 8 8 8 8 8 8 8 1 1 1 1 1 1 1 1 1 1 1 1 1 1 1 1 1 1 1 1 1 1 1 1 1 1 1 1 1 1 1 1 1 1 1 1 1 1 1 1 1 1 1 1 1 1 1 1 1 1 1 1 1 1 1 1 1 1 1 1 1 1 1 1 1 1 1 1 1 1 1 1 1 1 1 1 1 1 1 1 1 1 1 1 1 1 1 1 1 1 1 1 1 1 1 100 100 100 7 100 100 100 100 100 100 7 100 100 100 7 7 7 7 7 1 1 1 1 1 1 1 1 1 1 1 1 1 1 1 1 1 1 12 12 12 12 12 12 12 12 12 12 12 12 12 12 12 12 12 12 12 12 12 12 12 12 12 12 12 12 12 12 12 12 12 12 9 9 9 9 10 10 10 10 10 10 10 10 10 10 10 10 10 10 10 10 10 10 10 10 10 10 10 10 10 10 10 10 10 10 10 10 10
staticfield sun/reflect/UnsafeFieldAccessorImpl unsafe Lsun/misc/Unsafe; sun/misc/Unsafe
instanceKlass sun/reflect/UnsafeQualifiedStaticFieldAccessorImpl
instanceKlass sun/reflect/UnsafeStaticObjectFieldAccessorImpl
ciInstanceKlass sun/reflect/UnsafeStaticFieldAccessorImpl 1 1 35 8 7 1 1 1 1 1 1 1 1 1 1 1 1 1 1 7 7 7 7 1 1 1 1 12 12 12 12 12 9 9 10 10 10
ciInstanceKlass sun/reflect/CallerSensitive 1 1 15 1 1 1 1 1 1 1 100 100 100 1 1 1 1
instanceKlass java/lang/invoke/DelegatingMethodHandle
instanceKlass java/lang/invoke/BoundMethodHandle
instanceKlass java/lang/invoke/DirectMethodHandle
ciInstanceKlass java/lang/invoke/MethodHandle 1 1 435 8 8 8 8 8 8 8 8 8 8 8 8 8 7 1 1 1 1 1 1 1 1 1 1 1 1 1 1 1 1 1 1 1 1 1 1 1 1 1 1 1 1 1 1 1 1 1 1 1 1 1 1 1 1 1 1 1 1 1 1 1 1 1 1 1 1 1 1 1 1 1 1 1 1 1 1 1 1 1 1 1 1 1 1 1 1 1 1 1 1 1 1 1 1 1 1 1 1 1 1 1 1 1 1 1 1 1 1 1 1 1 1 1 1 1 1 1 1 1 1 1 1 1 1 1 1 1 1 1 1 1 1 1 1 1 1 1 1 1 1 1 1 1 1 1 1 1 1 1 1 1 1 1 1 1 1 1 1 1 1 1 1 1 1 1 1 1 1 1 100 7 100 100 100 100 7 100 100 100 7 100 100 7 7 7 100 7 7 7 7 100 100 100 7 1 1 1 1 1 1 1 1 1 1 1 1 1 1 1 1 1 1 1 1 1 1 1 1 1 1 1 1 1 1 1 1 1 1 1 1 1 1 1 1 1 1 1 1 1 1 1 1 1 1 1 1 1 1 1 1 1 1 1 1 1 1 1 1 1 1 1 12 12 12 12 12 12 12 12 12 12 12 12 12 12 12 12 12 12 12 12 12 12 12 12 12 12 12 12 12 12 12 12 12 12 12 12 12 12 12 12 12 12 12 12 12 12 12 12 12 12 12 12 12 12 12 12 12 12 12 12 12 12 12 12 12 12 12 12 12 12 12 12 12 12 12 12 12 12 12 12 12 12 12 9 9 9 9 9 9 9 9 9 9 9 9 10 10 10 10 10 10 10 10 10 10 10 10 10 10 10 10 10 10 10 10 10 10 10 10 10 10 10 10 10 10 10 10 10 10 10 10 10 10 10 10 10 10 10 10 10 10 10 10 10 10 10 10 10 10 10 10 10 10 10 10 10 10 10 10 10 10 10 10 10 10 10 10 10 10 10 11 1 1
staticfield java/lang/invoke/MethodHandle FORM_OFFSET J 20
staticfield java/lang/invoke/MethodHandle $assertionsDisabled Z 1
instanceKlass java/lang/invoke/DirectMethodHandle$Constructor
instanceKlass java/lang/invoke/DirectMethodHandle$Special
instanceKlass java/lang/invoke/DirectMethodHandle$Accessor
instanceKlass java/lang/invoke/DirectMethodHandle$Interface
ciInstanceKlass java/lang/invoke/DirectMethodHandle 1 1 698 8 8 8 8 8 8 8 8 8 8 8 8 8 8 8 8 8 8 8 8 8 7 7 7 7 7 7 7 7 7 7 7 1 1 1 1 1 1 1 1 1 1 1 1 1 1 1 1 1 1 1 1 1 1 1 1 1 1 1 1 1 1 1 1 1 1 1 1 1 1 1 1 1 1 1 1 1 1 1 1 1 1 1 1 1 1 1 1 1 1 1 1 1 1 1 1 1 1 1 1 1 1 1 1 1 1 1 1 1 1 1 1 1 1 1 1 1 1 1 1 1 1 1 1 1 1 1 1 1 1 1 1 1 1 1 1 1 1 1 1 1 1 1 1 1 1 1 1 1 1 1 1 1 1 1 1 1 1 1 1 1 1 1 1 1 1 1 1 1 1 1 1 1 1 1 1 1 1 1 1 1 1 1 1 1 1 1 1 1 1 1 1 1 1 1 1 1 1 1 1 1 1 1 1 1 1 1 1 1 1 1 1 1 1 1 1 1 1 1 1 1 1 1 1 1 1 1 1 1 1 1 1 1 1 1 1 1 1 1 1 1 1 1 1 1 1 1 1 1 1 1 1 1 1 1 1 1 1 1 1 1 100 100 7 7 7 100 7 100 7 7 100 7 7 100 7 7 7 7 7 7 100 7 7 100 7 7 100 7 7 7 100 100 100 7 7 7 7 1 1 1 1 1 1 1 1 1 1 1 1 1 1 1 1 1 1 1 1 1 1 1 1 1 1 1 1 1 1 1 1 1 1 1 1 1 1 1 1 1 1 1 1 1 1 1 1 1 1 1 1 1 1 1 1 1 1 1 1 1 1 1 1 1 1 1 1 1 1 1 1 1 1 1 1 1 1 1 12 12 12 12 12 12 12 12 12 12 12 12 12 12 12 12 12 12 12 12 12 12 12 12 12 12 12 12 12 12 12 12 12 12 12 12 12 12 12 12 12 12 12 12 12 12 12 12 12 12 12 12 12 12 12 12 12 12 12 12 12 12 12 12 12 12 12 12 12 12 12 12 12 12 12 12 12 12 12 12 12 12 12 12 12 12 12 12 12 12 12 12 12 12 12 12 12 12 12 12 12 12 12 12 12 12 12 12 12 12 12 12 12 12 12 12 12 12 12 12 12 12 12 12 12 12 12 12 12 12 12 12 12 12 12 12 12 12 12 12 12 12 12 12 12 12 12 12 12 12 12 12 9 9 9 9 9 9 9 9 9 9 9 9 9 9 9 9 9 9 9 9 9 9 9 9 9 9 9 9 9 9 9 9 9 9 9 9 10 10 10 10 10 10 10 10 10 10 10 10 10 10 10 10 10 10 10 10 10 10 10 10 10 10 10 10 10 10 10 10 10 10 10 10 10 10 10 10 10 10 10 10 10 10 10 10 10 10 10 10 10 10 10 10 10 10 10 10 10 10 10 10 10 10 10 10 10 10 10 10 10 10 10 10 10 10 10 10 10 10 10 10 10 10 10 10 10 10 10 10 10 10 10 10 10 10 10 10 10 10 10 10 10 10 10 10 10 10 10 10 10 10 10 10 10 10 10 10 10 10 10 1 1 1 1 1 1 1 1 1
staticfield java/lang/invoke/DirectMethodHandle IMPL_NAMES Ljava/lang/invoke/MemberName$Factory; java/lang/invoke/MemberName$Factory
staticfield java/lang/invoke/DirectMethodHandle ACCESSOR_FORMS [Ljava/lang/invoke/LambdaForm; 132 [Ljava/lang/invoke/LambdaForm;
staticfield java/lang/invoke/DirectMethodHandle $assertionsDisabled Z 1
ciInstanceKlass java/lang/invoke/MemberName 1 1 639 3 3 3 3 3 3 3 3 3 3 3 8 8 8 8 8 8 8 8 8 8 8 8 8 8 8 8 8 8 8 8 8 8 8 8 8 8 8 8 8 8 8 7 7 7 100 1 1 1 1 1 1 1 1 1 1 1 1 1 1 1 1 1 1 1 1 1 1 1 1 1 1 1 1 1 1 1 1 1 1 1 1 1 1 1 1 1 1 1 1 1 1 1 1 1 1 1 1 1 1 1 1 1 1 1 1 1 1 1 1 1 1 1 1 1 1 1 1 1 1 1 1 1 1 1 1 1 1 1 1 1 1 1 1 1 1 1 1 1 1 1 1 1 1 1 1 1 1 1 1 1 1 1 1 1 1 1 1 1 1 1 1 1 1 1 1 1 1 1 1 1 1 1 1 1 1 1 1 1 1 1 1 1 1 1 1 1 1 1 1 1 1 1 1 1 1 1 1 1 1 1 1 1 1 1 1 1 1 1 1 1 1 1 1 1 1 1 1 1 1 1 1 1 1 1 1 1 1 1 1 1 1 1 1 1 1 1 1 1 1 1 1 1 1 1 1 1 1 1 1 1 1 1 1 1 1 1 1 1 1 1 1 1 1 1 1 1 1 1 1 1 1 1 1 1 3 3 3 3 3 3 3 3 7 7 100 100 100 7 7 100 100 100 100 100 100 100 100 100 7 100 7 7 7 7 7 100 7 7 100 100 100 100 7 100 100 100 7 7 7 100 7 1 1 1 1 1 1 1 1 1 1 1 1 1 1 1 1 1 1 1 1 1 1 1 1 1 1 1 1 1 1 1 1 1 1 1 1 1 1 1 1 1 1 1 1 1 1 1 1 1 1 1 1 1 1 1 1 1 1 1 1 1 1 1 1 12 12 12 12 12 12 12 12 12 12 12 12 12 12 12 12 12 12 12 12 12 12 12 12 12 12 12 12 12 12 12 12 12 12 12 12 12 12 12 12 12 12 12 12 12 12 12 12 12 12 12 12 12 12 12 12 12 12 12 12 12 12 12 12 12 12 12 12 12 12 12 12 12 12 12 12 12 12 12 12 12 12 12 12 12 12 12 12 12 12 12 12 12 12 12 12 12 12 12 12 12 12 12 12 12 12 12 12 12 12 12 12 12 9 9 9 9 9 9 9 9 9 9 10 10 10 10 10 10 10 10 10 10 10 10 10 10 10 10 10 10 10 10 10 10 10 10 10 10 10 10 10 10 10 10 10 10 10 10 10 10 10 10 10 10 10 10 10 10 10 10 10 10 10 10 10 10 10 10 10 10 10 10 10 10 10 10 10 10 10 10 10 10 10 10 10 10 10 10 10 10 10 10 10 10 10 10 10 10 10 10 10 10 10 10 10 10 10 10 10 10 10 10 10 10 10 10 10 10 10 10 10 10 10 10 10 10 10 10 10 10 10 10 10 10 10 10 10 10 1 1 1
staticfield java/lang/invoke/MemberName $assertionsDisabled Z 1
ciInstanceKlass java/lang/invoke/MethodHandleNatives 1 1 424 8 8 8 8 8 8 8 8 8 8 8 8 8 8 8 8 8 8 8 8 8 8 8 8 8 8 8 8 100 100 7 7 100 1 1 1 1 1 1 1 1 1 1 1 1 1 1 1 1 1 1 1 1 1 1 1 1 1 1 1 1 1 1 1 1 1 1 1 1 1 1 1 1 1 1 1 1 1 1 1 1 1 1 1 1 1 1 1 1 1 1 1 1 1 1 1 1 1 1 1 1 1 1 1 1 1 1 1 1 1 1 1 1 1 1 1 1 1 1 1 1 1 1 1 1 1 1 1 1 1 1 1 1 1 1 1 1 1 1 1 1 1 1 1 1 1 1 1 1 1 1 1 1 1 1 1 1 1 1 1 1 1 1 1 1 1 1 1 1 1 1 1 1 1 1 1 1 1 1 1 1 1 1 1 1 1 1 1 1 1 1 1 1 1 1 1 1 1 100 100 100 100 7 100 100 100 100 100 100 100 100 100 100 100 100 100 7 100 7 100 100 100 7 7 7 7 7 7 100 7 7 100 100 1 1 1 1 1 1 1 1 1 1 1 1 1 1 1 1 1 1 1 1 1 1 1 1 1 1 1 1 1 1 1 1 1 1 1 1 1 1 1 1 1 1 1 1 1 1 1 12 12 12 12 12 12 12 12 12 12 12 12 12 12 12 12 12 12 12 12 12 12 12 12 12 12 12 12 12 12 12 12 12 12 12 12 12 12 12 12 12 12 12 12 12 12 12 12 12 12 12 12 12 12 12 12 12 12 12 12 12 12 12 12 9 9 9 9 9 9 10 10 10 10 10 10 10 10 10 10 10 10 10 10 10 10 10 10 10 10 10 10 10 10 10 10 10 10 10 10 10 10 10 10 10 10 10 10 10 10 10 10 10 10 10 10 10 10 10 10 10 10 10 10 10 10 10 10 10 10 10 10 10 10 10 10 10 10 10 10 10 1 1
staticfield java/lang/invoke/MethodHandleNatives COUNT_GWT Z 1
staticfield java/lang/invoke/MethodHandleNatives $assertionsDisabled Z 1
ciInstanceKlass java/lang/invoke/LambdaForm 1 1 964 8 8 8 8 8 8 8 8 8 8 8 8 8 8 8 8 8 8 8 8 8 8 8 8 8 8 8 8 8 8 8 8 8 8 8 8 8 8 8 8 8 8 8 8 8 8 8 8 8 8 8 8 8 8 100 7 7 1 1 1 1 1 1 1 1 1 1 1 1 1 1 1 1 1 1 1 1 1 1 1 1 1 1 1 1 1 1 1 1 1 1 1 1 1 1 1 1 1 1 1 1 1 1 1 1 1 1 1 1 1 1 1 1 1 1 1 1 1 1 1 1 1 1 1 1 1 1 1 1 1 1 1 1 1 1 1 1 1 1 1 1 1 1 1 1 1 1 1 1 1 1 1 1 1 1 1 1 1 1 1 1 1 1 1 1 1 1 1 1 1 1 1 1 1 1 1 1 1 1 1 1 1 1 1 1 1 1 1 1 1 1 1 1 1 1 1 1 1 1 1 1 1 1 1 1 1 1 1 1 1 1 1 1 1 1 1 1 1 1 1 1 1 1 1 1 1 1 1 1 1 1 1 1 1 1 1 1 1 1 1 1 1 1 1 1 1 1 1 1 1 1 1 1 1 1 1 1 1 1 1 1 1 1 1 1 1 1 1 1 1 1 1 1 1 1 1 1 1 1 1 1 1 1 1 1 1 1 1 1 1 1 1 1 1 1 1 1 1 1 1 1 1 1 1 1 1 1 1 1 1 1 1 1 1 1 1 1 1 1 1 1 1 1 1 1 1 1 1 1 1 1 1 1 1 1 1 1 1 1 1 1 1 1 1 1 1 1 1 1 1 1 1 1 1 1 1 1 1 1 1 1 1 1 1 1 1 1 1 1 1 1 1 1 1 1 1 1 1 1 1 1 1 1 1 1 1 1 1 1 1 1 1 1 1 1 3 3 3 3 8 100 100 100 100 7 7 100 100 100 7 100 100 100 100 100 100 100 100 7 7 7 100 7 7 100 100 100 7 100 7 100 100 7 7 7 7 7 100 100 7 7 7 7 100 100 7 7 7 1 1 1 1 1 1 1 1 1 1 1 1 1 1 1 1 1 1 1 1 1 1 1 1 1 1 1 1 1 1 1 1 1 1 1 1 1 1 1 1 1 1 1 1 1 1 1 1 1 1 1 1 1 1 1 1 1 1 1 1 1 1 1 1 1 1 1 1 1 1 1 1 1 1 1 1 1 1 1 1 1 1 1 1 1 1 1 1 1 1 1 1 1 1 1 1 1 1 1 1 1 1 1 1 1 1 1 1 1 1 1 1 1 1 12 12 12 12 12 12 12 12 12 12 12 12 12 12 12 12 12 12 12 12 12 12 12 12 12 12 12 12 12 12 12 12 12 12 12 12 12 12 12 12 12 12 12 12 12 12 12 12 12 12 12 12 12 12 12 12 12 12 12 12 12 12 12 12 12 12 12 12 12 12 12 12 12 12 12 12 12 12 12 12 12 12 12 12 12 12 12 12 12 12 12 12 12 12 12 12 12 12 12 12 12 12 12 12 12 12 12 12 12 12 12 12 12 12 12 12 12 12 12 12 12 12 12 12 12 12 12 12 12 12 12 12 12 12 12 12 12 12 12 12 12 12 12 12 12 12 12 12 12 12 12 12 12 12 12 12 12 12 12 12 12 12 12 12 12 12 12 12 12 12 12 12 12 12 12 12 12 12 12 12 12 12 12 12 12 12 12 12 12 12 12 9 9 9 9 9 9 9 9 9 9 9 9 9 9 9 9 9 9 9 9 9 9 9 9 9 9 9 9 9 9 9 9 9 9 9 9 9 9 9 9 10 10 10 10 10 10 10 10 10 10 10 10 10 10 10 10 10 10 10 10 10 10 10 10 10 10 10 10 10 10 10 10 10 10 10 10 10 10 10 10 10 10 10 10 10 10 10 10 10 10 10 10 10 10 10 10 10 10 10 10 10 10 10 10 10 10 10 10 10 10 10 10 10 10 10 10 10 10 10 10 10 10 10 10 10 10 10 10 10 10 10 10 10 10 10 10 10 10 10 10 10 10 10 10 10 10 10 10 10 10 10 10 10 10 10 10 10 10 10 10 10 10 10 10 10 10 10 10 10 10 10 10 10 10 10 10 10 10 10 10 10 10 10 10 10 10 10 10 10 10 10 10 10 10 10 10 10 10 10 10 11 11 11 11 11 1 1 1 1 1
staticfield java/lang/invoke/LambdaForm COMPILE_THRESHOLD I 0
staticfield java/lang/invoke/LambdaForm INTERNED_ARGUMENTS [[Ljava/lang/invoke/LambdaForm$Name; 5 [[Ljava/lang/invoke/LambdaForm$Name;
staticfield java/lang/invoke/LambdaForm IMPL_NAMES Ljava/lang/invoke/MemberName$Factory; java/lang/invoke/MemberName$Factory
staticfield java/lang/invoke/LambdaForm LF_identityForm [Ljava/lang/invoke/LambdaForm; 6 [Ljava/lang/invoke/LambdaForm;
staticfield java/lang/invoke/LambdaForm LF_zeroForm [Ljava/lang/invoke/LambdaForm; 6 [Ljava/lang/invoke/LambdaForm;
staticfield java/lang/invoke/LambdaForm NF_identity [Ljava/lang/invoke/LambdaForm$NamedFunction; 6 [Ljava/lang/invoke/LambdaForm$NamedFunction;
staticfield java/lang/invoke/LambdaForm NF_zero [Ljava/lang/invoke/LambdaForm$NamedFunction; 6 [Ljava/lang/invoke/LambdaForm$NamedFunction;
staticfield java/lang/invoke/LambdaForm DEBUG_NAME_COUNTERS Ljava/util/HashMap; null
staticfield java/lang/invoke/LambdaForm TRACE_INTERPRETER Z 0
staticfield java/lang/invoke/LambdaForm $assertionsDisabled Z 1
ciInstanceKlass java/lang/invoke/MethodType 1 1 585 8 8 8 8 8 8 8 8 8 8 8 8 7 7 7 7 1 1 1 1 1 1 1 1 1 1 1 1 1 1 1 1 1 1 1 1 1 1 1 1 1 1 1 1 1 1 1 1 1 1 1 1 1 1 1 1 1 1 1 1 1 1 1 1 1 1 1 1 1 1 1 1 1 1 1 1 1 1 1 1 1 1 1 1 1 1 1 1 1 1 1 1 1 1 1 1 1 1 1 1 1 1 1 1 1 1 1 1 1 1 1 1 1 1 1 1 1 1 1 1 1 1 1 1 1 1 1 1 1 1 1 1 1 1 1 1 1 1 1 1 1 1 1 1 1 1 1 1 1 1 1 1 1 1 1 1 1 1 1 1 1 1 1 1 1 1 1 1 1 1 1 1 1 1 1 1 1 1 1 1 1 1 1 1 1 1 1 1 1 1 1 1 1 1 1 1 1 1 1 1 1 1 1 1 1 1 1 1 1 1 1 1 3 3 3 5 0 7 100 100 100 100 7 100 100 7 100 7 100 100 100 100 100 7 7 7 7 100 7 7 7 7 7 7 7 7 7 7 100 100 7 1 1 1 1 1 1 1 1 1 1 1 1 1 1 1 1 1 1 1 1 1 1 1 1 1 1 1 1 1 1 1 1 1 1 1 1 1 1 1 1 1 1 1 1 1 1 1 1 1 1 1 1 1 1 1 1 1 1 1 1 1 1 1 1 1 1 1 1 1 1 1 1 1 1 1 1 1 1 1 1 1 1 1 1 1 1 1 1 1 1 1 1 1 1 1 1 1 1 1 1 1 1 12 12 12 12 12 12 12 12 12 12 12 12 12 12 12 12 12 12 12 12 12 12 12 12 12 12 12 12 12 12 12 12 12 12 12 12 12 12 12 12 12 12 12 12 12 12 12 12 12 12 12 12 12 12 12 12 12 12 12 12 12 12 12 12 12 12 12 12 12 12 12 12 12 12 12 12 12 12 12 12 12 12 12 12 12 12 12 12 12 12 12 12 12 12 12 12 12 12 12 12 12 12 12 12 12 12 12 12 12 12 12 9 9 9 9 9 9 9 9 9 9 9 9 9 9 9 9 9 9 10 10 10 10 10 10 10 10 10 10 10 10 10 10 10 10 10 10 10 10 10 10 10 10 10 10 10 10 10 10 10 10 10 10 10 10 10 10 10 10 10 10 10 10 10 10 10 10 10 10 10 10 10 10 10 10 10 10 10 10 10 10 10 10 10 10 10 10 10 10 10 10 10 10 10 10 10 10 10 10 10 10 10 10 10 10 10 10 10 10 10 10 10 10 10 10 10 11 11 11 11 1
staticfield java/lang/invoke/MethodType internTable Ljava/lang/invoke/MethodType$ConcurrentWeakInternSet; java/lang/invoke/MethodType$ConcurrentWeakInternSet
staticfield java/lang/invoke/MethodType NO_PTYPES [Ljava/lang/Class; 0 [Ljava/lang/Class;
staticfield java/lang/invoke/MethodType objectOnlyTypes [Ljava/lang/invoke/MethodType; 20 [Ljava/lang/invoke/MethodType;
staticfield java/lang/invoke/MethodType serialPersistentFields [Ljava/io/ObjectStreamField; 0 [Ljava/io/ObjectStreamField;
staticfield java/lang/invoke/MethodType rtypeOffset J 12
staticfield java/lang/invoke/MethodType ptypesOffset J 16
staticfield java/lang/invoke/MethodType $assertionsDisabled Z 1
ciInstanceKlass java/lang/BootstrapMethodError 0 0 35 1 1 1 1 1 1 1 1 1 1 1 1 1 1 1 1 5 0 100 100 100 100 1 1 12 12 12 12 12 10 10 10 10 10
instanceKlass java/lang/invoke/VolatileCallSite
instanceKlass java/lang/invoke/MutableCallSite
instanceKlass java/lang/invoke/ConstantCallSite
ciInstanceKlass java/lang/invoke/CallSite 1 1 308 8 8 8 8 8 8 8 8 7 7 7 7 1 1 1 1 1 1 1 1 1 1 1 1 1 1 1 1 1 1 1 1 1 1 1 1 1 1 1 1 1 1 1 1 1 1 1 1 1 1 1 1 1 1 1 1 1 1 1 1 1 1 1 1 1 1 1 1 1 1 1 1 1 1 1 1 1 1 1 1 1 1 1 1 1 1 1 1 1 1 1 1 1 1 1 1 1 1 1 1 1 1 1 1 1 1 1 1 1 1 1 1 1 1 1 1 100 7 100 100 100 100 7 100 100 100 100 100 100 7 100 7 100 7 7 100 100 7 1 1 1 1 1 1 1 1 1 1 1 1 1 1 1 1 1 1 1 1 1 1 1 1 1 1 1 1 1 1 1 1 1 1 1 1 1 1 1 1 1 1 1 12 12 12 12 12 12 12 12 12 12 12 12 12 12 12 12 12 12 12 12 12 12 12 12 12 12 12 12 12 12 12 12 12 12 12 12 12 12 12 12 12 12 12 12 12 12 12 12 12 12 12 12 12 12 12 12 12 12 12 12 9 9 9 9 9 9 10 10 10 10 10 10 10 10 10 10 10 10 10 10 10 10 10 10 10 10 10 10 10 10 10 10 10 10 10 10 10 10 10 10 10 10 10 10 10 10 10 10 10 10 10 10 10 10 10 10 10 10 10 10 10 10 10 10 10 1
staticfield java/lang/invoke/CallSite GET_TARGET Ljava/lang/invoke/MethodHandle; java/lang/invoke/DirectMethodHandle
staticfield java/lang/invoke/CallSite THROW_UCS Ljava/lang/invoke/MethodHandle; java/lang/invoke/MethodHandleImpl$AsVarargsCollector
staticfield java/lang/invoke/CallSite TARGET_OFFSET J 12
ciInstanceKlass java/lang/invoke/ConstantCallSite 1 1 39 1 1 1 1 1 1 1 1 1 1 1 1 1 1 1 1 1 1 100 100 100 7 7 1 1 12 12 12 12 12 12 9 9 10 10 10 10 10
ciInstanceKlass java/lang/invoke/MutableCallSite 0 0 54 1 1 1 1 1 1 1 1 1 1 1 1 1 1 1 1 1 1 1 1 1 1 1 100 100 100 100 1 1 1 1 1 1 12 12 12 12 12 12 12 12 12 12 9 9 10 10 10 10 10 10 10 10
ciInstanceKlass java/lang/invoke/VolatileCallSite 0 0 30 1 1 1 1 1 1 1 1 1 1 1 1 100 100 1 1 1 12 12 12 12 12 12 10 10 10 10 10 10
instanceKlass java/lang/StringBuilder
instanceKlass java/lang/StringBuffer
ciInstanceKlass java/lang/AbstractStringBuilder 1 1 315 3 3 3 8 8 8 8 8 8 8 8 8 8 8 8 8 1 1 1 1 1 1 1 1 1 1 1 1 1 1 1 1 1 1 1 1 1 1 1 1 1 1 1 1 1 1 1 1 1 1 1 1 1 1 1 1 1 1 1 1 1 1 1 1 1 1 1 1 1 1 1 1 1 1 1 1 1 1 1 1 1 1 1 1 1 1 1 1 1 1 1 1 1 1 1 1 1 1 1 1 1 1 1 1 1 1 1 1 1 1 1 1 1 1 1 1 1 1 1 1 1 1 1 1 1 1 1 1 1 1 5 0 100 7 100 7 100 100 100 7 7 7 100 7 100 100 100 7 7 7 1 1 1 1 1 1 1 1 1 1 1 1 1 1 1 1 1 1 1 1 1 1 1 1 1 1 1 1 1 1 1 1 1 1 1 1 1 1 1 1 1 1 1 12 12 12 12 12 12 12 12 12 12 12 12 12 12 12 12 12 12 12 12 12 12 12 12 12 12 12 12 12 12 12 12 12 12 12 12 12 12 12 12 12 12 12 12 12 12 12 12 12 12 12 12 12 12 12 9 9 10 10 10 10 10 10 10 10 10 10 10 10 10 10 10 10 10 10 10 10 10 10 10 10 10 10 10 10 10 10 10 10 10 10 10 10 10 10 10 10 10 10 10 10 10 10 10 10 10 10 10 10 10 10 10 10 10 10 10 10 10 10 11 11
ciInstanceKlass java/lang/StringBuffer 1 1 368 8 8 8 7 1 1 1 1 1 1 1 1 1 1 1 1 1 1 1 1 1 1 1 1 1 1 1 1 1 1 1 1 1 1 1 1 1 1 1 1 1 1 1 1 1 1 1 1 1 1 1 1 1 1 1 1 1 1 1 1 1 1 1 1 1 1 1 1 1 1 1 1 1 1 1 1 1 1 1 1 1 1 1 1 1 1 1 1 1 1 1 5 0 100 100 100 100 100 7 100 7 7 100 100 7 7 7 100 7 1 1 1 1 1 1 1 1 1 1 1 1 1 1 1 1 1 1 1 1 1 1 1 1 1 1 1 1 1 1 1 1 1 1 1 1 1 1 1 1 1 1 1 1 1 1 1 1 1 1 1 1 1 1 1 1 1 1 1 1 1 1 1 1 1 1 1 1 12 12 12 12 12 12 12 12 12 12 12 12 12 12 12 12 12 12 12 12 12 12 12 12 12 12 12 12 12 12 12 12 12 12 12 12 12 12 12 12 12 12 12 12 12 12 12 12 12 12 12 12 12 12 12 12 12 12 12 12 12 12 12 12 12 12 12 12 12 12 12 12 12 12 12 12 12 12 12 12 12 12 12 12 12 12 12 12 12 12 12 9 9 9 9 9 9 10 10 10 10 10 10 10 10 10 10 10 10 10 10 10 10 10 10 10 10 10 10 10 10 10 10 10 10 10 10 10 10 10 10 10 10 10 10 10 10 10 10 10 10 10 10 10 10 10 10 10 10 10 10 10 10 10 10 10 10 10 10 10 10 10 10 10 10 10 10 10 10 10 10 10 10 10 10 10 10 10 10 10 10 10 10 10 10 10 10 11 1 1
staticfield java/lang/StringBuffer serialPersistentFields [Ljava/io/ObjectStreamField; 3 [Ljava/io/ObjectStreamField;
ciInstanceKlass java/lang/StringBuilder 1 1 323 1 1 1 1 1 1 1 1 1 1 1 1 1 1 1 1 1 1 1 1 1 1 1 1 1 1 1 1 1 1 1 1 1 1 1 1 1 1 1 1 1 1 1 1 1 1 1 1 1 1 1 1 1 1 1 1 1 1 1 1 1 1 1 1 1 1 1 5 0 100 100 100 100 100 7 100 100 7 7 1 1 1 1 1 1 1 1 1 1 1 1 1 1 1 1 1 1 1 1 1 1 1 1 1 1 1 1 1 1 1 1 1 1 1 1 1 1 1 1 1 1 1 1 1 1 1 1 1 1 1 1 1 1 1 1 1 1 1 1 1 1 12 12 12 12 12 12 12 12 12 12 12 12 12 12 12 12 12 12 12 12 12 12 12 12 12 12 12 12 12 12 12 12 12 12 12 12 12 12 12 12 12 12 12 12 12 12 12 12 12 12 12 12 12 12 12 12 12 12 12 12 12 12 12 12 12 12 12 12 12 12 12 12 12 12 12 12 12 12 12 12 12 12 12 12 12 12 12 12 12 9 9 10 10 10 10 10 10 10 10 10 10 10 10 10 10 10 10 10 10 10 10 10 10 10 10 10 10 10 10 10 10 10 10 10 10 10 10 10 10 10 10 10 10 10 10 10 10 10 10 10 10 10 10 10 10 10 10 10 10 10 10 10 10 10 10 10 10 10 10 10 10 10 10 10 10 10 10 10 10 10 10 10 10 10 10 10 10 10 10 10 11
ciInstanceKlass sun/misc/Unsafe 1 1 386 8 8 7 7 7 7 7 7 7 7 7 7 1 1 1 1 1 1 1 1 1 1 1 1 1 1 1 1 1 1 1 1 1 1 1 1 1 1 1 1 1 1 1 1 1 1 1 1 1 1 1 1 1 1 1 1 1 1 1 1 1 1 1 1 1 1 1 1 1 1 1 1 1 1 1 1 1 1 1 1 1 1 1 1 1 1 1 1 1 1 1 1 1 1 1 1 1 1 1 1 1 1 1 1 1 1 1 1 1 1 1 1 1 1 1 1 1 1 1 1 1 1 1 1 1 1 1 1 1 1 1 1 1 1 1 1 1 1 1 1 1 1 1 1 1 1 1 1 1 1 1 1 1 1 1 1 1 1 1 1 1 1 1 1 1 1 1 1 1 1 1 1 1 1 1 1 1 1 3 100 7 100 100 7 7 7 100 100 7 7 1 1 1 1 1 1 1 1 1 1 1 1 1 1 1 1 1 1 1 1 1 1 1 1 1 1 1 1 1 1 1 1 1 1 1 1 1 1 1 1 1 1 1 1 1 1 1 1 1 1 1 1 1 1 1 1 1 1 1 1 1 1 1 1 1 1 1 1 1 12 12 12 12 12 12 12 12 12 12 12 12 12 12 12 12 12 12 12 12 12 12 12 12 12 12 12 12 12 12 12 12 12 12 12 12 12 12 12 12 12 12 12 12 12 12 12 12 12 12 12 12 12 12 12 12 12 12 12 12 12 12 9 9 9 9 9 9 9 9 9 9 9 9 9 9 9 9 9 9 9 9 10 10 10 10 10 10 10 10 10 10 10 10 10 10 10 10 10 10 10 10 10 10 10 10 10 10 10 10 10 10 10 10 10 10 10 10 10 10 10 10 10 10 10 10
staticfield sun/misc/Unsafe theUnsafe Lsun/misc/Unsafe; sun/misc/Unsafe
staticfield sun/misc/Unsafe ARRAY_BOOLEAN_BASE_OFFSET I 16
staticfield sun/misc/Unsafe ARRAY_BYTE_BASE_OFFSET I 16
staticfield sun/misc/Unsafe ARRAY_SHORT_BASE_OFFSET I 16
staticfield sun/misc/Unsafe ARRAY_CHAR_BASE_OFFSET I 16
staticfield sun/misc/Unsafe ARRAY_INT_BASE_OFFSET I 16
staticfield sun/misc/Unsafe ARRAY_LONG_BASE_OFFSET I 16
staticfield sun/misc/Unsafe ARRAY_FLOAT_BASE_OFFSET I 16
staticfield sun/misc/Unsafe ARRAY_DOUBLE_BASE_OFFSET I 16
staticfield sun/misc/Unsafe ARRAY_OBJECT_BASE_OFFSET I 16
staticfield sun/misc/Unsafe ARRAY_BOOLEAN_INDEX_SCALE I 1
staticfield sun/misc/Unsafe ARRAY_BYTE_INDEX_SCALE I 1
staticfield sun/misc/Unsafe ARRAY_SHORT_INDEX_SCALE I 2
staticfield sun/misc/Unsafe ARRAY_CHAR_INDEX_SCALE I 2
staticfield sun/misc/Unsafe ARRAY_INT_INDEX_SCALE I 4
staticfield sun/misc/Unsafe ARRAY_LONG_INDEX_SCALE I 8
staticfield sun/misc/Unsafe ARRAY_FLOAT_INDEX_SCALE I 4
staticfield sun/misc/Unsafe ARRAY_DOUBLE_INDEX_SCALE I 8
staticfield sun/misc/Unsafe ARRAY_OBJECT_INDEX_SCALE I 4
staticfield sun/misc/Unsafe ADDRESS_SIZE I 8
instanceKlass sun/net/www/http/ChunkedInputStream
instanceKlass sun/security/ssl/HandshakeInStream
instanceKlass sun/security/ssl/AppInputStream
instanceKlass java/io/ObjectInputStream$PeekInputStream
instanceKlass java/io/ObjectInputStream$BlockDataInputStream
instanceKlass oracle/net/ns/NetInputStream
instanceKlass oracle/jdbc/driver/OracleBufferedStream
instanceKlass org/jboss/netty/buffer/ChannelBufferInputStream
instanceKlass javax/servlet/ServletInputStream
instanceKlass org/apache/camel/converter/jaxp/XMLStreamReaderInputStream
instanceKlass org/apache/camel/converter/IOConverter$EncodingInputStream
instanceKlass com/hazelcast/internal/nio/IOUtil$2
instanceKlass java/util/jar/JarVerifier$VerifierStream
instanceKlass sun/nio/ch/ChannelInputStream
instanceKlass java/io/ObjectInputStream
instanceKlass org/apache/commons/vfs/provider/bzip2/CBZip2InputStream
instanceKlass com/sun/org/apache/xerces/internal/impl/XMLEntityManager$RewindableInputStream
instanceKlass org/rzo/yajsw/io/CyclicBufferFileInputStream$1
instanceKlass org/rzo/yajsw/io/TeeInputStream
instanceKlass java/util/zip/ZipFile$ZipFileInputStream
instanceKlass java/io/FilterInputStream
instanceKlass java/io/FileInputStream
instanceKlass java/io/ByteArrayInputStream
ciInstanceKlass java/io/InputStream 1 1 58 8 1 1 1 1 1 1 1 1 1 1 1 1 1 1 1 1 1 1 1 1 1 1 1 1 1 1 1 1 1 1 1 1 1 3 5 0 100 100 7 7 100 100 100 7 12 12 12 12 12 10 10 10 10 10 10 10
instanceKlass sun/security/ssl/InputRecord
instanceKlass sun/security/util/DerInputBuffer
ciInstanceKlass java/io/ByteArrayInputStream 1 1 59 1 1 1 1 1 1 1 1 1 1 1 1 1 1 1 1 1 1 1 1 1 1 1 1 1 1 1 1 1 1 1 1 1 1 7 100 7 100 7 100 7 1 12 12 12 12 12 12 12 9 9 9 9 10 10 10 10 10
instanceKlass org/codehaus/groovy/runtime/WritableFile
instanceKlass org/rzo/yajsw/util/File
ciInstanceKlass java/io/File 1 1 575 8 8 8 8 8 8 8 8 8 8 8 8 8 8 8 8 8 8 8 7 1 1 1 1 1 1 1 1 1 1 1 1 1 1 1 1 1 1 1 1 1 1 1 1 1 1 1 1 1 1 1 1 1 1 1 1 1 1 1 1 1 1 1 1 1 1 1 1 1 1 1 1 1 1 1 1 1 1 1 1 1 1 1 1 1 1 1 1 1 1 1 1 1 1 1 1 1 1 1 1 1 1 1 1 1 1 1 1 1 1 1 1 1 1 1 1 1 1 1 1 1 1 1 1 1 1 1 1 1 1 1 1 1 1 1 1 1 1 1 1 1 1 1 1 1 1 1 1 1 1 1 1 1 1 1 1 1 1 1 1 1 1 1 1 1 1 1 1 1 1 1 1 1 1 1 1 1 1 1 1 1 1 1 1 1 1 1 1 1 1 1 1 1 1 1 1 1 1 1 1 1 1 1 1 1 1 1 1 1 1 1 1 1 1 1 1 1 1 1 1 1 1 1 1 1 1 1 1 1 1 1 1 1 1 1 5 0 100 100 7 7 7 100 100 7 100 7 100 100 100 100 100 7 100 100 100 7 100 7 100 100 100 100 7 7 7 100 7 7 100 100 7 7 100 100 100 7 1 1 1 1 1 1 1 1 1 1 1 1 1 1 1 1 1 1 1 1 1 1 1 1 1 1 1 1 1 1 1 1 1 1 1 1 1 1 1 1 1 1 1 1 1 1 1 1 1 1 1 1 1 1 12 12 12 12 12 12 12 12 12 12 12 12 12 12 12 12 12 12 12 12 12 12 12 12 12 12 12 12 12 12 12 12 12 12 12 12 12 12 12 12 12 12 12 12 12 12 12 12 12 12 12 12 12 12 12 12 12 12 12 12 12 12 12 12 12 12 12 12 12 12 12 12 12 12 12 12 12 12 12 12 12 12 12 12 12 12 12 12 12 12 12 12 12 12 12 12 12 12 12 12 12 12 12 12 12 12 12 12 12 12 12 12 12 12 9 9 9 9 9 9 9 9 9 9 9 9 9 9 9 10 10 10 10 10 10 10 10 10 10 10 10 10 10 10 10 10 10 10 10 10 10 10 10 10 10 10 10 10 10 10 10 10 10 10 10 10 10 10 10 10 10 10 10 10 10 10 10 10 10 10 10 10 10 10 10 10 10 10 10 10 10 10 10 10 10 10 10 10 10 10 10 10 10 10 10 10 10 10 10 10 10 10 10 10 10 10 10 10 10 10 10 10 10 10 10 10 10 10 10 10 10 10 10 10 10 11 11 11 11 11 1 1 1
staticfield java/io/File fs Ljava/io/FileSystem; java/io/WinNTFileSystem
staticfield java/io/File separatorChar C 92
staticfield java/io/File separator Ljava/lang/String; "\"
staticfield java/io/File pathSeparatorChar C 59
staticfield java/io/File pathSeparator Ljava/lang/String; ";"
staticfield java/io/File PATH_OFFSET J 16
staticfield java/io/File PREFIX_LENGTH_OFFSET J 12
staticfield java/io/File UNSAFE Lsun/misc/Unsafe; sun/misc/Unsafe
staticfield java/io/File $assertionsDisabled Z 1
instanceKlass org/apache/catalina/loader/WebappClassLoaderBase
instanceKlass org/rzo/yajsw/boot/WrapperClassLoader
instanceKlass groovy/lang/GroovyClassLoader
instanceKlass org/rzo/yajsw/boot/WrapperClassLoader
instanceKlass sun/misc/Launcher$ExtClassLoader
instanceKlass sun/misc/Launcher$AppClassLoader
ciInstanceKlass java/net/URLClassLoader 1 1 524 8 8 8 8 8 8 8 8 8 8 8 8 1 1 1 1 1 1 1 1 1 1 1 1 1 1 1 1 1 1 1 1 1 1 1 1 1 1 1 1 1 1 1 1 1 1 1 1 1 1 1 1 1 1 1 1 1 1 1 1 1 1 1 1 1 1 1 1 1 1 1 1 1 1 1 1 1 1 1 1 1 1 1 1 1 1 1 1 1 1 1 1 1 1 1 1 1 1 1 1 1 1 1 1 1 1 1 1 1 1 1 1 1 1 1 1 1 1 1 1 1 1 1 1 1 1 1 1 1 1 1 1 1 1 1 1 1 1 1 1 1 1 1 1 1 1 1 1 1 1 1 1 1 1 1 1 1 1 1 1 1 1 1 1 1 1 1 1 1 1 1 1 1 1 1 1 1 1 1 1 1 1 1 1 1 1 1 1 1 1 1 1 100 100 7 7 7 100 100 7 7 7 100 100 7 100 100 100 7 100 7 100 7 100 7 7 7 7 7 100 100 100 7 7 100 100 100 7 7 7 7 7 7 100 100 100 7 7 7 100 7 7 7 7 7 7 100 100 1 1 1 1 1 1 1 1 1 1 1 1 1 1 1 1 1 1 1 1 1 1 1 1 1 1 1 1 1 1 1 1 1 1 1 1 1 1 1 1 1 1 1 1 1 1 1 1 1 1 1 1 1 1 1 1 1 1 1 1 1 1 1 1 1 1 1 1 1 1 12 12 12 12 12 12 12 12 12 12 12 12 12 12 12 12 12 12 12 12 12 12 12 12 12 12 12 12 12 12 12 12 12 12 12 12 12 12 12 12 12 12 12 12 12 12 12 12 12 12 12 12 12 12 12 12 12 12 12 12 12 12 12 12 12 12 12 12 12 12 12 12 12 12 12 12 12 12 12 12 12 12 12 12 12 12 12 12 12 12 12 12 12 12 12 12 12 12 9 9 9 9 9 9 9 9 9 9 9 9 10 10 10 10 10 10 10 10 10 10 10 10 10 10 10 10 10 10 10 10 10 10 10 10 10 10 10 10 10 10 10 10 10 10 10 10 10 10 10 10 10 10 10 10 10 10 10 10 10 10 10 10 10 10 10 10 10 10 10 10 10 10 10 10 10 10 10 10 10 10 10 10 10 10 10 10 10 10 10 10 10 10 10 10 10 10 11 11 11 11 11 11 11 11 11
ciInstanceKlass java/net/URL 1 1 570 8 8 8 8 8 8 8 8 8 8 8 8 8 8 8 8 8 8 8 8 8 8 8 8 8 8 7 1 1 1 1 1 1 1 1 1 1 1 1 1 1 1 1 1 1 1 1 1 1 1 1 1 1 1 1 1 1 1 1 1 1 1 1 1 1 1 1 1 1 1 1 1 1 1 1 1 1 1 1 1 1 1 1 1 1 1 1 1 1 1 1 1 1 1 1 1 1 1 1 1 1 1 1 1 1 1 1 1 1 1 1 1 1 1 1 1 1 1 1 1 1 1 1 1 1 1 1 1 1 1 1 1 1 1 1 1 1 1 1 1 1 1 1 1 1 1 1 1 1 1 1 1 1 1 1 1 1 1 1 1 1 1 1 1 1 1 1 1 1 1 1 1 1 1 1 1 1 1 1 1 1 1 1 1 1 1 1 1 1 1 1 1 1 1 1 1 1 1 1 1 1 1 1 1 1 1 1 1 1 1 1 1 1 1 1 1 1 1 1 1 1 1 1 1 1 1 1 1 1 5 0 100 100 100 100 100 100 7 100 7 7 7 7 100 7 100 7 7 100 7 7 100 100 100 7 7 100 100 7 100 7 7 7 7 100 7 7 7 100 7 7 7 100 1 1 1 1 1 1 1 1 1 1 1 1 1 1 1 1 1 1 1 1 1 1 1 1 1 1 1 1 1 1 1 1 1 1 1 1 1 1 1 1 1 1 1 1 1 1 1 1 1 1 1 1 1 1 12 12 12 12 12 12 12 12 12 12 12 12 12 12 12 12 12 12 12 12 12 12 12 12 12 12 12 12 12 12 12 12 12 12 12 12 12 12 12 12 12 12 12 12 12 12 12 12 12 12 12 12 12 12 12 12 12 12 12 12 12 12 12 12 12 12 12 12 12 12 12 12 12 12 12 12 12 12 12 12 12 12 12 12 12 12 12 12 12 12 12 12 12 12 12 12 12 12 12 12 12 12 12 12 12 12 12 12 12 12 12 12 12 9 9 9 9 9 9 9 9 9 9 9 9 9 9 9 9 9 9 9 9 9 10 10 10 10 10 10 10 10 10 10 10 10 10 10 10 10 10 10 10 10 10 10 10 10 10 10 10 10 10 10 10 10 10 10 10 10 10 10 10 10 10 10 10 10 10 10 10 10 10 10 10 10 10 10 10 10 10 10 10 10 10 10 10 10 10 10 10 10 10 10 10 10 10 10 10 10 10 10 10 10 10 10 10 10 10 10 10 10 10 10 10 10 10 10 10 10 10 10 10 10 10 10 10 10 10 10 11 1
staticfield java/net/URL serialPersistentFields [Ljava/io/ObjectStreamField; 7 [Ljava/io/ObjectStreamField;
ciInstanceKlass java/util/jar/Manifest 1 1 253 8 8 8 8 8 8 8 1 1 1 1 1 1 1 1 1 1 1 1 1 1 1 1 1 1 1 1 1 1 1 1 1 1 1 1 1 1 1 1 1 1 1 1 1 1 1 1 1 1 1 1 1 1 1 1 1 1 1 1 1 1 1 1 1 1 1 1 1 1 1 1 1 1 1 1 1 1 1 1 1 1 1 1 1 1 1 1 1 1 1 1 1 1 1 1 1 1 1 100 100 100 100 100 100 7 7 100 7 100 100 7 7 100 7 100 100 7 7 7 7 1 1 1 1 1 1 1 1 1 1 1 1 1 1 1 1 1 1 1 1 1 1 1 1 1 12 12 12 12 12 12 12 12 12 12 12 12 12 12 12 12 12 12 12 12 12 12 12 12 12 12 12 12 12 12 12 12 12 12 12 12 12 12 12 12 12 12 12 12 12 12 12 12 9 9 9 10 10 10 10 10 10 10 10 10 10 10 10 10 10 10 10 10 10 10 10 10 10 10 10 10 10 10 10 10 10 10 10 10 10 10 10 10 10 10 10 10 10 10 11 11 11 11 11 11 11 11 11 11 11 11 1
ciInstanceKlass sun/misc/Launcher 1 1 215 8 8 8 8 8 8 8 8 1 1 1 1 1 1 1 1 1 1 1 1 1 1 1 1 1 1 1 1 1 1 1 1 1 1 1 1 1 1 1 1 1 1 1 1 1 1 1 1 1 1 1 1 1 1 1 1 1 1 1 1 1 1 1 1 1 1 1 1 1 1 1 1 1 1 1 1 1 1 1 1 1 1 1 1 1 1 1 1 1 1 1 1 1 100 100 7 100 100 100 100 100 100 100 100 7 100 7 100 7 7 100 7 7 100 7 7 7 7 7 1 1 1 1 1 1 1 1 1 1 1 1 1 1 1 1 1 1 1 1 1 1 1 12 12 12 12 12 12 12 12 12 12 12 12 12 12 12 12 12 12 12 12 12 12 12 12 12 12 12 12 12 12 12 12 9 9 9 9 9 9 10 10 10 10 10 10 10 10 10 10 10 10 10 10 10 10 10 10 10 10 10 10 10 10 10 10 10 10 10 10 1 1 1 1
ciInstanceKlass sun/misc/Launcher$AppClassLoader 1 1 198 8 8 7 1 1 1 1 1 1 1 1 1 1 1 1 1 1 1 1 1 1 1 1 1 1 1 1 1 1 1 1 1 1 1 1 1 1 1 1 1 1 1 1 1 1 1 1 1 1 1 1 1 1 1 1 1 1 1 1 1 1 1 1 1 1 1 1 1 1 1 1 1 1 1 1 1 1 100 100 100 7 100 7 7 7 7 100 7 7 100 7 7 100 7 100 7 100 7 7 7 100 7 7 1 1 1 1 1 1 1 1 1 1 1 1 1 1 1 1 1 1 1 1 1 1 1 1 1 12 12 12 12 12 12 12 12 12 12 12 12 12 12 12 12 12 12 12 12 12 12 12 12 12 12 12 12 12 12 12 12 12 9 9 10 10 10 10 10 10 10 10 10 10 10 10 10 10 10 10 10 10 10 10 10 10 10 10 10 10 10 10 10 10 10 10 11 1
staticfield sun/misc/Launcher$AppClassLoader $assertionsDisabled Z 1
ciInstanceKlass sun/misc/Launcher$ExtClassLoader 1 1 240 8 8 8 7 1 1 1 1 1 1 1 1 1 1 1 1 1 1 1 1 1 1 1 1 1 1 1 1 1 1 1 1 1 1 1 1 1 1 1 1 1 1 1 1 1 1 1 1 1 1 1 1 1 1 1 1 1 1 1 1 1 1 1 1 1 1 1 1 1 1 1 1 1 1 1 1 1 1 1 1 1 1 1 1 1 1 1 1 1 1 1 1 100 100 100 100 7 7 7 100 7 7 100 7 100 7 7 100 100 100 7 100 100 100 7 7 7 7 7 100 7 7 7 1 1 1 1 1 1 1 1 1 1 1 1 1 1 1 1 1 1 1 1 1 1 1 1 1 1 1 12 12 12 12 12 12 12 12 12 12 12 12 12 12 12 12 12 12 12 12 12 12 12 12 12 12 12 12 12 12 12 12 12 12 12 12 12 12 12 12 12 12 12 9 9 10 10 10 10 10 10 10 10 10 10 10 10 10 10 10 10 10 10 10 10 10 10 10 10 10 10 10 10 10 10 10 10 10 10 10 10 10 10 10 10 10 11 11 1
ciInstanceKlass java/security/CodeSource 1 1 321 8 8 8 8 8 8 8 8 8 8 8 8 8 8 1 1 1 1 1 1 1 1 1 1 1 1 1 1 1 1 1 1 1 1 1 1 1 1 1 1 1 1 1 1 1 1 1 1 1 1 1 1 1 1 1 1 1 1 1 1 1 1 1 1 1 1 1 1 1 1 1 1 1 1 1 1 1 1 1 1 1 1 1 1 1 1 1 1 1 1 1 1 1 1 1 1 1 1 1 1 1 1 1 1 1 1 1 1 1 1 1 1 1 1 1 1 1 1 1 1 1 1 1 1 1 1 1 1 1 1 1 1 1 1 5 0 100 7 7 100 100 100 100 100 100 7 100 100 100 7 7 7 7 7 100 100 100 100 7 100 100 100 1 1 1 1 1 1 1 1 1 1 1 1 1 1 1 1 1 1 1 1 1 1 1 1 1 12 12 12 12 12 12 12 12 12 12 12 12 12 12 12 12 12 12 12 12 12 12 12 12 12 12 12 12 12 12 12 12 12 12 12 12 12 12 12 12 12 12 12 12 12 12 12 12 12 12 12 12 12 12 12 12 12 12 12 12 12 9 9 9 9 9 10 10 10 10 10 10 10 10 10 10 10 10 10 10 10 10 10 10 10 10 10 10 10 10 10 10 10 10 10 10 10 10 10 10 10 10 10 10 10 10 10 10 10 10 10 10 10 10 10 10 10 10 10 10 10 10 10 10 10 10 10 10 10 11 11 11 11
ciInstanceKlass java/lang/StackTraceElement 1 1 95 8 8 8 8 8 8 8 8 1 1 1 1 1 1 1 1 1 1 1 1 1 1 1 1 1 1 1 1 1 1 1 1 1 1 1 1 1 1 1 1 1 1 1 1 1 1 1 1 1 5 0 100 100 7 7 7 7 1 1 1 1 1 1 12 12 12 12 12 12 12 12 12 12 12 12 12 12 12 9 9 9 9 10 10 10 10 10 10 10 10 10 10 10 10
instanceKlass java/nio/LongBuffer
instanceKlass java/nio/CharBuffer
instanceKlass java/nio/ByteBuffer
ciInstanceKlass java/nio/Buffer 1 1 100 8 8 8 8 1 1 1 1 1 1 1 1 1 1 1 1 1 1 1 1 1 1 1 1 1 1 1 1 1 1 1 1 1 1 1 1 1 1 1 1 1 1 1 1 1 1 1 1 1 1 1 1 1 1 1 1 1 1 3 100 100 7 100 7 100 100 100 1 1 1 1 12 12 12 12 12 12 12 12 12 12 12 9 9 9 9 10 10 10 10 10 10 10 10 10 10 10 10 10
ciInstanceKlass java/lang/Boolean 1 1 107 8 8 8 1 1 1 1 1 1 1 1 1 1 1 1 1 1 1 1 1 1 1 1 1 1 1 1 1 1 1 1 1 1 1 1 1 1 1 1 1 1 1 1 1 1 1 1 1 1 1 1 1 1 1 1 1 1 1 5 0 100 7 7 100 100 100 7 100 7 7 1 1 1 1 1 1 1 1 12 12 12 12 12 12 12 12 12 12 12 12 12 12 9 9 9 9 10 10 10 10 10 10 10 10 10 10
staticfield java/lang/Boolean TRUE Ljava/lang/Boolean; java/lang/Boolean
staticfield java/lang/Boolean FALSE Ljava/lang/Boolean; java/lang/Boolean
staticfield java/lang/Boolean TYPE Ljava/lang/Class; java/lang/Class
ciInstanceKlass java/lang/Character 1 1 456 3 3 3 3 3 3 3 3 8 8 7 1 1 1 1 1 1 1 1 1 1 1 1 1 1 1 1 1 1 1 1 1 1 1 1 1 1 1 1 1 1 1 1 1 1 1 1 1 1 1 1 1 1 1 1 1 1 1 1 1 1 1 1 1 1 1 1 1 1 1 1 1 1 1 1 1 1 1 1 1 1 1 1 1 1 1 1 1 1 1 1 1 1 1 1 1 1 1 1 1 1 1 1 1 1 1 1 1 1 1 1 1 1 1 1 1 1 1 1 1 1 1 1 1 1 1 1 1 1 1 1 1 1 1 1 1 1 1 1 1 1 1 1 1 1 1 1 1 1 1 1 1 1 1 1 1 1 1 1 1 1 1 1 1 1 1 1 1 1 1 1 1 1 1 1 1 1 1 1 1 1 1 1 1 1 1 1 1 1 1 1 1 1 1 1 1 1 1 1 1 1 1 1 1 1 1 1 1 1 1 1 1 1 1 1 1 1 1 1 1 1 1 3 3 3 3 3 3 3 3 3 3 3 3 3 3 3 3 3 3 3 3 3 3 3 3 3 3 3 3 3 3 3 3 3 3 3 3 3 5 0 5 0 100 100 7 7 100 100 100 7 100 7 100 100 100 100 7 7 100 100 1 1 1 1 1 1 1 1 1 1 1 1 1 1 1 12 12 12 12 12 12 12 12 12 12 12 12 12 12 12 12 12 12 12 12 12 12 12 12 12 12 12 12 12 12 12 12 12 12 12 12 12 12 12 12 12 12 12 12 12 12 12 12 12 12 12 12 12 12 12 12 12 12 12 12 12 12 12 12 12 12 12 12 9 9 9 9 9 10 10 10 10 10 10 10 10 10 10 10 10 10 10 10 10 10 10 10 10 10 10 10 10 10 10 10 10 10 10 10 10 10 10 10 10 10 10 10 10 10 10 10 10 10 10 10 10 10 10 10 10 10 10 10 10 10 10 10 10 10 10 10 10 10 10 10 10 10 10 10 10 10 10 10 10 10 10 10 10 11 11 1 1 1 1
staticfield java/lang/Character TYPE Ljava/lang/Class; java/lang/Class
staticfield java/lang/Character $assertionsDisabled Z 1
instanceKlass com/oracle/truffle/js/runtime/SafeInteger
instanceKlass java/util/concurrent/atomic/Striped64
instanceKlass java/math/BigInteger
instanceKlass java/math/BigDecimal
instanceKlass java/util/concurrent/atomic/AtomicLong
instanceKlass java/util/concurrent/atomic/AtomicInteger
instanceKlass java/lang/Long
instanceKlass java/lang/Integer
instanceKlass java/lang/Short
instanceKlass java/lang/Byte
instanceKlass java/lang/Double
instanceKlass java/lang/Float
ciInstanceKlass java/lang/Number 1 1 31 1 1 1 1 1 1 1 1 1 1 1 1 1 1 1 1 1 1 1 1 1 5 0 100 100 7 12 12 10 10
ciInstanceKlass java/lang/Float 1 1 166 3 3 3 4 4 4 4 8 8 8 1 1 1 1 1 1 1 1 1 1 1 1 1 1 1 1 1 1 1 1 1 1 1 1 1 1 1 1 1 1 1 1 1 1 1 1 1 1 1 1 1 1 1 1 1 1 1 1 1 1 1 1 1 1 1 1 1 1 1 1 1 1 1 1 1 1 1 1 1 1 1 1 1 1 1 1 1 1 1 1 1 1 1 1 1 1 3 3 3 3 4 4 5 0 7 100 100 7 100 7 100 100 7 1 1 1 1 1 1 1 1 1 12 12 12 12 12 12 12 12 12 12 12 12 12 12 12 12 12 12 12 12 12 9 9 10 10 10 10 10 10 10 10 10 10 10 10 10 10 10 10 10 10 10 10
staticfield java/lang/Float TYPE Ljava/lang/Class; java/lang/Class
ciInstanceKlass java/lang/Double 1 1 220 8 8 8 8 8 8 8 8 8 8 1 1 1 1 1 1 1 1 1 1 1 1 1 1 1 1 1 1 1 1 1 1 1 1 1 1 1 1 1 1 1 1 1 1 1 1 1 1 1 1 1 1 1 1 1 1 1 1 1 1 1 1 1 1 1 1 1 1 1 1 1 1 1 1 1 1 1 1 1 1 1 1 1 1 1 1 1 1 1 1 1 1 1 1 1 1 1 1 1 1 1 1 1 1 1 1 1 1 1 3 3 3 3 5 0 5 0 5 0 5 0 5 0 6 0 6 0 6 0 6 0 6 0 6 0 6 0 7 100 7 100 100 7 100 100 100 7 1 1 1 1 1 1 1 1 1 1 1 12 12 12 12 12 12 12 12 12 12 12 12 12 12 12 12 12 12 12 12 12 12 12 12 12 12 12 12 12 12 9 9 10 10 10 10 10 10 10 10 10 10 10 10 10 10 10 10 10 10 10 10 10 10 10 10 10 10 10 10 10
staticfield java/lang/Double TYPE Ljava/lang/Class; java/lang/Class
ciInstanceKlass java/lang/Byte 1 1 150 8 8 8 8 8 1 1 1 1 1 1 1 1 1 1 1 1 1 1 1 1 1 1 1 1 1 1 1 1 1 1 1 1 1 1 1 1 1 1 1 1 1 1 1 1 1 1 1 1 1 1 1 1 1 1 1 1 1 1 1 1 1 1 1 1 1 1 1 1 1 1 1 1 1 1 3 3 3 3 5 0 5 0 7 7 7 100 7 7 100 100 1 1 1 1 1 1 1 1 1 1 1 1 1 1 12 12 12 12 12 12 12 12 12 12 12 12 12 12 12 12 12 12 12 12 12 9 9 9 10 10 10 10 10 10 10 10 10 10 10 10 10 10 10 10 10 10 10 1
staticfield java/lang/Byte TYPE Ljava/lang/Class; java/lang/Class
ciInstanceKlass java/lang/Short 1 1 156 3 3 8 8 8 8 8 1 1 1 1 1 1 1 1 1 1 1 1 1 1 1 1 1 1 1 1 1 1 1 1 1 1 1 1 1 1 1 1 1 1 1 1 1 1 1 1 1 1 1 1 1 1 1 1 1 1 1 1 1 1 1 1 1 1 1 1 1 1 1 1 1 1 1 1 1 1 1 1 3 3 3 3 5 0 5 0 7 100 100 7 100 7 7 100 1 1 1 1 1 1 1 1 1 1 1 1 1 1 12 12 12 12 12 12 12 12 12 12 12 12 12 12 12 12 12 12 12 12 12 12 9 9 9 10 10 10 10 10 10 10 10 10 10 10 10 10 10 10 10 10 10 10 10 1
staticfield java/lang/Short TYPE Ljava/lang/Class; java/lang/Class
ciInstanceKlass java/lang/Integer 1 1 306 3 3 3 3 3 3 3 3 3 3 3 3 3 3 3 8 8 8 8 8 8 8 8 8 8 8 8 8 8 8 8 1 1 1 1 1 1 1 1 1 1 1 1 1 1 1 1 1 1 1 1 1 1 1 1 1 1 1 1 1 1 1 1 1 1 1 1 1 1 1 1 1 1 1 1 1 1 1 1 1 1 1 1 1 1 1 1 1 1 1 1 1 1 1 1 1 1 1 1 1 1 1 1 1 1 1 1 1 1 1 1 1 1 1 1 1 1 1 1 1 1 1 1 1 1 1 1 1 1 1 1 1 1 1 1 1 1 1 1 1 1 1 1 1 1 1 1 1 1 1 1 1 1 1 1 1 1 1 1 1 1 1 1 1 1 1 1 3 3 5 0 5 0 5 0 100 7 7 100 100 7 7 100 7 100 7 7 100 100 7 100 7 1 1 1 1 1 1 1 1 1 1 1 1 1 1 1 1 1 12 12 12 12 12 12 12 12 12 12 12 12 12 12 12 12 12 12 12 12 12 12 12 12 12 12 12 12 12 12 12 12 12 12 12 12 12 12 12 12 12 12 12 12 12 12 12 9 9 9 9 9 9 9 9 10 10 10 10 10 10 10 10 10 10 10 10 10 10 10 10 10 10 10 10 10 10 10 10 10 10 10 10 10 10 10 10 10 10 10 10 10 10 10 10 1
staticfield java/lang/Integer TYPE Ljava/lang/Class; java/lang/Class
staticfield java/lang/Integer digits [C 36
staticfield java/lang/Integer DigitTens [C 100
staticfield java/lang/Integer DigitOnes [C 100
staticfield java/lang/Integer sizeTable [I 10
ciInstanceKlass java/lang/Long 1 1 353 3 3 8 8 8 8 8 8 8 8 8 8 8 8 8 8 8 8 8 1 1 1 1 1 1 1 1 1 1 1 1 1 1 1 1 1 1 1 1 1 1 1 1 1 1 1 1 1 1 1 1 1 1 1 1 1 1 1 1 1 1 1 1 1 1 1 1 1 1 1 1 1 1 1 1 1 1 1 1 1 1 1 1 1 1 1 1 1 1 1 1 1 1 1 1 1 1 1 1 1 1 1 1 1 1 1 1 1 1 1 1 1 1 1 1 1 1 1 1 1 1 1 1 1 1 1 1 1 1 1 1 1 1 1 1 1 1 1 1 1 1 1 1 1 1 1 1 1 1 1 1 1 1 1 1 1 1 1 1 1 1 3 3 5 0 5 0 5 0 5 0 5 0 5 0 5 0 5 0 5 0 5 0 5 0 5 0 5 0 5 0 5 0 100 7 7 100 100 7 7 7 7 100 7 7 100 100 7 100 7 100 1 1 1 1 1 1 1 1 1 1 1 1 1 1 1 1 1 1 1 1 1 1 12 12 12 12 12 12 12 12 12 12 12 12 12 12 12 12 12 12 12 12 12 12 12 12 12 12 12 12 12 12 12 12 12 12 12 12 12 12 12 12 12 12 12 12 12 12 12 12 12 12 12 12 12 12 12 12 12 12 9 9 9 9 9 9 10 10 10 10 10 10 10 10 10 10 10 10 10 10 10 10 10 10 10 10 10 10 10 10 10 10 10 10 10 10 10 10 10 10 10 10 10 10 10 10 10 10 10 10 10 10 10 10 10 10 10 10 10 10 1
staticfield java/lang/Long TYPE Ljava/lang/Class; java/lang/Class
ciInstanceKlass java/lang/NullPointerException 1 1 18 1 1 1 1 1 1 1 1 1 5 0 100 7 12 12 10 10
ciInstanceKlass java/lang/ArithmeticException 1 1 18 1 1 1 1 1 1 1 1 1 5 0 100 100 12 12 10 10
ciInstanceKlass java/lang/Math 1 1 278 3 3 3 3 3 3 4 4 4 4 4 8 8 7 1 1 1 1 1 1 1 1 1 1 1 1 1 1 1 1 1 1 1 1 1 1 1 1 1 1 1 1 1 1 1 1 1 1 1 1 1 1 1 1 1 1 1 1 1 1 1 1 1 1 1 1 1 1 1 1 1 1 1 1 1 1 1 1 1 1 1 1 1 1 1 1 1 1 1 1 1 1 1 1 1 1 1 1 1 1 1 1 1 1 1 1 1 1 1 1 1 1 1 1 1 1 1 1 1 1 1 1 1 5 0 5 0 5 0 5 0 5 0 5 0 5 0 5 0 5 0 5 0 6 0 6 0 6 0 6 0 6 0 6 0 6 0 6 0 6 0 100 100 7 7 7 100 100 7 100 1 12 12 12 12 12 12 12 12 12 12 12 12 12 12 12 12 12 12 12 12 12 12 12 12 12 12 12 12 12 12 12 12 12 12 12 12 12 12 12 12 12 12 12 12 12 12 12 12 12 12 12 12 9 9 9 9 9 9 10 10 10 10 10 10 10 10 10 10 10 10 10 10 10 10 10 10 10 10 10 10 10 10 10 10 10 10 10 10 10 10 10 10 10 10 10 10 10 10 10 10 10 10 10 10 10 1
staticfield java/lang/Math $assertionsDisabled Z 1
instanceKlass java/io/ObjectOutputStream$BlockDataOutputStream
instanceKlass sun/security/ssl/HandshakeOutStream
instanceKlass sun/security/ssl/AppOutputStream
instanceKlass com/oracle/truffle/js/runtime/util/OutputStreamWrapper
instanceKlass com/oracle/truffle/api/impl/DelegatingOutputStream
instanceKlass com/oracle/truffle/api/impl/DispatchOutputStream
instanceKlass oracle/net/ns/NetOutputStream
instanceKlass oracle/jdbc/driver/OracleClobOutputStream
instanceKlass oracle/jdbc/driver/OracleBlobOutputStream
instanceKlass org/apache/camel/converter/stream/CachedOutputStream
instanceKlass com/hazelcast/internal/serialization/impl/SerializationUtil$NullOutputStream
instanceKlass com/hazelcast/internal/nio/IOUtil$1
instanceKlass javax/servlet/ServletOutputStream
instanceKlass com/fasterxml/jackson/core/io/DataOutputAsStream
instanceKlass com/fasterxml/jackson/core/util/ByteArrayBuilder
instanceKlass org/springframework/http/converter/xml/SourceHttpMessageConverter$CountingOutputStream
instanceKlass org/apache/logging/log4j/core/util/CloseShieldOutputStream
instanceKlass org/apache/logging/log4j/core/appender/ConsoleAppender$SystemErrStream
instanceKlass org/apache/logging/log4j/core/appender/ConsoleAppender$SystemOutStream
instanceKlass org/apache/commons/configuration/VerifiableOutputStream
instanceKlass java/io/ObjectOutputStream
instanceKlass org/apache/commons/io/output/ByteArrayOutputStream
instanceKlass org/rzo/yajsw/io/CyclicBufferFilePrintStream$1
instanceKlass org/rzo/yajsw/io/TeeOutputStream
instanceKlass java/io/ByteArrayOutputStream
instanceKlass java/io/FilterOutputStream
instanceKlass java/io/FileOutputStream
ciInstanceKlass java/io/OutputStream 1 1 34 1 1 1 1 1 1 1 1 1 1 1 1 1 1 1 1 1 1 100 100 100 7 100 100 7 12 12 12 10 10 10 10 10
ciInstanceKlass java/util/Arrays 1 1 797 3 8 8 8 8 8 8 8 8 100 100 100 100 100 100 7 100 100 7 1 1 1 1 1 1 1 1 1 1 1 1 1 1 1 1 1 1 1 1 1 1 1 1 1 1 1 1 1 1 1 1 1 1 1 1 1 1 1 1 1 1 1 1 1 1 1 1 1 1 1 1 1 1 1 1 1 1 1 1 1 1 1 1 1 1 1 1 1 1 1 1 1 1 1 1 1 1 1 1 1 1 1 1 1 1 1 1 1 1 1 1 1 1 1 1 1 1 1 1 1 1 1 1 1 1 1 1 1 1 1 1 1 1 1 1 1 1 1 1 1 1 1 1 1 1 1 1 1 1 1 1 1 1 1 1 1 1 1 1 1 1 1 1 1 1 1 1 1 1 1 1 1 1 1 1 1 1 1 1 1 1 1 1 1 1 1 1 1 1 1 1 1 1 1 1 1 1 1 1 1 1 1 1 1 1 1 1 1 1 1 1 1 1 1 1 1 1 1 1 1 1 1 1 1 1 1 1 1 1 1 1 1 1 1 1 1 1 1 1 1 1 1 1 1 1 1 1 1 1 1 1 1 1 1 1 1 1 1 1 1 1 1 1 1 1 1 1 1 1 1 1 1 1 3 3 100 100 100 7 7 100 100 100 7 7 7 7 7 100 100 100 7 100 100 100 100 100 7 7 100 100 100 100 100 100 100 100 100 100 100 100 100 100 100 100 100 100 7 7 7 100 100 100 100 100 100 100 7 7 100 100 100 100 100 100 7 1 1 1 1 1 1 1 1 1 1 1 1 1 1 1 1 1 1 1 1 1 1 1 1 1 1 1 1 1 1 1 1 1 1 1 1 1 1 1 1 1 1 1 1 1 1 1 1 1 1 1 1 1 1 1 1 1 1 1 1 1 1 1 1 1 1 1 1 1 1 1 1 1 1 1 1 1 1 1 1 1 1 1 1 1 1 1 1 1 1 1 1 1 1 1 1 1 1 1 1 1 1 1 1 1 1 1 1 1 1 1 1 1 1 1 1 1 1 1 1 1 1 1 1 1 1 1 1 1 1 1 1 12 12 12 12 12 12 12 12 12 12 12 12 12 12 12 12 12 12 12 12 12 12 12 12 12 12 12 12 12 12 12 12 12 12 12 12 12 12 12 12 12 12 12 12 12 12 12 12 12 12 12 12 12 12 12 12 12 12 12 12 12 12 12 12 12 12 12 12 12 12 12 12 12 12 12 12 12 12 12 12 12 12 12 12 12 12 12 12 12 12 12 12 12 12 12 12 12 12 12 12 12 12 12 12 12 12 12 12 12 12 12 12 12 12 12 12 12 12 12 12 12 12 12 12 12 12 12 12 12 12 12 12 12 12 12 12 12 12 12 12 12 12 12 9 9 10 10 10 10 10 10 10 10 10 10 10 10 10 10 10 10 10 10 10 10 10 10 10 10 10 10 10 10 10 10 10 10 10 10 10 10 10 10 10 10 10 10 10 10 10 10 10 10 10 10 10 10 10 10 10 10 10 10 10 10 10 10 10 10 10 10 10 10 10 10 10 10 10 10 10 10 10 10 10 10 10 10 10 10 10 10 10 10 10 10 10 10 10 10 10 10 10 10 10 10 10 10 10 10 10 10 10 10 10 10 10 10 10 10 10 10 10 10 10 10 10 10 10 10 10 10 10 10 10 10 10 10 10 10 10 10 10 10 10 10 10 11 11 11 11 11 11 11 11 11 11 11 11 15 15 15 15 15 16 18 18 18 18 1 1 1 1 1 1 1 1 1 1 1 1 1 1 1 1 1 1 1 1
staticfield java/util/Arrays $assertionsDisabled Z 1
instanceKlass java/util/zip/DeflaterOutputStream
instanceKlass javax/crypto/CipherOutputStream
instanceKlass java/io/DataOutputStream
instanceKlass java/io/BufferedOutputStream
instanceKlass java/io/PrintStream
ciInstanceKlass java/io/FilterOutputStream 1 1 44 1 1 1 1 1 1 1 1 1 1 1 1 1 1 1 1 1 1 1 7 100 7 100 100 1 1 12 12 12 12 12 12 12 9 10 10 10 10 10 10 10 10 10
instanceKlass org/rzo/yajsw/io/CyclicBufferFilePrintStream
ciInstanceKlass java/io/PrintStream 1 1 279 8 8 8 8 8 8 1 1 1 1 1 1 1 1 1 1 1 1 1 1 1 1 1 1 1 1 1 1 1 1 1 1 1 1 1 1 1 1 1 1 1 1 1 1 1 1 1 1 1 1 1 1 1 1 1 1 1 1 1 1 1 1 1 1 1 1 1 1 1 1 1 1 1 1 1 1 1 1 1 1 1 1 1 1 1 1 1 1 1 1 1 1 100 7 100 100 100 7 100 100 7 7 7 100 100 100 100 100 100 7 100 100 7 100 100 100 100 1 1 1 1 1 1 1 1 1 1 1 1 1 1 1 1 1 1 1 1 1 1 1 1 1 1 1 1 1 1 1 1 1 1 1 12 12 12 12 12 12 12 12 12 12 12 12 12 12 12 12 12 12 12 12 12 12 12 12 12 12 12 12 12 12 12 12 12 12 12 12 12 12 12 12 12 12 12 12 12 12 12 12 12 12 12 12 12 12 12 12 12 12 9 9 9 9 9 9 9 10 10 10 10 10 10 10 10 10 10 10 10 10 10 10 10 10 10 10 10 10 10 10 10 10 10 10 10 10 10 10 10 10 10 10 10 10 10 10 10 10 10 10 10 10 10 10 10 10 10 10 10 10 10 10 10 10 10 10 11 11
instanceKlass org/apache/commons/vfs/util/MonitorOutputStream
ciInstanceKlass java/io/BufferedOutputStream 1 1 56 8 1 1 1 1 1 1 1 1 1 1 1 1 1 1 1 1 1 1 1 1 1 1 1 1 7 7 100 7 100 7 1 1 1 1 12 12 12 12 12 12 12 12 12 12 9 9 9 10 10 10 10 10 10 10
instanceKlass com/sun/org/apache/xml/internal/serializer/WriterToASCI
instanceKlass com/sun/org/apache/xml/internal/serializer/WriterToUTF8Buffered
instanceKlass oracle/jdbc/driver/OracleClobWriter
instanceKlass com/fasterxml/jackson/core/io/UTF8Writer
instanceKlass com/fasterxml/jackson/core/io/SegmentedStringWriter
instanceKlass org/apache/logging/log4j/core/util/StringBuilderWriter
instanceKlass org/apache/commons/lang/text/StrBuilder$StrBuilderWriter
instanceKlass java/io/CharArrayWriter
instanceKlass java/io/PrintWriter
instanceKlass org/codehaus/groovy/control/io/NullWriter
instanceKlass java/io/StringWriter
instanceKlass java/io/BufferedWriter
instanceKlass sun/nio/cs/StreamEncoder
instanceKlass java/io/OutputStreamWriter
ciInstanceKlass java/io/Writer 1 1 90 8 1 1 1 1 1 1 1 1 1 1 1 1 1 1 1 1 1 1 1 1 1 1 1 1 1 1 1 1 1 1 1 1 1 1 1 1 1 1 3 100 100 100 100 7 100 100 100 7 7 100 1 1 1 1 1 1 1 1 1 12 12 12 12 12 12 12 12 12 12 12 12 12 12 9 9 10 10 10 10 10 10 10 10 10 10 10 11 11
ciInstanceKlass sun/nio/cs/StreamEncoder 1 1 283 8 7 1 1 1 1 1 1 1 1 1 1 1 1 1 1 1 1 1 1 1 1 1 1 1 1 1 1 1 1 1 1 1 1 1 1 1 1 1 1 1 1 1 1 1 1 1 1 1 1 1 1 1 1 1 1 1 1 1 1 1 1 1 1 1 1 1 1 1 1 1 1 1 1 1 1 1 1 1 1 1 1 1 1 1 1 1 1 1 1 1 1 1 1 1 1 1 1 1 1 1 3 100 7 100 7 100 7 100 100 100 100 7 7 100 7 7 7 7 100 100 1 1 1 1 1 1 1 1 1 1 1 1 1 1 1 1 1 1 1 1 1 1 1 1 1 1 1 1 1 12 12 12 12 12 12 12 12 12 12 12 12 12 12 12 12 12 12 12 12 12 12 12 12 12 12 12 12 12 12 12 12 12 12 12 12 12 12 12 12 12 12 12 12 12 12 12 12 12 12 12 12 12 12 12 12 12 12 12 12 12 12 12 9 9 9 9 9 9 9 9 9 9 9 9 10 10 10 10 10 10 10 10 10 10 10 10 10 10 10 10 10 10 10 10 10 10 10 10 10 10 10 10 10 10 10 10 10 10 10 10 10 10 10 10 10 10 10 10 10 10 10 10 10 10 10 10 10 10 11 11 11
staticfield sun/nio/cs/StreamEncoder $assertionsDisabled Z 1
instanceKlass java/nio/MappedByteBuffer
instanceKlass java/nio/HeapByteBuffer
ciInstanceKlass java/nio/ByteBuffer 1 1 251 8 8 8 8 1 1 1 1 1 1 1 1 1 1 1 1 1 1 1 1 1 1 1 1 1 1 1 1 1 1 1 1 1 1 1 1 1 1 1 1 1 1 1 1 1 1 1 1 1 1 1 1 1 1 1 1 1 1 1 1 1 1 1 1 1 1 1 1 1 1 1 1 1 1 1 1 1 1 1 1 1 1 1 1 1 1 1 1 1 1 1 1 1 1 1 1 1 1 1 1 1 1 1 1 1 1 1 1 1 1 1 1 1 1 1 1 1 1 1 1 100 100 100 100 100 100 100 100 100 100 7 7 100 100 7 7 7 7 100 1 1 1 1 1 1 1 1 1 1 1 1 1 1 1 1 1 1 1 1 1 1 1 1 1 1 1 1 1 1 1 1 12 12 12 12 12 12 12 12 12 12 12 12 12 12 12 12 12 12 12 12 12 12 12 12 12 12 12 12 12 12 12 12 12 12 12 12 9 9 9 9 9 9 9 10 10 10 10 10 10 10 10 10 10 10 10 10 10 10 10 10 10 10 10 10 10 10 10 10 10 10 10 10 10 10 10 10 10 10 10
ciInstanceKlass java/nio/HeapByteBuffer 1 1 256 1 1 1 1 1 1 1 1 1 1 1 1 1 1 1 1 1 1 1 1 1 1 1 1 1 1 1 1 1 1 1 1 1 1 1 1 1 1 1 1 1 1 1 1 1 1 1 1 1 1 1 1 1 1 1 1 1 1 1 1 1 1 1 1 1 1 1 1 1 1 1 1 1 1 1 1 1 1 1 1 1 1 1 1 1 1 1 1 1 1 1 1 1 1 1 1 1 1 100 7 7 100 100 7 100 100 100 100 100 100 100 100 100 100 100 100 100 100 100 7 100 100 100 100 1 1 1 1 1 1 1 1 1 1 1 1 1 1 1 1 1 1 1 1 1 1 1 1 1 1 1 1 1 1 1 1 1 1 1 1 1 1 12 12 12 12 12 12 12 12 12 12 12 12 12 12 12 12 12 12 12 12 12 12 12 12 12 12 12 12 12 12 12 12 12 12 12 12 12 12 12 9 9 9 10 10 10 10 10 10 10 10 10 10 10 10 10 10 10 10 10 10 10 10 10 10 10 10 10 10 10 10 10 10 10 10 10 10 10 10 10 10 10 10 10 10 10 10 10 10 10 10 10 10 10
instanceKlass sun/net/www/http/PosterOutputStream
instanceKlass sun/security/ssl/OutputRecord
instanceKlass com/hazelcast/internal/metrics/impl/MetricsCompressor$MorePublicByteArrayOutputStream
instanceKlass sun/security/util/DerOutputStream
instanceKlass com/sun/xml/bind/v2/util/ByteArrayOutputStreamEx
ciInstanceKlass java/io/ByteArrayOutputStream 1 1 107 3 3 8 1 1 1 1 1 1 1 1 1 1 1 1 1 1 1 1 1 1 1 1 1 1 1 1 1 1 1 1 1 1 1 1 1 1 1 1 1 1 1 1 1 1 1 1 1 1 1 1 1 7 100 7 100 100 100 100 7 100 7 7 1 1 1 1 1 1 12 12 12 12 12 12 12 12 12 12 12 12 12 12 12 12 12 9 9 10 10 10 10 10 10 10 10 10 10 10 10 10 10 10 10 10 10
instanceKlass java/rmi/RemoteException
instanceKlass oracle/net/aso/f
instanceKlass oracle/net/ns/NetException
instanceKlass java/io/UTFDataFormatException
instanceKlass com/hazelcast/spi/exception/RetryableIOException
instanceKlass sun/misc/CEStreamExhausted
instanceKlass org/apache/coyote/CloseNowException
instanceKlass org/apache/catalina/connector/ClientAbortException
instanceKlass java/io/InterruptedIOException
instanceKlass javax/net/ssl/SSLException
instanceKlass org/apache/camel/NoFactoryAvailableException
instanceKlass com/fasterxml/jackson/core/JsonProcessingException
instanceKlass java/io/CharConversionException
instanceKlass java/nio/file/FileSystemException
instanceKlass org/springframework/core/NestedIOException
instanceKlass java/net/ProtocolException
instanceKlass java/io/ObjectStreamException
instanceKlass java/net/SocketException
instanceKlass java/nio/channels/ClosedChannelException
instanceKlass java/nio/charset/CharacterCodingException
instanceKlass java/net/UnknownHostException
instanceKlass java/util/zip/ZipException
instanceKlass java/io/EOFException
instanceKlass java/io/UnsupportedEncodingException
instanceKlass org/apache/commons/vfs/FileSystemException
instanceKlass java/io/FileNotFoundException
instanceKlass java/net/MalformedURLException
ciInstanceKlass java/io/IOException 1 1 24 1 1 1 1 1 1 1 1 1 1 5 0 100 7 1 12 12 12 12 10 10 10 10
ciInstanceKlass java/nio/channels/WritableByteChannel 1 0 12 1 1 1 1 1 1 100 100 100 100 1
ciInstanceKlass sun/nio/ch/Interruptible 1 0 7 1 1 1 100 100 1
instanceKlass org/springframework/asm/MethodTooLargeException
instanceKlass org/springframework/asm/ClassTooLargeException
instanceKlass java/lang/StringIndexOutOfBoundsException
instanceKlass java/lang/ArrayIndexOutOfBoundsException
ciInstanceKlass java/lang/IndexOutOfBoundsException 1 1 18 1 1 1 1 1 1 1 1 1 5 0 100 7 12 12 10 10
instanceKlass com/oracle/truffle/api/CompilerDirectives$ShouldNotReachHere
instanceKlass org/codehaus/groovy/runtime/powerassert/PowerAssertionError
instanceKlass org/codehaus/groovy/GroovyBugError
ciInstanceKlass java/lang/AssertionError 1 1 62 1 1 1 1 1 1 1 1 1 1 1 1 1 1 1 1 1 1 1 1 1 1 1 5 0 7 7 100 7 7 1 1 1 1 1 1 1 1 12 12 12 12 12 12 12 12 12 12 12 10 10 10 10 10 10 10 10 10 10 10 10
ciInstanceKlass java/lang/UnsupportedOperationException 1 1 24 1 1 1 1 1 1 1 1 1 1 5 0 7 100 1 12 12 12 12 10 10 10 10
instanceKlass oracle/net/nt/TimeoutInterruptHandler$IOReadTimeoutException
instanceKlass java/net/SocketTimeoutException
ciInstanceKlass java/io/InterruptedIOException 0 0 22 1 1 1 1 1 1 1 1 1 1 1 5 0 100 100 12 12 12 9 10 10
compile sun/nio/cs/StreamEncoder writeBytes ()V -1 4 inline 14 0 -1 sun/nio/cs/StreamEncoder writeBytes ()V 1 4 java/nio/Buffer flip ()Ljava/nio/Buffer; 1 12 java/nio/Buffer limit ()I 1 20 java/nio/Buffer position ()I 1 107 java/nio/ByteBuffer array ()[B 1 114 java/nio/ByteBuffer arrayOffset ()I 1 120 java/io/PrintStream write ([BII)V 2 6 java/io/PrintStream ensureOpen ()V 2 16 java/io/BufferedOutputStream write ([BII)V 1 120 java/io/ByteArrayOutputStream write ([BII)V 2 38 java/io/ByteArrayOutputStream ensureCapacity (I)V 3 12 java/io/ByteArrayOutputStream grow (I)V 4 36 java/util/Arrays copyOf ([BI)[B 1 127 java/nio/Buffer clear ()Ljava/nio/Buffer;
