#
# There is insufficient memory for the Java Runtime Environment to continue.
# Native memory allocation (malloc) failed to allocate 469968 bytes for Chunk::new
# Possible reasons:
#   The system is out of physical RAM or swap space
#   The process is running with CompressedOops enabled, and the Java Heap may be blocking the growth of the native heap
# Possible solutions:
#   Reduce memory load on the system
#   Increase physical memory or swap space
#   Check if swap backing store is full
#   Decrease Java heap size (-Xmx/-Xms)
#   Decrease number of Java threads
#   Decrease Java thread stack sizes (-Xss)
#   Set larger code cache with -XX:ReservedCodeCacheSize=
#   JVM is running with Unscaled Compressed Oops mode in which the Java heap is
#     placed in the first 4GB address space. The Java Heap base address is the
#     maximum limit for the native heap growth. Please use -XX:HeapBaseMinAddress
#     to set the Java Heap base and to place the Java Heap above 4GB virtual address.
# This output file may be truncated or incomplete.
#
#  Out of Memory Error (allocation.cpp:389), pid=18304, tid=0x0000000000004c4c
#
# JRE version: OpenJDK Runtime Environment (8.0_452-b09) (build 1.8.0_452-b09)
# Java VM: OpenJDK 64-Bit Server VM (25.452-b09 mixed mode windows-amd64 compressed oops)
# Failed to write core dump. Call to MiniDumpWriteDump() failed (Error 0x80070008: Not enough memory resources are available to process this command.
)
#

---------------  T H R E A D  ---------------

Current thread (0x00000247b2dc8000):  JavaThread "C2 CompilerThread2" daemon [_thread_in_native, id=19532, stack(0x000000f847600000,0x000000f847700000)]

Stack: [0x000000f847600000,0x000000f847700000]
[error occurred during error reporting (printing stack bounds), id 0xc0000005]

Native frames: (J=compiled Java code, j=interpreted, Vv=VM code, C=native code)


Current CompileTask:
C2:447908179 16402       4       java.io.WinNTFileSystem::normalize (143 bytes)


---------------  P R O C E S S  ---------------

Java Threads: ( => current thread )
  0x00000247b99fb800 JavaThread "Camel (SEPAPPAY) thread #7 - sql://select%20*%20from%20MSGDB%20where%20QUEUEID%20=%20'CSSRINFQ'%20AND%20STATUS%20=%20'69'" daemon [_thread_blocked, id=3236, stack(0x000000f84ac00000,0x000000f84ad00000)]
  0x00000247b99fb000 JavaThread "Camel (SEPAPPAY) thread #6 - timer://mainRouteTimer2" daemon [_thread_blocked, id=3272, stack(0x000000f846200000,0x000000f846300000)]
  0x00000247b2d33000 JavaThread "hz.client_1.event-3" [_thread_blocked, id=13256, stack(0x000000f84ae00000,0x000000f84af00000)]
  0x00000247bdb25000 JavaThread "hz.client_1.event-1" [_thread_blocked, id=16760, stack(0x000000f845b00000,0x000000f845c00000)]
  0x00000247bdb24000 JavaThread "hz.client_1.event-2" [_thread_blocked, id=12620, stack(0x000000f848d00000,0x000000f848e00000)]
  0x00000247b5fc2800 JavaThread "hz.client_1.event-5" [_thread_blocked, id=24772, stack(0x000000f84ad00000,0x000000f84ae00000)]
  0x00000247b5fc7800 JavaThread "hz.client_1.internal-10" [_thread_blocked, id=19668, stack(0x000000f849200000,0x000000f849300000)]
  0x00000247b5fc3000 JavaThread "hz.client_1.internal-9" [_thread_blocked, id=17992, stack(0x000000f84ab00000,0x000000f84ac00000)]
  0x00000247b5fc4000 JavaThread "DestroyJavaVM" [_thread_blocked, id=24144, stack(0x000000f845c00000,0x000000f845d00000)]
  0x00000247b5fc1000 JavaThread "Camel (SEPAPPAY) thread #2 - timer://licensepulseTrigger" daemon [_thread_blocked, id=16040, stack(0x000000f84a900000,0x000000f84aa00000)]
  0x00000247b5fc5000 JavaThread "CamelMainRunController" [_thread_blocked, id=12568, stack(0x000000f84a800000,0x000000f84a900000)]
  0x00000247b5fc6800 JavaThread "hz.client_1.internal-8" [_thread_blocked, id=20816, stack(0x000000f84a700000,0x000000f84a800000)]
  0x00000247b7adc000 JavaThread "hz.client_1.internal-7" [_thread_blocked, id=16124, stack(0x000000f84a600000,0x000000f84a700000)]
  0x00000247bf4d5800 JavaThread "http-nio-8067-Acceptor" daemon [_thread_in_native, id=11316, stack(0x000000f84a500000,0x000000f84a600000)]
  0x00000247bf4d4800 JavaThread "http-nio-8067-Poller" daemon [_thread_in_native, id=22440, stack(0x000000f84a400000,0x000000f84a500000)]
  0x00000247bf4d3800 JavaThread "http-nio-8067-exec-10" daemon [_thread_blocked, id=14764, stack(0x000000f84a300000,0x000000f84a400000)]
  0x00000247bf4cd000 JavaThread "http-nio-8067-exec-9" daemon [_thread_blocked, id=15356, stack(0x000000f84a200000,0x000000f84a300000)]
  0x00000247bf4d1000 JavaThread "http-nio-8067-exec-8" daemon [_thread_blocked, id=14968, stack(0x000000f84a100000,0x000000f84a200000)]
  0x00000247bf4cf800 JavaThread "http-nio-8067-exec-7" daemon [_thread_blocked, id=20028, stack(0x000000f84a000000,0x000000f84a100000)]
  0x00000247bf4d3000 JavaThread "http-nio-8067-exec-6" daemon [_thread_blocked, id=13192, stack(0x000000f849f00000,0x000000f84a000000)]
  0x00000247bf4d0800 JavaThread "http-nio-8067-exec-5" daemon [_thread_blocked, id=12192, stack(0x000000f849e00000,0x000000f849f00000)]
  0x00000247bf4d2000 JavaThread "http-nio-8067-exec-4" daemon [_thread_blocked, id=7716, stack(0x000000f849d00000,0x000000f849e00000)]
  0x00000247bf4cb800 JavaThread "http-nio-8067-exec-3" daemon [_thread_blocked, id=24320, stack(0x000000f849c00000,0x000000f849d00000)]
  0x00000247bf4cf000 JavaThread "http-nio-8067-exec-2" daemon [_thread_blocked, id=5392, stack(0x000000f849b00000,0x000000f849c00000)]
  0x00000247bf4c9000 JavaThread "http-nio-8067-exec-1" daemon [_thread_blocked, id=16924, stack(0x000000f849a00000,0x000000f849b00000)]
  0x00000247bf4ce000 JavaThread "hz.client_1.internal-6" [_thread_blocked, id=1464, stack(0x000000f849900000,0x000000f849a00000)]
  0x00000247bf4ca000 JavaThread "Timer-1" daemon [_thread_blocked, id=20412, stack(0x000000f849800000,0x000000f849900000)]
  0x00000247bf4c6800 JavaThread "hz.client_1.internal-5" [_thread_blocked, id=18016, stack(0x000000f849700000,0x000000f849800000)]
  0x00000247bf4c8000 JavaThread "hz.client_1.responsethread-1-" [_thread_blocked, id=21212, stack(0x000000f849600000,0x000000f849700000)]
  0x00000247bdb27800 JavaThread "hz.client_1.responsethread-0-" [_thread_blocked, id=9480, stack(0x000000f849500000,0x000000f849600000)]
  0x00000247bdb26800 JavaThread "hz.client_1.internal-4" [_thread_blocked, id=14320, stack(0x000000f849400000,0x000000f849500000)]
  0x00000247bdb25800 JavaThread "hz.client_1.internal-3" [_thread_blocked, id=11836, stack(0x000000f849300000,0x000000f849400000)]
  0x00000247bdb23800 JavaThread "HikariPool-1 housekeeper" daemon [_thread_blocked, id=22072, stack(0x000000f849100000,0x000000f849200000)]
  0x00000247bdb29000 JavaThread "InterruptTimer" daemon [_thread_blocked, id=11932, stack(0x000000f849000000,0x000000f849100000)]
  0x00000247bdb22800 JavaThread "oracle.jdbc.driver.BlockSource.ThreadedCachingBlockSource.BlockReleaser" daemon [_thread_blocked, id=9588, stack(0x000000f848f00000,0x000000f849000000)]
  0x00000247bdb28000 JavaThread "Timer-0" daemon [_thread_blocked, id=17784, stack(0x000000f848e00000,0x000000f848f00000)]
  0x00000247b7ae9000 JavaThread "hz.client_1.event-4" [_thread_blocked, id=10812, stack(0x000000f848c00000,0x000000f848d00000)]
  0x00000247b7ae5800 JavaThread "hz.client_1.internal-3" [_thread_blocked, id=19144, stack(0x000000f848b00000,0x000000f848c00000)]
  0x00000247b7ae4000 JavaThread "hz.client_1.eventRegistration-" [_thread_blocked, id=3284, stack(0x000000f848a00000,0x000000f848b00000)]
  0x00000247b7ae2800 JavaThread "hz.client_1.internal-2" [_thread_blocked, id=21168, stack(0x000000f848900000,0x000000f848a00000)]
  0x00000247b7ae8000 JavaThread "hz.client_1.internal-1" [_thread_blocked, id=11108, stack(0x000000f848800000,0x000000f848900000)]
  0x00000247b7ae1800 JavaThread "hz.client_1.internal-2" [_thread_blocked, id=17732, stack(0x000000f848700000,0x000000f848800000)]
  0x00000247b7ae5000 JavaThread "hz.hz.client_1.IO.thread-out-0" [_thread_in_native, id=19188, stack(0x000000f848600000,0x000000f848700000)]
  0x00000247b7ae7800 JavaThread "hz.hz.client_1.IO.thread-in-0" [_thread_in_native, id=11892, stack(0x000000f848500000,0x000000f848600000)]
  0x00000247b7ae6800 JavaThread "hz.client_1.internal-1" [_thread_blocked, id=11644, stack(0x000000f848400000,0x000000f848500000)]
  0x00000247b7ae3800 JavaThread "hz.hz.client_1.MetricsRegistry.thread-2" [_thread_blocked, id=24880, stack(0x000000f848300000,0x000000f848400000)]
  0x00000247b7adb000 JavaThread "hz.hz.client_1.MetricsRegistry.thread-1" [_thread_blocked, id=19136, stack(0x000000f848200000,0x000000f848300000)]
  0x00000247b7ae1000 JavaThread "hz.client_1.lifecycle-1" [_thread_blocked, id=6076, stack(0x000000f848100000,0x000000f848200000)]
  0x00000247b7ada800 JavaThread "container-0" [_thread_blocked, id=24196, stack(0x000000f848000000,0x000000f848100000)]
  0x00000247b7adf000 JavaThread "Catalina-utility-2" [_thread_blocked, id=21048, stack(0x000000f847d00000,0x000000f847e00000)]
  0x00000247b7add800 JavaThread "Catalina-utility-1" [_thread_blocked, id=19524, stack(0x000000f845d00000,0x000000f845e00000)]
  0x00000247b7ade800 JavaThread "Old I/O client worker ([id: 0x250ff6e0, /127.0.0.1:52922 => /127.0.0.1:15020])" daemon [_thread_in_native, id=8732, stack(0x000000f847f00000,0x000000f848000000)]
  0x00000247b7ae0000 JavaThread "yajsw.pinger-0" daemon [_thread_blocked, id=14604, stack(0x000000f847e00000,0x000000f847f00000)]
  0x00000247b2d2f800 JavaThread "org.apache.commons.vfs.cache.SoftRefFilesCache$SoftRefReleaseThread" daemon [_thread_blocked, id=19624, stack(0x000000f847c00000,0x000000f847d00000)]
  0x00000247b2d30800 JavaThread "yajsw.TeeInputStream-1" daemon [_thread_in_native, id=6508, stack(0x000000f847b00000,0x000000f847c00000)]
  0x00000247b2d31000 JavaThread "yajsw.TeeInputStream-0" daemon [_thread_blocked, id=21356, stack(0x000000f847a00000,0x000000f847b00000)]
  0x00000247b2d32000 JavaThread "Service Thread" daemon [_thread_blocked, id=7636, stack(0x000000f847800000,0x000000f847900000)]
  0x00000247b2dc9000 JavaThread "C1 CompilerThread3" daemon [_thread_blocked, id=18436, stack(0x000000f847700000,0x000000f847800000)]
=>0x00000247b2dc8000 JavaThread "C2 CompilerThread2" daemon [_thread_in_native, id=19532, stack(0x000000f847600000,0x000000f847700000)]
  0x00000247b2d78000 JavaThread "C2 CompilerThread1" daemon [_thread_blocked, id=23644, stack(0x000000f847500000,0x000000f847600000)]
  0x00000247b2d77000 JavaThread "C2 CompilerThread0" daemon [_thread_blocked, id=18600, stack(0x000000f847400000,0x000000f847500000)]
  0x00000247b2d2d000 JavaThread "oneagentsoftwarecomponentextraction" daemon [_thread_in_native, id=10820, stack(0x000000f846600000,0x000000f846700000)]
  0x00000247b2d2e800 JavaThread "oneagentperiodiceventsmanaged" daemon [_thread_in_native, id=10900, stack(0x000000f846500000,0x000000f846600000)]
  0x00000247b2c93800 JavaThread "oneagentperiodicrequests" daemon [_thread_in_native, id=22432, stack(0x000000f846100000,0x000000f846200000)]
  0x00000247b2d2e000 JavaThread "oneagentperiodicurls" daemon [_thread_in_native, id=10004, stack(0x000000f846300000,0x000000f846400000)]
  0x00000247b2c90800 JavaThread "Attach Listener" daemon [_thread_blocked, id=19572, stack(0x000000f847300000,0x000000f847400000)]
  0x00000247b2ce8800 JavaThread "Finalizer" daemon [_thread_blocked, id=4000, stack(0x000000f847200000,0x000000f847300000)]
  0x00000247b2ce0000 JavaThread "Reference Handler" daemon [_thread_blocked, id=8576, stack(0x000000f847100000,0x000000f847200000)]

Other Threads:
  0x00000247b2b12000 VMThread [stack: 0x000000f847000000,0x000000f847100000] [id=11252]
  0x00000247b2eea800 WatcherThread [stack: 0x000000f847900000,0x000000f847a00000] [id=19972]

VM state:not at safepoint (normal execution)

VM Mutex/Monitor currently owned by a thread: None

OutOfMemory and StackOverflow Exception counts:
OutOfMemoryError java_heap_errors=1

heap address: 0x0000000080000000, size: 2048 MB, Compressed Oops mode: 32-bit
Narrow klass base: 0x0000000000000000, Narrow klass shift: 3
Compressed class space size: 1073741824 Address: 0x0000000100000000

Heap:
 PSYoungGen      total 172544K, used 25429K [0x00000000d5580000, 0x00000000e0000000, 0x0000000100000000)
  eden space 170496K, 13% used [0x00000000d5580000,0x00000000d6cbd450,0x00000000dfc00000)
  from space 2048K, 79% used [0x00000000dfc00000,0x00000000dfd98080,0x00000000dfe00000)
  to   space 2048K, 0% used [0x00000000dfe00000,0x00000000dfe00000,0x00000000e0000000)
 ParOldGen       total 701952K, used 78351K [0x0000000080000000, 0x00000000aad80000, 0x00000000d5580000)
  object space 701952K, 11% used [0x0000000080000000,0x0000000084c83de8,0x00000000aad80000)
 Metaspace       used 101846K, capacity 105890K, committed 106112K, reserved 1142784K
  class space    used 12532K, capacity 13433K, committed 13440K, reserved 1048576K

Card table byte_map: [0x00000247ad750000,0x00000247adb60000] byte_map_base: 0x00000247ad350000

Marking Bits: (ParMarkBitMap*) 0x0000000075bbb1b0
 Begin Bits: [0x00000247ade10000, 0x00000247afe10000)
 End Bits:   [0x00000247afe10000, 0x00000247b1e10000)

Polling page: 0x000002479cbb0000

CodeCache: size=245760Kb used=45987Kb max_used=46041Kb free=199772Kb
 bounds [0x000002479e390000, 0x00000247a1110000, 0x00000247ad390000]
 total_blobs=13600 nmethods=12528 adapters=982
 compilation: enabled

Compilation events (250 events):
Event: 433915.268 Thread 0x00000247b2dc9000 16279       3       org.apache.camel.impl.DefaultCamelContext::getRouteStatus (25 bytes)
Event: 433915.268 Thread 0x00000247b2d77000 nmethod 16271 0x00000247a0c978d0 code [0x00000247a0c97a60, 0x00000247a0c97ff8]
Event: 433915.269 Thread 0x00000247b2dc9000 nmethod 16279 0x000002479fe1f410 code [0x000002479fe1f5a0, 0x000002479fe1f9c0]
Event: 433915.270 Thread 0x00000247b2dc9000 16280       3       org.apache.camel.com.github.benmanes.caffeine.cache.Node::inEden (13 bytes)
Event: 433915.270 Thread 0x00000247b2dc9000 nmethod 16280 0x00000247a0c97450 code [0x00000247a0c975c0, 0x00000247a0c97830]
Event: 433915.270 Thread 0x00000247b2dc9000 16281       1       org.apache.camel.impl.RouteService::getCamelContext (5 bytes)
Event: 433915.270 Thread 0x00000247b2dc9000 nmethod 16281 0x000002479fe1f110 code [0x000002479fe1f260, 0x000002479fe1f378]
Event: 433915.270 Thread 0x00000247b2dc9000 16282       1       org.apache.camel.com.github.benmanes.caffeine.cache.Node::getWeight (2 bytes)
Event: 433915.271 Thread 0x00000247b2dc9000 nmethod 16282 0x00000247a0c97190 code [0x00000247a0c972e0, 0x00000247a0c973f8]
Event: 433915.271 Thread 0x00000247b2dc9000 16283       3       org.apache.camel.com.github.benmanes.caffeine.cache.WILMS::edenMaximum (11 bytes)
Event: 433915.271 Thread 0x00000247b2dc9000 nmethod 16283 0x00000247a0c96e50 code [0x00000247a0c96fa0, 0x00000247a0c97118]
Event: 433915.271 Thread 0x00000247b2dc8000 16285       4       org.apache.camel.impl.DefaultCamelContext::isUseMDCLogging (26 bytes)
Event: 433915.271 Thread 0x00000247b2dc9000 16284       3       sun.util.calendar.ZoneInfo::getTransitionIndex (156 bytes)
Event: 433915.271 Thread 0x00000247b2dc9000 nmethod 16284 0x00000247a05feb10 code [0x00000247a05feca0, 0x00000247a05ff178]
Event: 433915.272 Thread 0x00000247b2dc8000 nmethod 16285 0x00000247a0c96bd0 code [0x00000247a0c96d00, 0x00000247a0c96d98]
Event: 433915.286 Thread 0x00000247b2d78000 16286  s    4       java.io.BufferedOutputStream::write (67 bytes)
Event: 433915.288 Thread 0x00000247b2d78000 nmethod 16286 0x00000247a05fe410 code [0x00000247a05fe560, 0x00000247a05fe978]
Event: 433915.314 Thread 0x00000247b2d77000 16287   !   4       java.io.ObjectStreamClass::getReflector (336 bytes)
Event: 433915.315 Thread 0x00000247b2dc9000 16288       3       org.apache.camel.impl.converter.BaseTypeConverterRegistry::doConvertTo (810 bytes)
Event: 433915.318 Thread 0x00000247b2dc9000 nmethod 16288 0x00000247a0bcf110 code [0x00000247a0bcf8a0, 0x00000247a0bd5190]
Event: 433915.324 Thread 0x00000247b2dc9000 16290       3       java.io.ObjectStreamClass$FieldReflectorKey::<init> (102 bytes)
Event: 433915.325 Thread 0x00000247b2dc9000 nmethod 16290 0x00000247a0d0d3d0 code [0x00000247a0d0d5a0, 0x00000247a0d0dde0]
Event: 433915.326 Thread 0x00000247b2dc9000 16289       3       java.io.ObjectStreamClass::computeFieldOffsets (307 bytes)
Event: 433915.326 Thread 0x00000247b2dc9000 nmethod 16289 0x000002479e4f20d0 code [0x000002479e4f22e0, 0x000002479e4f2cf0]
Event: 433915.327 Thread 0x00000247b2dc9000 16291       3       java.security.AccessControlContext::combine (205 bytes)
Event: 433915.327 Thread 0x00000247b2dc9000 nmethod 16291 0x00000247a050ca50 code [0x00000247a050cc40, 0x00000247a050d740]
Event: 433915.353 Thread 0x00000247b2d77000 nmethod 16287 0x00000247a0e0af10 code [0x00000247a0e0b240, 0x00000247a0e0d840]
Event: 433917.516 Thread 0x00000247b2dc9000 16292       3       sun.security.provider.SHA::implDigest (96 bytes)
Event: 433917.517 Thread 0x00000247b2dc9000 nmethod 16292 0x000002479f7ac910 code [0x000002479f7acb00, 0x000002479f7ad1d0]
Event: 433917.520 Thread 0x00000247b2dc9000 16293       3       java.io.ObjectInputStream::readLong (8 bytes)
Event: 433917.521 Thread 0x00000247b2dc9000 nmethod 16293 0x000002479ed412d0 code [0x000002479ed41440, 0x000002479ed415d0]
Event: 433918.373 Thread 0x00000247b2dc9000 16294   !   3       sun.nio.ch.SocketChannelImpl::read (389 bytes)
Event: 433918.374 Thread 0x00000247b2dc9000 nmethod 16294 0x00000247a0cb0a10 code [0x00000247a0cb0d20, 0x00000247a0cb2e40]
Event: 433918.877 Thread 0x00000247b2dc9000 16295   !   3       oracle.jdbc.driver.T4CMAREngineNIO::prepareForUnmarshall (151 bytes)
Event: 433918.878 Thread 0x00000247b2dc9000 nmethod 16295 0x000002479f9bd410 code [0x000002479f9bd660, 0x000002479f9be7f0]
Event: 433921.399 Thread 0x00000247b2dc9000 16296       3       oracle.jdbc.driver.T4CMAREngineNIO::unmarshalUB1 (22 bytes)
Event: 433921.399 Thread 0x00000247b2dc9000 nmethod 16296 0x000002479ef47e90 code [0x000002479ef48000, 0x000002479ef48280]
Event: 433922.213 Thread 0x00000247b2dc9000 16297       3       oracle.net.ns.NIOPacket::readFromSocketChannel (112 bytes)
Event: 433922.214 Thread 0x00000247b2dc9000 nmethod 16297 0x00000247a04baed0 code [0x00000247a04bb0c0, 0x00000247a04bb7b0]
Event: 433922.235 Thread 0x00000247b2dc9000 16298       3       oracle.net.ns.NSProtocolNIO::doSocketRead (112 bytes)
Event: 433922.236 Thread 0x00000247b2dc9000 nmethod 16298 0x00000247a04ba250 code [0x00000247a04ba420, 0x00000247a04bac00]
Event: 433924.936 Thread 0x00000247b2dc9000 16299       3       oracle.net.ns.NIOPacket::readHeader (150 bytes)
Event: 433924.937 Thread 0x00000247b2dc9000 nmethod 16299 0x00000247a0aa66d0 code [0x00000247a0aa68e0, 0x00000247a0aa7540]
Event: 433925.445 Thread 0x00000247b2dc9000 16300       3       oracle.net.nt.TcpNTAdapter::setOption (158 bytes)
Event: 433925.446 Thread 0x00000247b2dc9000 nmethod 16300 0x00000247a08efdd0 code [0x00000247a08f0000, 0x00000247a08f0d90]
Event: 433927.463 Thread 0x00000247b2dc9000 16301       3       java.util.concurrent.locks.ReentrantLock::unlock (10 bytes)
Event: 433927.464 Thread 0x00000247b2dc9000 nmethod 16301 0x00000247a05fdc90 code [0x00000247a05fde20, 0x00000247a05fe220]
Event: 433932.516 Thread 0x00000247b2dc9000 16302   !   3       com.sun.crypto.provider.GaloisCounterMode::decryptFinal (304 bytes)
Event: 433932.517 Thread 0x00000247b2dc9000 nmethod 16302 0x00000247a10bfc10 code [0x00000247a10bff80, 0x00000247a10c22e0]
Event: 433937.140 Thread 0x00000247b2dc9000 16303   !   3       oracle.jdbc.driver.T4CTTIfun::doRPC (264 bytes)
Event: 433937.142 Thread 0x00000247b2dc9000 nmethod 16303 0x00000247a079d490 code [0x00000247a079d7a0, 0x00000247a079eeb0]
Event: 433937.643 Thread 0x00000247b2dc9000 16304   !   3       oracle.jdbc.driver.T4CTTIfun::receive (740 bytes)
Event: 433937.646 Thread 0x00000247b2dc9000 nmethod 16304 0x00000247a10c3910 code [0x00000247a10c3f60, 0x00000247a10c8440]
Event: 433938.146 Thread 0x00000247b2dc9000 16305       3       oracle.jdbc.driver.T4CConnection::enterMarshalling (46 bytes)
Event: 433938.146 Thread 0x00000247b2dc9000 nmethod 16305 0x000002479e4f1910 code [0x000002479e4f1aa0, 0x000002479e4f1ef0]
Event: 433947.520 Thread 0x00000247b2dc9000 16306   !   3       java.io.ObjectStreamClass::readNonProxy (407 bytes)
Event: 433947.523 Thread 0x00000247b2dc9000 nmethod 16306 0x00000247a10cab10 code [0x00000247a10cb020, 0x00000247a10ce440]
Event: 433947.523 Thread 0x00000247b2dc9000 16308       3       java.io.ObjectStreamClass::initNonProxy (551 bytes)
Event: 433947.525 Thread 0x00000247b2dc9000 nmethod 16308 0x00000247a10d0410 code [0x00000247a10d08c0, 0x00000247a10d3b50]
Event: 433947.526 Thread 0x00000247b2dc9000 16307       3       java.io.ObjectInputStream::readShort (8 bytes)
Event: 433947.526 Thread 0x00000247b2dc9000 nmethod 16307 0x000002479ea764d0 code [0x000002479ea76640, 0x000002479ea767f0]
Event: 433955.756 Thread 0x00000247b2dc9000 16309       3       java.security.AccessControlContext::optimize (318 bytes)
Event: 433955.758 Thread 0x00000247b2dc9000 nmethod 16309 0x00000247a10d5610 code [0x00000247a10d5960, 0x00000247a10d75a0]
Event: 433967.837 Thread 0x00000247b2dc8000 16310  s    4       oracle.jdbc.driver.T4CConnection::drainOnInbandNotification (42 bytes)
Event: 433967.840 Thread 0x00000247b2dc8000 nmethod 16310 0x000002479f7abfd0 code [0x000002479f7ac140, 0x000002479f7ac588]
Event: 433971.861 Thread 0x00000247b2dc9000 16311       3       java.util.IdentityHashMap::put (137 bytes)
Event: 433971.862 Thread 0x00000247b2dc9000 nmethod 16311 0x000002479ecad010 code [0x000002479ecad200, 0x000002479ecadbe0]
Event: 433972.869 Thread 0x00000247b2dc9000 16312   !   3       java.util.concurrent.ThreadPoolExecutor::getTask (179 bytes)
Event: 433972.870 Thread 0x00000247b2dc9000 nmethod 16312 0x000002479f4e9690 code [0x000002479f4e98e0, 0x000002479f4eaa20]
Event: 433975.886 Thread 0x00000247b2dc9000 16313       3       oracle.jdbc.driver.PhysicalConnection::isValid (10 bytes)
Event: 433975.886 Thread 0x00000247b2dc9000 nmethod 16313 0x000002479ecacb90 code [0x000002479ecacd00, 0x000002479ecacf10]
Event: 433979.409 Thread 0x00000247b2dc9000 16314       3       org.apache.camel.support.ServiceSupport::isRunAllowed (115 bytes)
Event: 433979.410 Thread 0x00000247b2dc9000 nmethod 16314 0x00000247a02124d0 code [0x00000247a02126e0, 0x00000247a0213918]
Event: 433979.411 Thread 0x00000247b2dc9000 16315   !   3       oracle.net.ns.NIOPacket::readInbandNotificationCtlPacket (751 bytes)
Event: 433979.413 Thread 0x00000247b2dc9000 nmethod 16315 0x00000247a10d8450 code [0x00000247a10d8940, 0x00000247a10dba70]
Event: 433979.915 Thread 0x00000247b2d77000 16316       4       org.apache.camel.impl.DefaultPollingConsumerPollStrategy::commit (1 bytes)
Event: 433979.916 Thread 0x00000247b2d77000 nmethod 16316 0x000002479ed410d0 code [0x000002479ed41200, 0x000002479ed41258]
Event: 433980.416 Thread 0x00000247b2dc9000 16317   !   3       org.apache.camel.impl.ScheduledPollConsumer::doRun (668 bytes)
Event: 433980.416 Thread 0x00000247b2d77000 16318       4       org.apache.camel.component.sql.SqlConsumer::poll (111 bytes)
Event: 433980.420 Thread 0x00000247b2dc9000 nmethod 16317 0x00000247a109f510 code [0x00000247a109fcc0, 0x00000247a10a59c0]
Event: 433980.420 Thread 0x00000247b2dc9000 16319   !   3       org.springframework.jdbc.datasource.DataSourceUtils::getConnection (48 bytes)
Event: 433980.421 Thread 0x00000247b2dc9000 nmethod 16319 0x00000247a0803c50 code [0x00000247a0803e60, 0x00000247a08047d0]
Event: 433980.421 Thread 0x00000247b2d77000 nmethod 16318 0x00000247a02f5450 code [0x00000247a02f5600, 0x00000247a02f5ac8]
Event: 433980.421 Thread 0x00000247b2dc9000 16320   !   3       java.lang.Thread::interrupt (56 bytes)
Event: 433980.421 Thread 0x00000247b2dc9000 nmethod 16320 0x00000247a08ef190 code [0x00000247a08ef340, 0x00000247a08efaa0]
Event: 434006.080 Thread 0x00000247b2dc8000 16321   !   4       sun.nio.ch.SocketChannelImpl::ensureReadOpen (57 bytes)
Event: 434006.082 Thread 0x00000247b2dc8000 nmethod 16321 0x000002479e75c410 code [0x000002479e75c560, 0x000002479e75ca38]
Event: 434071.005 Thread 0x00000247b2d78000 16322       4       oracle.net.ns.NIOPacket::readPacketFromSocketChannel (138 bytes)
Event: 434071.036 Thread 0x00000247b2d78000 nmethod 16322 0x00000247a08c2950 code [0x00000247a08c2ca0, 0x00000247a08c4798]
Event: 434087.295 Thread 0x00000247b2dc8000 16323   !   4       java.util.concurrent.LinkedBlockingQueue::signalNotEmpty (33 bytes)
Event: 434087.302 Thread 0x00000247b2dc8000 nmethod 16323 0x000002479fce9090 code [0x000002479fce9240, 0x000002479fce9960]
Event: 434100.617 Thread 0x00000247b2dc9000 16324       3       java.util.concurrent.ConcurrentHashMap$ValueSpliterator::forEachRemaining (35 bytes)
Event: 434100.617 Thread 0x00000247b2dc9000 nmethod 16324 0x000002479efabbd0 code [0x000002479efabd60, 0x000002479efac1d0]
Event: 434127.510 Thread 0x00000247b2dc8000 16325       4       java.io.ObjectStreamClass::getFields (22 bytes)
Event: 434127.511 Thread 0x00000247b2dc8000 nmethod 16325 0x00000247a058ffd0 code [0x00000247a0590100, 0x00000247a0590178]
Event: 434130.444 Thread 0x00000247b2d77000 16326   !   4       oracle.jdbc.driver.T4CConnection::checkEndReplayCallback (127 bytes)
Event: 434130.445 Thread 0x00000247b2d77000 nmethod 16326 0x00000247a02f51d0 code [0x00000247a02f5300, 0x00000247a02f5378]
Event: 434140.519 Thread 0x00000247b2dc8000 16327       4       java.security.AccessControlContext::combine (205 bytes)
Event: 434140.525 Thread 0x00000247b2dc8000 nmethod 16327 0x000002479e90d0d0 code [0x000002479e90d220, 0x000002479e90d818]
Event: 434154.130 Thread 0x00000247b2d77000 16328       4       java.security.AccessControlContext::calculateFields (89 bytes)
Event: 434154.132 Thread 0x00000247b2d77000 nmethod 16328 0x000002479f2ea390 code [0x000002479f2ea4e0, 0x000002479f2ea698]
Event: 434424.607 Thread 0x00000247b2dc9000 16329 % !   3       java.util.concurrent.ThreadPoolExecutor::runWorker @ 21 (225 bytes)
Event: 434424.609 Thread 0x00000247b2dc9000 nmethod 16329% 0x000002479e6788d0 code [0x000002479e678c00, 0x000002479e67a790]
Event: 434427.125 Thread 0x00000247b2d78000 16330   !   4       oracle.jdbc.driver.PhysicalConnection::pingDatabase (79 bytes)
Event: 434427.144 Thread 0x00000247b2d78000 nmethod 16330 0x00000247a0e8f590 code [0x00000247a0e8f820, 0x00000247a0e91360]
Event: 434447.265 Thread 0x00000247b2dc8000 16331   !   4       sun.nio.ch.SocketChannelImpl::read (389 bytes)
Event: 434447.279 Thread 0x00000247b2dc8000 nmethod 16331 0x00000247a04b4a50 code [0x00000247a04b4c20, 0x00000247a04b65d0]
Event: 434457.499 Thread 0x00000247b2dc9000 16332       3       java.io.ObjectStreamClass::getPrimFieldValues (10 bytes)
Event: 434457.500 Thread 0x00000247b2dc9000 nmethod 16332 0x00000247a0e8f190 code [0x00000247a0e8f300, 0x00000247a0e8f490]
Event: 434457.501 Thread 0x00000247b2dc9000 16333       3       java.io.ObjectStreamClass::getObjFieldValues (10 bytes)
Event: 434457.501 Thread 0x00000247b2dc9000 nmethod 16333 0x00000247a0010350 code [0x00000247a00104c0, 0x00000247a0010650]
Event: 434463.875 Thread 0x00000247b2d78000 16334   !   4       oracle.jdbc.driver.T4CMAREngineNIO::prepareForUnmarshall (151 bytes)
Event: 434463.885 Thread 0x00000247b2d78000 nmethod 16334 0x00000247a0caed90 code [0x00000247a0caefc0, 0x00000247a0cafa30]
Event: 434472.499 Thread 0x00000247b2dc9000 16335   !   3       java.io.ObjectOutputStream::defaultWriteFields (270 bytes)
Event: 434472.500 Thread 0x00000247b2dc9000 nmethod 16335 0x00000247a01631d0 code [0x00000247a0163440, 0x00000247a0164140]
Event: 434472.501 Thread 0x00000247b2dc9000 16336       3       java.io.ObjectStreamClass::checkDefaultSerialize (20 bytes)
Event: 434472.501 Thread 0x00000247b2dc9000 nmethod 16336 0x000002479ee22a90 code [0x000002479ee22c40, 0x000002479ee230a0]
Event: 434576.194 Thread 0x00000247b2dc8000 16337       4       oracle.jdbc.driver.T4CMAREngineNIO::unmarshalUB1 (22 bytes)
Event: 434576.196 Thread 0x00000247b2dc8000 nmethod 16337 0x000002479f1fe350 code [0x000002479f1fe4a0, 0x000002479f1fe5c8]
Event: 434772.490 Thread 0x00000247b2d77000 16338  s    4       sun.net.www.http.PosterOutputStream::close (10 bytes)
Event: 434772.491 Thread 0x00000247b2d77000 nmethod 16338 0x00000247a04bc410 code [0x00000247a04bc540, 0x00000247a04bc738]
Event: 434922.494 Thread 0x00000247b2dc9000 16339       3       java.util.zip.GZIPInputStream::close (22 bytes)
Event: 434922.495 Thread 0x00000247b2dc9000 nmethod 16339 0x000002479ed89290 code [0x000002479ed89420, 0x000002479ed897a0]
Event: 434940.011 Thread 0x00000247b2dc9000 16340   !   3       java.util.concurrent.ThreadPoolExecutor::runWorker (225 bytes)
Event: 434940.012 Thread 0x00000247b2dc9000 nmethod 16340 0x00000247a0ae4710 code [0x00000247a0ae4a40, 0x00000247a0ae6640]
Event: 434982.492 Thread 0x00000247b2dc9000 16341       3       java.util.zip.GZIPInputStream::<init> (9 bytes)
Event: 434982.492 Thread 0x00000247b2dc9000 nmethod 16341 0x000002479f9bd090 code [0x000002479f9bd200, 0x000002479f9bd390]
Event: 434997.484 Thread 0x00000247b2dc8000 16342   !   4       com.acesw.appletservlet.ACERequestAdapter$1::run (771 bytes)
Event: 434997.484 Thread 0x00000247b2dc9000 16343       3       com.acesw.appletservlet.HttpMessage::<init> (20 bytes)
Event: 434997.485 Thread 0x00000247b2dc9000 nmethod 16343 0x00000247a0801810 code [0x00000247a0801960, 0x00000247a0801b58]
Event: 434997.836 Thread 0x00000247b2dc8000 nmethod 16342 0x00000247a10dd3d0 code [0x00000247a10ddbe0, 0x00000247a10e6fa8]
Event: 435052.356 Thread 0x00000247b2d78000 16344       4       com.zaxxer.hikari.pool.HikariPool::getIdleConnections (9 bytes)
Event: 435052.360 Thread 0x00000247b2d78000 nmethod 16344 0x000002479f04dfd0 code [0x000002479f04e120, 0x000002479f04e378]
Event: 435182.101 Thread 0x00000247b2dc8000 16345       4       oracle.net.nt.TcpNTAdapter::setOption (158 bytes)
Event: 435182.113 Thread 0x00000247b2dc8000 nmethod 16345 0x000002479ed09990 code [0x000002479ed09b80, 0x000002479ed0aa68]
Event: 435192.669 Thread 0x00000247b2d78000 16346   !   4       oracle.jdbc.driver.T4CTTIfun::receive (740 bytes)
Event: 435192.700 Thread 0x00000247b2d78000 nmethod 16346 0x00000247a109b090 code [0x00000247a109b5e0, 0x00000247a109d050]
Event: 435194.681 Thread 0x00000247b2d77000 16347       4       oracle.jdbc.driver.T4CConnection::enterMarshalling (46 bytes)
Event: 435194.682 Thread 0x00000247b2d77000 nmethod 16347 0x000002479e678410 code [0x000002479e678560, 0x000002479e678688]
Event: 435326.226 Thread 0x00000247b2d78000 16348       4       java.util.TimSort::sort (229 bytes)
Event: 435326.237 Thread 0x00000247b2d78000 nmethod 16348 0x000002479ed11e50 code [0x000002479ed12040, 0x000002479ed12f40]
Event: 435419.348 Thread 0x00000247b2d77000 16349   !   4       oracle.jdbc.driver.T4CTTIfun::doRPC (264 bytes)
Event: 435419.363 Thread 0x00000247b2d77000 nmethod 16349 0x00000247a0b51f90 code [0x00000247a0b521c0, 0x00000247a0b53130]
Event: 435497.295 Thread 0x00000247b2dc9000 16350   !   3       java.util.concurrent.LinkedBlockingQueue::offer (130 bytes)
Event: 435497.296 Thread 0x00000247b2dc9000 nmethod 16350 0x00000247a070df10 code [0x00000247a070e1c0, 0x00000247a070f790]
Event: 435567.471 Thread 0x00000247b2dc8000 16352       4       com.acesw.appletservlet.ACERequestAdapter$1::<init> (16 bytes)
Event: 435567.471 Thread 0x00000247b2dc9000 16351   !   3       com.acesw.appletservlet.ACERequestAdapter::send (565 bytes)
Event: 435567.473 Thread 0x00000247b2dc8000 nmethod 16352 0x000002479f335c90 code [0x000002479f335de0, 0x000002479f335f48]
Event: 435567.476 Thread 0x00000247b2dc9000 nmethod 16351 0x00000247a0da4a90 code [0x00000247a0da5420, 0x00000247a0dac7f0]
Event: 435690.486 Thread 0x00000247b2d78000 16353       4       java.util.concurrent.ThreadPoolExecutor::isRunning (10 bytes)
Event: 435690.487 Thread 0x00000247b2d78000 nmethod 16353 0x00000247a039ea10 code [0x00000247a039eb40, 0x00000247a039eb98]
Event: 435702.467 Thread 0x00000247b2dc9000 16354   !   3       ai.pelican.camel.license.PulseTask::customRun (610 bytes)
Event: 435702.472 Thread 0x00000247b2dc9000 nmethod 16354 0x00000247a0dfe090 code [0x00000247a0dfeb20, 0x00000247a0e068f0]
Event: 435806.215 Thread 0x00000247b2dc9000 16355       3       org.apache.camel.component.timer.TimerConsumer::onCamelContextStarted (33 bytes)
Event: 435806.216 Thread 0x00000247b2dc9000 nmethod 16355 0x00000247a046e190 code [0x00000247a046e320, 0x00000247a046e7c0]
Event: 435836.211 Thread 0x00000247b2dc8000 16356       4       com.hazelcast.internal.serialization.impl.AbstractSerializationService::toData (36 bytes)
Event: 435836.249 Thread 0x00000247b2dc8000 nmethod 16356 0x00000247a0d86510 code [0x00000247a0d86840, 0x00000247a0d882e8]
Event: 436016.205 Thread 0x00000247b2d77000 16357       4       org.apache.camel.component.timer.TimerEndpoint::getRepeatCount (5 bytes)
Event: 436016.206 Thread 0x00000247b2d77000 nmethod 16357 0x00000247a03cf210 code [0x00000247a03cf340, 0x00000247a03cf398]
Event: 436046.204 Thread 0x00000247b2dc8000 16358       4       org.apache.camel.component.timer.TimerConsumer::isTaskRunAllowed (38 bytes)
Event: 436046.208 Thread 0x00000247b2dc8000 nmethod 16358 0x00000247a033c790 code [0x00000247a033c920, 0x00000247a033ce28]
Event: 436076.205 Thread 0x00000247b2dc9000 16359   !   3       org.apache.camel.impl.DefaultCamelContext::doStartOrResumeRoutes (235 bytes)
Event: 436076.207 Thread 0x00000247b2dc9000 nmethod 16359 0x00000247a0937550 code [0x00000247a0937900, 0x00000247a093a060]
Event: 436169.050 Thread 0x00000247b2d77000 16360       4       java.security.AccessControlContext::optimize (318 bytes)
Event: 436169.059 Thread 0x00000247b2d77000 nmethod 16360 0x00000247a0a47610 code [0x00000247a0a47780, 0x00000247a0a48028]
Event: 436317.454 Thread 0x00000247b2d78000 16361       4       java.io.ObjectOutputStream$BlockDataOutputStream::writeInt (46 bytes)
Event: 436317.455 Thread 0x00000247b2d78000 nmethod 16361 0x000002479f8d5990 code [0x000002479f8d5ae0, 0x000002479f8d5c18]
Event: 436459.438 Thread 0x00000247b2dc8000 16362       4       org.apache.camel.support.ServiceSupport::isRunAllowed (115 bytes)
Event: 436459.441 Thread 0x00000247b2dc8000 nmethod 16362 0x00000247a05bf890 code [0x00000247a05bfa00, 0x00000247a05bfcc8]
Event: 436472.524 Thread 0x00000247b2d78000 16363   !   4       java.util.concurrent.ThreadPoolExecutor::getTask (179 bytes)
Event: 436472.528 Thread 0x00000247b2d78000 nmethod 16363 0x00000247a0696910 code [0x00000247a0696aa0, 0x00000247a0696f08]
Event: 436483.090 Thread 0x00000247b2d77000 16364       4       java.util.IdentityHashMap::put (137 bytes)
Event: 436483.094 Thread 0x00000247b2d77000 nmethod 16364 0x00000247a0156b90 code [0x00000247a0156d00, 0x00000247a0157148]
Event: 436490.639 Thread 0x00000247b2d78000 16365       4       oracle.jdbc.driver.PhysicalConnection::isValid (10 bytes)
Event: 436490.642 Thread 0x00000247b2d78000 nmethod 16365 0x00000247a0d34f50 code [0x00000247a0d350c0, 0x00000247a0d354f0]
Event: 436494.160 Thread 0x00000247b2dc8000 16366   !   4       oracle.net.ns.NIOPacket::readInbandNotificationCtlPacket (751 bytes)
Event: 436494.177 Thread 0x00000247b2dc8000 nmethod 16366 0x00000247a0dfb090 code [0x00000247a0dfb400, 0x00000247a0dfc870]
Event: 436495.167 Thread 0x00000247b2d77000 16367   !   4       org.apache.camel.impl.ScheduledPollConsumer::doRun (668 bytes)
Event: 436495.167 Thread 0x00000247b2d78000 16368   !   4       org.springframework.jdbc.datasource.DataSourceUtils::getConnection (48 bytes)
Event: 436495.186 Thread 0x00000247b2d77000 nmethod 16367 0x00000247a0d0a350 code [0x00000247a0d0a640, 0x00000247a0d0b980]
Event: 436495.238 Thread 0x00000247b2d78000 nmethod 16368 0x00000247a0e4aa50 code [0x00000247a0e4b020, 0x00000247a0e4e9d8]
Event: 436707.444 Thread 0x00000247b2dc8000 16369       4       java.io.ObjectInputStream$BlockDataInputStream::readFully (42 bytes)
Event: 436707.450 Thread 0x00000247b2dc8000 nmethod 16369 0x000002479fce8310 code [0x000002479fce84a0, 0x000002479fce89a8]
Event: 436937.296 Thread 0x00000247b2dc9000 16370       1       java.util.HashMap::afterNodeRemoval (1 bytes)
Event: 436937.296 Thread 0x00000247b2dc9000 nmethod 16370 0x000002479ea6d250 code [0x000002479ea6d3a0, 0x000002479ea6d4b8]
Event: 437062.430 Thread 0x00000247b2dc9000 16371  s    3       com.zaxxer.hikari.pool.HikariPool::fillPool (78 bytes)
Event: 437062.431 Thread 0x00000247b2dc9000 nmethod 16371 0x00000247a0618090 code [0x00000247a0618260, 0x00000247a0618df0]
Event: 437712.410 Thread 0x00000247b2dc8000 16372       4       java.io.ObjectInputStream$BlockDataInputStream::readUTFBody (192 bytes)
Event: 437712.421 Thread 0x00000247b2dc8000 nmethod 16372 0x00000247a07eabd0 code [0x00000247a07eada0, 0x00000247a07eb948]
Event: 437726.151 Thread 0x00000247b2dc9000 16373   !   3       org.apache.camel.impl.DefaultCamelContext::doStartOrResumeRouteConsumers (803 bytes)
Event: 437726.155 Thread 0x00000247b2dc9000 nmethod 16373 0x00000247a10f3d10 code [0x00000247a10f4760, 0x00000247a10fc830]
Event: 437756.148 Thread 0x00000247b2dc9000 16374   !   3       org.apache.camel.component.timer.TimerConsumer$1::run (141 bytes)
Event: 437756.149 Thread 0x00000247b2dc9000 nmethod 16374 0x00000247a0cb6b90 code [0x00000247a0cb6e00, 0x00000247a0cb7cc0]
Event: 438882.373 Thread 0x00000247b2dc8000 16375   !   4       com.sun.crypto.provider.GaloisCounterMode::decryptFinal (304 bytes)
Event: 438882.414 Thread 0x00000247b2dc8000 nmethod 16375 0x00000247a0af5010 code [0x00000247a0af5260, 0x00000247a0af7a50]
Event: 439362.355 Thread 0x00000247b2d78000 16376       4       java.io.ObjectInputStream$HandleTable::markDependency (171 bytes)
Event: 439362.362 Thread 0x00000247b2d78000 nmethod 16376 0x00000247a07c5810 code [0x00000247a07c59a0, 0x00000247a07c6068]
Event: 439962.335 Thread 0x00000247b2dc8000 16377   !   4       java.io.PrintStream::write (69 bytes)
Event: 439962.339 Thread 0x00000247b2dc8000 nmethod 16377 0x000002479ecb15d0 code [0x000002479ecb1740, 0x000002479ecb1f08]
Event: 440067.333 Thread 0x00000247b2d78000 16378       4       sun.nio.cs.StreamEncoder::writeBytes (132 bytes)
Event: 440067.339 Thread 0x00000247b2d78000 nmethod 16378 0x00000247a0d3a550 code [0x00000247a0d3a6e0, 0x00000247a0d3b048]
Event: 440892.311 Thread 0x00000247b2dc8000 16379       4       java.io.ObjectStreamClass$FieldReflector::getObjFieldValues (99 bytes)
Event: 440892.313 Thread 0x00000247b2dc8000 nmethod 16379 0x00000247a04f0a90 code [0x00000247a04f0be0, 0x00000247a04f0e38]
Event: 440993.977 Thread 0x00000247b2d78000 16380       4       java.util.regex.Pattern::newSlice (181 bytes)
Event: 440993.984 Thread 0x00000247b2d78000 nmethod 16380 0x00000247a05518d0 code [0x00000247a0551a60, 0x00000247a05521b8]
Event: 441018.124 Thread 0x00000247b2dc8000 16381       4       java.util.concurrent.FutureTask::set (36 bytes)
Event: 441018.126 Thread 0x00000247b2dc8000 nmethod 16381 0x00000247a07c5450 code [0x00000247a07c55a0, 0x00000247a07c56e8]
Event: 441018.197 Thread 0x00000247b2dc9000 16382   !   3       java.util.concurrent.FutureTask::run (126 bytes)
Event: 441018.197 Thread 0x00000247b2dc9000 nmethod 16382 0x00000247a0590850 code [0x00000247a0590a40, 0x00000247a0591390]
Event: 441028.723 Thread 0x00000247b2dc9000 16383       3       java.util.concurrent.FutureTask::finishCompletion (74 bytes)
Event: 441028.724 Thread 0x00000247b2dc9000 nmethod 16383 0x00000247a109a710 code [0x00000247a109a8c0, 0x00000247a109aed0]
Event: 441043.905 Thread 0x00000247b2d77000 16384       4       oracle.net.ns.ClientProfile::setANOVersion (58 bytes)
Event: 441043.906 Thread 0x00000247b2d77000 nmethod 16384 0x000002479f827250 code [0x000002479f827380, 0x000002479f827438]
Event: 441046.154 Thread 0x00000247b2dc9000 16385       3       java.util.concurrent.ThreadPoolExecutor::execute (132 bytes)
Event: 441046.154 Thread 0x00000247b2dc9000 nmethod 16385 0x00000247a02d7550 code [0x00000247a02d77a0, 0x00000247a02d8790]
Event: 441046.218 Thread 0x00000247b2dc9000 16386   !   3       java.util.concurrent.LinkedBlockingQueue::poll (134 bytes)
Event: 441046.219 Thread 0x00000247b2dc9000 nmethod 16386 0x00000247a0d8fdd0 code [0x00000247a0d900e0, 0x00000247a0d91a20]
Event: 441177.305 Thread 0x00000247b2d78000 16387       4       java.io.ObjectStreamClass$FieldReflector::getPrimFieldValues (317 bytes)
Event: 441177.309 Thread 0x00000247b2d78000 nmethod 16387 0x000002479fff1750 code [0x000002479fff1a00, 0x000002479fff1e40]
Event: 441732.288 Thread 0x00000247b2dc8000 16388   !   4       java.io.ObjectOutputStream::writeObject0 (619 bytes)
Event: 441732.361 Thread 0x00000247b2dc8000 nmethod 16388 0x00000247a1101cd0 code [0x00000247a11021a0, 0x00000247a1105ba0]
Event: 442212.282 Thread 0x00000247b2d78000 16389       4       java.io.ObjectInputStream$BlockDataInputStream::readInt (73 bytes)
Event: 442212.286 Thread 0x00000247b2d78000 nmethod 16389 0x000002479e74a490 code [0x000002479e74a620, 0x000002479e74aa88]
Event: 442692.269 Thread 0x00000247b2d77000 16390       4       java.io.ObjectInputStream$HandleTable::finish (111 bytes)
Event: 442692.271 Thread 0x00000247b2d77000 nmethod 16390 0x000002479fce7f90 code [0x000002479fce80e0, 0x000002479fce8218]
Event: 442842.260 Thread 0x00000247b2d78000 16391       4       java.io.ObjectOutputStream::writeTypeString (40 bytes)
Event: 442842.281 Thread 0x00000247b2d78000 nmethod 16391 0x00000247a04c2150 code [0x00000247a04c2320, 0x00000247a04c32e8]
Event: 444325.961 Thread 0x00000247b2d77000 16392       4       org.apache.camel.support.ServiceSupport::getStatus (70 bytes)
Event: 444325.962 Thread 0x00000247b2d77000 nmethod 16392 0x000002479f666190 code [0x000002479f6662e0, 0x000002479f666478]
Event: 444387.218 Thread 0x00000247b2d78000 16393   !   4       java.io.ObjectInputStream::readTypeString (134 bytes)
Event: 444387.234 Thread 0x00000247b2d78000 nmethod 16393 0x00000247a0e71f50 code [0x00000247a0e72280, 0x00000247a0e732c8]
Event: 444522.207 Thread 0x00000247b2d77000 16394       4       sun.security.provider.SHA::implDigest (96 bytes)
Event: 444522.211 Thread 0x00000247b2d77000 nmethod 16394 0x00000247a0be41d0 code [0x00000247a0be4340, 0x00000247a0be4728]
Event: 445367.295 Thread 0x00000247b2d77000 16395       4       java.util.concurrent.locks.AbstractQueuedSynchronizer$ConditionObject::signal (33 bytes)
Event: 445367.299 Thread 0x00000247b2d77000 nmethod 16395 0x000002479f1f4810 code [0x000002479f1f4980, 0x000002479f1f4cc8]
Event: 445857.184 Thread 0x00000247b2d78000 16396   !   4       java.io.ObjectInputStream$BlockDataInputStream::refill (136 bytes)
Event: 445857.193 Thread 0x00000247b2d78000 nmethod 16396 0x00000247a07fd590 code [0x00000247a07fd7a0, 0x00000247a07fe590]
Event: 446580.661 Thread 0x00000247b2d77000 16397       4       java.util.concurrent.ConcurrentHashMap$ValueSpliterator::forEachRemaining (35 bytes)
Event: 446580.666 Thread 0x00000247b2d77000 nmethod 16397 0x000002479e506150 code [0x000002479e5062c0, 0x000002479e506768]
Event: 447342.140 Thread 0x00000247b2dc8000 16398       4       java.io.ObjectInputStream$BlockDataInputStream::readLong (76 bytes)
Event: 447342.144 Thread 0x00000247b2dc8000 nmethod 16398 0x000002479f9ae590 code [0x000002479f9ae720, 0x000002479f9aebc8]
Event: 447852.125 Thread 0x00000247b2d77000 16399       4       java.io.ObjectInputStream::skipCustomData (105 bytes)
Event: 447852.128 Thread 0x00000247b2d77000 nmethod 16399 0x00000247a065b8d0 code [0x00000247a065ba60, 0x00000247a065bce0]
Event: 447908.131 Thread 0x00000247b2dc9000 16400       3       java.io.File::getName (42 bytes)
Event: 447908.131 Thread 0x00000247b2dc8000 16402       4       java.io.WinNTFileSystem::normalize (143 bytes)
Event: 447908.131 Thread 0x00000247b2dc9000 nmethod 16400 0x000002479ec08850 code [0x000002479ec089e0, 0x000002479ec08eb0]
Event: 447908.132 Thread 0x00000247b2dc9000 16401       3       sun.nio.fs.AbstractPath::toFile (12 bytes)
Event: 447908.132 Thread 0x00000247b2dc9000 nmethod 16401 0x000002479fa05590 code [0x000002479fa05700, 0x000002479fa059c0]
Event: 447908.138 Thread 0x00000247b2dc9000 16403       3       org.apache.logging.log4j.core.pattern.PlainTextRenderer::render (7 bytes)
Event: 447908.138 Thread 0x00000247b2dc9000 nmethod 16403 0x00000247a021b950 code [0x00000247a021bac0, 0x00000247a021bd30]

GC Heap History (250 events):
Event: 424442.625 GC heap before
{Heap before GC invocations=2231 (full 4):
 PSYoungGen      total 172544K, used 172000K [0x00000000d5580000, 0x00000000e0000000, 0x0000000100000000)
  eden space 170496K, 100% used [0x00000000d5580000,0x00000000dfc00000,0x00000000dfc00000)
  from space 2048K, 73% used [0x00000000dfe00000,0x00000000dff780a0,0x00000000e0000000)
  to   space 2048K, 0% used [0x00000000dfc00000,0x00000000dfc00000,0x00000000dfe00000)
 ParOldGen       total 701952K, used 76237K [0x0000000080000000, 0x00000000aad80000, 0x00000000d5580000)
  object space 701952K, 10% used [0x0000000080000000,0x0000000084a734d8,0x00000000aad80000)
 Metaspace       used 101605K, capacity 105574K, committed 105856K, reserved 1142784K
  class space    used 12500K, capacity 13381K, committed 13440K, reserved 1048576K
Event: 424442.629 GC heap after
Heap after GC invocations=2231 (full 4):
 PSYoungGen      total 172544K, used 1600K [0x00000000d5580000, 0x00000000e0000000, 0x0000000100000000)
  eden space 170496K, 0% used [0x00000000d5580000,0x00000000d5580000,0x00000000dfc00000)
  from space 2048K, 78% used [0x00000000dfc00000,0x00000000dfd900a0,0x00000000dfe00000)
  to   space 2048K, 0% used [0x00000000dfe00000,0x00000000dfe00000,0x00000000e0000000)
 ParOldGen       total 701952K, used 76237K [0x0000000080000000, 0x00000000aad80000, 0x00000000d5580000)
  object space 701952K, 10% used [0x0000000080000000,0x0000000084a734d8,0x00000000aad80000)
 Metaspace       used 101605K, capacity 105574K, committed 105856K, reserved 1142784K
  class space    used 12500K, capacity 13381K, committed 13440K, reserved 1048576K
}
Event: 424630.246 GC heap before
{Heap before GC invocations=2232 (full 4):
 PSYoungGen      total 172544K, used 172096K [0x00000000d5580000, 0x00000000e0000000, 0x0000000100000000)
  eden space 170496K, 100% used [0x00000000d5580000,0x00000000dfc00000,0x00000000dfc00000)
  from space 2048K, 78% used [0x00000000dfc00000,0x00000000dfd900a0,0x00000000dfe00000)
  to   space 2048K, 0% used [0x00000000dfe00000,0x00000000dfe00000,0x00000000e0000000)
 ParOldGen       total 701952K, used 76237K [0x0000000080000000, 0x00000000aad80000, 0x00000000d5580000)
  object space 701952K, 10% used [0x0000000080000000,0x0000000084a734d8,0x00000000aad80000)
 Metaspace       used 101605K, capacity 105574K, committed 105856K, reserved 1142784K
  class space    used 12500K, capacity 13381K, committed 13440K, reserved 1048576K
Event: 424630.249 GC heap after
Heap after GC invocations=2232 (full 4):
 PSYoungGen      total 172544K, used 1520K [0x00000000d5580000, 0x00000000e0000000, 0x0000000100000000)
  eden space 170496K, 0% used [0x00000000d5580000,0x00000000d5580000,0x00000000dfc00000)
  from space 2048K, 74% used [0x00000000dfe00000,0x00000000dff7c090,0x00000000e0000000)
  to   space 2048K, 0% used [0x00000000dfc00000,0x00000000dfc00000,0x00000000dfe00000)
 ParOldGen       total 701952K, used 76237K [0x0000000080000000, 0x00000000aad80000, 0x00000000d5580000)
  object space 701952K, 10% used [0x0000000080000000,0x0000000084a734d8,0x00000000aad80000)
 Metaspace       used 101605K, capacity 105574K, committed 105856K, reserved 1142784K
  class space    used 12500K, capacity 13381K, committed 13440K, reserved 1048576K
}
Event: 424815.399 GC heap before
{Heap before GC invocations=2233 (full 4):
 PSYoungGen      total 172544K, used 172016K [0x00000000d5580000, 0x00000000e0000000, 0x0000000100000000)
  eden space 170496K, 100% used [0x00000000d5580000,0x00000000dfc00000,0x00000000dfc00000)
  from space 2048K, 74% used [0x00000000dfe00000,0x00000000dff7c090,0x00000000e0000000)
  to   space 2048K, 0% used [0x00000000dfc00000,0x00000000dfc00000,0x00000000dfe00000)
 ParOldGen       total 701952K, used 76237K [0x0000000080000000, 0x00000000aad80000, 0x00000000d5580000)
  object space 701952K, 10% used [0x0000000080000000,0x0000000084a734d8,0x00000000aad80000)
 Metaspace       used 101605K, capacity 105574K, committed 105856K, reserved 1142784K
  class space    used 12500K, capacity 13381K, committed 13440K, reserved 1048576K
Event: 424815.403 GC heap after
Heap after GC invocations=2233 (full 4):
 PSYoungGen      total 172544K, used 1616K [0x00000000d5580000, 0x00000000e0000000, 0x0000000100000000)
  eden space 170496K, 0% used [0x00000000d5580000,0x00000000d5580000,0x00000000dfc00000)
  from space 2048K, 78% used [0x00000000dfc00000,0x00000000dfd94090,0x00000000dfe00000)
  to   space 2048K, 0% used [0x00000000dfe00000,0x00000000dfe00000,0x00000000e0000000)
 ParOldGen       total 701952K, used 76237K [0x0000000080000000, 0x00000000aad80000, 0x00000000d5580000)
  object space 701952K, 10% used [0x0000000080000000,0x0000000084a734d8,0x00000000aad80000)
 Metaspace       used 101605K, capacity 105574K, committed 105856K, reserved 1142784K
  class space    used 12500K, capacity 13381K, committed 13440K, reserved 1048576K
}
Event: 425002.567 GC heap before
{Heap before GC invocations=2234 (full 4):
 PSYoungGen      total 172544K, used 172112K [0x00000000d5580000, 0x00000000e0000000, 0x0000000100000000)
  eden space 170496K, 100% used [0x00000000d5580000,0x00000000dfc00000,0x00000000dfc00000)
  from space 2048K, 78% used [0x00000000dfc00000,0x00000000dfd94090,0x00000000dfe00000)
  to   space 2048K, 0% used [0x00000000dfe00000,0x00000000dfe00000,0x00000000e0000000)
 ParOldGen       total 701952K, used 76237K [0x0000000080000000, 0x00000000aad80000, 0x00000000d5580000)
  object space 701952K, 10% used [0x0000000080000000,0x0000000084a734d8,0x00000000aad80000)
 Metaspace       used 101605K, capacity 105574K, committed 105856K, reserved 1142784K
  class space    used 12500K, capacity 13381K, committed 13440K, reserved 1048576K
Event: 425002.570 GC heap after
Heap after GC invocations=2234 (full 4):
 PSYoungGen      total 172544K, used 1744K [0x00000000d5580000, 0x00000000e0000000, 0x0000000100000000)
  eden space 170496K, 0% used [0x00000000d5580000,0x00000000d5580000,0x00000000dfc00000)
  from space 2048K, 85% used [0x00000000dfe00000,0x00000000dffb4070,0x00000000e0000000)
  to   space 2048K, 0% used [0x00000000dfc00000,0x00000000dfc00000,0x00000000dfe00000)
 ParOldGen       total 701952K, used 76237K [0x0000000080000000, 0x00000000aad80000, 0x00000000d5580000)
  object space 701952K, 10% used [0x0000000080000000,0x0000000084a734d8,0x00000000aad80000)
 Metaspace       used 101605K, capacity 105574K, committed 105856K, reserved 1142784K
  class space    used 12500K, capacity 13381K, committed 13440K, reserved 1048576K
}
Event: 425190.274 GC heap before
{Heap before GC invocations=2235 (full 4):
 PSYoungGen      total 172544K, used 172240K [0x00000000d5580000, 0x00000000e0000000, 0x0000000100000000)
  eden space 170496K, 100% used [0x00000000d5580000,0x00000000dfc00000,0x00000000dfc00000)
  from space 2048K, 85% used [0x00000000dfe00000,0x00000000dffb4070,0x00000000e0000000)
  to   space 2048K, 0% used [0x00000000dfc00000,0x00000000dfc00000,0x00000000dfe00000)
 ParOldGen       total 701952K, used 76237K [0x0000000080000000, 0x00000000aad80000, 0x00000000d5580000)
  object space 701952K, 10% used [0x0000000080000000,0x0000000084a734d8,0x00000000aad80000)
 Metaspace       used 101605K, capacity 105574K, committed 105856K, reserved 1142784K
  class space    used 12500K, capacity 13381K, committed 13440K, reserved 1048576K
Event: 425190.277 GC heap after
Heap after GC invocations=2235 (full 4):
 PSYoungGen      total 172544K, used 1600K [0x00000000d5580000, 0x00000000e0000000, 0x0000000100000000)
  eden space 170496K, 0% used [0x00000000d5580000,0x00000000d5580000,0x00000000dfc00000)
  from space 2048K, 78% used [0x00000000dfc00000,0x00000000dfd900a0,0x00000000dfe00000)
  to   space 2048K, 0% used [0x00000000dfe00000,0x00000000dfe00000,0x00000000e0000000)
 ParOldGen       total 701952K, used 76237K [0x0000000080000000, 0x00000000aad80000, 0x00000000d5580000)
  object space 701952K, 10% used [0x0000000080000000,0x0000000084a734d8,0x00000000aad80000)
 Metaspace       used 101605K, capacity 105574K, committed 105856K, reserved 1142784K
  class space    used 12500K, capacity 13381K, committed 13440K, reserved 1048576K
}
Event: 425378.444 GC heap before
{Heap before GC invocations=2236 (full 4):
 PSYoungGen      total 172544K, used 172096K [0x00000000d5580000, 0x00000000e0000000, 0x0000000100000000)
  eden space 170496K, 100% used [0x00000000d5580000,0x00000000dfc00000,0x00000000dfc00000)
  from space 2048K, 78% used [0x00000000dfc00000,0x00000000dfd900a0,0x00000000dfe00000)
  to   space 2048K, 0% used [0x00000000dfe00000,0x00000000dfe00000,0x00000000e0000000)
 ParOldGen       total 701952K, used 76237K [0x0000000080000000, 0x00000000aad80000, 0x00000000d5580000)
  object space 701952K, 10% used [0x0000000080000000,0x0000000084a734d8,0x00000000aad80000)
 Metaspace       used 101605K, capacity 105574K, committed 105856K, reserved 1142784K
  class space    used 12500K, capacity 13381K, committed 13440K, reserved 1048576K
Event: 425378.448 GC heap after
Heap after GC invocations=2236 (full 4):
 PSYoungGen      total 172544K, used 1520K [0x00000000d5580000, 0x00000000e0000000, 0x0000000100000000)
  eden space 170496K, 0% used [0x00000000d5580000,0x00000000d5580000,0x00000000dfc00000)
  from space 2048K, 74% used [0x00000000dfe00000,0x00000000dff7c090,0x00000000e0000000)
  to   space 2048K, 0% used [0x00000000dfc00000,0x00000000dfc00000,0x00000000dfe00000)
 ParOldGen       total 701952K, used 76237K [0x0000000080000000, 0x00000000aad80000, 0x00000000d5580000)
  object space 701952K, 10% used [0x0000000080000000,0x0000000084a734d8,0x00000000aad80000)
 Metaspace       used 101605K, capacity 105574K, committed 105856K, reserved 1142784K
  class space    used 12500K, capacity 13381K, committed 13440K, reserved 1048576K
}
Event: 425566.527 GC heap before
{Heap before GC invocations=2237 (full 4):
 PSYoungGen      total 172544K, used 172016K [0x00000000d5580000, 0x00000000e0000000, 0x0000000100000000)
  eden space 170496K, 100% used [0x00000000d5580000,0x00000000dfc00000,0x00000000dfc00000)
  from space 2048K, 74% used [0x00000000dfe00000,0x00000000dff7c090,0x00000000e0000000)
  to   space 2048K, 0% used [0x00000000dfc00000,0x00000000dfc00000,0x00000000dfe00000)
 ParOldGen       total 701952K, used 76237K [0x0000000080000000, 0x00000000aad80000, 0x00000000d5580000)
  object space 701952K, 10% used [0x0000000080000000,0x0000000084a734d8,0x00000000aad80000)
 Metaspace       used 101605K, capacity 105574K, committed 105856K, reserved 1142784K
  class space    used 12500K, capacity 13381K, committed 13440K, reserved 1048576K
Event: 425566.531 GC heap after
Heap after GC invocations=2237 (full 4):
 PSYoungGen      total 172544K, used 1616K [0x00000000d5580000, 0x00000000e0000000, 0x0000000100000000)
  eden space 170496K, 0% used [0x00000000d5580000,0x00000000d5580000,0x00000000dfc00000)
  from space 2048K, 78% used [0x00000000dfc00000,0x00000000dfd940b0,0x00000000dfe00000)
  to   space 2048K, 0% used [0x00000000dfe00000,0x00000000dfe00000,0x00000000e0000000)
 ParOldGen       total 701952K, used 76237K [0x0000000080000000, 0x00000000aad80000, 0x00000000d5580000)
  object space 701952K, 10% used [0x0000000080000000,0x0000000084a734d8,0x00000000aad80000)
 Metaspace       used 101605K, capacity 105574K, committed 105856K, reserved 1142784K
  class space    used 12500K, capacity 13381K, committed 13440K, reserved 1048576K
}
Event: 425757.190 GC heap before
{Heap before GC invocations=2238 (full 4):
 PSYoungGen      total 172544K, used 172112K [0x00000000d5580000, 0x00000000e0000000, 0x0000000100000000)
  eden space 170496K, 100% used [0x00000000d5580000,0x00000000dfc00000,0x00000000dfc00000)
  from space 2048K, 78% used [0x00000000dfc00000,0x00000000dfd940b0,0x00000000dfe00000)
  to   space 2048K, 0% used [0x00000000dfe00000,0x00000000dfe00000,0x00000000e0000000)
 ParOldGen       total 701952K, used 76237K [0x0000000080000000, 0x00000000aad80000, 0x00000000d5580000)
  object space 701952K, 10% used [0x0000000080000000,0x0000000084a734d8,0x00000000aad80000)
 Metaspace       used 101605K, capacity 105574K, committed 105856K, reserved 1142784K
  class space    used 12500K, capacity 13381K, committed 13440K, reserved 1048576K
Event: 425757.193 GC heap after
Heap after GC invocations=2238 (full 4):
 PSYoungGen      total 172544K, used 1504K [0x00000000d5580000, 0x00000000e0000000, 0x0000000100000000)
  eden space 170496K, 0% used [0x00000000d5580000,0x00000000d5580000,0x00000000dfc00000)
  from space 2048K, 73% used [0x00000000dfe00000,0x00000000dff780a0,0x00000000e0000000)
  to   space 2048K, 0% used [0x00000000dfc00000,0x00000000dfc00000,0x00000000dfe00000)
 ParOldGen       total 701952K, used 76237K [0x0000000080000000, 0x00000000aad80000, 0x00000000d5580000)
  object space 701952K, 10% used [0x0000000080000000,0x0000000084a734d8,0x00000000aad80000)
 Metaspace       used 101605K, capacity 105574K, committed 105856K, reserved 1142784K
  class space    used 12500K, capacity 13381K, committed 13440K, reserved 1048576K
}
Event: 425945.352 GC heap before
{Heap before GC invocations=2239 (full 4):
 PSYoungGen      total 172544K, used 172000K [0x00000000d5580000, 0x00000000e0000000, 0x0000000100000000)
  eden space 170496K, 100% used [0x00000000d5580000,0x00000000dfc00000,0x00000000dfc00000)
  from space 2048K, 73% used [0x00000000dfe00000,0x00000000dff780a0,0x00000000e0000000)
  to   space 2048K, 0% used [0x00000000dfc00000,0x00000000dfc00000,0x00000000dfe00000)
 ParOldGen       total 701952K, used 76237K [0x0000000080000000, 0x00000000aad80000, 0x00000000d5580000)
  object space 701952K, 10% used [0x0000000080000000,0x0000000084a734d8,0x00000000aad80000)
 Metaspace       used 101605K, capacity 105574K, committed 105856K, reserved 1142784K
  class space    used 12500K, capacity 13381K, committed 13440K, reserved 1048576K
Event: 425945.356 GC heap after
Heap after GC invocations=2239 (full 4):
 PSYoungGen      total 172544K, used 1616K [0x00000000d5580000, 0x00000000e0000000, 0x0000000100000000)
  eden space 170496K, 0% used [0x00000000d5580000,0x00000000d5580000,0x00000000dfc00000)
  from space 2048K, 78% used [0x00000000dfc00000,0x00000000dfd94090,0x00000000dfe00000)
  to   space 2048K, 0% used [0x00000000dfe00000,0x00000000dfe00000,0x00000000e0000000)
 ParOldGen       total 701952K, used 76237K [0x0000000080000000, 0x00000000aad80000, 0x00000000d5580000)
  object space 701952K, 10% used [0x0000000080000000,0x0000000084a734d8,0x00000000aad80000)
 Metaspace       used 101605K, capacity 105574K, committed 105856K, reserved 1142784K
  class space    used 12500K, capacity 13381K, committed 13440K, reserved 1048576K
}
Event: 426134.525 GC heap before
{Heap before GC invocations=2240 (full 4):
 PSYoungGen      total 172544K, used 172112K [0x00000000d5580000, 0x00000000e0000000, 0x0000000100000000)
  eden space 170496K, 100% used [0x00000000d5580000,0x00000000dfc00000,0x00000000dfc00000)
  from space 2048K, 78% used [0x00000000dfc00000,0x00000000dfd94090,0x00000000dfe00000)
  to   space 2048K, 0% used [0x00000000dfe00000,0x00000000dfe00000,0x00000000e0000000)
 ParOldGen       total 701952K, used 76237K [0x0000000080000000, 0x00000000aad80000, 0x00000000d5580000)
  object space 701952K, 10% used [0x0000000080000000,0x0000000084a734d8,0x00000000aad80000)
 Metaspace       used 101605K, capacity 105574K, committed 105856K, reserved 1142784K
  class space    used 12500K, capacity 13381K, committed 13440K, reserved 1048576K
Event: 426134.528 GC heap after
Heap after GC invocations=2240 (full 4):
 PSYoungGen      total 172544K, used 1536K [0x00000000d5580000, 0x00000000e0000000, 0x0000000100000000)
  eden space 170496K, 0% used [0x00000000d5580000,0x00000000d5580000,0x00000000dfc00000)
  from space 2048K, 75% used [0x00000000dfe00000,0x00000000dff800a0,0x00000000e0000000)
  to   space 2048K, 0% used [0x00000000dfc00000,0x00000000dfc00000,0x00000000dfe00000)
 ParOldGen       total 701952K, used 76237K [0x0000000080000000, 0x00000000aad80000, 0x00000000d5580000)
  object space 701952K, 10% used [0x0000000080000000,0x0000000084a734d8,0x00000000aad80000)
 Metaspace       used 101605K, capacity 105574K, committed 105856K, reserved 1142784K
  class space    used 12500K, capacity 13381K, committed 13440K, reserved 1048576K
}
Event: 426323.681 GC heap before
{Heap before GC invocations=2241 (full 4):
 PSYoungGen      total 172544K, used 172032K [0x00000000d5580000, 0x00000000e0000000, 0x0000000100000000)
  eden space 170496K, 100% used [0x00000000d5580000,0x00000000dfc00000,0x00000000dfc00000)
  from space 2048K, 75% used [0x00000000dfe00000,0x00000000dff800a0,0x00000000e0000000)
  to   space 2048K, 0% used [0x00000000dfc00000,0x00000000dfc00000,0x00000000dfe00000)
 ParOldGen       total 701952K, used 76237K [0x0000000080000000, 0x00000000aad80000, 0x00000000d5580000)
  object space 701952K, 10% used [0x0000000080000000,0x0000000084a734d8,0x00000000aad80000)
 Metaspace       used 101605K, capacity 105574K, committed 105856K, reserved 1142784K
  class space    used 12500K, capacity 13381K, committed 13440K, reserved 1048576K
Event: 426323.685 GC heap after
Heap after GC invocations=2241 (full 4):
 PSYoungGen      total 172544K, used 1520K [0x00000000d5580000, 0x00000000e0000000, 0x0000000100000000)
  eden space 170496K, 0% used [0x00000000d5580000,0x00000000d5580000,0x00000000dfc00000)
  from space 2048K, 74% used [0x00000000dfc00000,0x00000000dfd7c090,0x00000000dfe00000)
  to   space 2048K, 0% used [0x00000000dfe00000,0x00000000dfe00000,0x00000000e0000000)
 ParOldGen       total 701952K, used 76237K [0x0000000080000000, 0x00000000aad80000, 0x00000000d5580000)
  object space 701952K, 10% used [0x0000000080000000,0x0000000084a734d8,0x00000000aad80000)
 Metaspace       used 101605K, capacity 105574K, committed 105856K, reserved 1142784K
  class space    used 12500K, capacity 13381K, committed 13440K, reserved 1048576K
}
Event: 426510.456 GC heap before
{Heap before GC invocations=2242 (full 4):
 PSYoungGen      total 172544K, used 172016K [0x00000000d5580000, 0x00000000e0000000, 0x0000000100000000)
  eden space 170496K, 100% used [0x00000000d5580000,0x00000000dfc00000,0x00000000dfc00000)
  from space 2048K, 74% used [0x00000000dfc00000,0x00000000dfd7c090,0x00000000dfe00000)
  to   space 2048K, 0% used [0x00000000dfe00000,0x00000000dfe00000,0x00000000e0000000)
 ParOldGen       total 701952K, used 76237K [0x0000000080000000, 0x00000000aad80000, 0x00000000d5580000)
  object space 701952K, 10% used [0x0000000080000000,0x0000000084a734d8,0x00000000aad80000)
 Metaspace       used 101605K, capacity 105574K, committed 105856K, reserved 1142784K
  class space    used 12500K, capacity 13381K, committed 13440K, reserved 1048576K
Event: 426510.459 GC heap after
Heap after GC invocations=2242 (full 4):
 PSYoungGen      total 172544K, used 1600K [0x00000000d5580000, 0x00000000e0000000, 0x0000000100000000)
  eden space 170496K, 0% used [0x00000000d5580000,0x00000000d5580000,0x00000000dfc00000)
  from space 2048K, 78% used [0x00000000dfe00000,0x00000000dff900a0,0x00000000e0000000)
  to   space 2048K, 0% used [0x00000000dfc00000,0x00000000dfc00000,0x00000000dfe00000)
 ParOldGen       total 701952K, used 76237K [0x0000000080000000, 0x00000000aad80000, 0x00000000d5580000)
  object space 701952K, 10% used [0x0000000080000000,0x0000000084a734d8,0x00000000aad80000)
 Metaspace       used 101605K, capacity 105574K, committed 105856K, reserved 1142784K
  class space    used 12500K, capacity 13381K, committed 13440K, reserved 1048576K
}
Event: 426695.456 GC heap before
{Heap before GC invocations=2243 (full 4):
 PSYoungGen      total 172544K, used 172096K [0x00000000d5580000, 0x00000000e0000000, 0x0000000100000000)
  eden space 170496K, 100% used [0x00000000d5580000,0x00000000dfc00000,0x00000000dfc00000)
  from space 2048K, 78% used [0x00000000dfe00000,0x00000000dff900a0,0x00000000e0000000)
  to   space 2048K, 0% used [0x00000000dfc00000,0x00000000dfc00000,0x00000000dfe00000)
 ParOldGen       total 701952K, used 76237K [0x0000000080000000, 0x00000000aad80000, 0x00000000d5580000)
  object space 701952K, 10% used [0x0000000080000000,0x0000000084a734d8,0x00000000aad80000)
 Metaspace       used 101605K, capacity 105574K, committed 105856K, reserved 1142784K
  class space    used 12500K, capacity 13381K, committed 13440K, reserved 1048576K
Event: 426695.460 GC heap after
Heap after GC invocations=2243 (full 4):
 PSYoungGen      total 172544K, used 1584K [0x00000000d5580000, 0x00000000e0000000, 0x0000000100000000)
  eden space 170496K, 0% used [0x00000000d5580000,0x00000000d5580000,0x00000000dfc00000)
  from space 2048K, 77% used [0x00000000dfc00000,0x00000000dfd8c090,0x00000000dfe00000)
  to   space 2048K, 0% used [0x00000000dfe00000,0x00000000dfe00000,0x00000000e0000000)
 ParOldGen       total 701952K, used 76237K [0x0000000080000000, 0x00000000aad80000, 0x00000000d5580000)
  object space 701952K, 10% used [0x0000000080000000,0x0000000084a734d8,0x00000000aad80000)
 Metaspace       used 101605K, capacity 105574K, committed 105856K, reserved 1142784K
  class space    used 12500K, capacity 13381K, committed 13440K, reserved 1048576K
}
Event: 426884.666 GC heap before
{Heap before GC invocations=2244 (full 4):
 PSYoungGen      total 172544K, used 172080K [0x00000000d5580000, 0x00000000e0000000, 0x0000000100000000)
  eden space 170496K, 100% used [0x00000000d5580000,0x00000000dfc00000,0x00000000dfc00000)
  from space 2048K, 77% used [0x00000000dfc00000,0x00000000dfd8c090,0x00000000dfe00000)
  to   space 2048K, 0% used [0x00000000dfe00000,0x00000000dfe00000,0x00000000e0000000)
 ParOldGen       total 701952K, used 76237K [0x0000000080000000, 0x00000000aad80000, 0x00000000d5580000)
  object space 701952K, 10% used [0x0000000080000000,0x0000000084a734d8,0x00000000aad80000)
 Metaspace       used 101605K, capacity 105574K, committed 105856K, reserved 1142784K
  class space    used 12500K, capacity 13381K, committed 13440K, reserved 1048576K
Event: 426884.669 GC heap after
Heap after GC invocations=2244 (full 4):
 PSYoungGen      total 172544K, used 1632K [0x00000000d5580000, 0x00000000e0000000, 0x0000000100000000)
  eden space 170496K, 0% used [0x00000000d5580000,0x00000000d5580000,0x00000000dfc00000)
  from space 2048K, 79% used [0x00000000dfe00000,0x00000000dff980a0,0x00000000e0000000)
  to   space 2048K, 0% used [0x00000000dfc00000,0x00000000dfc00000,0x00000000dfe00000)
 ParOldGen       total 701952K, used 76237K [0x0000000080000000, 0x00000000aad80000, 0x00000000d5580000)
  object space 701952K, 10% used [0x0000000080000000,0x0000000084a734d8,0x00000000aad80000)
 Metaspace       used 101605K, capacity 105574K, committed 105856K, reserved 1142784K
  class space    used 12500K, capacity 13381K, committed 13440K, reserved 1048576K
}
Event: 427073.867 GC heap before
{Heap before GC invocations=2245 (full 4):
 PSYoungGen      total 172544K, used 172128K [0x00000000d5580000, 0x00000000e0000000, 0x0000000100000000)
  eden space 170496K, 100% used [0x00000000d5580000,0x00000000dfc00000,0x00000000dfc00000)
  from space 2048K, 79% used [0x00000000dfe00000,0x00000000dff980a0,0x00000000e0000000)
  to   space 2048K, 0% used [0x00000000dfc00000,0x00000000dfc00000,0x00000000dfe00000)
 ParOldGen       total 701952K, used 76237K [0x0000000080000000, 0x00000000aad80000, 0x00000000d5580000)
  object space 701952K, 10% used [0x0000000080000000,0x0000000084a734d8,0x00000000aad80000)
 Metaspace       used 101605K, capacity 105574K, committed 105856K, reserved 1142784K
  class space    used 12500K, capacity 13381K, committed 13440K, reserved 1048576K
Event: 427073.871 GC heap after
Heap after GC invocations=2245 (full 4):
 PSYoungGen      total 172544K, used 1504K [0x00000000d5580000, 0x00000000e0000000, 0x0000000100000000)
  eden space 170496K, 0% used [0x00000000d5580000,0x00000000d5580000,0x00000000dfc00000)
  from space 2048K, 73% used [0x00000000dfc00000,0x00000000dfd780a0,0x00000000dfe00000)
  to   space 2048K, 0% used [0x00000000dfe00000,0x00000000dfe00000,0x00000000e0000000)
 ParOldGen       total 701952K, used 76237K [0x0000000080000000, 0x00000000aad80000, 0x00000000d5580000)
  object space 701952K, 10% used [0x0000000080000000,0x0000000084a734d8,0x00000000aad80000)
 Metaspace       used 101605K, capacity 105574K, committed 105856K, reserved 1142784K
  class space    used 12500K, capacity 13381K, committed 13440K, reserved 1048576K
}
Event: 427261.840 GC heap before
{Heap before GC invocations=2246 (full 4):
 PSYoungGen      total 172544K, used 172000K [0x00000000d5580000, 0x00000000e0000000, 0x0000000100000000)
  eden space 170496K, 100% used [0x00000000d5580000,0x00000000dfc00000,0x00000000dfc00000)
  from space 2048K, 73% used [0x00000000dfc00000,0x00000000dfd780a0,0x00000000dfe00000)
  to   space 2048K, 0% used [0x00000000dfe00000,0x00000000dfe00000,0x00000000e0000000)
 ParOldGen       total 701952K, used 76237K [0x0000000080000000, 0x00000000aad80000, 0x00000000d5580000)
  object space 701952K, 10% used [0x0000000080000000,0x0000000084a734d8,0x00000000aad80000)
 Metaspace       used 101605K, capacity 105574K, committed 105856K, reserved 1142784K
  class space    used 12500K, capacity 13381K, committed 13440K, reserved 1048576K
Event: 427261.844 GC heap after
Heap after GC invocations=2246 (full 4):
 PSYoungGen      total 172544K, used 1600K [0x00000000d5580000, 0x00000000e0000000, 0x0000000100000000)
  eden space 170496K, 0% used [0x00000000d5580000,0x00000000d5580000,0x00000000dfc00000)
  from space 2048K, 78% used [0x00000000dfe00000,0x00000000dff900a0,0x00000000e0000000)
  to   space 2048K, 0% used [0x00000000dfc00000,0x00000000dfc00000,0x00000000dfe00000)
 ParOldGen       total 701952K, used 76237K [0x0000000080000000, 0x00000000aad80000, 0x00000000d5580000)
  object space 701952K, 10% used [0x0000000080000000,0x0000000084a734d8,0x00000000aad80000)
 Metaspace       used 101605K, capacity 105574K, committed 105856K, reserved 1142784K
  class space    used 12500K, capacity 13381K, committed 13440K, reserved 1048576K
}
Event: 427451.266 GC heap before
{Heap before GC invocations=2247 (full 4):
 PSYoungGen      total 172544K, used 172096K [0x00000000d5580000, 0x00000000e0000000, 0x0000000100000000)
  eden space 170496K, 100% used [0x00000000d5580000,0x00000000dfc00000,0x00000000dfc00000)
  from space 2048K, 78% used [0x00000000dfe00000,0x00000000dff900a0,0x00000000e0000000)
  to   space 2048K, 0% used [0x00000000dfc00000,0x00000000dfc00000,0x00000000dfe00000)
 ParOldGen       total 701952K, used 76237K [0x0000000080000000, 0x00000000aad80000, 0x00000000d5580000)
  object space 701952K, 10% used [0x0000000080000000,0x0000000084a734d8,0x00000000aad80000)
 Metaspace       used 101605K, capacity 105574K, committed 105856K, reserved 1142784K
  class space    used 12500K, capacity 13381K, committed 13440K, reserved 1048576K
Event: 427451.270 GC heap after
Heap after GC invocations=2247 (full 4):
 PSYoungGen      total 172544K, used 1504K [0x00000000d5580000, 0x00000000e0000000, 0x0000000100000000)
  eden space 170496K, 0% used [0x00000000d5580000,0x00000000d5580000,0x00000000dfc00000)
  from space 2048K, 73% used [0x00000000dfc00000,0x00000000dfd78080,0x00000000dfe00000)
  to   space 2048K, 0% used [0x00000000dfe00000,0x00000000dfe00000,0x00000000e0000000)
 ParOldGen       total 701952K, used 76237K [0x0000000080000000, 0x00000000aad80000, 0x00000000d5580000)
  object space 701952K, 10% used [0x0000000080000000,0x0000000084a734d8,0x00000000aad80000)
 Metaspace       used 101605K, capacity 105574K, committed 105856K, reserved 1142784K
  class space    used 12500K, capacity 13381K, committed 13440K, reserved 1048576K
}
Event: 427640.275 GC heap before
{Heap before GC invocations=2248 (full 4):
 PSYoungGen      total 172544K, used 172000K [0x00000000d5580000, 0x00000000e0000000, 0x0000000100000000)
  eden space 170496K, 100% used [0x00000000d5580000,0x00000000dfc00000,0x00000000dfc00000)
  from space 2048K, 73% used [0x00000000dfc00000,0x00000000dfd78080,0x00000000dfe00000)
  to   space 2048K, 0% used [0x00000000dfe00000,0x00000000dfe00000,0x00000000e0000000)
 ParOldGen       total 701952K, used 76237K [0x0000000080000000, 0x00000000aad80000, 0x00000000d5580000)
  object space 701952K, 10% used [0x0000000080000000,0x0000000084a734d8,0x00000000aad80000)
 Metaspace       used 101605K, capacity 105574K, committed 105856K, reserved 1142784K
  class space    used 12500K, capacity 13381K, committed 13440K, reserved 1048576K
Event: 427640.279 GC heap after
Heap after GC invocations=2248 (full 4):
 PSYoungGen      total 172544K, used 1632K [0x00000000d5580000, 0x00000000e0000000, 0x0000000100000000)
  eden space 170496K, 0% used [0x00000000d5580000,0x00000000d5580000,0x00000000dfc00000)
  from space 2048K, 79% used [0x00000000dfe00000,0x00000000dff980a0,0x00000000e0000000)
  to   space 2048K, 0% used [0x00000000dfc00000,0x00000000dfc00000,0x00000000dfe00000)
 ParOldGen       total 701952K, used 76237K [0x0000000080000000, 0x00000000aad80000, 0x00000000d5580000)
  object space 701952K, 10% used [0x0000000080000000,0x0000000084a734d8,0x00000000aad80000)
 Metaspace       used 101605K, capacity 105574K, committed 105856K, reserved 1142784K
  class space    used 12500K, capacity 13381K, committed 13440K, reserved 1048576K
}
Event: 427829.583 GC heap before
{Heap before GC invocations=2249 (full 4):
 PSYoungGen      total 172544K, used 172128K [0x00000000d5580000, 0x00000000e0000000, 0x0000000100000000)
  eden space 170496K, 100% used [0x00000000d5580000,0x00000000dfc00000,0x00000000dfc00000)
  from space 2048K, 79% used [0x00000000dfe00000,0x00000000dff980a0,0x00000000e0000000)
  to   space 2048K, 0% used [0x00000000dfc00000,0x00000000dfc00000,0x00000000dfe00000)
 ParOldGen       total 701952K, used 76237K [0x0000000080000000, 0x00000000aad80000, 0x00000000d5580000)
  object space 701952K, 10% used [0x0000000080000000,0x0000000084a734d8,0x00000000aad80000)
 Metaspace       used 101605K, capacity 105574K, committed 105856K, reserved 1142784K
  class space    used 12500K, capacity 13381K, committed 13440K, reserved 1048576K
Event: 427829.587 GC heap after
Heap after GC invocations=2249 (full 4):
 PSYoungGen      total 172544K, used 1600K [0x00000000d5580000, 0x00000000e0000000, 0x0000000100000000)
  eden space 170496K, 0% used [0x00000000d5580000,0x00000000d5580000,0x00000000dfc00000)
  from space 2048K, 78% used [0x00000000dfc00000,0x00000000dfd900a0,0x00000000dfe00000)
  to   space 2048K, 0% used [0x00000000dfe00000,0x00000000dfe00000,0x00000000e0000000)
 ParOldGen       total 701952K, used 76237K [0x0000000080000000, 0x00000000aad80000, 0x00000000d5580000)
  object space 701952K, 10% used [0x0000000080000000,0x0000000084a734d8,0x00000000aad80000)
 Metaspace       used 101605K, capacity 105574K, committed 105856K, reserved 1142784K
  class space    used 12500K, capacity 13381K, committed 13440K, reserved 1048576K
}
Event: 428018.857 GC heap before
{Heap before GC invocations=2250 (full 4):
 PSYoungGen      total 172544K, used 172096K [0x00000000d5580000, 0x00000000e0000000, 0x0000000100000000)
  eden space 170496K, 100% used [0x00000000d5580000,0x00000000dfc00000,0x00000000dfc00000)
  from space 2048K, 78% used [0x00000000dfc00000,0x00000000dfd900a0,0x00000000dfe00000)
  to   space 2048K, 0% used [0x00000000dfe00000,0x00000000dfe00000,0x00000000e0000000)
 ParOldGen       total 701952K, used 76237K [0x0000000080000000, 0x00000000aad80000, 0x00000000d5580000)
  object space 701952K, 10% used [0x0000000080000000,0x0000000084a734d8,0x00000000aad80000)
 Metaspace       used 101605K, capacity 105574K, committed 105856K, reserved 1142784K
  class space    used 12500K, capacity 13381K, committed 13440K, reserved 1048576K
Event: 428018.861 GC heap after
Heap after GC invocations=2250 (full 4):
 PSYoungGen      total 172544K, used 1520K [0x00000000d5580000, 0x00000000e0000000, 0x0000000100000000)
  eden space 170496K, 0% used [0x00000000d5580000,0x00000000d5580000,0x00000000dfc00000)
  from space 2048K, 74% used [0x00000000dfe00000,0x00000000dff7c090,0x00000000e0000000)
  to   space 2048K, 0% used [0x00000000dfc00000,0x00000000dfc00000,0x00000000dfe00000)
 ParOldGen       total 701952K, used 76237K [0x0000000080000000, 0x00000000aad80000, 0x00000000d5580000)
  object space 701952K, 10% used [0x0000000080000000,0x0000000084a734d8,0x00000000aad80000)
 Metaspace       used 101605K, capacity 105574K, committed 105856K, reserved 1142784K
  class space    used 12500K, capacity 13381K, committed 13440K, reserved 1048576K
}
Event: 428207.752 GC heap before
{Heap before GC invocations=2251 (full 4):
 PSYoungGen      total 172544K, used 172016K [0x00000000d5580000, 0x00000000e0000000, 0x0000000100000000)
  eden space 170496K, 100% used [0x00000000d5580000,0x00000000dfc00000,0x00000000dfc00000)
  from space 2048K, 74% used [0x00000000dfe00000,0x00000000dff7c090,0x00000000e0000000)
  to   space 2048K, 0% used [0x00000000dfc00000,0x00000000dfc00000,0x00000000dfe00000)
 ParOldGen       total 701952K, used 76237K [0x0000000080000000, 0x00000000aad80000, 0x00000000d5580000)
  object space 701952K, 10% used [0x0000000080000000,0x0000000084a734d8,0x00000000aad80000)
 Metaspace       used 101605K, capacity 105574K, committed 105856K, reserved 1142784K
  class space    used 12500K, capacity 13381K, committed 13440K, reserved 1048576K
Event: 428207.756 GC heap after
Heap after GC invocations=2251 (full 4):
 PSYoungGen      total 172544K, used 1632K [0x00000000d5580000, 0x00000000e0000000, 0x0000000100000000)
  eden space 170496K, 0% used [0x00000000d5580000,0x00000000d5580000,0x00000000dfc00000)
  from space 2048K, 79% used [0x00000000dfc00000,0x00000000dfd98080,0x00000000dfe00000)
  to   space 2048K, 0% used [0x00000000dfe00000,0x00000000dfe00000,0x00000000e0000000)
 ParOldGen       total 701952K, used 76237K [0x0000000080000000, 0x00000000aad80000, 0x00000000d5580000)
  object space 701952K, 10% used [0x0000000080000000,0x0000000084a734d8,0x00000000aad80000)
 Metaspace       used 101605K, capacity 105574K, committed 105856K, reserved 1142784K
  class space    used 12500K, capacity 13381K, committed 13440K, reserved 1048576K
}
Event: 428393.735 GC heap before
{Heap before GC invocations=2252 (full 4):
 PSYoungGen      total 172544K, used 172128K [0x00000000d5580000, 0x00000000e0000000, 0x0000000100000000)
  eden space 170496K, 100% used [0x00000000d5580000,0x00000000dfc00000,0x00000000dfc00000)
  from space 2048K, 79% used [0x00000000dfc00000,0x00000000dfd98080,0x00000000dfe00000)
  to   space 2048K, 0% used [0x00000000dfe00000,0x00000000dfe00000,0x00000000e0000000)
 ParOldGen       total 701952K, used 76237K [0x0000000080000000, 0x00000000aad80000, 0x00000000d5580000)
  object space 701952K, 10% used [0x0000000080000000,0x0000000084a734d8,0x00000000aad80000)
 Metaspace       used 101605K, capacity 105574K, committed 105856K, reserved 1142784K
  class space    used 12500K, capacity 13381K, committed 13440K, reserved 1048576K
Event: 428393.739 GC heap after
Heap after GC invocations=2252 (full 4):
 PSYoungGen      total 172544K, used 1552K [0x00000000d5580000, 0x00000000e0000000, 0x0000000100000000)
  eden space 170496K, 0% used [0x00000000d5580000,0x00000000d5580000,0x00000000dfc00000)
  from space 2048K, 75% used [0x00000000dfe00000,0x00000000dff84090,0x00000000e0000000)
  to   space 2048K, 0% used [0x00000000dfc00000,0x00000000dfc00000,0x00000000dfe00000)
 ParOldGen       total 701952K, used 76237K [0x0000000080000000, 0x00000000aad80000, 0x00000000d5580000)
  object space 701952K, 10% used [0x0000000080000000,0x0000000084a734d8,0x00000000aad80000)
 Metaspace       used 101605K, capacity 105574K, committed 105856K, reserved 1142784K
  class space    used 12500K, capacity 13381K, committed 13440K, reserved 1048576K
}
Event: 428577.664 GC heap before
{Heap before GC invocations=2253 (full 4):
 PSYoungGen      total 172544K, used 172048K [0x00000000d5580000, 0x00000000e0000000, 0x0000000100000000)
  eden space 170496K, 100% used [0x00000000d5580000,0x00000000dfc00000,0x00000000dfc00000)
  from space 2048K, 75% used [0x00000000dfe00000,0x00000000dff84090,0x00000000e0000000)
  to   space 2048K, 0% used [0x00000000dfc00000,0x00000000dfc00000,0x00000000dfe00000)
 ParOldGen       total 701952K, used 76237K [0x0000000080000000, 0x00000000aad80000, 0x00000000d5580000)
  object space 701952K, 10% used [0x0000000080000000,0x0000000084a734d8,0x00000000aad80000)
 Metaspace       used 101605K, capacity 105574K, committed 105856K, reserved 1142784K
  class space    used 12500K, capacity 13381K, committed 13440K, reserved 1048576K
Event: 428577.668 GC heap after
Heap after GC invocations=2253 (full 4):
 PSYoungGen      total 172544K, used 1552K [0x00000000d5580000, 0x00000000e0000000, 0x0000000100000000)
  eden space 170496K, 0% used [0x00000000d5580000,0x00000000d5580000,0x00000000dfc00000)
  from space 2048K, 75% used [0x00000000dfc00000,0x00000000dfd84090,0x00000000dfe00000)
  to   space 2048K, 0% used [0x00000000dfe00000,0x00000000dfe00000,0x00000000e0000000)
 ParOldGen       total 701952K, used 76237K [0x0000000080000000, 0x00000000aad80000, 0x00000000d5580000)
  object space 701952K, 10% used [0x0000000080000000,0x0000000084a734d8,0x00000000aad80000)
 Metaspace       used 101605K, capacity 105574K, committed 105856K, reserved 1142784K
  class space    used 12500K, capacity 13381K, committed 13440K, reserved 1048576K
}
Event: 428768.030 GC heap before
{Heap before GC invocations=2254 (full 4):
 PSYoungGen      total 172544K, used 172048K [0x00000000d5580000, 0x00000000e0000000, 0x0000000100000000)
  eden space 170496K, 100% used [0x00000000d5580000,0x00000000dfc00000,0x00000000dfc00000)
  from space 2048K, 75% used [0x00000000dfc00000,0x00000000dfd84090,0x00000000dfe00000)
  to   space 2048K, 0% used [0x00000000dfe00000,0x00000000dfe00000,0x00000000e0000000)
 ParOldGen       total 701952K, used 76237K [0x0000000080000000, 0x00000000aad80000, 0x00000000d5580000)
  object space 701952K, 10% used [0x0000000080000000,0x0000000084a734d8,0x00000000aad80000)
 Metaspace       used 101605K, capacity 105574K, committed 105856K, reserved 1142784K
  class space    used 12500K, capacity 13381K, committed 13440K, reserved 1048576K
Event: 428768.033 GC heap after
Heap after GC invocations=2254 (full 4):
 PSYoungGen      total 172544K, used 1600K [0x00000000d5580000, 0x00000000e0000000, 0x0000000100000000)
  eden space 170496K, 0% used [0x00000000d5580000,0x00000000d5580000,0x00000000dfc00000)
  from space 2048K, 78% used [0x00000000dfe00000,0x00000000dff900a0,0x00000000e0000000)
  to   space 2048K, 0% used [0x00000000dfc00000,0x00000000dfc00000,0x00000000dfe00000)
 ParOldGen       total 701952K, used 76237K [0x0000000080000000, 0x00000000aad80000, 0x00000000d5580000)
  object space 701952K, 10% used [0x0000000080000000,0x0000000084a734d8,0x00000000aad80000)
 Metaspace       used 101605K, capacity 105574K, committed 105856K, reserved 1142784K
  class space    used 12500K, capacity 13381K, committed 13440K, reserved 1048576K
}
Event: 428954.675 GC heap before
{Heap before GC invocations=2255 (full 4):
 PSYoungGen      total 172544K, used 172096K [0x00000000d5580000, 0x00000000e0000000, 0x0000000100000000)
  eden space 170496K, 100% used [0x00000000d5580000,0x00000000dfc00000,0x00000000dfc00000)
  from space 2048K, 78% used [0x00000000dfe00000,0x00000000dff900a0,0x00000000e0000000)
  to   space 2048K, 0% used [0x00000000dfc00000,0x00000000dfc00000,0x00000000dfe00000)
 ParOldGen       total 701952K, used 76237K [0x0000000080000000, 0x00000000aad80000, 0x00000000d5580000)
  object space 701952K, 10% used [0x0000000080000000,0x0000000084a734d8,0x00000000aad80000)
 Metaspace       used 101605K, capacity 105574K, committed 105856K, reserved 1142784K
  class space    used 12500K, capacity 13381K, committed 13440K, reserved 1048576K
Event: 428954.678 GC heap after
Heap after GC invocations=2255 (full 4):
 PSYoungGen      total 172544K, used 1616K [0x00000000d5580000, 0x00000000e0000000, 0x0000000100000000)
  eden space 170496K, 0% used [0x00000000d5580000,0x00000000d5580000,0x00000000dfc00000)
  from space 2048K, 78% used [0x00000000dfc00000,0x00000000dfd94090,0x00000000dfe00000)
  to   space 2048K, 0% used [0x00000000dfe00000,0x00000000dfe00000,0x00000000e0000000)
 ParOldGen       total 701952K, used 76237K [0x0000000080000000, 0x00000000aad80000, 0x00000000d5580000)
  object space 701952K, 10% used [0x0000000080000000,0x0000000084a734d8,0x00000000aad80000)
 Metaspace       used 101605K, capacity 105574K, committed 105856K, reserved 1142784K
  class space    used 12500K, capacity 13381K, committed 13440K, reserved 1048576K
}
Event: 429145.358 GC heap before
{Heap before GC invocations=2256 (full 4):
 PSYoungGen      total 172544K, used 172112K [0x00000000d5580000, 0x00000000e0000000, 0x0000000100000000)
  eden space 170496K, 100% used [0x00000000d5580000,0x00000000dfc00000,0x00000000dfc00000)
  from space 2048K, 78% used [0x00000000dfc00000,0x00000000dfd94090,0x00000000dfe00000)
  to   space 2048K, 0% used [0x00000000dfe00000,0x00000000dfe00000,0x00000000e0000000)
 ParOldGen       total 701952K, used 76237K [0x0000000080000000, 0x00000000aad80000, 0x00000000d5580000)
  object space 701952K, 10% used [0x0000000080000000,0x0000000084a734d8,0x00000000aad80000)
 Metaspace       used 101605K, capacity 105574K, committed 105856K, reserved 1142784K
  class space    used 12500K, capacity 13381K, committed 13440K, reserved 1048576K
Event: 429145.362 GC heap after
Heap after GC invocations=2256 (full 4):
 PSYoungGen      total 172544K, used 1552K [0x00000000d5580000, 0x00000000e0000000, 0x0000000100000000)
  eden space 170496K, 0% used [0x00000000d5580000,0x00000000d5580000,0x00000000dfc00000)
  from space 2048K, 75% used [0x00000000dfe00000,0x00000000dff84090,0x00000000e0000000)
  to   space 2048K, 0% used [0x00000000dfc00000,0x00000000dfc00000,0x00000000dfe00000)
 ParOldGen       total 701952K, used 76237K [0x0000000080000000, 0x00000000aad80000, 0x00000000d5580000)
  object space 701952K, 10% used [0x0000000080000000,0x0000000084a734d8,0x00000000aad80000)
 Metaspace       used 101605K, capacity 105574K, committed 105856K, reserved 1142784K
  class space    used 12500K, capacity 13381K, committed 13440K, reserved 1048576K
}
Event: 429334.645 GC heap before
{Heap before GC invocations=2257 (full 4):
 PSYoungGen      total 172544K, used 172048K [0x00000000d5580000, 0x00000000e0000000, 0x0000000100000000)
  eden space 170496K, 100% used [0x00000000d5580000,0x00000000dfc00000,0x00000000dfc00000)
  from space 2048K, 75% used [0x00000000dfe00000,0x00000000dff84090,0x00000000e0000000)
  to   space 2048K, 0% used [0x00000000dfc00000,0x00000000dfc00000,0x00000000dfe00000)
 ParOldGen       total 701952K, used 76237K [0x0000000080000000, 0x00000000aad80000, 0x00000000d5580000)
  object space 701952K, 10% used [0x0000000080000000,0x0000000084a734d8,0x00000000aad80000)
 Metaspace       used 101605K, capacity 105574K, committed 105856K, reserved 1142784K
  class space    used 12500K, capacity 13381K, committed 13440K, reserved 1048576K
Event: 429334.648 GC heap after
Heap after GC invocations=2257 (full 4):
 PSYoungGen      total 172544K, used 1632K [0x00000000d5580000, 0x00000000e0000000, 0x0000000100000000)
  eden space 170496K, 0% used [0x00000000d5580000,0x00000000d5580000,0x00000000dfc00000)
  from space 2048K, 79% used [0x00000000dfc00000,0x00000000dfd980a0,0x00000000dfe00000)
  to   space 2048K, 0% used [0x00000000dfe00000,0x00000000dfe00000,0x00000000e0000000)
 ParOldGen       total 701952K, used 76237K [0x0000000080000000, 0x00000000aad80000, 0x00000000d5580000)
  object space 701952K, 10% used [0x0000000080000000,0x0000000084a734d8,0x00000000aad80000)
 Metaspace       used 101605K, capacity 105574K, committed 105856K, reserved 1142784K
  class space    used 12500K, capacity 13381K, committed 13440K, reserved 1048576K
}
Event: 429523.817 GC heap before
{Heap before GC invocations=2258 (full 4):
 PSYoungGen      total 172544K, used 172128K [0x00000000d5580000, 0x00000000e0000000, 0x0000000100000000)
  eden space 170496K, 100% used [0x00000000d5580000,0x00000000dfc00000,0x00000000dfc00000)
  from space 2048K, 79% used [0x00000000dfc00000,0x00000000dfd980a0,0x00000000dfe00000)
  to   space 2048K, 0% used [0x00000000dfe00000,0x00000000dfe00000,0x00000000e0000000)
 ParOldGen       total 701952K, used 76237K [0x0000000080000000, 0x00000000aad80000, 0x00000000d5580000)
  object space 701952K, 10% used [0x0000000080000000,0x0000000084a734d8,0x00000000aad80000)
 Metaspace       used 101605K, capacity 105574K, committed 105856K, reserved 1142784K
  class space    used 12500K, capacity 13381K, committed 13440K, reserved 1048576K
Event: 429523.821 GC heap after
Heap after GC invocations=2258 (full 4):
 PSYoungGen      total 172544K, used 1552K [0x00000000d5580000, 0x00000000e0000000, 0x0000000100000000)
  eden space 170496K, 0% used [0x00000000d5580000,0x00000000d5580000,0x00000000dfc00000)
  from space 2048K, 75% used [0x00000000dfe00000,0x00000000dff84090,0x00000000e0000000)
  to   space 2048K, 0% used [0x00000000dfc00000,0x00000000dfc00000,0x00000000dfe00000)
 ParOldGen       total 701952K, used 76237K [0x0000000080000000, 0x00000000aad80000, 0x00000000d5580000)
  object space 701952K, 10% used [0x0000000080000000,0x0000000084a734d8,0x00000000aad80000)
 Metaspace       used 101605K, capacity 105574K, committed 105856K, reserved 1142784K
  class space    used 12500K, capacity 13381K, committed 13440K, reserved 1048576K
}
Event: 429713.058 GC heap before
{Heap before GC invocations=2259 (full 4):
 PSYoungGen      total 172544K, used 172048K [0x00000000d5580000, 0x00000000e0000000, 0x0000000100000000)
  eden space 170496K, 100% used [0x00000000d5580000,0x00000000dfc00000,0x00000000dfc00000)
  from space 2048K, 75% used [0x00000000dfe00000,0x00000000dff84090,0x00000000e0000000)
  to   space 2048K, 0% used [0x00000000dfc00000,0x00000000dfc00000,0x00000000dfe00000)
 ParOldGen       total 701952K, used 76237K [0x0000000080000000, 0x00000000aad80000, 0x00000000d5580000)
  object space 701952K, 10% used [0x0000000080000000,0x0000000084a734d8,0x00000000aad80000)
 Metaspace       used 101605K, capacity 105574K, committed 105856K, reserved 1142784K
  class space    used 12500K, capacity 13381K, committed 13440K, reserved 1048576K
Event: 429713.062 GC heap after
Heap after GC invocations=2259 (full 4):
 PSYoungGen      total 172544K, used 1552K [0x00000000d5580000, 0x00000000e0000000, 0x0000000100000000)
  eden space 170496K, 0% used [0x00000000d5580000,0x00000000d5580000,0x00000000dfc00000)
  from space 2048K, 75% used [0x00000000dfc00000,0x00000000dfd84090,0x00000000dfe00000)
  to   space 2048K, 0% used [0x00000000dfe00000,0x00000000dfe00000,0x00000000e0000000)
 ParOldGen       total 701952K, used 76237K [0x0000000080000000, 0x00000000aad80000, 0x00000000d5580000)
  object space 701952K, 10% used [0x0000000080000000,0x0000000084a734d8,0x00000000aad80000)
 Metaspace       used 101605K, capacity 105574K, committed 105856K, reserved 1142784K
  class space    used 12500K, capacity 13381K, committed 13440K, reserved 1048576K
}
Event: 429902.758 GC heap before
{Heap before GC invocations=2260 (full 4):
 PSYoungGen      total 172544K, used 172048K [0x00000000d5580000, 0x00000000e0000000, 0x0000000100000000)
  eden space 170496K, 100% used [0x00000000d5580000,0x00000000dfc00000,0x00000000dfc00000)
  from space 2048K, 75% used [0x00000000dfc00000,0x00000000dfd84090,0x00000000dfe00000)
  to   space 2048K, 0% used [0x00000000dfe00000,0x00000000dfe00000,0x00000000e0000000)
 ParOldGen       total 701952K, used 76237K [0x0000000080000000, 0x00000000aad80000, 0x00000000d5580000)
  object space 701952K, 10% used [0x0000000080000000,0x0000000084a734d8,0x00000000aad80000)
 Metaspace       used 101605K, capacity 105574K, committed 105856K, reserved 1142784K
  class space    used 12500K, capacity 13381K, committed 13440K, reserved 1048576K
Event: 429902.762 GC heap after
Heap after GC invocations=2260 (full 4):
 PSYoungGen      total 172544K, used 1552K [0x00000000d5580000, 0x00000000e0000000, 0x0000000100000000)
  eden space 170496K, 0% used [0x00000000d5580000,0x00000000d5580000,0x00000000dfc00000)
  from space 2048K, 75% used [0x00000000dfe00000,0x00000000dff84090,0x00000000e0000000)
  to   space 2048K, 0% used [0x00000000dfc00000,0x00000000dfc00000,0x00000000dfe00000)
 ParOldGen       total 701952K, used 76237K [0x0000000080000000, 0x00000000aad80000, 0x00000000d5580000)
  object space 701952K, 10% used [0x0000000080000000,0x0000000084a734d8,0x00000000aad80000)
 Metaspace       used 101605K, capacity 105574K, committed 105856K, reserved 1142784K
  class space    used 12500K, capacity 13381K, committed 13440K, reserved 1048576K
}
Event: 430092.069 GC heap before
{Heap before GC invocations=2261 (full 4):
 PSYoungGen      total 172544K, used 172048K [0x00000000d5580000, 0x00000000e0000000, 0x0000000100000000)
  eden space 170496K, 100% used [0x00000000d5580000,0x00000000dfc00000,0x00000000dfc00000)
  from space 2048K, 75% used [0x00000000dfe00000,0x00000000dff84090,0x00000000e0000000)
  to   space 2048K, 0% used [0x00000000dfc00000,0x00000000dfc00000,0x00000000dfe00000)
 ParOldGen       total 701952K, used 76237K [0x0000000080000000, 0x00000000aad80000, 0x00000000d5580000)
  object space 701952K, 10% used [0x0000000080000000,0x0000000084a734d8,0x00000000aad80000)
 Metaspace       used 101605K, capacity 105574K, committed 105856K, reserved 1142784K
  class space    used 12500K, capacity 13381K, committed 13440K, reserved 1048576K
Event: 430092.073 GC heap after
Heap after GC invocations=2261 (full 4):
 PSYoungGen      total 172544K, used 1584K [0x00000000d5580000, 0x00000000e0000000, 0x0000000100000000)
  eden space 170496K, 0% used [0x00000000d5580000,0x00000000d5580000,0x00000000dfc00000)
  from space 2048K, 77% used [0x00000000dfc00000,0x00000000dfd8c090,0x00000000dfe00000)
  to   space 2048K, 0% used [0x00000000dfe00000,0x00000000dfe00000,0x00000000e0000000)
 ParOldGen       total 701952K, used 76237K [0x0000000080000000, 0x00000000aad80000, 0x00000000d5580000)
  object space 701952K, 10% used [0x0000000080000000,0x0000000084a734d8,0x00000000aad80000)
 Metaspace       used 101605K, capacity 105574K, committed 105856K, reserved 1142784K
  class space    used 12500K, capacity 13381K, committed 13440K, reserved 1048576K
}
Event: 430273.749 GC heap before
{Heap before GC invocations=2262 (full 4):
 PSYoungGen      total 172544K, used 172080K [0x00000000d5580000, 0x00000000e0000000, 0x0000000100000000)
  eden space 170496K, 100% used [0x00000000d5580000,0x00000000dfc00000,0x00000000dfc00000)
  from space 2048K, 77% used [0x00000000dfc00000,0x00000000dfd8c090,0x00000000dfe00000)
  to   space 2048K, 0% used [0x00000000dfe00000,0x00000000dfe00000,0x00000000e0000000)
 ParOldGen       total 701952K, used 76237K [0x0000000080000000, 0x00000000aad80000, 0x00000000d5580000)
  object space 701952K, 10% used [0x0000000080000000,0x0000000084a734d8,0x00000000aad80000)
 Metaspace       used 101605K, capacity 105574K, committed 105856K, reserved 1142784K
  class space    used 12500K, capacity 13381K, committed 13440K, reserved 1048576K
Event: 430273.753 GC heap after
Heap after GC invocations=2262 (full 4):
 PSYoungGen      total 172544K, used 1536K [0x00000000d5580000, 0x00000000e0000000, 0x0000000100000000)
  eden space 170496K, 0% used [0x00000000d5580000,0x00000000d5580000,0x00000000dfc00000)
  from space 2048K, 75% used [0x00000000dfe00000,0x00000000dff80080,0x00000000e0000000)
  to   space 2048K, 0% used [0x00000000dfc00000,0x00000000dfc00000,0x00000000dfe00000)
 ParOldGen       total 701952K, used 76237K [0x0000000080000000, 0x00000000aad80000, 0x00000000d5580000)
  object space 701952K, 10% used [0x0000000080000000,0x0000000084a734d8,0x00000000aad80000)
 Metaspace       used 101605K, capacity 105574K, committed 105856K, reserved 1142784K
  class space    used 12500K, capacity 13381K, committed 13440K, reserved 1048576K
}
Event: 430464.456 GC heap before
{Heap before GC invocations=2263 (full 4):
 PSYoungGen      total 172544K, used 172032K [0x00000000d5580000, 0x00000000e0000000, 0x0000000100000000)
  eden space 170496K, 100% used [0x00000000d5580000,0x00000000dfc00000,0x00000000dfc00000)
  from space 2048K, 75% used [0x00000000dfe00000,0x00000000dff80080,0x00000000e0000000)
  to   space 2048K, 0% used [0x00000000dfc00000,0x00000000dfc00000,0x00000000dfe00000)
 ParOldGen       total 701952K, used 76237K [0x0000000080000000, 0x00000000aad80000, 0x00000000d5580000)
  object space 701952K, 10% used [0x0000000080000000,0x0000000084a734d8,0x00000000aad80000)
 Metaspace       used 101605K, capacity 105574K, committed 105856K, reserved 1142784K
  class space    used 12500K, capacity 13381K, committed 13440K, reserved 1048576K
Event: 430464.460 GC heap after
Heap after GC invocations=2263 (full 4):
 PSYoungGen      total 172544K, used 1552K [0x00000000d5580000, 0x00000000e0000000, 0x0000000100000000)
  eden space 170496K, 0% used [0x00000000d5580000,0x00000000d5580000,0x00000000dfc00000)
  from space 2048K, 75% used [0x00000000dfc00000,0x00000000dfd84090,0x00000000dfe00000)
  to   space 2048K, 0% used [0x00000000dfe00000,0x00000000dfe00000,0x00000000e0000000)
 ParOldGen       total 701952K, used 76237K [0x0000000080000000, 0x00000000aad80000, 0x00000000d5580000)
  object space 701952K, 10% used [0x0000000080000000,0x0000000084a734d8,0x00000000aad80000)
 Metaspace       used 101605K, capacity 105574K, committed 105856K, reserved 1142784K
  class space    used 12500K, capacity 13381K, committed 13440K, reserved 1048576K
}
Event: 430653.134 GC heap before
{Heap before GC invocations=2264 (full 4):
 PSYoungGen      total 172544K, used 172048K [0x00000000d5580000, 0x00000000e0000000, 0x0000000100000000)
  eden space 170496K, 100% used [0x00000000d5580000,0x00000000dfc00000,0x00000000dfc00000)
  from space 2048K, 75% used [0x00000000dfc00000,0x00000000dfd84090,0x00000000dfe00000)
  to   space 2048K, 0% used [0x00000000dfe00000,0x00000000dfe00000,0x00000000e0000000)
 ParOldGen       total 701952K, used 76237K [0x0000000080000000, 0x00000000aad80000, 0x00000000d5580000)
  object space 701952K, 10% used [0x0000000080000000,0x0000000084a734d8,0x00000000aad80000)
 Metaspace       used 101605K, capacity 105574K, committed 105856K, reserved 1142784K
  class space    used 12500K, capacity 13381K, committed 13440K, reserved 1048576K
Event: 430653.138 GC heap after
Heap after GC invocations=2264 (full 4):
 PSYoungGen      total 172544K, used 1616K [0x00000000d5580000, 0x00000000e0000000, 0x0000000100000000)
  eden space 170496K, 0% used [0x00000000d5580000,0x00000000d5580000,0x00000000dfc00000)
  from space 2048K, 78% used [0x00000000dfe00000,0x00000000dff94090,0x00000000e0000000)
  to   space 2048K, 0% used [0x00000000dfc00000,0x00000000dfc00000,0x00000000dfe00000)
 ParOldGen       total 701952K, used 76237K [0x0000000080000000, 0x00000000aad80000, 0x00000000d5580000)
  object space 701952K, 10% used [0x0000000080000000,0x0000000084a734d8,0x00000000aad80000)
 Metaspace       used 101605K, capacity 105574K, committed 105856K, reserved 1142784K
  class space    used 12500K, capacity 13381K, committed 13440K, reserved 1048576K
}
Event: 430842.609 GC heap before
{Heap before GC invocations=2265 (full 4):
 PSYoungGen      total 172544K, used 172112K [0x00000000d5580000, 0x00000000e0000000, 0x0000000100000000)
  eden space 170496K, 100% used [0x00000000d5580000,0x00000000dfc00000,0x00000000dfc00000)
  from space 2048K, 78% used [0x00000000dfe00000,0x00000000dff94090,0x00000000e0000000)
  to   space 2048K, 0% used [0x00000000dfc00000,0x00000000dfc00000,0x00000000dfe00000)
 ParOldGen       total 701952K, used 76237K [0x0000000080000000, 0x00000000aad80000, 0x00000000d5580000)
  object space 701952K, 10% used [0x0000000080000000,0x0000000084a734d8,0x00000000aad80000)
 Metaspace       used 101605K, capacity 105574K, committed 105856K, reserved 1142784K
  class space    used 12500K, capacity 13381K, committed 13440K, reserved 1048576K
Event: 430842.613 GC heap after
Heap after GC invocations=2265 (full 4):
 PSYoungGen      total 172544K, used 1552K [0x00000000d5580000, 0x00000000e0000000, 0x0000000100000000)
  eden space 170496K, 0% used [0x00000000d5580000,0x00000000d5580000,0x00000000dfc00000)
  from space 2048K, 75% used [0x00000000dfc00000,0x00000000dfd84090,0x00000000dfe00000)
  to   space 2048K, 0% used [0x00000000dfe00000,0x00000000dfe00000,0x00000000e0000000)
 ParOldGen       total 701952K, used 76237K [0x0000000080000000, 0x00000000aad80000, 0x00000000d5580000)
  object space 701952K, 10% used [0x0000000080000000,0x0000000084a734d8,0x00000000aad80000)
 Metaspace       used 101605K, capacity 105574K, committed 105856K, reserved 1142784K
  class space    used 12500K, capacity 13381K, committed 13440K, reserved 1048576K
}
Event: 431031.579 GC heap before
{Heap before GC invocations=2266 (full 4):
 PSYoungGen      total 172544K, used 172048K [0x00000000d5580000, 0x00000000e0000000, 0x0000000100000000)
  eden space 170496K, 100% used [0x00000000d5580000,0x00000000dfc00000,0x00000000dfc00000)
  from space 2048K, 75% used [0x00000000dfc00000,0x00000000dfd84090,0x00000000dfe00000)
  to   space 2048K, 0% used [0x00000000dfe00000,0x00000000dfe00000,0x00000000e0000000)
 ParOldGen       total 701952K, used 76237K [0x0000000080000000, 0x00000000aad80000, 0x00000000d5580000)
  object space 701952K, 10% used [0x0000000080000000,0x0000000084a734d8,0x00000000aad80000)
 Metaspace       used 101605K, capacity 105574K, committed 105856K, reserved 1142784K
  class space    used 12500K, capacity 13381K, committed 13440K, reserved 1048576K
Event: 431031.583 GC heap after
Heap after GC invocations=2266 (full 4):
 PSYoungGen      total 172544K, used 1632K [0x00000000d5580000, 0x00000000e0000000, 0x0000000100000000)
  eden space 170496K, 0% used [0x00000000d5580000,0x00000000d5580000,0x00000000dfc00000)
  from space 2048K, 79% used [0x00000000dfe00000,0x00000000dff980a0,0x00000000e0000000)
  to   space 2048K, 0% used [0x00000000dfc00000,0x00000000dfc00000,0x00000000dfe00000)
 ParOldGen       total 701952K, used 76237K [0x0000000080000000, 0x00000000aad80000, 0x00000000d5580000)
  object space 701952K, 10% used [0x0000000080000000,0x0000000084a734d8,0x00000000aad80000)
 Metaspace       used 101605K, capacity 105574K, committed 105856K, reserved 1142784K
  class space    used 12500K, capacity 13381K, committed 13440K, reserved 1048576K
}
Event: 431220.443 GC heap before
{Heap before GC invocations=2267 (full 4):
 PSYoungGen      total 172544K, used 172128K [0x00000000d5580000, 0x00000000e0000000, 0x0000000100000000)
  eden space 170496K, 100% used [0x00000000d5580000,0x00000000dfc00000,0x00000000dfc00000)
  from space 2048K, 79% used [0x00000000dfe00000,0x00000000dff980a0,0x00000000e0000000)
  to   space 2048K, 0% used [0x00000000dfc00000,0x00000000dfc00000,0x00000000dfe00000)
 ParOldGen       total 701952K, used 76237K [0x0000000080000000, 0x00000000aad80000, 0x00000000d5580000)
  object space 701952K, 10% used [0x0000000080000000,0x0000000084a734d8,0x00000000aad80000)
 Metaspace       used 101605K, capacity 105574K, committed 105856K, reserved 1142784K
  class space    used 12500K, capacity 13381K, committed 13440K, reserved 1048576K
Event: 431220.447 GC heap after
Heap after GC invocations=2267 (full 4):
 PSYoungGen      total 172544K, used 1632K [0x00000000d5580000, 0x00000000e0000000, 0x0000000100000000)
  eden space 170496K, 0% used [0x00000000d5580000,0x00000000d5580000,0x00000000dfc00000)
  from space 2048K, 79% used [0x00000000dfc00000,0x00000000dfd980a0,0x00000000dfe00000)
  to   space 2048K, 0% used [0x00000000dfe00000,0x00000000dfe00000,0x00000000e0000000)
 ParOldGen       total 701952K, used 76237K [0x0000000080000000, 0x00000000aad80000, 0x00000000d5580000)
  object space 701952K, 10% used [0x0000000080000000,0x0000000084a734d8,0x00000000aad80000)
 Metaspace       used 101605K, capacity 105574K, committed 105856K, reserved 1142784K
  class space    used 12500K, capacity 13381K, committed 13440K, reserved 1048576K
}
Event: 431410.002 GC heap before
{Heap before GC invocations=2268 (full 4):
 PSYoungGen      total 172544K, used 172128K [0x00000000d5580000, 0x00000000e0000000, 0x0000000100000000)
  eden space 170496K, 100% used [0x00000000d5580000,0x00000000dfc00000,0x00000000dfc00000)
  from space 2048K, 79% used [0x00000000dfc00000,0x00000000dfd980a0,0x00000000dfe00000)
  to   space 2048K, 0% used [0x00000000dfe00000,0x00000000dfe00000,0x00000000e0000000)
 ParOldGen       total 701952K, used 76237K [0x0000000080000000, 0x00000000aad80000, 0x00000000d5580000)
  object space 701952K, 10% used [0x0000000080000000,0x0000000084a734d8,0x00000000aad80000)
 Metaspace       used 101605K, capacity 105574K, committed 105856K, reserved 1142784K
  class space    used 12500K, capacity 13381K, committed 13440K, reserved 1048576K
Event: 431410.006 GC heap after
Heap after GC invocations=2268 (full 4):
 PSYoungGen      total 172544K, used 1632K [0x00000000d5580000, 0x00000000e0000000, 0x0000000100000000)
  eden space 170496K, 0% used [0x00000000d5580000,0x00000000d5580000,0x00000000dfc00000)
  from space 2048K, 79% used [0x00000000dfe00000,0x00000000dff98080,0x00000000e0000000)
  to   space 2048K, 0% used [0x00000000dfc00000,0x00000000dfc00000,0x00000000dfe00000)
 ParOldGen       total 701952K, used 76237K [0x0000000080000000, 0x00000000aad80000, 0x00000000d5580000)
  object space 701952K, 10% used [0x0000000080000000,0x0000000084a734d8,0x00000000aad80000)
 Metaspace       used 101605K, capacity 105574K, committed 105856K, reserved 1142784K
  class space    used 12500K, capacity 13381K, committed 13440K, reserved 1048576K
}
Event: 431597.243 GC heap before
{Heap before GC invocations=2269 (full 4):
 PSYoungGen      total 172544K, used 172128K [0x00000000d5580000, 0x00000000e0000000, 0x0000000100000000)
  eden space 170496K, 100% used [0x00000000d5580000,0x00000000dfc00000,0x00000000dfc00000)
  from space 2048K, 79% used [0x00000000dfe00000,0x00000000dff98080,0x00000000e0000000)
  to   space 2048K, 0% used [0x00000000dfc00000,0x00000000dfc00000,0x00000000dfe00000)
 ParOldGen       total 701952K, used 76237K [0x0000000080000000, 0x00000000aad80000, 0x00000000d5580000)
  object space 701952K, 10% used [0x0000000080000000,0x0000000084a734d8,0x00000000aad80000)
 Metaspace       used 101605K, capacity 105574K, committed 105856K, reserved 1142784K
  class space    used 12500K, capacity 13381K, committed 13440K, reserved 1048576K
Event: 431597.246 GC heap after
Heap after GC invocations=2269 (full 4):
 PSYoungGen      total 172544K, used 1552K [0x00000000d5580000, 0x00000000e0000000, 0x0000000100000000)
  eden space 170496K, 0% used [0x00000000d5580000,0x00000000d5580000,0x00000000dfc00000)
  from space 2048K, 75% used [0x00000000dfc00000,0x00000000dfd840b0,0x00000000dfe00000)
  to   space 2048K, 0% used [0x00000000dfe00000,0x00000000dfe00000,0x00000000e0000000)
 ParOldGen       total 701952K, used 76237K [0x0000000080000000, 0x00000000aad80000, 0x00000000d5580000)
  object space 701952K, 10% used [0x0000000080000000,0x0000000084a734d8,0x00000000aad80000)
 Metaspace       used 101605K, capacity 105574K, committed 105856K, reserved 1142784K
  class space    used 12500K, capacity 13381K, committed 13440K, reserved 1048576K
}
Event: 431785.477 GC heap before
{Heap before GC invocations=2270 (full 4):
 PSYoungGen      total 172544K, used 172048K [0x00000000d5580000, 0x00000000e0000000, 0x0000000100000000)
  eden space 170496K, 100% used [0x00000000d5580000,0x00000000dfc00000,0x00000000dfc00000)
  from space 2048K, 75% used [0x00000000dfc00000,0x00000000dfd840b0,0x00000000dfe00000)
  to   space 2048K, 0% used [0x00000000dfe00000,0x00000000dfe00000,0x00000000e0000000)
 ParOldGen       total 701952K, used 76237K [0x0000000080000000, 0x00000000aad80000, 0x00000000d5580000)
  object space 701952K, 10% used [0x0000000080000000,0x0000000084a734d8,0x00000000aad80000)
 Metaspace       used 101605K, capacity 105574K, committed 105856K, reserved 1142784K
  class space    used 12500K, capacity 13381K, committed 13440K, reserved 1048576K
Event: 431785.481 GC heap after
Heap after GC invocations=2270 (full 4):
 PSYoungGen      total 172544K, used 1504K [0x00000000d5580000, 0x00000000e0000000, 0x0000000100000000)
  eden space 170496K, 0% used [0x00000000d5580000,0x00000000d5580000,0x00000000dfc00000)
  from space 2048K, 73% used [0x00000000dfe00000,0x00000000dff780a0,0x00000000e0000000)
  to   space 2048K, 0% used [0x00000000dfc00000,0x00000000dfc00000,0x00000000dfe00000)
 ParOldGen       total 701952K, used 76237K [0x0000000080000000, 0x00000000aad80000, 0x00000000d5580000)
  object space 701952K, 10% used [0x0000000080000000,0x0000000084a734d8,0x00000000aad80000)
 Metaspace       used 101605K, capacity 105574K, committed 105856K, reserved 1142784K
  class space    used 12500K, capacity 13381K, committed 13440K, reserved 1048576K
}
Event: 431970.275 GC heap before
{Heap before GC invocations=2271 (full 4):
 PSYoungGen      total 172544K, used 172000K [0x00000000d5580000, 0x00000000e0000000, 0x0000000100000000)
  eden space 170496K, 100% used [0x00000000d5580000,0x00000000dfc00000,0x00000000dfc00000)
  from space 2048K, 73% used [0x00000000dfe00000,0x00000000dff780a0,0x00000000e0000000)
  to   space 2048K, 0% used [0x00000000dfc00000,0x00000000dfc00000,0x00000000dfe00000)
 ParOldGen       total 701952K, used 76237K [0x0000000080000000, 0x00000000aad80000, 0x00000000d5580000)
  object space 701952K, 10% used [0x0000000080000000,0x0000000084a734d8,0x00000000aad80000)
 Metaspace       used 101605K, capacity 105574K, committed 105856K, reserved 1142784K
  class space    used 12500K, capacity 13381K, committed 13440K, reserved 1048576K
Event: 431970.278 GC heap after
Heap after GC invocations=2271 (full 4):
 PSYoungGen      total 172544K, used 1632K [0x00000000d5580000, 0x00000000e0000000, 0x0000000100000000)
  eden space 170496K, 0% used [0x00000000d5580000,0x00000000d5580000,0x00000000dfc00000)
  from space 2048K, 79% used [0x00000000dfc00000,0x00000000dfd980a0,0x00000000dfe00000)
  to   space 2048K, 0% used [0x00000000dfe00000,0x00000000dfe00000,0x00000000e0000000)
 ParOldGen       total 701952K, used 76237K [0x0000000080000000, 0x00000000aad80000, 0x00000000d5580000)
  object space 701952K, 10% used [0x0000000080000000,0x0000000084a734d8,0x00000000aad80000)
 Metaspace       used 101605K, capacity 105574K, committed 105856K, reserved 1142784K
  class space    used 12500K, capacity 13381K, committed 13440K, reserved 1048576K
}
Event: 432154.268 GC heap before
{Heap before GC invocations=2272 (full 4):
 PSYoungGen      total 172544K, used 172128K [0x00000000d5580000, 0x00000000e0000000, 0x0000000100000000)
  eden space 170496K, 100% used [0x00000000d5580000,0x00000000dfc00000,0x00000000dfc00000)
  from space 2048K, 79% used [0x00000000dfc00000,0x00000000dfd980a0,0x00000000dfe00000)
  to   space 2048K, 0% used [0x00000000dfe00000,0x00000000dfe00000,0x00000000e0000000)
 ParOldGen       total 701952K, used 76237K [0x0000000080000000, 0x00000000aad80000, 0x00000000d5580000)
  object space 701952K, 10% used [0x0000000080000000,0x0000000084a734d8,0x00000000aad80000)
 Metaspace       used 101605K, capacity 105574K, committed 105856K, reserved 1142784K
  class space    used 12500K, capacity 13381K, committed 13440K, reserved 1048576K
Event: 432154.272 GC heap after
Heap after GC invocations=2272 (full 4):
 PSYoungGen      total 172544K, used 1616K [0x00000000d5580000, 0x00000000e0000000, 0x0000000100000000)
  eden space 170496K, 0% used [0x00000000d5580000,0x00000000d5580000,0x00000000dfc00000)
  from space 2048K, 78% used [0x00000000dfe00000,0x00000000dff940b0,0x00000000e0000000)
  to   space 2048K, 0% used [0x00000000dfc00000,0x00000000dfc00000,0x00000000dfe00000)
 ParOldGen       total 701952K, used 76237K [0x0000000080000000, 0x00000000aad80000, 0x00000000d5580000)
  object space 701952K, 10% used [0x0000000080000000,0x0000000084a734d8,0x00000000aad80000)
 Metaspace       used 101605K, capacity 105574K, committed 105856K, reserved 1142784K
  class space    used 12500K, capacity 13381K, committed 13440K, reserved 1048576K
}
Event: 432341.975 GC heap before
{Heap before GC invocations=2273 (full 4):
 PSYoungGen      total 172544K, used 172112K [0x00000000d5580000, 0x00000000e0000000, 0x0000000100000000)
  eden space 170496K, 100% used [0x00000000d5580000,0x00000000dfc00000,0x00000000dfc00000)
  from space 2048K, 78% used [0x00000000dfe00000,0x00000000dff940b0,0x00000000e0000000)
  to   space 2048K, 0% used [0x00000000dfc00000,0x00000000dfc00000,0x00000000dfe00000)
 ParOldGen       total 701952K, used 76237K [0x0000000080000000, 0x00000000aad80000, 0x00000000d5580000)
  object space 701952K, 10% used [0x0000000080000000,0x0000000084a734d8,0x00000000aad80000)
 Metaspace       used 101605K, capacity 105574K, committed 105856K, reserved 1142784K
  class space    used 12500K, capacity 13381K, committed 13440K, reserved 1048576K
Event: 432341.979 GC heap after
Heap after GC invocations=2273 (full 4):
 PSYoungGen      total 172544K, used 1552K [0x00000000d5580000, 0x00000000e0000000, 0x0000000100000000)
  eden space 170496K, 0% used [0x00000000d5580000,0x00000000d5580000,0x00000000dfc00000)
  from space 2048K, 75% used [0x00000000dfc00000,0x00000000dfd84090,0x00000000dfe00000)
  to   space 2048K, 0% used [0x00000000dfe00000,0x00000000dfe00000,0x00000000e0000000)
 ParOldGen       total 701952K, used 76237K [0x0000000080000000, 0x00000000aad80000, 0x00000000d5580000)
  object space 701952K, 10% used [0x0000000080000000,0x0000000084a734d8,0x00000000aad80000)
 Metaspace       used 101605K, capacity 105574K, committed 105856K, reserved 1142784K
  class space    used 12500K, capacity 13381K, committed 13440K, reserved 1048576K
}
Event: 432528.649 GC heap before
{Heap before GC invocations=2274 (full 4):
 PSYoungGen      total 172544K, used 172048K [0x00000000d5580000, 0x00000000e0000000, 0x0000000100000000)
  eden space 170496K, 100% used [0x00000000d5580000,0x00000000dfc00000,0x00000000dfc00000)
  from space 2048K, 75% used [0x00000000dfc00000,0x00000000dfd84090,0x00000000dfe00000)
  to   space 2048K, 0% used [0x00000000dfe00000,0x00000000dfe00000,0x00000000e0000000)
 ParOldGen       total 701952K, used 76237K [0x0000000080000000, 0x00000000aad80000, 0x00000000d5580000)
  object space 701952K, 10% used [0x0000000080000000,0x0000000084a734d8,0x00000000aad80000)
 Metaspace       used 101605K, capacity 105574K, committed 105856K, reserved 1142784K
  class space    used 12500K, capacity 13381K, committed 13440K, reserved 1048576K
Event: 432528.653 GC heap after
Heap after GC invocations=2274 (full 4):
 PSYoungGen      total 172544K, used 1648K [0x00000000d5580000, 0x00000000e0000000, 0x0000000100000000)
  eden space 170496K, 0% used [0x00000000d5580000,0x00000000d5580000,0x00000000dfc00000)
  from space 2048K, 80% used [0x00000000dfe00000,0x00000000dff9c090,0x00000000e0000000)
  to   space 2048K, 0% used [0x00000000dfc00000,0x00000000dfc00000,0x00000000dfe00000)
 ParOldGen       total 701952K, used 76237K [0x0000000080000000, 0x00000000aad80000, 0x00000000d5580000)
  object space 701952K, 10% used [0x0000000080000000,0x0000000084a734d8,0x00000000aad80000)
 Metaspace       used 101605K, capacity 105574K, committed 105856K, reserved 1142784K
  class space    used 12500K, capacity 13381K, committed 13440K, reserved 1048576K
}
Event: 432715.477 GC heap before
{Heap before GC invocations=2275 (full 4):
 PSYoungGen      total 172544K, used 172144K [0x00000000d5580000, 0x00000000e0000000, 0x0000000100000000)
  eden space 170496K, 100% used [0x00000000d5580000,0x00000000dfc00000,0x00000000dfc00000)
  from space 2048K, 80% used [0x00000000dfe00000,0x00000000dff9c090,0x00000000e0000000)
  to   space 2048K, 0% used [0x00000000dfc00000,0x00000000dfc00000,0x00000000dfe00000)
 ParOldGen       total 701952K, used 76237K [0x0000000080000000, 0x00000000aad80000, 0x00000000d5580000)
  object space 701952K, 10% used [0x0000000080000000,0x0000000084a734d8,0x00000000aad80000)
 Metaspace       used 101605K, capacity 105574K, committed 105856K, reserved 1142784K
  class space    used 12500K, capacity 13381K, committed 13440K, reserved 1048576K
Event: 432715.480 GC heap after
Heap after GC invocations=2275 (full 4):
 PSYoungGen      total 172544K, used 1584K [0x00000000d5580000, 0x00000000e0000000, 0x0000000100000000)
  eden space 170496K, 0% used [0x00000000d5580000,0x00000000d5580000,0x00000000dfc00000)
  from space 2048K, 77% used [0x00000000dfc00000,0x00000000dfd8c090,0x00000000dfe00000)
  to   space 2048K, 0% used [0x00000000dfe00000,0x00000000dfe00000,0x00000000e0000000)
 ParOldGen       total 701952K, used 76237K [0x0000000080000000, 0x00000000aad80000, 0x00000000d5580000)
  object space 701952K, 10% used [0x0000000080000000,0x0000000084a734d8,0x00000000aad80000)
 Metaspace       used 101605K, capacity 105574K, committed 105856K, reserved 1142784K
  class space    used 12500K, capacity 13381K, committed 13440K, reserved 1048576K
}
Event: 432905.520 GC heap before
{Heap before GC invocations=2276 (full 4):
 PSYoungGen      total 172544K, used 172080K [0x00000000d5580000, 0x00000000e0000000, 0x0000000100000000)
  eden space 170496K, 100% used [0x00000000d5580000,0x00000000dfc00000,0x00000000dfc00000)
  from space 2048K, 77% used [0x00000000dfc00000,0x00000000dfd8c090,0x00000000dfe00000)
  to   space 2048K, 0% used [0x00000000dfe00000,0x00000000dfe00000,0x00000000e0000000)
 ParOldGen       total 701952K, used 76237K [0x0000000080000000, 0x00000000aad80000, 0x00000000d5580000)
  object space 701952K, 10% used [0x0000000080000000,0x0000000084a734d8,0x00000000aad80000)
 Metaspace       used 101605K, capacity 105574K, committed 105856K, reserved 1142784K
  class space    used 12500K, capacity 13381K, committed 13440K, reserved 1048576K
Event: 432905.524 GC heap after
Heap after GC invocations=2276 (full 4):
 PSYoungGen      total 172544K, used 1600K [0x00000000d5580000, 0x00000000e0000000, 0x0000000100000000)
  eden space 170496K, 0% used [0x00000000d5580000,0x00000000d5580000,0x00000000dfc00000)
  from space 2048K, 78% used [0x00000000dfe00000,0x00000000dff900a0,0x00000000e0000000)
  to   space 2048K, 0% used [0x00000000dfc00000,0x00000000dfc00000,0x00000000dfe00000)
 ParOldGen       total 701952K, used 76237K [0x0000000080000000, 0x00000000aad80000, 0x00000000d5580000)
  object space 701952K, 10% used [0x0000000080000000,0x0000000084a734d8,0x00000000aad80000)
 Metaspace       used 101605K, capacity 105574K, committed 105856K, reserved 1142784K
  class space    used 12500K, capacity 13381K, committed 13440K, reserved 1048576K
}
Event: 433095.641 GC heap before
{Heap before GC invocations=2277 (full 4):
 PSYoungGen      total 172544K, used 172096K [0x00000000d5580000, 0x00000000e0000000, 0x0000000100000000)
  eden space 170496K, 100% used [0x00000000d5580000,0x00000000dfc00000,0x00000000dfc00000)
  from space 2048K, 78% used [0x00000000dfe00000,0x00000000dff900a0,0x00000000e0000000)
  to   space 2048K, 0% used [0x00000000dfc00000,0x00000000dfc00000,0x00000000dfe00000)
 ParOldGen       total 701952K, used 76237K [0x0000000080000000, 0x00000000aad80000, 0x00000000d5580000)
  object space 701952K, 10% used [0x0000000080000000,0x0000000084a734d8,0x00000000aad80000)
 Metaspace       used 101605K, capacity 105574K, committed 105856K, reserved 1142784K
  class space    used 12500K, capacity 13381K, committed 13440K, reserved 1048576K
Event: 433095.645 GC heap after
Heap after GC invocations=2277 (full 4):
 PSYoungGen      total 172544K, used 1600K [0x00000000d5580000, 0x00000000e0000000, 0x0000000100000000)
  eden space 170496K, 0% used [0x00000000d5580000,0x00000000d5580000,0x00000000dfc00000)
  from space 2048K, 78% used [0x00000000dfc00000,0x00000000dfd900a0,0x00000000dfe00000)
  to   space 2048K, 0% used [0x00000000dfe00000,0x00000000dfe00000,0x00000000e0000000)
 ParOldGen       total 701952K, used 76261K [0x0000000080000000, 0x00000000aad80000, 0x00000000d5580000)
  object space 701952K, 10% used [0x0000000080000000,0x0000000084a794d8,0x00000000aad80000)
 Metaspace       used 101605K, capacity 105574K, committed 105856K, reserved 1142784K
  class space    used 12500K, capacity 13381K, committed 13440K, reserved 1048576K
}
Event: 433286.552 GC heap before
{Heap before GC invocations=2278 (full 4):
 PSYoungGen      total 172544K, used 172096K [0x00000000d5580000, 0x00000000e0000000, 0x0000000100000000)
  eden space 170496K, 100% used [0x00000000d5580000,0x00000000dfc00000,0x00000000dfc00000)
  from space 2048K, 78% used [0x00000000dfc00000,0x00000000dfd900a0,0x00000000dfe00000)
  to   space 2048K, 0% used [0x00000000dfe00000,0x00000000dfe00000,0x00000000e0000000)
 ParOldGen       total 701952K, used 76261K [0x0000000080000000, 0x00000000aad80000, 0x00000000d5580000)
  object space 701952K, 10% used [0x0000000080000000,0x0000000084a794d8,0x00000000aad80000)
 Metaspace       used 101607K, capacity 105574K, committed 105856K, reserved 1142784K
  class space    used 12500K, capacity 13381K, committed 13440K, reserved 1048576K
Event: 433286.555 GC heap after
Heap after GC invocations=2278 (full 4):
 PSYoungGen      total 172544K, used 1600K [0x00000000d5580000, 0x00000000e0000000, 0x0000000100000000)
  eden space 170496K, 0% used [0x00000000d5580000,0x00000000d5580000,0x00000000dfc00000)
  from space 2048K, 78% used [0x00000000dfe00000,0x00000000dff900a0,0x00000000e0000000)
  to   space 2048K, 0% used [0x00000000dfc00000,0x00000000dfc00000,0x00000000dfe00000)
 ParOldGen       total 701952K, used 76261K [0x0000000080000000, 0x00000000aad80000, 0x00000000d5580000)
  object space 701952K, 10% used [0x0000000080000000,0x0000000084a794d8,0x00000000aad80000)
 Metaspace       used 101607K, capacity 105574K, committed 105856K, reserved 1142784K
  class space    used 12500K, capacity 13381K, committed 13440K, reserved 1048576K
}
Event: 433476.455 GC heap before
{Heap before GC invocations=2279 (full 4):
 PSYoungGen      total 172544K, used 172096K [0x00000000d5580000, 0x00000000e0000000, 0x0000000100000000)
  eden space 170496K, 100% used [0x00000000d5580000,0x00000000dfc00000,0x00000000dfc00000)
  from space 2048K, 78% used [0x00000000dfe00000,0x00000000dff900a0,0x00000000e0000000)
  to   space 2048K, 0% used [0x00000000dfc00000,0x00000000dfc00000,0x00000000dfe00000)
 ParOldGen       total 701952K, used 76261K [0x0000000080000000, 0x00000000aad80000, 0x00000000d5580000)
  object space 701952K, 10% used [0x0000000080000000,0x0000000084a794d8,0x00000000aad80000)
 Metaspace       used 101607K, capacity 105574K, committed 105856K, reserved 1142784K
  class space    used 12500K, capacity 13381K, committed 13440K, reserved 1048576K
Event: 433476.459 GC heap after
Heap after GC invocations=2279 (full 4):
 PSYoungGen      total 172544K, used 1616K [0x00000000d5580000, 0x00000000e0000000, 0x0000000100000000)
  eden space 170496K, 0% used [0x00000000d5580000,0x00000000d5580000,0x00000000dfc00000)
  from space 2048K, 78% used [0x00000000dfc00000,0x00000000dfd94090,0x00000000dfe00000)
  to   space 2048K, 0% used [0x00000000dfe00000,0x00000000dfe00000,0x00000000e0000000)
 ParOldGen       total 701952K, used 76261K [0x0000000080000000, 0x00000000aad80000, 0x00000000d5580000)
  object space 701952K, 10% used [0x0000000080000000,0x0000000084a794d8,0x00000000aad80000)
 Metaspace       used 101607K, capacity 105574K, committed 105856K, reserved 1142784K
  class space    used 12500K, capacity 13381K, committed 13440K, reserved 1048576K
}
Event: 433663.162 GC heap before
{Heap before GC invocations=2280 (full 4):
 PSYoungGen      total 172544K, used 172112K [0x00000000d5580000, 0x00000000e0000000, 0x0000000100000000)
  eden space 170496K, 100% used [0x00000000d5580000,0x00000000dfc00000,0x00000000dfc00000)
  from space 2048K, 78% used [0x00000000dfc00000,0x00000000dfd94090,0x00000000dfe00000)
  to   space 2048K, 0% used [0x00000000dfe00000,0x00000000dfe00000,0x00000000e0000000)
 ParOldGen       total 701952K, used 76261K [0x0000000080000000, 0x00000000aad80000, 0x00000000d5580000)
  object space 701952K, 10% used [0x0000000080000000,0x0000000084a794d8,0x00000000aad80000)
 Metaspace       used 101607K, capacity 105574K, committed 105856K, reserved 1142784K
  class space    used 12500K, capacity 13381K, committed 13440K, reserved 1048576K
Event: 433663.166 GC heap after
Heap after GC invocations=2280 (full 4):
 PSYoungGen      total 172544K, used 1568K [0x00000000d5580000, 0x00000000e0000000, 0x0000000100000000)
  eden space 170496K, 0% used [0x00000000d5580000,0x00000000d5580000,0x00000000dfc00000)
  from space 2048K, 76% used [0x00000000dfe00000,0x00000000dff880a0,0x00000000e0000000)
  to   space 2048K, 0% used [0x00000000dfc00000,0x00000000dfc00000,0x00000000dfe00000)
 ParOldGen       total 701952K, used 76261K [0x0000000080000000, 0x00000000aad80000, 0x00000000d5580000)
  object space 701952K, 10% used [0x0000000080000000,0x0000000084a794d8,0x00000000aad80000)
 Metaspace       used 101607K, capacity 105574K, committed 105856K, reserved 1142784K
  class space    used 12500K, capacity 13381K, committed 13440K, reserved 1048576K
}
Event: 433924.938 GC heap before
{Heap before GC invocations=2281 (full 4):
 PSYoungGen      total 172544K, used 172064K [0x00000000d5580000, 0x00000000e0000000, 0x0000000100000000)
  eden space 170496K, 100% used [0x00000000d5580000,0x00000000dfc00000,0x00000000dfc00000)
  from space 2048K, 76% used [0x00000000dfe00000,0x00000000dff880a0,0x00000000e0000000)
  to   space 2048K, 0% used [0x00000000dfc00000,0x00000000dfc00000,0x00000000dfe00000)
 ParOldGen       total 701952K, used 76261K [0x0000000080000000, 0x00000000aad80000, 0x00000000d5580000)
  object space 701952K, 10% used [0x0000000080000000,0x0000000084a794d8,0x00000000aad80000)
 Metaspace       used 101805K, capacity 105826K, committed 105856K, reserved 1142784K
  class space    used 12528K, capacity 13433K, committed 13440K, reserved 1048576K
Event: 433924.943 GC heap after
Heap after GC invocations=2281 (full 4):
 PSYoungGen      total 172544K, used 2016K [0x00000000d5580000, 0x00000000e0000000, 0x0000000100000000)
  eden space 170496K, 0% used [0x00000000d5580000,0x00000000d5580000,0x00000000dfc00000)
  from space 2048K, 98% used [0x00000000dfc00000,0x00000000dfdf80f0,0x00000000dfe00000)
  to   space 2048K, 0% used [0x00000000dfe00000,0x00000000dfe00000,0x00000000e0000000)
 ParOldGen       total 701952K, used 77179K [0x0000000080000000, 0x00000000aad80000, 0x00000000d5580000)
  object space 701952K, 10% used [0x0000000080000000,0x0000000084b5ed38,0x00000000aad80000)
 Metaspace       used 101805K, capacity 105826K, committed 105856K, reserved 1142784K
  class space    used 12528K, capacity 13433K, committed 13440K, reserved 1048576K
}
Event: 434118.856 GC heap before
{Heap before GC invocations=2282 (full 4):
 PSYoungGen      total 172544K, used 172512K [0x00000000d5580000, 0x00000000e0000000, 0x0000000100000000)
  eden space 170496K, 100% used [0x00000000d5580000,0x00000000dfc00000,0x00000000dfc00000)
  from space 2048K, 98% used [0x00000000dfc00000,0x00000000dfdf80f0,0x00000000dfe00000)
  to   space 2048K, 0% used [0x00000000dfe00000,0x00000000dfe00000,0x00000000e0000000)
 ParOldGen       total 701952K, used 77179K [0x0000000080000000, 0x00000000aad80000, 0x00000000d5580000)
  object space 701952K, 10% used [0x0000000080000000,0x0000000084b5ed38,0x00000000aad80000)
 Metaspace       used 101806K, capacity 105826K, committed 105856K, reserved 1142784K
  class space    used 12528K, capacity 13433K, committed 13440K, reserved 1048576K
Event: 434118.860 GC heap after
Heap after GC invocations=2282 (full 4):
 PSYoungGen      total 171520K, used 1984K [0x00000000d5580000, 0x00000000e0000000, 0x0000000100000000)
  eden space 169472K, 0% used [0x00000000d5580000,0x00000000d5580000,0x00000000dfb00000)
  from space 2048K, 96% used [0x00000000dfe00000,0x00000000dfff00c0,0x00000000e0000000)
  to   space 2560K, 0% used [0x00000000dfb00000,0x00000000dfb00000,0x00000000dfd80000)
 ParOldGen       total 701952K, used 77187K [0x0000000080000000, 0x00000000aad80000, 0x00000000d5580000)
  object space 701952K, 10% used [0x0000000080000000,0x0000000084b60d38,0x00000000aad80000)
 Metaspace       used 101806K, capacity 105826K, committed 105856K, reserved 1142784K
  class space    used 12528K, capacity 13433K, committed 13440K, reserved 1048576K
}
Event: 434310.276 GC heap before
{Heap before GC invocations=2283 (full 4):
 PSYoungGen      total 171520K, used 171456K [0x00000000d5580000, 0x00000000e0000000, 0x0000000100000000)
  eden space 169472K, 100% used [0x00000000d5580000,0x00000000dfb00000,0x00000000dfb00000)
  from space 2048K, 96% used [0x00000000dfe00000,0x00000000dfff00c0,0x00000000e0000000)
  to   space 2560K, 0% used [0x00000000dfb00000,0x00000000dfb00000,0x00000000dfd80000)
 ParOldGen       total 701952K, used 77187K [0x0000000080000000, 0x00000000aad80000, 0x00000000d5580000)
  object space 701952K, 10% used [0x0000000080000000,0x0000000084b60d38,0x00000000aad80000)
 Metaspace       used 101806K, capacity 105826K, committed 105856K, reserved 1142784K
  class space    used 12528K, capacity 13433K, committed 13440K, reserved 1048576K
Event: 434310.279 GC heap after
Heap after GC invocations=2283 (full 4):
 PSYoungGen      total 172032K, used 2000K [0x00000000d5580000, 0x00000000e0000000, 0x0000000100000000)
  eden space 169472K, 0% used [0x00000000d5580000,0x00000000d5580000,0x00000000dfb00000)
  from space 2560K, 78% used [0x00000000dfb00000,0x00000000dfcf40b0,0x00000000dfd80000)
  to   space 2560K, 0% used [0x00000000dfd80000,0x00000000dfd80000,0x00000000e0000000)
 ParOldGen       total 701952K, used 77187K [0x0000000080000000, 0x00000000aad80000, 0x00000000d5580000)
  object space 701952K, 10% used [0x0000000080000000,0x0000000084b60d38,0x00000000aad80000)
 Metaspace       used 101806K, capacity 105826K, committed 105856K, reserved 1142784K
  class space    used 12528K, capacity 13433K, committed 13440K, reserved 1048576K
}
Event: 434502.477 GC heap before
{Heap before GC invocations=2284 (full 4):
 PSYoungGen      total 172032K, used 171472K [0x00000000d5580000, 0x00000000e0000000, 0x0000000100000000)
  eden space 169472K, 100% used [0x00000000d5580000,0x00000000dfb00000,0x00000000dfb00000)
  from space 2560K, 78% used [0x00000000dfb00000,0x00000000dfcf40b0,0x00000000dfd80000)
  to   space 2560K, 0% used [0x00000000dfd80000,0x00000000dfd80000,0x00000000e0000000)
 ParOldGen       total 701952K, used 77187K [0x0000000080000000, 0x00000000aad80000, 0x00000000d5580000)
  object space 701952K, 10% used [0x0000000080000000,0x0000000084b60d38,0x00000000aad80000)
 Metaspace       used 101806K, capacity 105826K, committed 105856K, reserved 1142784K
  class space    used 12528K, capacity 13433K, committed 13440K, reserved 1048576K
Event: 434502.481 GC heap after
Heap after GC invocations=2284 (full 4):
 PSYoungGen      total 172032K, used 1888K [0x00000000d5580000, 0x00000000e0000000, 0x0000000100000000)
  eden space 169472K, 0% used [0x00000000d5580000,0x00000000d5580000,0x00000000dfb00000)
  from space 2560K, 73% used [0x00000000dfd80000,0x00000000dff580c0,0x00000000e0000000)
  to   space 2560K, 0% used [0x00000000dfb00000,0x00000000dfb00000,0x00000000dfd80000)
 ParOldGen       total 701952K, used 77187K [0x0000000080000000, 0x00000000aad80000, 0x00000000d5580000)
  object space 701952K, 10% used [0x0000000080000000,0x0000000084b60d38,0x00000000aad80000)
 Metaspace       used 101806K, capacity 105826K, committed 105856K, reserved 1142784K
  class space    used 12528K, capacity 13433K, committed 13440K, reserved 1048576K
}
Event: 434692.452 GC heap before
{Heap before GC invocations=2285 (full 4):
 PSYoungGen      total 172032K, used 171360K [0x00000000d5580000, 0x00000000e0000000, 0x0000000100000000)
  eden space 169472K, 100% used [0x00000000d5580000,0x00000000dfb00000,0x00000000dfb00000)
  from space 2560K, 73% used [0x00000000dfd80000,0x00000000dff580c0,0x00000000e0000000)
  to   space 2560K, 0% used [0x00000000dfb00000,0x00000000dfb00000,0x00000000dfd80000)
 ParOldGen       total 701952K, used 77187K [0x0000000080000000, 0x00000000aad80000, 0x00000000d5580000)
  object space 701952K, 10% used [0x0000000080000000,0x0000000084b60d38,0x00000000aad80000)
 Metaspace       used 101806K, capacity 105826K, committed 105856K, reserved 1142784K
  class space    used 12528K, capacity 13433K, committed 13440K, reserved 1048576K
Event: 434692.455 GC heap after
Heap after GC invocations=2285 (full 4):
 PSYoungGen      total 172032K, used 2016K [0x00000000d5580000, 0x00000000e0000000, 0x0000000100000000)
  eden space 169472K, 0% used [0x00000000d5580000,0x00000000d5580000,0x00000000dfb00000)
  from space 2560K, 78% used [0x00000000dfb00000,0x00000000dfcf80c0,0x00000000dfd80000)
  to   space 2560K, 0% used [0x00000000dfd80000,0x00000000dfd80000,0x00000000e0000000)
 ParOldGen       total 701952K, used 77187K [0x0000000080000000, 0x00000000aad80000, 0x00000000d5580000)
  object space 701952K, 10% used [0x0000000080000000,0x0000000084b60d38,0x00000000aad80000)
 Metaspace       used 101806K, capacity 105826K, committed 105856K, reserved 1142784K
  class space    used 12528K, capacity 13433K, committed 13440K, reserved 1048576K
}
Event: 434880.275 GC heap before
{Heap before GC invocations=2286 (full 4):
 PSYoungGen      total 172032K, used 171488K [0x00000000d5580000, 0x00000000e0000000, 0x0000000100000000)
  eden space 169472K, 100% used [0x00000000d5580000,0x00000000dfb00000,0x00000000dfb00000)
  from space 2560K, 78% used [0x00000000dfb00000,0x00000000dfcf80c0,0x00000000dfd80000)
  to   space 2560K, 0% used [0x00000000dfd80000,0x00000000dfd80000,0x00000000e0000000)
 ParOldGen       total 701952K, used 77187K [0x0000000080000000, 0x00000000aad80000, 0x00000000d5580000)
  object space 701952K, 10% used [0x0000000080000000,0x0000000084b60d38,0x00000000aad80000)
 Metaspace       used 101806K, capacity 105826K, committed 105856K, reserved 1142784K
  class space    used 12528K, capacity 13433K, committed 13440K, reserved 1048576K
Event: 434880.278 GC heap after
Heap after GC invocations=2286 (full 4):
 PSYoungGen      total 172032K, used 1984K [0x00000000d5580000, 0x00000000e0000000, 0x0000000100000000)
  eden space 169472K, 0% used [0x00000000d5580000,0x00000000d5580000,0x00000000dfb00000)
  from space 2560K, 77% used [0x00000000dfd80000,0x00000000dff700c0,0x00000000e0000000)
  to   space 2560K, 0% used [0x00000000dfb00000,0x00000000dfb00000,0x00000000dfd80000)
 ParOldGen       total 701952K, used 77187K [0x0000000080000000, 0x00000000aad80000, 0x00000000d5580000)
  object space 701952K, 10% used [0x0000000080000000,0x0000000084b60d38,0x00000000aad80000)
 Metaspace       used 101806K, capacity 105826K, committed 105856K, reserved 1142784K
  class space    used 12528K, capacity 13433K, committed 13440K, reserved 1048576K
}
Event: 435069.455 GC heap before
{Heap before GC invocations=2287 (full 4):
 PSYoungGen      total 172032K, used 171456K [0x00000000d5580000, 0x00000000e0000000, 0x0000000100000000)
  eden space 169472K, 100% used [0x00000000d5580000,0x00000000dfb00000,0x00000000dfb00000)
  from space 2560K, 77% used [0x00000000dfd80000,0x00000000dff700c0,0x00000000e0000000)
  to   space 2560K, 0% used [0x00000000dfb00000,0x00000000dfb00000,0x00000000dfd80000)
 ParOldGen       total 701952K, used 77187K [0x0000000080000000, 0x00000000aad80000, 0x00000000d5580000)
  object space 701952K, 10% used [0x0000000080000000,0x0000000084b60d38,0x00000000aad80000)
 Metaspace       used 101806K, capacity 105826K, committed 105856K, reserved 1142784K
  class space    used 12528K, capacity 13433K, committed 13440K, reserved 1048576K
Event: 435069.459 GC heap after
Heap after GC invocations=2287 (full 4):
 PSYoungGen      total 172032K, used 1920K [0x00000000d5580000, 0x00000000e0000000, 0x0000000100000000)
  eden space 169472K, 0% used [0x00000000d5580000,0x00000000d5580000,0x00000000dfb00000)
  from space 2560K, 75% used [0x00000000dfb00000,0x00000000dfce00c0,0x00000000dfd80000)
  to   space 2560K, 0% used [0x00000000dfd80000,0x00000000dfd80000,0x00000000e0000000)
 ParOldGen       total 701952K, used 77187K [0x0000000080000000, 0x00000000aad80000, 0x00000000d5580000)
  object space 701952K, 10% used [0x0000000080000000,0x0000000084b60d38,0x00000000aad80000)
 Metaspace       used 101806K, capacity 105826K, committed 105856K, reserved 1142784K
  class space    used 12528K, capacity 13433K, committed 13440K, reserved 1048576K
}
Event: 435258.622 GC heap before
{Heap before GC invocations=2288 (full 4):
 PSYoungGen      total 172032K, used 171392K [0x00000000d5580000, 0x00000000e0000000, 0x0000000100000000)
  eden space 169472K, 100% used [0x00000000d5580000,0x00000000dfb00000,0x00000000dfb00000)
  from space 2560K, 75% used [0x00000000dfb00000,0x00000000dfce00c0,0x00000000dfd80000)
  to   space 2560K, 0% used [0x00000000dfd80000,0x00000000dfd80000,0x00000000e0000000)
 ParOldGen       total 701952K, used 77187K [0x0000000080000000, 0x00000000aad80000, 0x00000000d5580000)
  object space 701952K, 10% used [0x0000000080000000,0x0000000084b60d38,0x00000000aad80000)
 Metaspace       used 101806K, capacity 105826K, committed 105856K, reserved 1142784K
  class space    used 12528K, capacity 13433K, committed 13440K, reserved 1048576K
Event: 435258.627 GC heap after
Heap after GC invocations=2288 (full 4):
 PSYoungGen      total 172032K, used 2000K [0x00000000d5580000, 0x00000000e0000000, 0x0000000100000000)
  eden space 169472K, 0% used [0x00000000d5580000,0x00000000d5580000,0x00000000dfb00000)
  from space 2560K, 78% used [0x00000000dfd80000,0x00000000dff740d0,0x00000000e0000000)
  to   space 2560K, 0% used [0x00000000dfb00000,0x00000000dfb00000,0x00000000dfd80000)
 ParOldGen       total 701952K, used 77187K [0x0000000080000000, 0x00000000aad80000, 0x00000000d5580000)
  object space 701952K, 10% used [0x0000000080000000,0x0000000084b60d38,0x00000000aad80000)
 Metaspace       used 101806K, capacity 105826K, committed 105856K, reserved 1142784K
  class space    used 12528K, capacity 13433K, committed 13440K, reserved 1048576K
}
Event: 435447.480 GC heap before
{Heap before GC invocations=2289 (full 4):
 PSYoungGen      total 172032K, used 171472K [0x00000000d5580000, 0x00000000e0000000, 0x0000000100000000)
  eden space 169472K, 100% used [0x00000000d5580000,0x00000000dfb00000,0x00000000dfb00000)
  from space 2560K, 78% used [0x00000000dfd80000,0x00000000dff740d0,0x00000000e0000000)
  to   space 2560K, 0% used [0x00000000dfb00000,0x00000000dfb00000,0x00000000dfd80000)
 ParOldGen       total 701952K, used 77187K [0x0000000080000000, 0x00000000aad80000, 0x00000000d5580000)
  object space 701952K, 10% used [0x0000000080000000,0x0000000084b60d38,0x00000000aad80000)
 Metaspace       used 101806K, capacity 105826K, committed 105856K, reserved 1142784K
  class space    used 12528K, capacity 13433K, committed 13440K, reserved 1048576K
Event: 435447.484 GC heap after
Heap after GC invocations=2289 (full 4):
 PSYoungGen      total 172032K, used 2000K [0x00000000d5580000, 0x00000000e0000000, 0x0000000100000000)
  eden space 169472K, 0% used [0x00000000d5580000,0x00000000d5580000,0x00000000dfb00000)
  from space 2560K, 78% used [0x00000000dfb00000,0x00000000dfcf40b0,0x00000000dfd80000)
  to   space 2560K, 0% used [0x00000000dfd80000,0x00000000dfd80000,0x00000000e0000000)
 ParOldGen       total 701952K, used 77187K [0x0000000080000000, 0x00000000aad80000, 0x00000000d5580000)
  object space 701952K, 10% used [0x0000000080000000,0x0000000084b60d38,0x00000000aad80000)
 Metaspace       used 101806K, capacity 105826K, committed 105856K, reserved 1142784K
  class space    used 12528K, capacity 13433K, committed 13440K, reserved 1048576K
}
Event: 435637.912 GC heap before
{Heap before GC invocations=2290 (full 4):
 PSYoungGen      total 172032K, used 171472K [0x00000000d5580000, 0x00000000e0000000, 0x0000000100000000)
  eden space 169472K, 100% used [0x00000000d5580000,0x00000000dfb00000,0x00000000dfb00000)
  from space 2560K, 78% used [0x00000000dfb00000,0x00000000dfcf40b0,0x00000000dfd80000)
  to   space 2560K, 0% used [0x00000000dfd80000,0x00000000dfd80000,0x00000000e0000000)
 ParOldGen       total 701952K, used 77187K [0x0000000080000000, 0x00000000aad80000, 0x00000000d5580000)
  object space 701952K, 10% used [0x0000000080000000,0x0000000084b60d38,0x00000000aad80000)
 Metaspace       used 101806K, capacity 105826K, committed 105856K, reserved 1142784K
  class space    used 12528K, capacity 13433K, committed 13440K, reserved 1048576K
Event: 435637.916 GC heap after
Heap after GC invocations=2290 (full 4):
 PSYoungGen      total 172032K, used 2000K [0x00000000d5580000, 0x00000000e0000000, 0x0000000100000000)
  eden space 169472K, 0% used [0x00000000d5580000,0x00000000d5580000,0x00000000dfb00000)
  from space 2560K, 78% used [0x00000000dfd80000,0x00000000dff740d0,0x00000000e0000000)
  to   space 2560K, 0% used [0x00000000dfb00000,0x00000000dfb00000,0x00000000dfd80000)
 ParOldGen       total 701952K, used 77187K [0x0000000080000000, 0x00000000aad80000, 0x00000000d5580000)
  object space 701952K, 10% used [0x0000000080000000,0x0000000084b60d38,0x00000000aad80000)
 Metaspace       used 101806K, capacity 105826K, committed 105856K, reserved 1142784K
  class space    used 12528K, capacity 13433K, committed 13440K, reserved 1048576K
}
Event: 435820.276 GC heap before
{Heap before GC invocations=2291 (full 4):
 PSYoungGen      total 172032K, used 171472K [0x00000000d5580000, 0x00000000e0000000, 0x0000000100000000)
  eden space 169472K, 100% used [0x00000000d5580000,0x00000000dfb00000,0x00000000dfb00000)
  from space 2560K, 78% used [0x00000000dfd80000,0x00000000dff740d0,0x00000000e0000000)
  to   space 2560K, 0% used [0x00000000dfb00000,0x00000000dfb00000,0x00000000dfd80000)
 ParOldGen       total 701952K, used 77187K [0x0000000080000000, 0x00000000aad80000, 0x00000000d5580000)
  object space 701952K, 10% used [0x0000000080000000,0x0000000084b60d38,0x00000000aad80000)
 Metaspace       used 101806K, capacity 105826K, committed 105856K, reserved 1142784K
  class space    used 12528K, capacity 13433K, committed 13440K, reserved 1048576K
Event: 435820.280 GC heap after
Heap after GC invocations=2291 (full 4):
 PSYoungGen      total 172032K, used 1920K [0x00000000d5580000, 0x00000000e0000000, 0x0000000100000000)
  eden space 169472K, 0% used [0x00000000d5580000,0x00000000d5580000,0x00000000dfb00000)
  from space 2560K, 75% used [0x00000000dfb00000,0x00000000dfce00c0,0x00000000dfd80000)
  to   space 2560K, 0% used [0x00000000dfd80000,0x00000000dfd80000,0x00000000e0000000)
 ParOldGen       total 701952K, used 77187K [0x0000000080000000, 0x00000000aad80000, 0x00000000d5580000)
  object space 701952K, 10% used [0x0000000080000000,0x0000000084b60d38,0x00000000aad80000)
 Metaspace       used 101806K, capacity 105826K, committed 105856K, reserved 1142784K
  class space    used 12528K, capacity 13433K, committed 13440K, reserved 1048576K
}
Event: 436009.440 GC heap before
{Heap before GC invocations=2292 (full 4):
 PSYoungGen      total 172032K, used 171392K [0x00000000d5580000, 0x00000000e0000000, 0x0000000100000000)
  eden space 169472K, 100% used [0x00000000d5580000,0x00000000dfb00000,0x00000000dfb00000)
  from space 2560K, 75% used [0x00000000dfb00000,0x00000000dfce00c0,0x00000000dfd80000)
  to   space 2560K, 0% used [0x00000000dfd80000,0x00000000dfd80000,0x00000000e0000000)
 ParOldGen       total 701952K, used 77187K [0x0000000080000000, 0x00000000aad80000, 0x00000000d5580000)
  object space 701952K, 10% used [0x0000000080000000,0x0000000084b60d38,0x00000000aad80000)
 Metaspace       used 101806K, capacity 105826K, committed 105856K, reserved 1142784K
  class space    used 12528K, capacity 13433K, committed 13440K, reserved 1048576K
Event: 436009.444 GC heap after
Heap after GC invocations=2292 (full 4):
 PSYoungGen      total 172032K, used 1824K [0x00000000d5580000, 0x00000000e0000000, 0x0000000100000000)
  eden space 169472K, 0% used [0x00000000d5580000,0x00000000d5580000,0x00000000dfb00000)
  from space 2560K, 71% used [0x00000000dfd80000,0x00000000dff480c0,0x00000000e0000000)
  to   space 2560K, 0% used [0x00000000dfb00000,0x00000000dfb00000,0x00000000dfd80000)
 ParOldGen       total 701952K, used 77187K [0x0000000080000000, 0x00000000aad80000, 0x00000000d5580000)
  object space 701952K, 10% used [0x0000000080000000,0x0000000084b60d38,0x00000000aad80000)
 Metaspace       used 101806K, capacity 105826K, committed 105856K, reserved 1142784K
  class space    used 12528K, capacity 13433K, committed 13440K, reserved 1048576K
}
Event: 436198.748 GC heap before
{Heap before GC invocations=2293 (full 4):
 PSYoungGen      total 172032K, used 171296K [0x00000000d5580000, 0x00000000e0000000, 0x0000000100000000)
  eden space 169472K, 100% used [0x00000000d5580000,0x00000000dfb00000,0x00000000dfb00000)
  from space 2560K, 71% used [0x00000000dfd80000,0x00000000dff480c0,0x00000000e0000000)
  to   space 2560K, 0% used [0x00000000dfb00000,0x00000000dfb00000,0x00000000dfd80000)
 ParOldGen       total 701952K, used 77187K [0x0000000080000000, 0x00000000aad80000, 0x00000000d5580000)
  object space 701952K, 10% used [0x0000000080000000,0x0000000084b60d38,0x00000000aad80000)
 Metaspace       used 101806K, capacity 105826K, committed 105856K, reserved 1142784K
  class space    used 12528K, capacity 13433K, committed 13440K, reserved 1048576K
Event: 436198.753 GC heap after
Heap after GC invocations=2293 (full 4):
 PSYoungGen      total 172032K, used 1792K [0x00000000d5580000, 0x00000000e0000000, 0x0000000100000000)
  eden space 169472K, 0% used [0x00000000d5580000,0x00000000d5580000,0x00000000dfb00000)
  from space 2560K, 70% used [0x00000000dfb00000,0x00000000dfcc00c0,0x00000000dfd80000)
  to   space 2560K, 0% used [0x00000000dfd80000,0x00000000dfd80000,0x00000000e0000000)
 ParOldGen       total 701952K, used 77187K [0x0000000080000000, 0x00000000aad80000, 0x00000000d5580000)
  object space 701952K, 10% used [0x0000000080000000,0x0000000084b60d38,0x00000000aad80000)
 Metaspace       used 101806K, capacity 105826K, committed 105856K, reserved 1142784K
  class space    used 12528K, capacity 13433K, committed 13440K, reserved 1048576K
}
Event: 436388.959 GC heap before
{Heap before GC invocations=2294 (full 4):
 PSYoungGen      total 172032K, used 171264K [0x00000000d5580000, 0x00000000e0000000, 0x0000000100000000)
  eden space 169472K, 100% used [0x00000000d5580000,0x00000000dfb00000,0x00000000dfb00000)
  from space 2560K, 70% used [0x00000000dfb00000,0x00000000dfcc00c0,0x00000000dfd80000)
  to   space 2560K, 0% used [0x00000000dfd80000,0x00000000dfd80000,0x00000000e0000000)
 ParOldGen       total 701952K, used 77187K [0x0000000080000000, 0x00000000aad80000, 0x00000000d5580000)
  object space 701952K, 10% used [0x0000000080000000,0x0000000084b60d38,0x00000000aad80000)
 Metaspace       used 101806K, capacity 105826K, committed 105856K, reserved 1142784K
  class space    used 12528K, capacity 13433K, committed 13440K, reserved 1048576K
Event: 436388.963 GC heap after
Heap after GC invocations=2294 (full 4):
 PSYoungGen      total 172032K, used 1840K [0x00000000d5580000, 0x00000000e0000000, 0x0000000100000000)
  eden space 169472K, 0% used [0x00000000d5580000,0x00000000d5580000,0x00000000dfb00000)
  from space 2560K, 71% used [0x00000000dfd80000,0x00000000dff4c0b0,0x00000000e0000000)
  to   space 2560K, 0% used [0x00000000dfb00000,0x00000000dfb00000,0x00000000dfd80000)
 ParOldGen       total 701952K, used 77187K [0x0000000080000000, 0x00000000aad80000, 0x00000000d5580000)
  object space 701952K, 10% used [0x0000000080000000,0x0000000084b60d38,0x00000000aad80000)
 Metaspace       used 101806K, capacity 105826K, committed 105856K, reserved 1142784K
  class space    used 12528K, capacity 13433K, committed 13440K, reserved 1048576K
}
Event: 436574.181 GC heap before
{Heap before GC invocations=2295 (full 4):
 PSYoungGen      total 172032K, used 171312K [0x00000000d5580000, 0x00000000e0000000, 0x0000000100000000)
  eden space 169472K, 100% used [0x00000000d5580000,0x00000000dfb00000,0x00000000dfb00000)
  from space 2560K, 71% used [0x00000000dfd80000,0x00000000dff4c0b0,0x00000000e0000000)
  to   space 2560K, 0% used [0x00000000dfb00000,0x00000000dfb00000,0x00000000dfd80000)
 ParOldGen       total 701952K, used 77187K [0x0000000080000000, 0x00000000aad80000, 0x00000000d5580000)
  object space 701952K, 10% used [0x0000000080000000,0x0000000084b60d38,0x00000000aad80000)
 Metaspace       used 101806K, capacity 105826K, committed 105856K, reserved 1142784K
  class space    used 12528K, capacity 13433K, committed 13440K, reserved 1048576K
Event: 436574.186 GC heap after
Heap after GC invocations=2295 (full 4):
 PSYoungGen      total 172032K, used 1920K [0x00000000d5580000, 0x00000000e0000000, 0x0000000100000000)
  eden space 169472K, 0% used [0x00000000d5580000,0x00000000d5580000,0x00000000dfb00000)
  from space 2560K, 75% used [0x00000000dfb00000,0x00000000dfce00c0,0x00000000dfd80000)
  to   space 2560K, 0% used [0x00000000dfd80000,0x00000000dfd80000,0x00000000e0000000)
 ParOldGen       total 701952K, used 77187K [0x0000000080000000, 0x00000000aad80000, 0x00000000d5580000)
  object space 701952K, 10% used [0x0000000080000000,0x0000000084b60d38,0x00000000aad80000)
 Metaspace       used 101806K, capacity 105826K, committed 105856K, reserved 1142784K
  class space    used 12528K, capacity 13433K, committed 13440K, reserved 1048576K
}
Event: 436762.415 GC heap before
{Heap before GC invocations=2296 (full 4):
 PSYoungGen      total 172032K, used 171392K [0x00000000d5580000, 0x00000000e0000000, 0x0000000100000000)
  eden space 169472K, 100% used [0x00000000d5580000,0x00000000dfb00000,0x00000000dfb00000)
  from space 2560K, 75% used [0x00000000dfb00000,0x00000000dfce00c0,0x00000000dfd80000)
  to   space 2560K, 0% used [0x00000000dfd80000,0x00000000dfd80000,0x00000000e0000000)
 ParOldGen       total 701952K, used 77187K [0x0000000080000000, 0x00000000aad80000, 0x00000000d5580000)
  object space 701952K, 10% used [0x0000000080000000,0x0000000084b60d38,0x00000000aad80000)
 Metaspace       used 101806K, capacity 105826K, committed 105856K, reserved 1142784K
  class space    used 12528K, capacity 13433K, committed 13440K, reserved 1048576K
Event: 436762.419 GC heap after
Heap after GC invocations=2296 (full 4):
 PSYoungGen      total 172032K, used 1648K [0x00000000d5580000, 0x00000000e0000000, 0x0000000100000000)
  eden space 169472K, 0% used [0x00000000d5580000,0x00000000d5580000,0x00000000dfb00000)
  from space 2560K, 64% used [0x00000000dfd80000,0x00000000dff1c090,0x00000000e0000000)
  to   space 2560K, 0% used [0x00000000dfb00000,0x00000000dfb00000,0x00000000dfd80000)
 ParOldGen       total 701952K, used 77479K [0x0000000080000000, 0x00000000aad80000, 0x00000000d5580000)
  object space 701952K, 11% used [0x0000000080000000,0x0000000084ba9de8,0x00000000aad80000)
 Metaspace       used 101806K, capacity 105826K, committed 105856K, reserved 1142784K
  class space    used 12528K, capacity 13433K, committed 13440K, reserved 1048576K
}
Event: 436950.276 GC heap before
{Heap before GC invocations=2297 (full 4):
 PSYoungGen      total 172032K, used 171120K [0x00000000d5580000, 0x00000000e0000000, 0x0000000100000000)
  eden space 169472K, 100% used [0x00000000d5580000,0x00000000dfb00000,0x00000000dfb00000)
  from space 2560K, 64% used [0x00000000dfd80000,0x00000000dff1c090,0x00000000e0000000)
  to   space 2560K, 0% used [0x00000000dfb00000,0x00000000dfb00000,0x00000000dfd80000)
 ParOldGen       total 701952K, used 77479K [0x0000000080000000, 0x00000000aad80000, 0x00000000d5580000)
  object space 701952K, 11% used [0x0000000080000000,0x0000000084ba9de8,0x00000000aad80000)
 Metaspace       used 101806K, capacity 105826K, committed 105856K, reserved 1142784K
  class space    used 12528K, capacity 13433K, committed 13440K, reserved 1048576K
Event: 436950.279 GC heap after
Heap after GC invocations=2297 (full 4):
 PSYoungGen      total 172032K, used 1744K [0x00000000d5580000, 0x00000000e0000000, 0x0000000100000000)
  eden space 169472K, 0% used [0x00000000d5580000,0x00000000d5580000,0x00000000dfb00000)
  from space 2560K, 68% used [0x00000000dfb00000,0x00000000dfcb4090,0x00000000dfd80000)
  to   space 2560K, 0% used [0x00000000dfd80000,0x00000000dfd80000,0x00000000e0000000)
 ParOldGen       total 701952K, used 77487K [0x0000000080000000, 0x00000000aad80000, 0x00000000d5580000)
  object space 701952K, 11% used [0x0000000080000000,0x0000000084babde8,0x00000000aad80000)
 Metaspace       used 101806K, capacity 105826K, committed 105856K, reserved 1142784K
  class space    used 12528K, capacity 13433K, committed 13440K, reserved 1048576K
}
Event: 437138.756 GC heap before
{Heap before GC invocations=2298 (full 4):
 PSYoungGen      total 172032K, used 171216K [0x00000000d5580000, 0x00000000e0000000, 0x0000000100000000)
  eden space 169472K, 100% used [0x00000000d5580000,0x00000000dfb00000,0x00000000dfb00000)
  from space 2560K, 68% used [0x00000000dfb00000,0x00000000dfcb4090,0x00000000dfd80000)
  to   space 2560K, 0% used [0x00000000dfd80000,0x00000000dfd80000,0x00000000e0000000)
 ParOldGen       total 701952K, used 77487K [0x0000000080000000, 0x00000000aad80000, 0x00000000d5580000)
  object space 701952K, 11% used [0x0000000080000000,0x0000000084babde8,0x00000000aad80000)
 Metaspace       used 101806K, capacity 105826K, committed 105856K, reserved 1142784K
  class space    used 12528K, capacity 13433K, committed 13440K, reserved 1048576K
Event: 437138.760 GC heap after
Heap after GC invocations=2298 (full 4):
 PSYoungGen      total 172032K, used 1568K [0x00000000d5580000, 0x00000000e0000000, 0x0000000100000000)
  eden space 169472K, 0% used [0x00000000d5580000,0x00000000d5580000,0x00000000dfb00000)
  from space 2560K, 61% used [0x00000000dfd80000,0x00000000dff080a0,0x00000000e0000000)
  to   space 2560K, 0% used [0x00000000dfb00000,0x00000000dfb00000,0x00000000dfd80000)
 ParOldGen       total 701952K, used 77503K [0x0000000080000000, 0x00000000aad80000, 0x00000000d5580000)
  object space 701952K, 11% used [0x0000000080000000,0x0000000084bafde8,0x00000000aad80000)
 Metaspace       used 101806K, capacity 105826K, committed 105856K, reserved 1142784K
  class space    used 12528K, capacity 13433K, committed 13440K, reserved 1048576K
}
Event: 437326.947 GC heap before
{Heap before GC invocations=2299 (full 4):
 PSYoungGen      total 172032K, used 171040K [0x00000000d5580000, 0x00000000e0000000, 0x0000000100000000)
  eden space 169472K, 100% used [0x00000000d5580000,0x00000000dfb00000,0x00000000dfb00000)
  from space 2560K, 61% used [0x00000000dfd80000,0x00000000dff080a0,0x00000000e0000000)
  to   space 2560K, 0% used [0x00000000dfb00000,0x00000000dfb00000,0x00000000dfd80000)
 ParOldGen       total 701952K, used 77503K [0x0000000080000000, 0x00000000aad80000, 0x00000000d5580000)
  object space 701952K, 11% used [0x0000000080000000,0x0000000084bafde8,0x00000000aad80000)
 Metaspace       used 101806K, capacity 105826K, committed 105856K, reserved 1142784K
  class space    used 12528K, capacity 13433K, committed 13440K, reserved 1048576K
Event: 437326.951 GC heap after
Heap after GC invocations=2299 (full 4):
 PSYoungGen      total 172032K, used 1696K [0x00000000d5580000, 0x00000000e0000000, 0x0000000100000000)
  eden space 169472K, 0% used [0x00000000d5580000,0x00000000d5580000,0x00000000dfb00000)
  from space 2560K, 66% used [0x00000000dfb00000,0x00000000dfca80a0,0x00000000dfd80000)
  to   space 2560K, 0% used [0x00000000dfd80000,0x00000000dfd80000,0x00000000e0000000)
 ParOldGen       total 701952K, used 77519K [0x0000000080000000, 0x00000000aad80000, 0x00000000d5580000)
  object space 701952K, 11% used [0x0000000080000000,0x0000000084bb3de8,0x00000000aad80000)
 Metaspace       used 101806K, capacity 105826K, committed 105856K, reserved 1142784K
  class space    used 12528K, capacity 13433K, committed 13440K, reserved 1048576K
}
Event: 437507.295 GC heap before
{Heap before GC invocations=2300 (full 4):
 PSYoungGen      total 172032K, used 171168K [0x00000000d5580000, 0x00000000e0000000, 0x0000000100000000)
  eden space 169472K, 100% used [0x00000000d5580000,0x00000000dfb00000,0x00000000dfb00000)
  from space 2560K, 66% used [0x00000000dfb00000,0x00000000dfca80a0,0x00000000dfd80000)
  to   space 2560K, 0% used [0x00000000dfd80000,0x00000000dfd80000,0x00000000e0000000)
 ParOldGen       total 701952K, used 77519K [0x0000000080000000, 0x00000000aad80000, 0x00000000d5580000)
  object space 701952K, 11% used [0x0000000080000000,0x0000000084bb3de8,0x00000000aad80000)
 Metaspace       used 101806K, capacity 105826K, committed 105856K, reserved 1142784K
  class space    used 12528K, capacity 13433K, committed 13440K, reserved 1048576K
Event: 437507.299 GC heap after
Heap after GC invocations=2300 (full 4):
 PSYoungGen      total 172032K, used 1632K [0x00000000d5580000, 0x00000000e0000000, 0x0000000100000000)
  eden space 169472K, 0% used [0x00000000d5580000,0x00000000d5580000,0x00000000dfb00000)
  from space 2560K, 63% used [0x00000000dfd80000,0x00000000dff180a0,0x00000000e0000000)
  to   space 2560K, 0% used [0x00000000dfb00000,0x00000000dfb00000,0x00000000dfd80000)
 ParOldGen       total 701952K, used 77543K [0x0000000080000000, 0x00000000aad80000, 0x00000000d5580000)
  object space 701952K, 11% used [0x0000000080000000,0x0000000084bb9de8,0x00000000aad80000)
 Metaspace       used 101806K, capacity 105826K, committed 105856K, reserved 1142784K
  class space    used 12528K, capacity 13433K, committed 13440K, reserved 1048576K
}
Event: 437698.749 GC heap before
{Heap before GC invocations=2301 (full 4):
 PSYoungGen      total 172032K, used 171104K [0x00000000d5580000, 0x00000000e0000000, 0x0000000100000000)
  eden space 169472K, 100% used [0x00000000d5580000,0x00000000dfb00000,0x00000000dfb00000)
  from space 2560K, 63% used [0x00000000dfd80000,0x00000000dff180a0,0x00000000e0000000)
  to   space 2560K, 0% used [0x00000000dfb00000,0x00000000dfb00000,0x00000000dfd80000)
 ParOldGen       total 701952K, used 77543K [0x0000000080000000, 0x00000000aad80000, 0x00000000d5580000)
  object space 701952K, 11% used [0x0000000080000000,0x0000000084bb9de8,0x00000000aad80000)
 Metaspace       used 101806K, capacity 105826K, committed 105856K, reserved 1142784K
  class space    used 12528K, capacity 13433K, committed 13440K, reserved 1048576K
Event: 437698.752 GC heap after
Heap after GC invocations=2301 (full 4):
 PSYoungGen      total 172032K, used 1680K [0x00000000d5580000, 0x00000000e0000000, 0x0000000100000000)
  eden space 169472K, 0% used [0x00000000d5580000,0x00000000d5580000,0x00000000dfb00000)
  from space 2560K, 65% used [0x00000000dfb00000,0x00000000dfca4090,0x00000000dfd80000)
  to   space 2560K, 0% used [0x00000000dfd80000,0x00000000dfd80000,0x00000000e0000000)
 ParOldGen       total 701952K, used 77551K [0x0000000080000000, 0x00000000aad80000, 0x00000000d5580000)
  object space 701952K, 11% used [0x0000000080000000,0x0000000084bbbde8,0x00000000aad80000)
 Metaspace       used 101806K, capacity 105826K, committed 105856K, reserved 1142784K
  class space    used 12528K, capacity 13433K, committed 13440K, reserved 1048576K
}
Event: 437891.313 GC heap before
{Heap before GC invocations=2302 (full 4):
 PSYoungGen      total 172032K, used 171152K [0x00000000d5580000, 0x00000000e0000000, 0x0000000100000000)
  eden space 169472K, 100% used [0x00000000d5580000,0x00000000dfb00000,0x00000000dfb00000)
  from space 2560K, 65% used [0x00000000dfb00000,0x00000000dfca4090,0x00000000dfd80000)
  to   space 2560K, 0% used [0x00000000dfd80000,0x00000000dfd80000,0x00000000e0000000)
 ParOldGen       total 701952K, used 77551K [0x0000000080000000, 0x00000000aad80000, 0x00000000d5580000)
  object space 701952K, 11% used [0x0000000080000000,0x0000000084bbbde8,0x00000000aad80000)
 Metaspace       used 101806K, capacity 105826K, committed 105856K, reserved 1142784K
  class space    used 12528K, capacity 13433K, committed 13440K, reserved 1048576K
Event: 437891.317 GC heap after
Heap after GC invocations=2302 (full 4):
 PSYoungGen      total 172032K, used 1648K [0x00000000d5580000, 0x00000000e0000000, 0x0000000100000000)
  eden space 169472K, 0% used [0x00000000d5580000,0x00000000d5580000,0x00000000dfb00000)
  from space 2560K, 64% used [0x00000000dfd80000,0x00000000dff1c090,0x00000000e0000000)
  to   space 2560K, 0% used [0x00000000dfb00000,0x00000000dfb00000,0x00000000dfd80000)
 ParOldGen       total 701952K, used 77567K [0x0000000080000000, 0x00000000aad80000, 0x00000000d5580000)
  object space 701952K, 11% used [0x0000000080000000,0x0000000084bbfde8,0x00000000aad80000)
 Metaspace       used 101806K, capacity 105826K, committed 105856K, reserved 1142784K
  class space    used 12528K, capacity 13433K, committed 13440K, reserved 1048576K
}
Event: 438084.587 GC heap before
{Heap before GC invocations=2303 (full 4):
 PSYoungGen      total 172032K, used 171120K [0x00000000d5580000, 0x00000000e0000000, 0x0000000100000000)
  eden space 169472K, 100% used [0x00000000d5580000,0x00000000dfb00000,0x00000000dfb00000)
  from space 2560K, 64% used [0x00000000dfd80000,0x00000000dff1c090,0x00000000e0000000)
  to   space 2560K, 0% used [0x00000000dfb00000,0x00000000dfb00000,0x00000000dfd80000)
 ParOldGen       total 701952K, used 77567K [0x0000000080000000, 0x00000000aad80000, 0x00000000d5580000)
  object space 701952K, 11% used [0x0000000080000000,0x0000000084bbfde8,0x00000000aad80000)
 Metaspace       used 101806K, capacity 105826K, committed 105856K, reserved 1142784K
  class space    used 12528K, capacity 13433K, committed 13440K, reserved 1048576K
Event: 438084.590 GC heap after
Heap after GC invocations=2303 (full 4):
 PSYoungGen      total 172032K, used 1664K [0x00000000d5580000, 0x00000000e0000000, 0x0000000100000000)
  eden space 169472K, 0% used [0x00000000d5580000,0x00000000d5580000,0x00000000dfb00000)
  from space 2560K, 65% used [0x00000000dfb00000,0x00000000dfca00a0,0x00000000dfd80000)
  to   space 2560K, 0% used [0x00000000dfd80000,0x00000000dfd80000,0x00000000e0000000)
 ParOldGen       total 701952K, used 77583K [0x0000000080000000, 0x00000000aad80000, 0x00000000d5580000)
  object space 701952K, 11% used [0x0000000080000000,0x0000000084bc3de8,0x00000000aad80000)
 Metaspace       used 101806K, capacity 105826K, committed 105856K, reserved 1142784K
  class space    used 12528K, capacity 13433K, committed 13440K, reserved 1048576K
}
Event: 438274.851 GC heap before
{Heap before GC invocations=2304 (full 4):
 PSYoungGen      total 172032K, used 171136K [0x00000000d5580000, 0x00000000e0000000, 0x0000000100000000)
  eden space 169472K, 100% used [0x00000000d5580000,0x00000000dfb00000,0x00000000dfb00000)
  from space 2560K, 65% used [0x00000000dfb00000,0x00000000dfca00a0,0x00000000dfd80000)
  to   space 2560K, 0% used [0x00000000dfd80000,0x00000000dfd80000,0x00000000e0000000)
 ParOldGen       total 701952K, used 77583K [0x0000000080000000, 0x00000000aad80000, 0x00000000d5580000)
  object space 701952K, 11% used [0x0000000080000000,0x0000000084bc3de8,0x00000000aad80000)
 Metaspace       used 101806K, capacity 105826K, committed 105856K, reserved 1142784K
  class space    used 12528K, capacity 13433K, committed 13440K, reserved 1048576K
Event: 438274.855 GC heap after
Heap after GC invocations=2304 (full 4):
 PSYoungGen      total 172032K, used 1632K [0x00000000d5580000, 0x00000000e0000000, 0x0000000100000000)
  eden space 169472K, 0% used [0x00000000d5580000,0x00000000d5580000,0x00000000dfb00000)
  from space 2560K, 63% used [0x00000000dfd80000,0x00000000dff180a0,0x00000000e0000000)
  to   space 2560K, 0% used [0x00000000dfb00000,0x00000000dfb00000,0x00000000dfd80000)
 ParOldGen       total 701952K, used 77591K [0x0000000080000000, 0x00000000aad80000, 0x00000000d5580000)
  object space 701952K, 11% used [0x0000000080000000,0x0000000084bc5de8,0x00000000aad80000)
 Metaspace       used 101806K, capacity 105826K, committed 105856K, reserved 1142784K
  class space    used 12528K, capacity 13433K, committed 13440K, reserved 1048576K
}
Event: 438466.732 GC heap before
{Heap before GC invocations=2305 (full 4):
 PSYoungGen      total 172032K, used 171104K [0x00000000d5580000, 0x00000000e0000000, 0x0000000100000000)
  eden space 169472K, 100% used [0x00000000d5580000,0x00000000dfb00000,0x00000000dfb00000)
  from space 2560K, 63% used [0x00000000dfd80000,0x00000000dff180a0,0x00000000e0000000)
  to   space 2560K, 0% used [0x00000000dfb00000,0x00000000dfb00000,0x00000000dfd80000)
 ParOldGen       total 701952K, used 77591K [0x0000000080000000, 0x00000000aad80000, 0x00000000d5580000)
  object space 701952K, 11% used [0x0000000080000000,0x0000000084bc5de8,0x00000000aad80000)
 Metaspace       used 101806K, capacity 105826K, committed 105856K, reserved 1142784K
  class space    used 12528K, capacity 13433K, committed 13440K, reserved 1048576K
Event: 438466.736 GC heap after
Heap after GC invocations=2305 (full 4):
 PSYoungGen      total 172032K, used 1696K [0x00000000d5580000, 0x00000000e0000000, 0x0000000100000000)
  eden space 169472K, 0% used [0x00000000d5580000,0x00000000d5580000,0x00000000dfb00000)
  from space 2560K, 66% used [0x00000000dfb00000,0x00000000dfca80a0,0x00000000dfd80000)
  to   space 2560K, 0% used [0x00000000dfd80000,0x00000000dfd80000,0x00000000e0000000)
 ParOldGen       total 701952K, used 77599K [0x0000000080000000, 0x00000000aad80000, 0x00000000d5580000)
  object space 701952K, 11% used [0x0000000080000000,0x0000000084bc7de8,0x00000000aad80000)
 Metaspace       used 101806K, capacity 105826K, committed 105856K, reserved 1142784K
  class space    used 12528K, capacity 13433K, committed 13440K, reserved 1048576K
}
Event: 438655.455 GC heap before
{Heap before GC invocations=2306 (full 4):
 PSYoungGen      total 172032K, used 171168K [0x00000000d5580000, 0x00000000e0000000, 0x0000000100000000)
  eden space 169472K, 100% used [0x00000000d5580000,0x00000000dfb00000,0x00000000dfb00000)
  from space 2560K, 66% used [0x00000000dfb00000,0x00000000dfca80a0,0x00000000dfd80000)
  to   space 2560K, 0% used [0x00000000dfd80000,0x00000000dfd80000,0x00000000e0000000)
 ParOldGen       total 701952K, used 77599K [0x0000000080000000, 0x00000000aad80000, 0x00000000d5580000)
  object space 701952K, 11% used [0x0000000080000000,0x0000000084bc7de8,0x00000000aad80000)
 Metaspace       used 101806K, capacity 105826K, committed 105856K, reserved 1142784K
  class space    used 12528K, capacity 13433K, committed 13440K, reserved 1048576K
Event: 438655.458 GC heap after
Heap after GC invocations=2306 (full 4):
 PSYoungGen      total 172032K, used 1616K [0x00000000d5580000, 0x00000000e0000000, 0x0000000100000000)
  eden space 169472K, 0% used [0x00000000d5580000,0x00000000d5580000,0x00000000dfb00000)
  from space 2560K, 63% used [0x00000000dfd80000,0x00000000dff14090,0x00000000e0000000)
  to   space 2560K, 0% used [0x00000000dfb00000,0x00000000dfb00000,0x00000000dfd80000)
 ParOldGen       total 701952K, used 77639K [0x0000000080000000, 0x00000000aad80000, 0x00000000d5580000)
  object space 701952K, 11% used [0x0000000080000000,0x0000000084bd1de8,0x00000000aad80000)
 Metaspace       used 101806K, capacity 105826K, committed 105856K, reserved 1142784K
  class space    used 12528K, capacity 13433K, committed 13440K, reserved 1048576K
}
Event: 438846.296 GC heap before
{Heap before GC invocations=2307 (full 4):
 PSYoungGen      total 172032K, used 171088K [0x00000000d5580000, 0x00000000e0000000, 0x0000000100000000)
  eden space 169472K, 100% used [0x00000000d5580000,0x00000000dfb00000,0x00000000dfb00000)
  from space 2560K, 63% used [0x00000000dfd80000,0x00000000dff14090,0x00000000e0000000)
  to   space 2560K, 0% used [0x00000000dfb00000,0x00000000dfb00000,0x00000000dfd80000)
 ParOldGen       total 701952K, used 77639K [0x0000000080000000, 0x00000000aad80000, 0x00000000d5580000)
  object space 701952K, 11% used [0x0000000080000000,0x0000000084bd1de8,0x00000000aad80000)
 Metaspace       used 101806K, capacity 105826K, committed 105856K, reserved 1142784K
  class space    used 12528K, capacity 13433K, committed 13440K, reserved 1048576K
Event: 438846.300 GC heap after
Heap after GC invocations=2307 (full 4):
 PSYoungGen      total 172032K, used 1712K [0x00000000d5580000, 0x00000000e0000000, 0x0000000100000000)
  eden space 169472K, 0% used [0x00000000d5580000,0x00000000d5580000,0x00000000dfb00000)
  from space 2560K, 66% used [0x00000000dfb00000,0x00000000dfcac0b0,0x00000000dfd80000)
  to   space 2048K, 0% used [0x00000000dfe00000,0x00000000dfe00000,0x00000000e0000000)
 ParOldGen       total 701952K, used 77655K [0x0000000080000000, 0x00000000aad80000, 0x00000000d5580000)
  object space 701952K, 11% used [0x0000000080000000,0x0000000084bd5de8,0x00000000aad80000)
 Metaspace       used 101806K, capacity 105826K, committed 105856K, reserved 1142784K
  class space    used 12528K, capacity 13433K, committed 13440K, reserved 1048576K
}
Event: 439033.456 GC heap before
{Heap before GC invocations=2308 (full 4):
 PSYoungGen      total 172032K, used 171184K [0x00000000d5580000, 0x00000000e0000000, 0x0000000100000000)
  eden space 169472K, 100% used [0x00000000d5580000,0x00000000dfb00000,0x00000000dfb00000)
  from space 2560K, 66% used [0x00000000dfb00000,0x00000000dfcac0b0,0x00000000dfd80000)
  to   space 2048K, 0% used [0x00000000dfe00000,0x00000000dfe00000,0x00000000e0000000)
 ParOldGen       total 701952K, used 77655K [0x0000000080000000, 0x00000000aad80000, 0x00000000d5580000)
  object space 701952K, 11% used [0x0000000080000000,0x0000000084bd5de8,0x00000000aad80000)
 Metaspace       used 101806K, capacity 105826K, committed 105856K, reserved 1142784K
  class space    used 12528K, capacity 13433K, committed 13440K, reserved 1048576K
Event: 439033.460 GC heap after
Heap after GC invocations=2308 (full 4):
 PSYoungGen      total 172544K, used 1744K [0x00000000d5580000, 0x00000000e0000000, 0x0000000100000000)
  eden space 170496K, 0% used [0x00000000d5580000,0x00000000d5580000,0x00000000dfc00000)
  from space 2048K, 85% used [0x00000000dfe00000,0x00000000dffb4090,0x00000000e0000000)
  to   space 2048K, 0% used [0x00000000dfc00000,0x00000000dfc00000,0x00000000dfe00000)
 ParOldGen       total 701952K, used 77671K [0x0000000080000000, 0x00000000aad80000, 0x00000000d5580000)
  object space 701952K, 11% used [0x0000000080000000,0x0000000084bd9de8,0x00000000aad80000)
 Metaspace       used 101806K, capacity 105826K, committed 105856K, reserved 1142784K
  class space    used 12528K, capacity 13433K, committed 13440K, reserved 1048576K
}
Event: 439223.124 GC heap before
{Heap before GC invocations=2309 (full 4):
 PSYoungGen      total 172544K, used 172240K [0x00000000d5580000, 0x00000000e0000000, 0x0000000100000000)
  eden space 170496K, 100% used [0x00000000d5580000,0x00000000dfc00000,0x00000000dfc00000)
  from space 2048K, 85% used [0x00000000dfe00000,0x00000000dffb4090,0x00000000e0000000)
  to   space 2048K, 0% used [0x00000000dfc00000,0x00000000dfc00000,0x00000000dfe00000)
 ParOldGen       total 701952K, used 77671K [0x0000000080000000, 0x00000000aad80000, 0x00000000d5580000)
  object space 701952K, 11% used [0x0000000080000000,0x0000000084bd9de8,0x00000000aad80000)
 Metaspace       used 101806K, capacity 105826K, committed 105856K, reserved 1142784K
  class space    used 12528K, capacity 13433K, committed 13440K, reserved 1048576K
Event: 439223.127 GC heap after
Heap after GC invocations=2309 (full 4):
 PSYoungGen      total 172544K, used 1680K [0x00000000d5580000, 0x00000000e0000000, 0x0000000100000000)
  eden space 170496K, 0% used [0x00000000d5580000,0x00000000d5580000,0x00000000dfc00000)
  from space 2048K, 82% used [0x00000000dfc00000,0x00000000dfda4090,0x00000000dfe00000)
  to   space 2048K, 0% used [0x00000000dfe00000,0x00000000dfe00000,0x00000000e0000000)
 ParOldGen       total 701952K, used 77687K [0x0000000080000000, 0x00000000aad80000, 0x00000000d5580000)
  object space 701952K, 11% used [0x0000000080000000,0x0000000084bddde8,0x00000000aad80000)
 Metaspace       used 101806K, capacity 105826K, committed 105856K, reserved 1142784K
  class space    used 12528K, capacity 13433K, committed 13440K, reserved 1048576K
}
Event: 439404.756 GC heap before
{Heap before GC invocations=2310 (full 4):
 PSYoungGen      total 172544K, used 172176K [0x00000000d5580000, 0x00000000e0000000, 0x0000000100000000)
  eden space 170496K, 100% used [0x00000000d5580000,0x00000000dfc00000,0x00000000dfc00000)
  from space 2048K, 82% used [0x00000000dfc00000,0x00000000dfda4090,0x00000000dfe00000)
  to   space 2048K, 0% used [0x00000000dfe00000,0x00000000dfe00000,0x00000000e0000000)
 ParOldGen       total 701952K, used 77687K [0x0000000080000000, 0x00000000aad80000, 0x00000000d5580000)
  object space 701952K, 11% used [0x0000000080000000,0x0000000084bddde8,0x00000000aad80000)
 Metaspace       used 101806K, capacity 105826K, committed 105856K, reserved 1142784K
  class space    used 12528K, capacity 13433K, committed 13440K, reserved 1048576K
Event: 439404.759 GC heap after
Heap after GC invocations=2310 (full 4):
 PSYoungGen      total 172544K, used 1616K [0x00000000d5580000, 0x00000000e0000000, 0x0000000100000000)
  eden space 170496K, 0% used [0x00000000d5580000,0x00000000d5580000,0x00000000dfc00000)
  from space 2048K, 78% used [0x00000000dfe00000,0x00000000dff94090,0x00000000e0000000)
  to   space 2048K, 0% used [0x00000000dfc00000,0x00000000dfc00000,0x00000000dfe00000)
 ParOldGen       total 701952K, used 77695K [0x0000000080000000, 0x00000000aad80000, 0x00000000d5580000)
  object space 701952K, 11% used [0x0000000080000000,0x0000000084bdfde8,0x00000000aad80000)
 Metaspace       used 101806K, capacity 105826K, committed 105856K, reserved 1142784K
  class space    used 12528K, capacity 13433K, committed 13440K, reserved 1048576K
}
Event: 439594.945 GC heap before
{Heap before GC invocations=2311 (full 4):
 PSYoungGen      total 172544K, used 172112K [0x00000000d5580000, 0x00000000e0000000, 0x0000000100000000)
  eden space 170496K, 100% used [0x00000000d5580000,0x00000000dfc00000,0x00000000dfc00000)
  from space 2048K, 78% used [0x00000000dfe00000,0x00000000dff94090,0x00000000e0000000)
  to   space 2048K, 0% used [0x00000000dfc00000,0x00000000dfc00000,0x00000000dfe00000)
 ParOldGen       total 701952K, used 77695K [0x0000000080000000, 0x00000000aad80000, 0x00000000d5580000)
  object space 701952K, 11% used [0x0000000080000000,0x0000000084bdfde8,0x00000000aad80000)
 Metaspace       used 101806K, capacity 105826K, committed 105856K, reserved 1142784K
  class space    used 12528K, capacity 13433K, committed 13440K, reserved 1048576K
Event: 439594.949 GC heap after
Heap after GC invocations=2311 (full 4):
 PSYoungGen      total 172544K, used 1632K [0x00000000d5580000, 0x00000000e0000000, 0x0000000100000000)
  eden space 170496K, 0% used [0x00000000d5580000,0x00000000d5580000,0x00000000dfc00000)
  from space 2048K, 79% used [0x00000000dfc00000,0x00000000dfd980a0,0x00000000dfe00000)
  to   space 2048K, 0% used [0x00000000dfe00000,0x00000000dfe00000,0x00000000e0000000)
 ParOldGen       total 701952K, used 77703K [0x0000000080000000, 0x00000000aad80000, 0x00000000d5580000)
  object space 701952K, 11% used [0x0000000080000000,0x0000000084be1de8,0x00000000aad80000)
 Metaspace       used 101806K, capacity 105826K, committed 105856K, reserved 1142784K
  class space    used 12528K, capacity 13433K, committed 13440K, reserved 1048576K
}
Event: 439783.456 GC heap before
{Heap before GC invocations=2312 (full 4):
 PSYoungGen      total 172544K, used 172128K [0x00000000d5580000, 0x00000000e0000000, 0x0000000100000000)
  eden space 170496K, 100% used [0x00000000d5580000,0x00000000dfc00000,0x00000000dfc00000)
  from space 2048K, 79% used [0x00000000dfc00000,0x00000000dfd980a0,0x00000000dfe00000)
  to   space 2048K, 0% used [0x00000000dfe00000,0x00000000dfe00000,0x00000000e0000000)
 ParOldGen       total 701952K, used 77703K [0x0000000080000000, 0x00000000aad80000, 0x00000000d5580000)
  object space 701952K, 11% used [0x0000000080000000,0x0000000084be1de8,0x00000000aad80000)
 Metaspace       used 101806K, capacity 105826K, committed 105856K, reserved 1142784K
  class space    used 12528K, capacity 13433K, committed 13440K, reserved 1048576K
Event: 439783.459 GC heap after
Heap after GC invocations=2312 (full 4):
 PSYoungGen      total 172544K, used 1712K [0x00000000d5580000, 0x00000000e0000000, 0x0000000100000000)
  eden space 170496K, 0% used [0x00000000d5580000,0x00000000d5580000,0x00000000dfc00000)
  from space 2048K, 83% used [0x00000000dfe00000,0x00000000dffac090,0x00000000e0000000)
  to   space 2048K, 0% used [0x00000000dfc00000,0x00000000dfc00000,0x00000000dfe00000)
 ParOldGen       total 701952K, used 77711K [0x0000000080000000, 0x00000000aad80000, 0x00000000d5580000)
  object space 701952K, 11% used [0x0000000080000000,0x0000000084be3de8,0x00000000aad80000)
 Metaspace       used 101806K, capacity 105826K, committed 105856K, reserved 1142784K
  class space    used 12528K, capacity 13433K, committed 13440K, reserved 1048576K
}
Event: 439974.351 GC heap before
{Heap before GC invocations=2313 (full 4):
 PSYoungGen      total 172544K, used 172208K [0x00000000d5580000, 0x00000000e0000000, 0x0000000100000000)
  eden space 170496K, 100% used [0x00000000d5580000,0x00000000dfc00000,0x00000000dfc00000)
  from space 2048K, 83% used [0x00000000dfe00000,0x00000000dffac090,0x00000000e0000000)
  to   space 2048K, 0% used [0x00000000dfc00000,0x00000000dfc00000,0x00000000dfe00000)
 ParOldGen       total 701952K, used 77711K [0x0000000080000000, 0x00000000aad80000, 0x00000000d5580000)
  object space 701952K, 11% used [0x0000000080000000,0x0000000084be3de8,0x00000000aad80000)
 Metaspace       used 101806K, capacity 105826K, committed 105856K, reserved 1142784K
  class space    used 12528K, capacity 13433K, committed 13440K, reserved 1048576K
Event: 439974.354 GC heap after
Heap after GC invocations=2313 (full 4):
 PSYoungGen      total 172544K, used 1616K [0x00000000d5580000, 0x00000000e0000000, 0x0000000100000000)
  eden space 170496K, 0% used [0x00000000d5580000,0x00000000d5580000,0x00000000dfc00000)
  from space 2048K, 78% used [0x00000000dfc00000,0x00000000dfd94090,0x00000000dfe00000)
  to   space 2048K, 0% used [0x00000000dfe00000,0x00000000dfe00000,0x00000000e0000000)
 ParOldGen       total 701952K, used 77719K [0x0000000080000000, 0x00000000aad80000, 0x00000000d5580000)
  object space 701952K, 11% used [0x0000000080000000,0x0000000084be5de8,0x00000000aad80000)
 Metaspace       used 101806K, capacity 105826K, committed 105856K, reserved 1142784K
  class space    used 12528K, capacity 13433K, committed 13440K, reserved 1048576K
}
Event: 440162.455 GC heap before
{Heap before GC invocations=2314 (full 4):
 PSYoungGen      total 172544K, used 172112K [0x00000000d5580000, 0x00000000e0000000, 0x0000000100000000)
  eden space 170496K, 100% used [0x00000000d5580000,0x00000000dfc00000,0x00000000dfc00000)
  from space 2048K, 78% used [0x00000000dfc00000,0x00000000dfd94090,0x00000000dfe00000)
  to   space 2048K, 0% used [0x00000000dfe00000,0x00000000dfe00000,0x00000000e0000000)
 ParOldGen       total 701952K, used 77719K [0x0000000080000000, 0x00000000aad80000, 0x00000000d5580000)
  object space 701952K, 11% used [0x0000000080000000,0x0000000084be5de8,0x00000000aad80000)
 Metaspace       used 101806K, capacity 105826K, committed 105856K, reserved 1142784K
  class space    used 12528K, capacity 13433K, committed 13440K, reserved 1048576K
Event: 440162.459 GC heap after
Heap after GC invocations=2314 (full 4):
 PSYoungGen      total 172544K, used 1680K [0x00000000d5580000, 0x00000000e0000000, 0x0000000100000000)
  eden space 170496K, 0% used [0x00000000d5580000,0x00000000d5580000,0x00000000dfc00000)
  from space 2048K, 82% used [0x00000000dfe00000,0x00000000dffa4090,0x00000000e0000000)
  to   space 2048K, 0% used [0x00000000dfc00000,0x00000000dfc00000,0x00000000dfe00000)
 ParOldGen       total 701952K, used 77727K [0x0000000080000000, 0x00000000aad80000, 0x00000000d5580000)
  object space 701952K, 11% used [0x0000000080000000,0x0000000084be7de8,0x00000000aad80000)
 Metaspace       used 101806K, capacity 105826K, committed 105856K, reserved 1142784K
  class space    used 12528K, capacity 13433K, committed 13440K, reserved 1048576K
}
Event: 440352.320 GC heap before
{Heap before GC invocations=2315 (full 4):
 PSYoungGen      total 172544K, used 172176K [0x00000000d5580000, 0x00000000e0000000, 0x0000000100000000)
  eden space 170496K, 100% used [0x00000000d5580000,0x00000000dfc00000,0x00000000dfc00000)
  from space 2048K, 82% used [0x00000000dfe00000,0x00000000dffa4090,0x00000000e0000000)
  to   space 2048K, 0% used [0x00000000dfc00000,0x00000000dfc00000,0x00000000dfe00000)
 ParOldGen       total 701952K, used 77727K [0x0000000080000000, 0x00000000aad80000, 0x00000000d5580000)
  object space 701952K, 11% used [0x0000000080000000,0x0000000084be7de8,0x00000000aad80000)
 Metaspace       used 101806K, capacity 105826K, committed 105856K, reserved 1142784K
  class space    used 12528K, capacity 13433K, committed 13440K, reserved 1048576K
Event: 440352.324 GC heap after
Heap after GC invocations=2315 (full 4):
 PSYoungGen      total 172544K, used 1568K [0x00000000d5580000, 0x00000000e0000000, 0x0000000100000000)
  eden space 170496K, 0% used [0x00000000d5580000,0x00000000d5580000,0x00000000dfc00000)
  from space 2048K, 76% used [0x00000000dfc00000,0x00000000dfd880a0,0x00000000dfe00000)
  to   space 2048K, 0% used [0x00000000dfe00000,0x00000000dfe00000,0x00000000e0000000)
 ParOldGen       total 701952K, used 77735K [0x0000000080000000, 0x00000000aad80000, 0x00000000d5580000)
  object space 701952K, 11% used [0x0000000080000000,0x0000000084be9de8,0x00000000aad80000)
 Metaspace       used 101806K, capacity 105826K, committed 105856K, reserved 1142784K
  class space    used 12528K, capacity 13433K, committed 13440K, reserved 1048576K
}
Event: 440542.457 GC heap before
{Heap before GC invocations=2316 (full 4):
 PSYoungGen      total 172544K, used 172064K [0x00000000d5580000, 0x00000000e0000000, 0x0000000100000000)
  eden space 170496K, 100% used [0x00000000d5580000,0x00000000dfc00000,0x00000000dfc00000)
  from space 2048K, 76% used [0x00000000dfc00000,0x00000000dfd880a0,0x00000000dfe00000)
  to   space 2048K, 0% used [0x00000000dfe00000,0x00000000dfe00000,0x00000000e0000000)
 ParOldGen       total 701952K, used 77735K [0x0000000080000000, 0x00000000aad80000, 0x00000000d5580000)
  object space 701952K, 11% used [0x0000000080000000,0x0000000084be9de8,0x00000000aad80000)
 Metaspace       used 101806K, capacity 105826K, committed 105856K, reserved 1142784K
  class space    used 12528K, capacity 13433K, committed 13440K, reserved 1048576K
Event: 440542.461 GC heap after
Heap after GC invocations=2316 (full 4):
 PSYoungGen      total 172544K, used 1680K [0x00000000d5580000, 0x00000000e0000000, 0x0000000100000000)
  eden space 170496K, 0% used [0x00000000d5580000,0x00000000d5580000,0x00000000dfc00000)
  from space 2048K, 82% used [0x00000000dfe00000,0x00000000dffa40b0,0x00000000e0000000)
  to   space 2048K, 0% used [0x00000000dfc00000,0x00000000dfc00000,0x00000000dfe00000)
 ParOldGen       total 701952K, used 77751K [0x0000000080000000, 0x00000000aad80000, 0x00000000d5580000)
  object space 701952K, 11% used [0x0000000080000000,0x0000000084bedde8,0x00000000aad80000)
 Metaspace       used 101806K, capacity 105826K, committed 105856K, reserved 1142784K
  class space    used 12528K, capacity 13433K, committed 13440K, reserved 1048576K
}
Event: 440732.908 GC heap before
{Heap before GC invocations=2317 (full 4):
 PSYoungGen      total 172544K, used 172176K [0x00000000d5580000, 0x00000000e0000000, 0x0000000100000000)
  eden space 170496K, 100% used [0x00000000d5580000,0x00000000dfc00000,0x00000000dfc00000)
  from space 2048K, 82% used [0x00000000dfe00000,0x00000000dffa40b0,0x00000000e0000000)
  to   space 2048K, 0% used [0x00000000dfc00000,0x00000000dfc00000,0x00000000dfe00000)
 ParOldGen       total 701952K, used 77751K [0x0000000080000000, 0x00000000aad80000, 0x00000000d5580000)
  object space 701952K, 11% used [0x0000000080000000,0x0000000084bedde8,0x00000000aad80000)
 Metaspace       used 101806K, capacity 105826K, committed 105856K, reserved 1142784K
  class space    used 12528K, capacity 13433K, committed 13440K, reserved 1048576K
Event: 440732.912 GC heap after
Heap after GC invocations=2317 (full 4):
 PSYoungGen      total 172544K, used 1664K [0x00000000d5580000, 0x00000000e0000000, 0x0000000100000000)
  eden space 170496K, 0% used [0x00000000d5580000,0x00000000d5580000,0x00000000dfc00000)
  from space 2048K, 81% used [0x00000000dfc00000,0x00000000dfda00a0,0x00000000dfe00000)
  to   space 2048K, 0% used [0x00000000dfe00000,0x00000000dfe00000,0x00000000e0000000)
 ParOldGen       total 701952K, used 77759K [0x0000000080000000, 0x00000000aad80000, 0x00000000d5580000)
  object space 701952K, 11% used [0x0000000080000000,0x0000000084befde8,0x00000000aad80000)
 Metaspace       used 101806K, capacity 105826K, committed 105856K, reserved 1142784K
  class space    used 12528K, capacity 13433K, committed 13440K, reserved 1048576K
}
Event: 440922.305 GC heap before
{Heap before GC invocations=2318 (full 4):
 PSYoungGen      total 172544K, used 172160K [0x00000000d5580000, 0x00000000e0000000, 0x0000000100000000)
  eden space 170496K, 100% used [0x00000000d5580000,0x00000000dfc00000,0x00000000dfc00000)
  from space 2048K, 81% used [0x00000000dfc00000,0x00000000dfda00a0,0x00000000dfe00000)
  to   space 2048K, 0% used [0x00000000dfe00000,0x00000000dfe00000,0x00000000e0000000)
 ParOldGen       total 701952K, used 77759K [0x0000000080000000, 0x00000000aad80000, 0x00000000d5580000)
  object space 701952K, 11% used [0x0000000080000000,0x0000000084befde8,0x00000000aad80000)
 Metaspace       used 101806K, capacity 105826K, committed 105856K, reserved 1142784K
  class space    used 12528K, capacity 13433K, committed 13440K, reserved 1048576K
Event: 440922.308 GC heap after
Heap after GC invocations=2318 (full 4):
 PSYoungGen      total 172544K, used 1648K [0x00000000d5580000, 0x00000000e0000000, 0x0000000100000000)
  eden space 170496K, 0% used [0x00000000d5580000,0x00000000d5580000,0x00000000dfc00000)
  from space 2048K, 80% used [0x00000000dfe00000,0x00000000dff9c090,0x00000000e0000000)
  to   space 2048K, 0% used [0x00000000dfc00000,0x00000000dfc00000,0x00000000dfe00000)
 ParOldGen       total 701952K, used 77767K [0x0000000080000000, 0x00000000aad80000, 0x00000000d5580000)
  object space 701952K, 11% used [0x0000000080000000,0x0000000084bf1de8,0x00000000aad80000)
 Metaspace       used 101806K, capacity 105826K, committed 105856K, reserved 1142784K
  class space    used 12528K, capacity 13433K, committed 13440K, reserved 1048576K
}
Event: 441103.749 GC heap before
{Heap before GC invocations=2319 (full 4):
 PSYoungGen      total 172544K, used 172144K [0x00000000d5580000, 0x00000000e0000000, 0x0000000100000000)
  eden space 170496K, 100% used [0x00000000d5580000,0x00000000dfc00000,0x00000000dfc00000)
  from space 2048K, 80% used [0x00000000dfe00000,0x00000000dff9c090,0x00000000e0000000)
  to   space 2048K, 0% used [0x00000000dfc00000,0x00000000dfc00000,0x00000000dfe00000)
 ParOldGen       total 701952K, used 77767K [0x0000000080000000, 0x00000000aad80000, 0x00000000d5580000)
  object space 701952K, 11% used [0x0000000080000000,0x0000000084bf1de8,0x00000000aad80000)
 Metaspace       used 101806K, capacity 105826K, committed 105856K, reserved 1142784K
  class space    used 12528K, capacity 13433K, committed 13440K, reserved 1048576K
Event: 441103.753 GC heap after
Heap after GC invocations=2319 (full 4):
 PSYoungGen      total 172544K, used 1616K [0x00000000d5580000, 0x00000000e0000000, 0x0000000100000000)
  eden space 170496K, 0% used [0x00000000d5580000,0x00000000d5580000,0x00000000dfc00000)
  from space 2048K, 78% used [0x00000000dfc00000,0x00000000dfd94090,0x00000000dfe00000)
  to   space 2048K, 0% used [0x00000000dfe00000,0x00000000dfe00000,0x00000000e0000000)
 ParOldGen       total 701952K, used 77775K [0x0000000080000000, 0x00000000aad80000, 0x00000000d5580000)
  object space 701952K, 11% used [0x0000000080000000,0x0000000084bf3de8,0x00000000aad80000)
 Metaspace       used 101806K, capacity 105826K, committed 105856K, reserved 1142784K
  class space    used 12528K, capacity 13433K, committed 13440K, reserved 1048576K
}
Event: 441293.614 GC heap before
{Heap before GC invocations=2320 (full 4):
 PSYoungGen      total 172544K, used 172112K [0x00000000d5580000, 0x00000000e0000000, 0x0000000100000000)
  eden space 170496K, 100% used [0x00000000d5580000,0x00000000dfc00000,0x00000000dfc00000)
  from space 2048K, 78% used [0x00000000dfc00000,0x00000000dfd94090,0x00000000dfe00000)
  to   space 2048K, 0% used [0x00000000dfe00000,0x00000000dfe00000,0x00000000e0000000)
 ParOldGen       total 701952K, used 77775K [0x0000000080000000, 0x00000000aad80000, 0x00000000d5580000)
  object space 701952K, 11% used [0x0000000080000000,0x0000000084bf3de8,0x00000000aad80000)
 Metaspace       used 101806K, capacity 105826K, committed 105856K, reserved 1142784K
  class space    used 12528K, capacity 13433K, committed 13440K, reserved 1048576K
Event: 441293.617 GC heap after
Heap after GC invocations=2320 (full 4):
 PSYoungGen      total 172544K, used 1616K [0x00000000d5580000, 0x00000000e0000000, 0x0000000100000000)
  eden space 170496K, 0% used [0x00000000d5580000,0x00000000d5580000,0x00000000dfc00000)
  from space 2048K, 78% used [0x00000000dfe00000,0x00000000dff94090,0x00000000e0000000)
  to   space 2048K, 0% used [0x00000000dfc00000,0x00000000dfc00000,0x00000000dfe00000)
 ParOldGen       total 701952K, used 77791K [0x0000000080000000, 0x00000000aad80000, 0x00000000d5580000)
  object space 701952K, 11% used [0x0000000080000000,0x0000000084bf7de8,0x00000000aad80000)
 Metaspace       used 101806K, capacity 105826K, committed 105856K, reserved 1142784K
  class space    used 12528K, capacity 13433K, committed 13440K, reserved 1048576K
}
Event: 441481.889 GC heap before
{Heap before GC invocations=2321 (full 4):
 PSYoungGen      total 172544K, used 172112K [0x00000000d5580000, 0x00000000e0000000, 0x0000000100000000)
  eden space 170496K, 100% used [0x00000000d5580000,0x00000000dfc00000,0x00000000dfc00000)
  from space 2048K, 78% used [0x00000000dfe00000,0x00000000dff94090,0x00000000e0000000)
  to   space 2048K, 0% used [0x00000000dfc00000,0x00000000dfc00000,0x00000000dfe00000)
 ParOldGen       total 701952K, used 77791K [0x0000000080000000, 0x00000000aad80000, 0x00000000d5580000)
  object space 701952K, 11% used [0x0000000080000000,0x0000000084bf7de8,0x00000000aad80000)
 Metaspace       used 101806K, capacity 105826K, committed 105856K, reserved 1142784K
  class space    used 12528K, capacity 13433K, committed 13440K, reserved 1048576K
Event: 441481.892 GC heap after
Heap after GC invocations=2321 (full 4):
 PSYoungGen      total 172544K, used 1664K [0x00000000d5580000, 0x00000000e0000000, 0x0000000100000000)
  eden space 170496K, 0% used [0x00000000d5580000,0x00000000d5580000,0x00000000dfc00000)
  from space 2048K, 81% used [0x00000000dfc00000,0x00000000dfda00a0,0x00000000dfe00000)
  to   space 2048K, 0% used [0x00000000dfe00000,0x00000000dfe00000,0x00000000e0000000)
 ParOldGen       total 701952K, used 77799K [0x0000000080000000, 0x00000000aad80000, 0x00000000d5580000)
  object space 701952K, 11% used [0x0000000080000000,0x0000000084bf9de8,0x00000000aad80000)
 Metaspace       used 101806K, capacity 105826K, committed 105856K, reserved 1142784K
  class space    used 12528K, capacity 13433K, committed 13440K, reserved 1048576K
}
Event: 441671.852 GC heap before
{Heap before GC invocations=2322 (full 4):
 PSYoungGen      total 172544K, used 172160K [0x00000000d5580000, 0x00000000e0000000, 0x0000000100000000)
  eden space 170496K, 100% used [0x00000000d5580000,0x00000000dfc00000,0x00000000dfc00000)
  from space 2048K, 81% used [0x00000000dfc00000,0x00000000dfda00a0,0x00000000dfe00000)
  to   space 2048K, 0% used [0x00000000dfe00000,0x00000000dfe00000,0x00000000e0000000)
 ParOldGen       total 701952K, used 77799K [0x0000000080000000, 0x00000000aad80000, 0x00000000d5580000)
  object space 701952K, 11% used [0x0000000080000000,0x0000000084bf9de8,0x00000000aad80000)
 Metaspace       used 101806K, capacity 105826K, committed 105856K, reserved 1142784K
  class space    used 12528K, capacity 13433K, committed 13440K, reserved 1048576K
Event: 441671.856 GC heap after
Heap after GC invocations=2322 (full 4):
 PSYoungGen      total 172544K, used 1584K [0x00000000d5580000, 0x00000000e0000000, 0x0000000100000000)
  eden space 170496K, 0% used [0x00000000d5580000,0x00000000d5580000,0x00000000dfc00000)
  from space 2048K, 77% used [0x00000000dfe00000,0x00000000dff8c090,0x00000000e0000000)
  to   space 2048K, 0% used [0x00000000dfc00000,0x00000000dfc00000,0x00000000dfe00000)
 ParOldGen       total 701952K, used 77807K [0x0000000080000000, 0x00000000aad80000, 0x00000000d5580000)
  object space 701952K, 11% used [0x0000000080000000,0x0000000084bfbde8,0x00000000aad80000)
 Metaspace       used 101806K, capacity 105826K, committed 105856K, reserved 1142784K
  class space    used 12528K, capacity 13433K, committed 13440K, reserved 1048576K
}
Event: 441860.263 GC heap before
{Heap before GC invocations=2323 (full 4):
 PSYoungGen      total 172544K, used 172080K [0x00000000d5580000, 0x00000000e0000000, 0x0000000100000000)
  eden space 170496K, 100% used [0x00000000d5580000,0x00000000dfc00000,0x00000000dfc00000)
  from space 2048K, 77% used [0x00000000dfe00000,0x00000000dff8c090,0x00000000e0000000)
  to   space 2048K, 0% used [0x00000000dfc00000,0x00000000dfc00000,0x00000000dfe00000)
 ParOldGen       total 701952K, used 77807K [0x0000000080000000, 0x00000000aad80000, 0x00000000d5580000)
  object space 701952K, 11% used [0x0000000080000000,0x0000000084bfbde8,0x00000000aad80000)
 Metaspace       used 101806K, capacity 105826K, committed 105856K, reserved 1142784K
  class space    used 12528K, capacity 13433K, committed 13440K, reserved 1048576K
Event: 441860.266 GC heap after
Heap after GC invocations=2323 (full 4):
 PSYoungGen      total 172544K, used 1648K [0x00000000d5580000, 0x00000000e0000000, 0x0000000100000000)
  eden space 170496K, 0% used [0x00000000d5580000,0x00000000d5580000,0x00000000dfc00000)
  from space 2048K, 80% used [0x00000000dfc00000,0x00000000dfd9c0b0,0x00000000dfe00000)
  to   space 2048K, 0% used [0x00000000dfe00000,0x00000000dfe00000,0x00000000e0000000)
 ParOldGen       total 701952K, used 77823K [0x0000000080000000, 0x00000000aad80000, 0x00000000d5580000)
  object space 701952K, 11% used [0x0000000080000000,0x0000000084bffde8,0x00000000aad80000)
 Metaspace       used 101806K, capacity 105826K, committed 105856K, reserved 1142784K
  class space    used 12528K, capacity 13433K, committed 13440K, reserved 1048576K
}
Event: 442049.444 GC heap before
{Heap before GC invocations=2324 (full 4):
 PSYoungGen      total 172544K, used 172144K [0x00000000d5580000, 0x00000000e0000000, 0x0000000100000000)
  eden space 170496K, 100% used [0x00000000d5580000,0x00000000dfc00000,0x00000000dfc00000)
  from space 2048K, 80% used [0x00000000dfc00000,0x00000000dfd9c0b0,0x00000000dfe00000)
  to   space 2048K, 0% used [0x00000000dfe00000,0x00000000dfe00000,0x00000000e0000000)
 ParOldGen       total 701952K, used 77823K [0x0000000080000000, 0x00000000aad80000, 0x00000000d5580000)
  object space 701952K, 11% used [0x0000000080000000,0x0000000084bffde8,0x00000000aad80000)
 Metaspace       used 101806K, capacity 105826K, committed 105856K, reserved 1142784K
  class space    used 12528K, capacity 13433K, committed 13440K, reserved 1048576K
Event: 442049.448 GC heap after
Heap after GC invocations=2324 (full 4):
 PSYoungGen      total 172544K, used 1648K [0x00000000d5580000, 0x00000000e0000000, 0x0000000100000000)
  eden space 170496K, 0% used [0x00000000d5580000,0x00000000d5580000,0x00000000dfc00000)
  from space 2048K, 80% used [0x00000000dfe00000,0x00000000dff9c090,0x00000000e0000000)
  to   space 2048K, 0% used [0x00000000dfc00000,0x00000000dfc00000,0x00000000dfe00000)
 ParOldGen       total 701952K, used 77839K [0x0000000080000000, 0x00000000aad80000, 0x00000000d5580000)
  object space 701952K, 11% used [0x0000000080000000,0x0000000084c03de8,0x00000000aad80000)
 Metaspace       used 101806K, capacity 105826K, committed 105856K, reserved 1142784K
  class space    used 12528K, capacity 13433K, committed 13440K, reserved 1048576K
}
Event: 442238.644 GC heap before
{Heap before GC invocations=2325 (full 4):
 PSYoungGen      total 172544K, used 172144K [0x00000000d5580000, 0x00000000e0000000, 0x0000000100000000)
  eden space 170496K, 100% used [0x00000000d5580000,0x00000000dfc00000,0x00000000dfc00000)
  from space 2048K, 80% used [0x00000000dfe00000,0x00000000dff9c090,0x00000000e0000000)
  to   space 2048K, 0% used [0x00000000dfc00000,0x00000000dfc00000,0x00000000dfe00000)
 ParOldGen       total 701952K, used 77839K [0x0000000080000000, 0x00000000aad80000, 0x00000000d5580000)
  object space 701952K, 11% used [0x0000000080000000,0x0000000084c03de8,0x00000000aad80000)
 Metaspace       used 101806K, capacity 105826K, committed 105856K, reserved 1142784K
  class space    used 12528K, capacity 13433K, committed 13440K, reserved 1048576K
Event: 442238.647 GC heap after
Heap after GC invocations=2325 (full 4):
 PSYoungGen      total 172544K, used 1568K [0x00000000d5580000, 0x00000000e0000000, 0x0000000100000000)
  eden space 170496K, 0% used [0x00000000d5580000,0x00000000d5580000,0x00000000dfc00000)
  from space 2048K, 76% used [0x00000000dfc00000,0x00000000dfd880a0,0x00000000dfe00000)
  to   space 2048K, 0% used [0x00000000dfe00000,0x00000000dfe00000,0x00000000e0000000)
 ParOldGen       total 701952K, used 77847K [0x0000000080000000, 0x00000000aad80000, 0x00000000d5580000)
  object space 701952K, 11% used [0x0000000080000000,0x0000000084c05de8,0x00000000aad80000)
 Metaspace       used 101806K, capacity 105826K, committed 105856K, reserved 1142784K
  class space    used 12528K, capacity 13433K, committed 13440K, reserved 1048576K
}
Event: 442427.826 GC heap before
{Heap before GC invocations=2326 (full 4):
 PSYoungGen      total 172544K, used 172064K [0x00000000d5580000, 0x00000000e0000000, 0x0000000100000000)
  eden space 170496K, 100% used [0x00000000d5580000,0x00000000dfc00000,0x00000000dfc00000)
  from space 2048K, 76% used [0x00000000dfc00000,0x00000000dfd880a0,0x00000000dfe00000)
  to   space 2048K, 0% used [0x00000000dfe00000,0x00000000dfe00000,0x00000000e0000000)
 ParOldGen       total 701952K, used 77847K [0x0000000080000000, 0x00000000aad80000, 0x00000000d5580000)
  object space 701952K, 11% used [0x0000000080000000,0x0000000084c05de8,0x00000000aad80000)
 Metaspace       used 101806K, capacity 105826K, committed 105856K, reserved 1142784K
  class space    used 12528K, capacity 13433K, committed 13440K, reserved 1048576K
Event: 442427.830 GC heap after
Heap after GC invocations=2326 (full 4):
 PSYoungGen      total 172544K, used 1664K [0x00000000d5580000, 0x00000000e0000000, 0x0000000100000000)
  eden space 170496K, 0% used [0x00000000d5580000,0x00000000d5580000,0x00000000dfc00000)
  from space 2048K, 81% used [0x00000000dfe00000,0x00000000dffa00a0,0x00000000e0000000)
  to   space 2048K, 0% used [0x00000000dfc00000,0x00000000dfc00000,0x00000000dfe00000)
 ParOldGen       total 701952K, used 77887K [0x0000000080000000, 0x00000000aad80000, 0x00000000d5580000)
  object space 701952K, 11% used [0x0000000080000000,0x0000000084c0fde8,0x00000000aad80000)
 Metaspace       used 101806K, capacity 105826K, committed 105856K, reserved 1142784K
  class space    used 12528K, capacity 13433K, committed 13440K, reserved 1048576K
}
Event: 442616.625 GC heap before
{Heap before GC invocations=2327 (full 4):
 PSYoungGen      total 172544K, used 172160K [0x00000000d5580000, 0x00000000e0000000, 0x0000000100000000)
  eden space 170496K, 100% used [0x00000000d5580000,0x00000000dfc00000,0x00000000dfc00000)
  from space 2048K, 81% used [0x00000000dfe00000,0x00000000dffa00a0,0x00000000e0000000)
  to   space 2048K, 0% used [0x00000000dfc00000,0x00000000dfc00000,0x00000000dfe00000)
 ParOldGen       total 701952K, used 77887K [0x0000000080000000, 0x00000000aad80000, 0x00000000d5580000)
  object space 701952K, 11% used [0x0000000080000000,0x0000000084c0fde8,0x00000000aad80000)
 Metaspace       used 101806K, capacity 105826K, committed 105856K, reserved 1142784K
  class space    used 12528K, capacity 13433K, committed 13440K, reserved 1048576K
Event: 442616.629 GC heap after
Heap after GC invocations=2327 (full 4):
 PSYoungGen      total 172544K, used 1824K [0x00000000d5580000, 0x00000000e0000000, 0x0000000100000000)
  eden space 170496K, 0% used [0x00000000d5580000,0x00000000d5580000,0x00000000dfc00000)
  from space 2048K, 89% used [0x00000000dfc00000,0x00000000dfdc8080,0x00000000dfe00000)
  to   space 2048K, 0% used [0x00000000dfe00000,0x00000000dfe00000,0x00000000e0000000)
 ParOldGen       total 701952K, used 77895K [0x0000000080000000, 0x00000000aad80000, 0x00000000d5580000)
  object space 701952K, 11% used [0x0000000080000000,0x0000000084c11de8,0x00000000aad80000)
 Metaspace       used 101806K, capacity 105826K, committed 105856K, reserved 1142784K
  class space    used 12528K, capacity 13433K, committed 13440K, reserved 1048576K
}
Event: 442798.834 GC heap before
{Heap before GC invocations=2328 (full 4):
 PSYoungGen      total 172544K, used 172320K [0x00000000d5580000, 0x00000000e0000000, 0x0000000100000000)
  eden space 170496K, 100% used [0x00000000d5580000,0x00000000dfc00000,0x00000000dfc00000)
  from space 2048K, 89% used [0x00000000dfc00000,0x00000000dfdc8080,0x00000000dfe00000)
  to   space 2048K, 0% used [0x00000000dfe00000,0x00000000dfe00000,0x00000000e0000000)
 ParOldGen       total 701952K, used 77895K [0x0000000080000000, 0x00000000aad80000, 0x00000000d5580000)
  object space 701952K, 11% used [0x0000000080000000,0x0000000084c11de8,0x00000000aad80000)
 Metaspace       used 101806K, capacity 105826K, committed 105856K, reserved 1142784K
  class space    used 12528K, capacity 13433K, committed 13440K, reserved 1048576K
Event: 442798.837 GC heap after
Heap after GC invocations=2328 (full 4):
 PSYoungGen      total 172544K, used 1680K [0x00000000d5580000, 0x00000000e0000000, 0x0000000100000000)
  eden space 170496K, 0% used [0x00000000d5580000,0x00000000d5580000,0x00000000dfc00000)
  from space 2048K, 82% used [0x00000000dfe00000,0x00000000dffa4090,0x00000000e0000000)
  to   space 2048K, 0% used [0x00000000dfc00000,0x00000000dfc00000,0x00000000dfe00000)
 ParOldGen       total 701952K, used 77919K [0x0000000080000000, 0x00000000aad80000, 0x00000000d5580000)
  object space 701952K, 11% used [0x0000000080000000,0x0000000084c17de8,0x00000000aad80000)
 Metaspace       used 101806K, capacity 105826K, committed 105856K, reserved 1142784K
  class space    used 12528K, capacity 13433K, committed 13440K, reserved 1048576K
}
Event: 442985.457 GC heap before
{Heap before GC invocations=2329 (full 4):
 PSYoungGen      total 172544K, used 172176K [0x00000000d5580000, 0x00000000e0000000, 0x0000000100000000)
  eden space 170496K, 100% used [0x00000000d5580000,0x00000000dfc00000,0x00000000dfc00000)
  from space 2048K, 82% used [0x00000000dfe00000,0x00000000dffa4090,0x00000000e0000000)
  to   space 2048K, 0% used [0x00000000dfc00000,0x00000000dfc00000,0x00000000dfe00000)
 ParOldGen       total 701952K, used 77919K [0x0000000080000000, 0x00000000aad80000, 0x00000000d5580000)
  object space 701952K, 11% used [0x0000000080000000,0x0000000084c17de8,0x00000000aad80000)
 Metaspace       used 101806K, capacity 105826K, committed 105856K, reserved 1142784K
  class space    used 12528K, capacity 13433K, committed 13440K, reserved 1048576K
Event: 442985.460 GC heap after
Heap after GC invocations=2329 (full 4):
 PSYoungGen      total 172544K, used 1616K [0x00000000d5580000, 0x00000000e0000000, 0x0000000100000000)
  eden space 170496K, 0% used [0x00000000d5580000,0x00000000d5580000,0x00000000dfc00000)
  from space 2048K, 78% used [0x00000000dfc00000,0x00000000dfd94090,0x00000000dfe00000)
  to   space 2048K, 0% used [0x00000000dfe00000,0x00000000dfe00000,0x00000000e0000000)
 ParOldGen       total 701952K, used 77951K [0x0000000080000000, 0x00000000aad80000, 0x00000000d5580000)
  object space 701952K, 11% used [0x0000000080000000,0x0000000084c1fde8,0x00000000aad80000)
 Metaspace       used 101806K, capacity 105826K, committed 105856K, reserved 1142784K
  class space    used 12528K, capacity 13433K, committed 13440K, reserved 1048576K
}
Event: 443175.829 GC heap before
{Heap before GC invocations=2330 (full 4):
 PSYoungGen      total 172544K, used 172112K [0x00000000d5580000, 0x00000000e0000000, 0x0000000100000000)
  eden space 170496K, 100% used [0x00000000d5580000,0x00000000dfc00000,0x00000000dfc00000)
  from space 2048K, 78% used [0x00000000dfc00000,0x00000000dfd94090,0x00000000dfe00000)
  to   space 2048K, 0% used [0x00000000dfe00000,0x00000000dfe00000,0x00000000e0000000)
 ParOldGen       total 701952K, used 77951K [0x0000000080000000, 0x00000000aad80000, 0x00000000d5580000)
  object space 701952K, 11% used [0x0000000080000000,0x0000000084c1fde8,0x00000000aad80000)
 Metaspace       used 101806K, capacity 105826K, committed 105856K, reserved 1142784K
  class space    used 12528K, capacity 13433K, committed 13440K, reserved 1048576K
Event: 443175.832 GC heap after
Heap after GC invocations=2330 (full 4):
 PSYoungGen      total 172544K, used 1824K [0x00000000d5580000, 0x00000000e0000000, 0x0000000100000000)
  eden space 170496K, 0% used [0x00000000d5580000,0x00000000d5580000,0x00000000dfc00000)
  from space 2048K, 89% used [0x00000000dfe00000,0x00000000dffc80a0,0x00000000e0000000)
  to   space 2048K, 0% used [0x00000000dfc00000,0x00000000dfc00000,0x00000000dfe00000)
 ParOldGen       total 701952K, used 77967K [0x0000000080000000, 0x00000000aad80000, 0x00000000d5580000)
  object space 701952K, 11% used [0x0000000080000000,0x0000000084c23de8,0x00000000aad80000)
 Metaspace       used 101806K, capacity 105826K, committed 105856K, reserved 1142784K
  class space    used 12528K, capacity 13433K, committed 13440K, reserved 1048576K
}
Event: 443364.550 GC heap before
{Heap before GC invocations=2331 (full 4):
 PSYoungGen      total 172544K, used 172320K [0x00000000d5580000, 0x00000000e0000000, 0x0000000100000000)
  eden space 170496K, 100% used [0x00000000d5580000,0x00000000dfc00000,0x00000000dfc00000)
  from space 2048K, 89% used [0x00000000dfe00000,0x00000000dffc80a0,0x00000000e0000000)
  to   space 2048K, 0% used [0x00000000dfc00000,0x00000000dfc00000,0x00000000dfe00000)
 ParOldGen       total 701952K, used 77967K [0x0000000080000000, 0x00000000aad80000, 0x00000000d5580000)
  object space 701952K, 11% used [0x0000000080000000,0x0000000084c23de8,0x00000000aad80000)
 Metaspace       used 101806K, capacity 105826K, committed 105856K, reserved 1142784K
  class space    used 12528K, capacity 13433K, committed 13440K, reserved 1048576K
Event: 443364.554 GC heap after
Heap after GC invocations=2331 (full 4):
 PSYoungGen      total 172544K, used 1616K [0x00000000d5580000, 0x00000000e0000000, 0x0000000100000000)
  eden space 170496K, 0% used [0x00000000d5580000,0x00000000d5580000,0x00000000dfc00000)
  from space 2048K, 78% used [0x00000000dfc00000,0x00000000dfd94090,0x00000000dfe00000)
  to   space 2048K, 0% used [0x00000000dfe00000,0x00000000dfe00000,0x00000000e0000000)
 ParOldGen       total 701952K, used 77991K [0x0000000080000000, 0x00000000aad80000, 0x00000000d5580000)
  object space 701952K, 11% used [0x0000000080000000,0x0000000084c29de8,0x00000000aad80000)
 Metaspace       used 101806K, capacity 105826K, committed 105856K, reserved 1142784K
  class space    used 12528K, capacity 13433K, committed 13440K, reserved 1048576K
}
Event: 443552.726 GC heap before
{Heap before GC invocations=2332 (full 4):
 PSYoungGen      total 172544K, used 172112K [0x00000000d5580000, 0x00000000e0000000, 0x0000000100000000)
  eden space 170496K, 100% used [0x00000000d5580000,0x00000000dfc00000,0x00000000dfc00000)
  from space 2048K, 78% used [0x00000000dfc00000,0x00000000dfd94090,0x00000000dfe00000)
  to   space 2048K, 0% used [0x00000000dfe00000,0x00000000dfe00000,0x00000000e0000000)
 ParOldGen       total 701952K, used 77991K [0x0000000080000000, 0x00000000aad80000, 0x00000000d5580000)
  object space 701952K, 11% used [0x0000000080000000,0x0000000084c29de8,0x00000000aad80000)
 Metaspace       used 101806K, capacity 105826K, committed 105856K, reserved 1142784K
  class space    used 12528K, capacity 13433K, committed 13440K, reserved 1048576K
Event: 443552.729 GC heap after
Heap after GC invocations=2332 (full 4):
 PSYoungGen      total 172544K, used 1664K [0x00000000d5580000, 0x00000000e0000000, 0x0000000100000000)
  eden space 170496K, 0% used [0x00000000d5580000,0x00000000d5580000,0x00000000dfc00000)
  from space 2048K, 81% used [0x00000000dfe00000,0x00000000dffa00a0,0x00000000e0000000)
  to   space 2048K, 0% used [0x00000000dfc00000,0x00000000dfc00000,0x00000000dfe00000)
 ParOldGen       total 701952K, used 78007K [0x0000000080000000, 0x00000000aad80000, 0x00000000d5580000)
  object space 701952K, 11% used [0x0000000080000000,0x0000000084c2dde8,0x00000000aad80000)
 Metaspace       used 101806K, capacity 105826K, committed 105856K, reserved 1142784K
  class space    used 12528K, capacity 13433K, committed 13440K, reserved 1048576K
}
Event: 443742.229 GC heap before
{Heap before GC invocations=2333 (full 4):
 PSYoungGen      total 172544K, used 172160K [0x00000000d5580000, 0x00000000e0000000, 0x0000000100000000)
  eden space 170496K, 100% used [0x00000000d5580000,0x00000000dfc00000,0x00000000dfc00000)
  from space 2048K, 81% used [0x00000000dfe00000,0x00000000dffa00a0,0x00000000e0000000)
  to   space 2048K, 0% used [0x00000000dfc00000,0x00000000dfc00000,0x00000000dfe00000)
 ParOldGen       total 701952K, used 78007K [0x0000000080000000, 0x00000000aad80000, 0x00000000d5580000)
  object space 701952K, 11% used [0x0000000080000000,0x0000000084c2dde8,0x00000000aad80000)
 Metaspace       used 101806K, capacity 105826K, committed 105856K, reserved 1142784K
  class space    used 12528K, capacity 13433K, committed 13440K, reserved 1048576K
Event: 443742.233 GC heap after
Heap after GC invocations=2333 (full 4):
 PSYoungGen      total 172544K, used 1632K [0x00000000d5580000, 0x00000000e0000000, 0x0000000100000000)
  eden space 170496K, 0% used [0x00000000d5580000,0x00000000d5580000,0x00000000dfc00000)
  from space 2048K, 79% used [0x00000000dfc00000,0x00000000dfd98080,0x00000000dfe00000)
  to   space 2048K, 0% used [0x00000000dfe00000,0x00000000dfe00000,0x00000000e0000000)
 ParOldGen       total 701952K, used 78023K [0x0000000080000000, 0x00000000aad80000, 0x00000000d5580000)
  object space 701952K, 11% used [0x0000000080000000,0x0000000084c31de8,0x00000000aad80000)
 Metaspace       used 101806K, capacity 105826K, committed 105856K, reserved 1142784K
  class space    used 12528K, capacity 13433K, committed 13440K, reserved 1048576K
}
Event: 443930.686 GC heap before
{Heap before GC invocations=2334 (full 4):
 PSYoungGen      total 172544K, used 172128K [0x00000000d5580000, 0x00000000e0000000, 0x0000000100000000)
  eden space 170496K, 100% used [0x00000000d5580000,0x00000000dfc00000,0x00000000dfc00000)
  from space 2048K, 79% used [0x00000000dfc00000,0x00000000dfd98080,0x00000000dfe00000)
  to   space 2048K, 0% used [0x00000000dfe00000,0x00000000dfe00000,0x00000000e0000000)
 ParOldGen       total 701952K, used 78023K [0x0000000080000000, 0x00000000aad80000, 0x00000000d5580000)
  object space 701952K, 11% used [0x0000000080000000,0x0000000084c31de8,0x00000000aad80000)
 Metaspace       used 101806K, capacity 105826K, committed 105856K, reserved 1142784K
  class space    used 12528K, capacity 13433K, committed 13440K, reserved 1048576K
Event: 443930.690 GC heap after
Heap after GC invocations=2334 (full 4):
 PSYoungGen      total 172544K, used 1696K [0x00000000d5580000, 0x00000000e0000000, 0x0000000100000000)
  eden space 170496K, 0% used [0x00000000d5580000,0x00000000d5580000,0x00000000dfc00000)
  from space 2048K, 82% used [0x00000000dfe00000,0x00000000dffa8080,0x00000000e0000000)
  to   space 2048K, 0% used [0x00000000dfc00000,0x00000000dfc00000,0x00000000dfe00000)
 ParOldGen       total 701952K, used 78031K [0x0000000080000000, 0x00000000aad80000, 0x00000000d5580000)
  object space 701952K, 11% used [0x0000000080000000,0x0000000084c33de8,0x00000000aad80000)
 Metaspace       used 101806K, capacity 105826K, committed 105856K, reserved 1142784K
  class space    used 12528K, capacity 13433K, committed 13440K, reserved 1048576K
}
Event: 444118.242 GC heap before
{Heap before GC invocations=2335 (full 4):
 PSYoungGen      total 172544K, used 172192K [0x00000000d5580000, 0x00000000e0000000, 0x0000000100000000)
  eden space 170496K, 100% used [0x00000000d5580000,0x00000000dfc00000,0x00000000dfc00000)
  from space 2048K, 82% used [0x00000000dfe00000,0x00000000dffa8080,0x00000000e0000000)
  to   space 2048K, 0% used [0x00000000dfc00000,0x00000000dfc00000,0x00000000dfe00000)
 ParOldGen       total 701952K, used 78031K [0x0000000080000000, 0x00000000aad80000, 0x00000000d5580000)
  object space 701952K, 11% used [0x0000000080000000,0x0000000084c33de8,0x00000000aad80000)
 Metaspace       used 101806K, capacity 105826K, committed 105856K, reserved 1142784K
  class space    used 12528K, capacity 13433K, committed 13440K, reserved 1048576K
Event: 444118.246 GC heap after
Heap after GC invocations=2335 (full 4):
 PSYoungGen      total 172544K, used 1632K [0x00000000d5580000, 0x00000000e0000000, 0x0000000100000000)
  eden space 170496K, 0% used [0x00000000d5580000,0x00000000d5580000,0x00000000dfc00000)
  from space 2048K, 79% used [0x00000000dfc00000,0x00000000dfd980a0,0x00000000dfe00000)
  to   space 2048K, 0% used [0x00000000dfe00000,0x00000000dfe00000,0x00000000e0000000)
 ParOldGen       total 701952K, used 78047K [0x0000000080000000, 0x00000000aad80000, 0x00000000d5580000)
  object space 701952K, 11% used [0x0000000080000000,0x0000000084c37de8,0x00000000aad80000)
 Metaspace       used 101806K, capacity 105826K, committed 105856K, reserved 1142784K
  class space    used 12528K, capacity 13433K, committed 13440K, reserved 1048576K
}
Event: 444305.520 GC heap before
{Heap before GC invocations=2336 (full 4):
 PSYoungGen      total 172544K, used 172128K [0x00000000d5580000, 0x00000000e0000000, 0x0000000100000000)
  eden space 170496K, 100% used [0x00000000d5580000,0x00000000dfc00000,0x00000000dfc00000)
  from space 2048K, 79% used [0x00000000dfc00000,0x00000000dfd980a0,0x00000000dfe00000)
  to   space 2048K, 0% used [0x00000000dfe00000,0x00000000dfe00000,0x00000000e0000000)
 ParOldGen       total 701952K, used 78047K [0x0000000080000000, 0x00000000aad80000, 0x00000000d5580000)
  object space 701952K, 11% used [0x0000000080000000,0x0000000084c37de8,0x00000000aad80000)
 Metaspace       used 101806K, capacity 105826K, committed 105856K, reserved 1142784K
  class space    used 12528K, capacity 13433K, committed 13440K, reserved 1048576K
Event: 444305.524 GC heap after
Heap after GC invocations=2336 (full 4):
 PSYoungGen      total 172544K, used 1568K [0x00000000d5580000, 0x00000000e0000000, 0x0000000100000000)
  eden space 170496K, 0% used [0x00000000d5580000,0x00000000d5580000,0x00000000dfc00000)
  from space 2048K, 76% used [0x00000000dfe00000,0x00000000dff880a0,0x00000000e0000000)
  to   space 2048K, 0% used [0x00000000dfc00000,0x00000000dfc00000,0x00000000dfe00000)
 ParOldGen       total 701952K, used 78055K [0x0000000080000000, 0x00000000aad80000, 0x00000000d5580000)
  object space 701952K, 11% used [0x0000000080000000,0x0000000084c39de8,0x00000000aad80000)
 Metaspace       used 101806K, capacity 105826K, committed 105856K, reserved 1142784K
  class space    used 12528K, capacity 13433K, committed 13440K, reserved 1048576K
}
Event: 444494.310 GC heap before
{Heap before GC invocations=2337 (full 4):
 PSYoungGen      total 172544K, used 172064K [0x00000000d5580000, 0x00000000e0000000, 0x0000000100000000)
  eden space 170496K, 100% used [0x00000000d5580000,0x00000000dfc00000,0x00000000dfc00000)
  from space 2048K, 76% used [0x00000000dfe00000,0x00000000dff880a0,0x00000000e0000000)
  to   space 2048K, 0% used [0x00000000dfc00000,0x00000000dfc00000,0x00000000dfe00000)
 ParOldGen       total 701952K, used 78055K [0x0000000080000000, 0x00000000aad80000, 0x00000000d5580000)
  object space 701952K, 11% used [0x0000000080000000,0x0000000084c39de8,0x00000000aad80000)
 Metaspace       used 101806K, capacity 105826K, committed 105856K, reserved 1142784K
  class space    used 12528K, capacity 13433K, committed 13440K, reserved 1048576K
Event: 444494.314 GC heap after
Heap after GC invocations=2337 (full 4):
 PSYoungGen      total 172544K, used 1808K [0x00000000d5580000, 0x00000000e0000000, 0x0000000100000000)
  eden space 170496K, 0% used [0x00000000d5580000,0x00000000d5580000,0x00000000dfc00000)
  from space 2048K, 88% used [0x00000000dfc00000,0x00000000dfdc4090,0x00000000dfe00000)
  to   space 2048K, 0% used [0x00000000dfe00000,0x00000000dfe00000,0x00000000e0000000)
 ParOldGen       total 701952K, used 78063K [0x0000000080000000, 0x00000000aad80000, 0x00000000d5580000)
  object space 701952K, 11% used [0x0000000080000000,0x0000000084c3bde8,0x00000000aad80000)
 Metaspace       used 101806K, capacity 105826K, committed 105856K, reserved 1142784K
  class space    used 12528K, capacity 13433K, committed 13440K, reserved 1048576K
}
Event: 444675.436 GC heap before
{Heap before GC invocations=2338 (full 4):
 PSYoungGen      total 172544K, used 172304K [0x00000000d5580000, 0x00000000e0000000, 0x0000000100000000)
  eden space 170496K, 100% used [0x00000000d5580000,0x00000000dfc00000,0x00000000dfc00000)
  from space 2048K, 88% used [0x00000000dfc00000,0x00000000dfdc4090,0x00000000dfe00000)
  to   space 2048K, 0% used [0x00000000dfe00000,0x00000000dfe00000,0x00000000e0000000)
 ParOldGen       total 701952K, used 78063K [0x0000000080000000, 0x00000000aad80000, 0x00000000d5580000)
  object space 701952K, 11% used [0x0000000080000000,0x0000000084c3bde8,0x00000000aad80000)
 Metaspace       used 101806K, capacity 105826K, committed 105856K, reserved 1142784K
  class space    used 12528K, capacity 13433K, committed 13440K, reserved 1048576K
Event: 444675.440 GC heap after
Heap after GC invocations=2338 (full 4):
 PSYoungGen      total 172544K, used 1680K [0x00000000d5580000, 0x00000000e0000000, 0x0000000100000000)
  eden space 170496K, 0% used [0x00000000d5580000,0x00000000d5580000,0x00000000dfc00000)
  from space 2048K, 82% used [0x00000000dfe00000,0x00000000dffa4070,0x00000000e0000000)
  to   space 2048K, 0% used [0x00000000dfc00000,0x00000000dfc00000,0x00000000dfe00000)
 ParOldGen       total 701952K, used 78071K [0x0000000080000000, 0x00000000aad80000, 0x00000000d5580000)
  object space 701952K, 11% used [0x0000000080000000,0x0000000084c3dde8,0x00000000aad80000)
 Metaspace       used 101806K, capacity 105826K, committed 105856K, reserved 1142784K
  class space    used 12528K, capacity 13433K, committed 13440K, reserved 1048576K
}
Event: 444865.098 GC heap before
{Heap before GC invocations=2339 (full 4):
 PSYoungGen      total 172544K, used 172176K [0x00000000d5580000, 0x00000000e0000000, 0x0000000100000000)
  eden space 170496K, 100% used [0x00000000d5580000,0x00000000dfc00000,0x00000000dfc00000)
  from space 2048K, 82% used [0x00000000dfe00000,0x00000000dffa4070,0x00000000e0000000)
  to   space 2048K, 0% used [0x00000000dfc00000,0x00000000dfc00000,0x00000000dfe00000)
 ParOldGen       total 701952K, used 78071K [0x0000000080000000, 0x00000000aad80000, 0x00000000d5580000)
  object space 701952K, 11% used [0x0000000080000000,0x0000000084c3dde8,0x00000000aad80000)
 Metaspace       used 101806K, capacity 105826K, committed 105856K, reserved 1142784K
  class space    used 12528K, capacity 13433K, committed 13440K, reserved 1048576K
Event: 444865.101 GC heap after
Heap after GC invocations=2339 (full 4):
 PSYoungGen      total 172544K, used 1600K [0x00000000d5580000, 0x00000000e0000000, 0x0000000100000000)
  eden space 170496K, 0% used [0x00000000d5580000,0x00000000d5580000,0x00000000dfc00000)
  from space 2048K, 78% used [0x00000000dfc00000,0x00000000dfd900a0,0x00000000dfe00000)
  to   space 2048K, 0% used [0x00000000dfe00000,0x00000000dfe00000,0x00000000e0000000)
 ParOldGen       total 701952K, used 78087K [0x0000000080000000, 0x00000000aad80000, 0x00000000d5580000)
  object space 701952K, 11% used [0x0000000080000000,0x0000000084c41de8,0x00000000aad80000)
 Metaspace       used 101806K, capacity 105826K, committed 105856K, reserved 1142784K
  class space    used 12528K, capacity 13433K, committed 13440K, reserved 1048576K
}
Event: 445054.456 GC heap before
{Heap before GC invocations=2340 (full 4):
 PSYoungGen      total 172544K, used 172096K [0x00000000d5580000, 0x00000000e0000000, 0x0000000100000000)
  eden space 170496K, 100% used [0x00000000d5580000,0x00000000dfc00000,0x00000000dfc00000)
  from space 2048K, 78% used [0x00000000dfc00000,0x00000000dfd900a0,0x00000000dfe00000)
  to   space 2048K, 0% used [0x00000000dfe00000,0x00000000dfe00000,0x00000000e0000000)
 ParOldGen       total 701952K, used 78087K [0x0000000080000000, 0x00000000aad80000, 0x00000000d5580000)
  object space 701952K, 11% used [0x0000000080000000,0x0000000084c41de8,0x00000000aad80000)
 Metaspace       used 101806K, capacity 105826K, committed 105856K, reserved 1142784K
  class space    used 12528K, capacity 13433K, committed 13440K, reserved 1048576K
Event: 445054.459 GC heap after
Heap after GC invocations=2340 (full 4):
 PSYoungGen      total 172544K, used 1712K [0x00000000d5580000, 0x00000000e0000000, 0x0000000100000000)
  eden space 170496K, 0% used [0x00000000d5580000,0x00000000d5580000,0x00000000dfc00000)
  from space 2048K, 83% used [0x00000000dfe00000,0x00000000dffac090,0x00000000e0000000)
  to   space 2048K, 0% used [0x00000000dfc00000,0x00000000dfc00000,0x00000000dfe00000)
 ParOldGen       total 701952K, used 78103K [0x0000000080000000, 0x00000000aad80000, 0x00000000d5580000)
  object space 701952K, 11% used [0x0000000080000000,0x0000000084c45de8,0x00000000aad80000)
 Metaspace       used 101806K, capacity 105826K, committed 105856K, reserved 1142784K
  class space    used 12528K, capacity 13433K, committed 13440K, reserved 1048576K
}
Event: 445244.377 GC heap before
{Heap before GC invocations=2341 (full 4):
 PSYoungGen      total 172544K, used 172208K [0x00000000d5580000, 0x00000000e0000000, 0x0000000100000000)
  eden space 170496K, 100% used [0x00000000d5580000,0x00000000dfc00000,0x00000000dfc00000)
  from space 2048K, 83% used [0x00000000dfe00000,0x00000000dffac090,0x00000000e0000000)
  to   space 2048K, 0% used [0x00000000dfc00000,0x00000000dfc00000,0x00000000dfe00000)
 ParOldGen       total 701952K, used 78103K [0x0000000080000000, 0x00000000aad80000, 0x00000000d5580000)
  object space 701952K, 11% used [0x0000000080000000,0x0000000084c45de8,0x00000000aad80000)
 Metaspace       used 101806K, capacity 105826K, committed 105856K, reserved 1142784K
  class space    used 12528K, capacity 13433K, committed 13440K, reserved 1048576K
Event: 445244.381 GC heap after
Heap after GC invocations=2341 (full 4):
 PSYoungGen      total 172544K, used 1664K [0x00000000d5580000, 0x00000000e0000000, 0x0000000100000000)
  eden space 170496K, 0% used [0x00000000d5580000,0x00000000d5580000,0x00000000dfc00000)
  from space 2048K, 81% used [0x00000000dfc00000,0x00000000dfda00a0,0x00000000dfe00000)
  to   space 2048K, 0% used [0x00000000dfe00000,0x00000000dfe00000,0x00000000e0000000)
 ParOldGen       total 701952K, used 78119K [0x0000000080000000, 0x00000000aad80000, 0x00000000d5580000)
  object space 701952K, 11% used [0x0000000080000000,0x0000000084c49de8,0x00000000aad80000)
 Metaspace       used 101806K, capacity 105826K, committed 105856K, reserved 1142784K
  class space    used 12528K, capacity 13433K, committed 13440K, reserved 1048576K
}
Event: 445432.456 GC heap before
{Heap before GC invocations=2342 (full 4):
 PSYoungGen      total 172544K, used 172160K [0x00000000d5580000, 0x00000000e0000000, 0x0000000100000000)
  eden space 170496K, 100% used [0x00000000d5580000,0x00000000dfc00000,0x00000000dfc00000)
  from space 2048K, 81% used [0x00000000dfc00000,0x00000000dfda00a0,0x00000000dfe00000)
  to   space 2048K, 0% used [0x00000000dfe00000,0x00000000dfe00000,0x00000000e0000000)
 ParOldGen       total 701952K, used 78119K [0x0000000080000000, 0x00000000aad80000, 0x00000000d5580000)
  object space 701952K, 11% used [0x0000000080000000,0x0000000084c49de8,0x00000000aad80000)
 Metaspace       used 101806K, capacity 105826K, committed 105856K, reserved 1142784K
  class space    used 12528K, capacity 13433K, committed 13440K, reserved 1048576K
Event: 445432.459 GC heap after
Heap after GC invocations=2342 (full 4):
 PSYoungGen      total 172544K, used 1584K [0x00000000d5580000, 0x00000000e0000000, 0x0000000100000000)
  eden space 170496K, 0% used [0x00000000d5580000,0x00000000d5580000,0x00000000dfc00000)
  from space 2048K, 77% used [0x00000000dfe00000,0x00000000dff8c090,0x00000000e0000000)
  to   space 2048K, 0% used [0x00000000dfc00000,0x00000000dfc00000,0x00000000dfe00000)
 ParOldGen       total 701952K, used 78127K [0x0000000080000000, 0x00000000aad80000, 0x00000000d5580000)
  object space 701952K, 11% used [0x0000000080000000,0x0000000084c4bde8,0x00000000aad80000)
 Metaspace       used 101806K, capacity 105826K, committed 105856K, reserved 1142784K
  class space    used 12528K, capacity 13433K, committed 13440K, reserved 1048576K
}
Event: 445621.657 GC heap before
{Heap before GC invocations=2343 (full 4):
 PSYoungGen      total 172544K, used 172080K [0x00000000d5580000, 0x00000000e0000000, 0x0000000100000000)
  eden space 170496K, 100% used [0x00000000d5580000,0x00000000dfc00000,0x00000000dfc00000)
  from space 2048K, 77% used [0x00000000dfe00000,0x00000000dff8c090,0x00000000e0000000)
  to   space 2048K, 0% used [0x00000000dfc00000,0x00000000dfc00000,0x00000000dfe00000)
 ParOldGen       total 701952K, used 78127K [0x0000000080000000, 0x00000000aad80000, 0x00000000d5580000)
  object space 701952K, 11% used [0x0000000080000000,0x0000000084c4bde8,0x00000000aad80000)
 Metaspace       used 101806K, capacity 105826K, committed 105856K, reserved 1142784K
  class space    used 12528K, capacity 13433K, committed 13440K, reserved 1048576K
Event: 445621.661 GC heap after
Heap after GC invocations=2343 (full 4):
 PSYoungGen      total 172544K, used 1664K [0x00000000d5580000, 0x00000000e0000000, 0x0000000100000000)
  eden space 170496K, 0% used [0x00000000d5580000,0x00000000d5580000,0x00000000dfc00000)
  from space 2048K, 81% used [0x00000000dfc00000,0x00000000dfda00a0,0x00000000dfe00000)
  to   space 2048K, 0% used [0x00000000dfe00000,0x00000000dfe00000,0x00000000e0000000)
 ParOldGen       total 701952K, used 78175K [0x0000000080000000, 0x00000000aad80000, 0x00000000d5580000)
  object space 701952K, 11% used [0x0000000080000000,0x0000000084c57de8,0x00000000aad80000)
 Metaspace       used 101806K, capacity 105826K, committed 105856K, reserved 1142784K
  class space    used 12528K, capacity 13433K, committed 13440K, reserved 1048576K
}
Event: 445810.521 GC heap before
{Heap before GC invocations=2344 (full 4):
 PSYoungGen      total 172544K, used 172160K [0x00000000d5580000, 0x00000000e0000000, 0x0000000100000000)
  eden space 170496K, 100% used [0x00000000d5580000,0x00000000dfc00000,0x00000000dfc00000)
  from space 2048K, 81% used [0x00000000dfc00000,0x00000000dfda00a0,0x00000000dfe00000)
  to   space 2048K, 0% used [0x00000000dfe00000,0x00000000dfe00000,0x00000000e0000000)
 ParOldGen       total 701952K, used 78175K [0x0000000080000000, 0x00000000aad80000, 0x00000000d5580000)
  object space 701952K, 11% used [0x0000000080000000,0x0000000084c57de8,0x00000000aad80000)
 Metaspace       used 101806K, capacity 105826K, committed 105856K, reserved 1142784K
  class space    used 12528K, capacity 13433K, committed 13440K, reserved 1048576K
Event: 445810.524 GC heap after
Heap after GC invocations=2344 (full 4):
 PSYoungGen      total 172544K, used 1680K [0x00000000d5580000, 0x00000000e0000000, 0x0000000100000000)
  eden space 170496K, 0% used [0x00000000d5580000,0x00000000d5580000,0x00000000dfc00000)
  from space 2048K, 82% used [0x00000000dfe00000,0x00000000dffa4090,0x00000000e0000000)
  to   space 2048K, 0% used [0x00000000dfc00000,0x00000000dfc00000,0x00000000dfe00000)
 ParOldGen       total 701952K, used 78191K [0x0000000080000000, 0x00000000aad80000, 0x00000000d5580000)
  object space 701952K, 11% used [0x0000000080000000,0x0000000084c5bde8,0x00000000aad80000)
 Metaspace       used 101806K, capacity 105826K, committed 105856K, reserved 1142784K
  class space    used 12528K, capacity 13433K, committed 13440K, reserved 1048576K
}
Event: 445997.964 GC heap before
{Heap before GC invocations=2345 (full 4):
 PSYoungGen      total 172544K, used 172176K [0x00000000d5580000, 0x00000000e0000000, 0x0000000100000000)
  eden space 170496K, 100% used [0x00000000d5580000,0x00000000dfc00000,0x00000000dfc00000)
  from space 2048K, 82% used [0x00000000dfe00000,0x00000000dffa4090,0x00000000e0000000)
  to   space 2048K, 0% used [0x00000000dfc00000,0x00000000dfc00000,0x00000000dfe00000)
 ParOldGen       total 701952K, used 78191K [0x0000000080000000, 0x00000000aad80000, 0x00000000d5580000)
  object space 701952K, 11% used [0x0000000080000000,0x0000000084c5bde8,0x00000000aad80000)
 Metaspace       used 101806K, capacity 105826K, committed 105856K, reserved 1142784K
  class space    used 12528K, capacity 13433K, committed 13440K, reserved 1048576K
Event: 445997.968 GC heap after
Heap after GC invocations=2345 (full 4):
 PSYoungGen      total 172544K, used 1696K [0x00000000d5580000, 0x00000000e0000000, 0x0000000100000000)
  eden space 170496K, 0% used [0x00000000d5580000,0x00000000d5580000,0x00000000dfc00000)
  from space 2048K, 82% used [0x00000000dfc00000,0x00000000dfda80a0,0x00000000dfe00000)
  to   space 2048K, 0% used [0x00000000dfe00000,0x00000000dfe00000,0x00000000e0000000)
 ParOldGen       total 701952K, used 78207K [0x0000000080000000, 0x00000000aad80000, 0x00000000d5580000)
  object space 701952K, 11% used [0x0000000080000000,0x0000000084c5fde8,0x00000000aad80000)
 Metaspace       used 101806K, capacity 105826K, committed 105856K, reserved 1142784K
  class space    used 12528K, capacity 13433K, committed 13440K, reserved 1048576K
}
Event: 446187.171 GC heap before
{Heap before GC invocations=2346 (full 4):
 PSYoungGen      total 172544K, used 172192K [0x00000000d5580000, 0x00000000e0000000, 0x0000000100000000)
  eden space 170496K, 100% used [0x00000000d5580000,0x00000000dfc00000,0x00000000dfc00000)
  from space 2048K, 82% used [0x00000000dfc00000,0x00000000dfda80a0,0x00000000dfe00000)
  to   space 2048K, 0% used [0x00000000dfe00000,0x00000000dfe00000,0x00000000e0000000)
 ParOldGen       total 701952K, used 78207K [0x0000000080000000, 0x00000000aad80000, 0x00000000d5580000)
  object space 701952K, 11% used [0x0000000080000000,0x0000000084c5fde8,0x00000000aad80000)
 Metaspace       used 101806K, capacity 105826K, committed 105856K, reserved 1142784K
  class space    used 12528K, capacity 13433K, committed 13440K, reserved 1048576K
Event: 446187.175 GC heap after
Heap after GC invocations=2346 (full 4):
 PSYoungGen      total 172544K, used 1632K [0x00000000d5580000, 0x00000000e0000000, 0x0000000100000000)
  eden space 170496K, 0% used [0x00000000d5580000,0x00000000d5580000,0x00000000dfc00000)
  from space 2048K, 79% used [0x00000000dfe00000,0x00000000dff980a0,0x00000000e0000000)
  to   space 2048K, 0% used [0x00000000dfc00000,0x00000000dfc00000,0x00000000dfe00000)
 ParOldGen       total 701952K, used 78215K [0x0000000080000000, 0x00000000aad80000, 0x00000000d5580000)
  object space 701952K, 11% used [0x0000000080000000,0x0000000084c61de8,0x00000000aad80000)
 Metaspace       used 101806K, capacity 105826K, committed 105856K, reserved 1142784K
  class space    used 12528K, capacity 13433K, committed 13440K, reserved 1048576K
}
Event: 446369.275 GC heap before
{Heap before GC invocations=2347 (full 4):
 PSYoungGen      total 172544K, used 172128K [0x00000000d5580000, 0x00000000e0000000, 0x0000000100000000)
  eden space 170496K, 100% used [0x00000000d5580000,0x00000000dfc00000,0x00000000dfc00000)
  from space 2048K, 79% used [0x00000000dfe00000,0x00000000dff980a0,0x00000000e0000000)
  to   space 2048K, 0% used [0x00000000dfc00000,0x00000000dfc00000,0x00000000dfe00000)
 ParOldGen       total 701952K, used 78215K [0x0000000080000000, 0x00000000aad80000, 0x00000000d5580000)
  object space 701952K, 11% used [0x0000000080000000,0x0000000084c61de8,0x00000000aad80000)
 Metaspace       used 101806K, capacity 105826K, committed 105856K, reserved 1142784K
  class space    used 12528K, capacity 13433K, committed 13440K, reserved 1048576K
Event: 446369.279 GC heap after
Heap after GC invocations=2347 (full 4):
 PSYoungGen      total 172544K, used 1600K [0x00000000d5580000, 0x00000000e0000000, 0x0000000100000000)
  eden space 170496K, 0% used [0x00000000d5580000,0x00000000d5580000,0x00000000dfc00000)
  from space 2048K, 78% used [0x00000000dfc00000,0x00000000dfd900a0,0x00000000dfe00000)
  to   space 2048K, 0% used [0x00000000dfe00000,0x00000000dfe00000,0x00000000e0000000)
 ParOldGen       total 701952K, used 78223K [0x0000000080000000, 0x00000000aad80000, 0x00000000d5580000)
  object space 701952K, 11% used [0x0000000080000000,0x0000000084c63de8,0x00000000aad80000)
 Metaspace       used 101806K, capacity 105826K, committed 105856K, reserved 1142784K
  class space    used 12528K, capacity 13433K, committed 13440K, reserved 1048576K
}
Event: 446559.456 GC heap before
{Heap before GC invocations=2348 (full 4):
 PSYoungGen      total 172544K, used 172096K [0x00000000d5580000, 0x00000000e0000000, 0x0000000100000000)
  eden space 170496K, 100% used [0x00000000d5580000,0x00000000dfc00000,0x00000000dfc00000)
  from space 2048K, 78% used [0x00000000dfc00000,0x00000000dfd900a0,0x00000000dfe00000)
  to   space 2048K, 0% used [0x00000000dfe00000,0x00000000dfe00000,0x00000000e0000000)
 ParOldGen       total 701952K, used 78223K [0x0000000080000000, 0x00000000aad80000, 0x00000000d5580000)
  object space 701952K, 11% used [0x0000000080000000,0x0000000084c63de8,0x00000000aad80000)
 Metaspace       used 101806K, capacity 105826K, committed 105856K, reserved 1142784K
  class space    used 12528K, capacity 13433K, committed 13440K, reserved 1048576K
Event: 446559.460 GC heap after
Heap after GC invocations=2348 (full 4):
 PSYoungGen      total 172544K, used 1584K [0x00000000d5580000, 0x00000000e0000000, 0x0000000100000000)
  eden space 170496K, 0% used [0x00000000d5580000,0x00000000d5580000,0x00000000dfc00000)
  from space 2048K, 77% used [0x00000000dfe00000,0x00000000dff8c090,0x00000000e0000000)
  to   space 2048K, 0% used [0x00000000dfc00000,0x00000000dfc00000,0x00000000dfe00000)
 ParOldGen       total 701952K, used 78239K [0x0000000080000000, 0x00000000aad80000, 0x00000000d5580000)
  object space 701952K, 11% used [0x0000000080000000,0x0000000084c67de8,0x00000000aad80000)
 Metaspace       used 101806K, capacity 105826K, committed 105856K, reserved 1142784K
  class space    used 12528K, capacity 13433K, committed 13440K, reserved 1048576K
}
Event: 446747.294 GC heap before
{Heap before GC invocations=2349 (full 4):
 PSYoungGen      total 172544K, used 172080K [0x00000000d5580000, 0x00000000e0000000, 0x0000000100000000)
  eden space 170496K, 100% used [0x00000000d5580000,0x00000000dfc00000,0x00000000dfc00000)
  from space 2048K, 77% used [0x00000000dfe00000,0x00000000dff8c090,0x00000000e0000000)
  to   space 2048K, 0% used [0x00000000dfc00000,0x00000000dfc00000,0x00000000dfe00000)
 ParOldGen       total 701952K, used 78239K [0x0000000080000000, 0x00000000aad80000, 0x00000000d5580000)
  object space 701952K, 11% used [0x0000000080000000,0x0000000084c67de8,0x00000000aad80000)
 Metaspace       used 101806K, capacity 105826K, committed 105856K, reserved 1142784K
  class space    used 12528K, capacity 13433K, committed 13440K, reserved 1048576K
Event: 446747.298 GC heap after
Heap after GC invocations=2349 (full 4):
 PSYoungGen      total 172544K, used 1680K [0x00000000d5580000, 0x00000000e0000000, 0x0000000100000000)
  eden space 170496K, 0% used [0x00000000d5580000,0x00000000d5580000,0x00000000dfc00000)
  from space 2048K, 82% used [0x00000000dfc00000,0x00000000dfda4090,0x00000000dfe00000)
  to   space 2048K, 0% used [0x00000000dfe00000,0x00000000dfe00000,0x00000000e0000000)
 ParOldGen       total 701952K, used 78247K [0x0000000080000000, 0x00000000aad80000, 0x00000000d5580000)
  object space 701952K, 11% used [0x0000000080000000,0x0000000084c69de8,0x00000000aad80000)
 Metaspace       used 101806K, capacity 105826K, committed 105856K, reserved 1142784K
  class space    used 12528K, capacity 13433K, committed 13440K, reserved 1048576K
}
Event: 446937.142 GC heap before
{Heap before GC invocations=2350 (full 4):
 PSYoungGen      total 172544K, used 172176K [0x00000000d5580000, 0x00000000e0000000, 0x0000000100000000)
  eden space 170496K, 100% used [0x00000000d5580000,0x00000000dfc00000,0x00000000dfc00000)
  from space 2048K, 82% used [0x00000000dfc00000,0x00000000dfda4090,0x00000000dfe00000)
  to   space 2048K, 0% used [0x00000000dfe00000,0x00000000dfe00000,0x00000000e0000000)
 ParOldGen       total 701952K, used 78247K [0x0000000080000000, 0x00000000aad80000, 0x00000000d5580000)
  object space 701952K, 11% used [0x0000000080000000,0x0000000084c69de8,0x00000000aad80000)
 Metaspace       used 101806K, capacity 105826K, committed 105856K, reserved 1142784K
  class space    used 12528K, capacity 13433K, committed 13440K, reserved 1048576K
Event: 446937.146 GC heap after
Heap after GC invocations=2350 (full 4):
 PSYoungGen      total 172544K, used 1680K [0x00000000d5580000, 0x00000000e0000000, 0x0000000100000000)
  eden space 170496K, 0% used [0x00000000d5580000,0x00000000d5580000,0x00000000dfc00000)
  from space 2048K, 82% used [0x00000000dfe00000,0x00000000dffa4090,0x00000000e0000000)
  to   space 2048K, 0% used [0x00000000dfc00000,0x00000000dfc00000,0x00000000dfe00000)
 ParOldGen       total 701952K, used 78279K [0x0000000080000000, 0x00000000aad80000, 0x00000000d5580000)
  object space 701952K, 11% used [0x0000000080000000,0x0000000084c71de8,0x00000000aad80000)
 Metaspace       used 101806K, capacity 105826K, committed 105856K, reserved 1142784K
  class space    used 12528K, capacity 13433K, committed 13440K, reserved 1048576K
}
Event: 447125.443 GC heap before
{Heap before GC invocations=2351 (full 4):
 PSYoungGen      total 172544K, used 172176K [0x00000000d5580000, 0x00000000e0000000, 0x0000000100000000)
  eden space 170496K, 100% used [0x00000000d5580000,0x00000000dfc00000,0x00000000dfc00000)
  from space 2048K, 82% used [0x00000000dfe00000,0x00000000dffa4090,0x00000000e0000000)
  to   space 2048K, 0% used [0x00000000dfc00000,0x00000000dfc00000,0x00000000dfe00000)
 ParOldGen       total 701952K, used 78279K [0x0000000080000000, 0x00000000aad80000, 0x00000000d5580000)
  object space 701952K, 11% used [0x0000000080000000,0x0000000084c71de8,0x00000000aad80000)
 Metaspace       used 101806K, capacity 105826K, committed 105856K, reserved 1142784K
  class space    used 12528K, capacity 13433K, committed 13440K, reserved 1048576K
Event: 447125.447 GC heap after
Heap after GC invocations=2351 (full 4):
 PSYoungGen      total 172544K, used 1712K [0x00000000d5580000, 0x00000000e0000000, 0x0000000100000000)
  eden space 170496K, 0% used [0x00000000d5580000,0x00000000d5580000,0x00000000dfc00000)
  from space 2048K, 83% used [0x00000000dfc00000,0x00000000dfdac0b0,0x00000000dfe00000)
  to   space 2048K, 0% used [0x00000000dfe00000,0x00000000dfe00000,0x00000000e0000000)
 ParOldGen       total 701952K, used 78295K [0x0000000080000000, 0x00000000aad80000, 0x00000000d5580000)
  object space 701952K, 11% used [0x0000000080000000,0x0000000084c75de8,0x00000000aad80000)
 Metaspace       used 101806K, capacity 105826K, committed 105856K, reserved 1142784K
  class space    used 12528K, capacity 13433K, committed 13440K, reserved 1048576K
}
Event: 447314.686 GC heap before
{Heap before GC invocations=2352 (full 4):
 PSYoungGen      total 172544K, used 172208K [0x00000000d5580000, 0x00000000e0000000, 0x0000000100000000)
  eden space 170496K, 100% used [0x00000000d5580000,0x00000000dfc00000,0x00000000dfc00000)
  from space 2048K, 83% used [0x00000000dfc00000,0x00000000dfdac0b0,0x00000000dfe00000)
  to   space 2048K, 0% used [0x00000000dfe00000,0x00000000dfe00000,0x00000000e0000000)
 ParOldGen       total 701952K, used 78295K [0x0000000080000000, 0x00000000aad80000, 0x00000000d5580000)
  object space 701952K, 11% used [0x0000000080000000,0x0000000084c75de8,0x00000000aad80000)
 Metaspace       used 101806K, capacity 105826K, committed 105856K, reserved 1142784K
  class space    used 12528K, capacity 13433K, committed 13440K, reserved 1048576K
Event: 447314.689 GC heap after
Heap after GC invocations=2352 (full 4):
 PSYoungGen      total 172544K, used 1616K [0x00000000d5580000, 0x00000000e0000000, 0x0000000100000000)
  eden space 170496K, 0% used [0x00000000d5580000,0x00000000d5580000,0x00000000dfc00000)
  from space 2048K, 78% used [0x00000000dfe00000,0x00000000dff940b0,0x00000000e0000000)
  to   space 2048K, 0% used [0x00000000dfc00000,0x00000000dfc00000,0x00000000dfe00000)
 ParOldGen       total 701952K, used 78311K [0x0000000080000000, 0x00000000aad80000, 0x00000000d5580000)
  object space 701952K, 11% used [0x0000000080000000,0x0000000084c79de8,0x00000000aad80000)
 Metaspace       used 101806K, capacity 105826K, committed 105856K, reserved 1142784K
  class space    used 12528K, capacity 13433K, committed 13440K, reserved 1048576K
}
Event: 447503.443 GC heap before
{Heap before GC invocations=2353 (full 4):
 PSYoungGen      total 172544K, used 172112K [0x00000000d5580000, 0x00000000e0000000, 0x0000000100000000)
  eden space 170496K, 100% used [0x00000000d5580000,0x00000000dfc00000,0x00000000dfc00000)
  from space 2048K, 78% used [0x00000000dfe00000,0x00000000dff940b0,0x00000000e0000000)
  to   space 2048K, 0% used [0x00000000dfc00000,0x00000000dfc00000,0x00000000dfe00000)
 ParOldGen       total 701952K, used 78311K [0x0000000080000000, 0x00000000aad80000, 0x00000000d5580000)
  object space 701952K, 11% used [0x0000000080000000,0x0000000084c79de8,0x00000000aad80000)
 Metaspace       used 101806K, capacity 105826K, committed 105856K, reserved 1142784K
  class space    used 12528K, capacity 13433K, committed 13440K, reserved 1048576K
Event: 447503.447 GC heap after
Heap after GC invocations=2353 (full 4):
 PSYoungGen      total 172544K, used 1648K [0x00000000d5580000, 0x00000000e0000000, 0x0000000100000000)
  eden space 170496K, 0% used [0x00000000d5580000,0x00000000d5580000,0x00000000dfc00000)
  from space 2048K, 80% used [0x00000000dfc00000,0x00000000dfd9c090,0x00000000dfe00000)
  to   space 2048K, 0% used [0x00000000dfe00000,0x00000000dfe00000,0x00000000e0000000)
 ParOldGen       total 701952K, used 78327K [0x0000000080000000, 0x00000000aad80000, 0x00000000d5580000)
  object space 701952K, 11% used [0x0000000080000000,0x0000000084c7dde8,0x00000000aad80000)
 Metaspace       used 101806K, capacity 105826K, committed 105856K, reserved 1142784K
  class space    used 12528K, capacity 13433K, committed 13440K, reserved 1048576K
}
Event: 447693.201 GC heap before
{Heap before GC invocations=2354 (full 4):
 PSYoungGen      total 172544K, used 172144K [0x00000000d5580000, 0x00000000e0000000, 0x0000000100000000)
  eden space 170496K, 100% used [0x00000000d5580000,0x00000000dfc00000,0x00000000dfc00000)
  from space 2048K, 80% used [0x00000000dfc00000,0x00000000dfd9c090,0x00000000dfe00000)
  to   space 2048K, 0% used [0x00000000dfe00000,0x00000000dfe00000,0x00000000e0000000)
 ParOldGen       total 701952K, used 78327K [0x0000000080000000, 0x00000000aad80000, 0x00000000d5580000)
  object space 701952K, 11% used [0x0000000080000000,0x0000000084c7dde8,0x00000000aad80000)
 Metaspace       used 101806K, capacity 105826K, committed 105856K, reserved 1142784K
  class space    used 12528K, capacity 13433K, committed 13440K, reserved 1048576K
Event: 447693.205 GC heap after
Heap after GC invocations=2354 (full 4):
 PSYoungGen      total 172544K, used 1664K [0x00000000d5580000, 0x00000000e0000000, 0x0000000100000000)
  eden space 170496K, 0% used [0x00000000d5580000,0x00000000d5580000,0x00000000dfc00000)
  from space 2048K, 81% used [0x00000000dfe00000,0x00000000dffa00a0,0x00000000e0000000)
  to   space 2048K, 0% used [0x00000000dfc00000,0x00000000dfc00000,0x00000000dfe00000)
 ParOldGen       total 701952K, used 78335K [0x0000000080000000, 0x00000000aad80000, 0x00000000d5580000)
  object space 701952K, 11% used [0x0000000080000000,0x0000000084c7fde8,0x00000000aad80000)
 Metaspace       used 101806K, capacity 105826K, committed 105856K, reserved 1142784K
  class space    used 12528K, capacity 13433K, committed 13440K, reserved 1048576K
}
Event: 447882.115 GC heap before
{Heap before GC invocations=2355 (full 4):
 PSYoungGen      total 172544K, used 172160K [0x00000000d5580000, 0x00000000e0000000, 0x0000000100000000)
  eden space 170496K, 100% used [0x00000000d5580000,0x00000000dfc00000,0x00000000dfc00000)
  from space 2048K, 81% used [0x00000000dfe00000,0x00000000dffa00a0,0x00000000e0000000)
  to   space 2048K, 0% used [0x00000000dfc00000,0x00000000dfc00000,0x00000000dfe00000)
 ParOldGen       total 701952K, used 78335K [0x0000000080000000, 0x00000000aad80000, 0x00000000d5580000)
  object space 701952K, 11% used [0x0000000080000000,0x0000000084c7fde8,0x00000000aad80000)
 Metaspace       used 101806K, capacity 105826K, committed 105856K, reserved 1142784K
  class space    used 12528K, capacity 13433K, committed 13440K, reserved 1048576K
Event: 447882.119 GC heap after
Heap after GC invocations=2355 (full 4):
 PSYoungGen      total 172544K, used 1632K [0x00000000d5580000, 0x00000000e0000000, 0x0000000100000000)
  eden space 170496K, 0% used [0x00000000d5580000,0x00000000d5580000,0x00000000dfc00000)
  from space 2048K, 79% used [0x00000000dfc00000,0x00000000dfd98080,0x00000000dfe00000)
  to   space 2048K, 0% used [0x00000000dfe00000,0x00000000dfe00000,0x00000000e0000000)
 ParOldGen       total 701952K, used 78351K [0x0000000080000000, 0x00000000aad80000, 0x00000000d5580000)
  object space 701952K, 11% used [0x0000000080000000,0x0000000084c83de8,0x00000000aad80000)
 Metaspace       used 101806K, capacity 105826K, committed 105856K, reserved 1142784K
  class space    used 12528K, capacity 13433K, committed 13440K, reserved 1048576K
}

Deoptimization events (250 events):
Event: 8.164 Thread 0x000002479d32c800 Uncommon trap: reason=bimorphic action=maybe_recompile pc=0x000002479f5fda6c method=org.springframework.core.annotation.TypeMappedAnnotation.getValue(IZZ)Ljava/lang/Object; @ 121
Event: 8.164 Thread 0x000002479d32c800 Uncommon trap: reason=bimorphic action=maybe_recompile pc=0x000002479f5fda6c method=org.springframework.core.annotation.TypeMappedAnnotation.getValue(IZZ)Ljava/lang/Object; @ 121
Event: 8.167 Thread 0x000002479d32c800 Uncommon trap: reason=bimorphic action=maybe_recompile pc=0x000002479f5d2c08 method=org.springframework.core.annotation.TypeMappedAnnotation.getValue(IZZ)Ljava/lang/Object; @ 121
Event: 8.210 Thread 0x000002479d32c800 Uncommon trap: reason=unstable_if action=reinterpret pc=0x000002479f7506dc method=java.util.HashMap.putMapEntries(Ljava/util/Map;Z)V @ 53
Event: 8.232 Thread 0x000002479d32c800 Uncommon trap: reason=unstable_if action=reinterpret pc=0x000002479f821fc0 method=java.util.concurrent.ConcurrentHashMap.putVal(Ljava/lang/Object;Ljava/lang/Object;Z)Ljava/lang/Object; @ 331
Event: 8.233 Thread 0x000002479d32c800 Uncommon trap: reason=unstable_if action=reinterpret pc=0x000002479ec9c63c method=java.util.concurrent.ConcurrentHashMap.get(Ljava/lang/Object;)Ljava/lang/Object; @ 86
Event: 8.256 Thread 0x000002479d32c800 Uncommon trap: reason=unstable_if action=reinterpret pc=0x000002479f9b25c0 method=org.springframework.beans.factory.support.AbstractBeanFactory.isTypeMatch(Ljava/lang/String;Lorg/springframework/core/ResolvableType;Z)Z @ 72
Event: 8.336 Thread 0x000002479d32c800 Uncommon trap: reason=class_check action=maybe_recompile pc=0x000002479fd516c4 method=java.util.TreeMap.compare(Ljava/lang/Object;Ljava/lang/Object;)I @ 8
Event: 8.348 Thread 0x000002479d32c800 Uncommon trap: reason=unstable_if action=reinterpret pc=0x000002479e4c101c method=org.springframework.core.annotation.AnnotationsScanner.isWithoutHierarchy(Ljava/lang/reflect/AnnotatedElement;Lorg/springframework/core/annotation/MergedAnnotations$SearchSt
Event: 8.356 Thread 0x000002479d32c800 Uncommon trap: reason=unstable_if action=reinterpret pc=0x000002479e680354 method=java.io.WinNTFileSystem.isLetter(C)Z @ 3
Event: 8.532 Thread 0x000002479d32c800 Uncommon trap: reason=unstable_if action=reinterpret pc=0x000002479f79004c method=org.springframework.asm.SymbolTable.addType(Ljava/lang/String;)I @ 33
Event: 8.643 Thread 0x000002479d32c800 Uncommon trap: reason=unstable_if action=reinterpret pc=0x000002479eb0f1b4 method=java.util.concurrent.ConcurrentHashMap.transfer([Ljava/util/concurrent/ConcurrentHashMap$Node;[Ljava/util/concurrent/ConcurrentHashMap$Node;)V @ 356
Event: 8.643 Thread 0x000002479d32c800 Uncommon trap: reason=unstable_if action=reinterpret pc=0x000002479e674498 method=java.util.concurrent.ConcurrentHashMap.transfer([Ljava/util/concurrent/ConcurrentHashMap$Node;[Ljava/util/concurrent/ConcurrentHashMap$Node;)V @ 356
Event: 8.680 Thread 0x000002479d32c800 Uncommon trap: reason=unstable_if action=reinterpret pc=0x000002479fa01b54 method=org.springframework.core.annotation.AnnotationsScanner.processMethodHierarchy(Ljava/lang/Object;[ILjava/lang/Class;Lorg/springframework/core/annotation/AnnotationsProcessor;
Event: 8.731 Thread 0x000002479d32c800 Uncommon trap: reason=class_check action=maybe_recompile pc=0x000002479f86d0b4 method=org.springframework.beans.factory.support.AbstractBeanFactory.isSingleton(Ljava/lang/String;)Z @ 32
Event: 8.734 Thread 0x000002479d32c800 Uncommon trap: reason=class_check action=maybe_recompile pc=0x000002479e7680b4 method=java.util.TreeMap.getEntry(Ljava/lang/Object;)Ljava/util/TreeMap$Entry; @ 26
Event: 8.734 Thread 0x000002479d32c800 Uncommon trap: reason=class_check action=maybe_recompile pc=0x000002479fd516c4 method=java.util.TreeMap.compare(Ljava/lang/Object;Ljava/lang/Object;)I @ 8
Event: 8.735 Thread 0x000002479d32c800 Uncommon trap: reason=class_check action=maybe_recompile pc=0x000002479e7680b4 method=java.util.TreeMap.getEntry(Ljava/lang/Object;)Ljava/util/TreeMap$Entry; @ 26
Event: 8.735 Thread 0x000002479d32c800 Uncommon trap: reason=class_check action=maybe_recompile pc=0x000002479fd516a4 method=java.util.TreeMap.put(Ljava/lang/Object;Ljava/lang/Object;)Ljava/lang/Object; @ 127
Event: 8.751 Thread 0x000002479d32c800 Uncommon trap: reason=class_check action=maybe_recompile pc=0x000002479f86d0b4 method=org.springframework.beans.factory.support.AbstractBeanFactory.isSingleton(Ljava/lang/String;)Z @ 32
Event: 8.751 Thread 0x000002479d32c800 Uncommon trap: reason=unstable_if action=reinterpret pc=0x000002479f778760 method=org.springframework.beans.factory.support.DefaultListableBeanFactory.doGetBeanNamesForType(Lorg/springframework/core/ResolvableType;ZZ)[Ljava/lang/String; @ 68
Event: 8.762 Thread 0x000002479d32c800 Uncommon trap: reason=null_check action=make_not_entrant pc=0x000002479f32f0b8 method=com.sun.xml.bind.v2.model.annotation.RuntimeInlineAnnotationReader.getPackageAnnotation(Ljava/lang/Class;Ljava/lang/Class;Lcom/sun/xml/bind/v2/model/annotation/Locatable
Event: 8.762 Thread 0x000002479d32c800 Uncommon trap: reason=null_check action=make_not_entrant pc=0x000002479f344bc8 method=com.sun.xml.bind.v2.model.annotation.RuntimeInlineAnnotationReader.getPackageAnnotation(Ljava/lang/Class;Ljava/lang/Class;Lcom/sun/xml/bind/v2/model/annotation/Locatable
Event: 8.854 Thread 0x000002479d32c800 Uncommon trap: reason=unstable_if action=reinterpret pc=0x000002479e6465e8 method=java.lang.ThreadLocal$ThreadLocalMap.remove(Ljava/lang/ThreadLocal;)V @ 26
Event: 8.985 Thread 0x000002479d32c800 Uncommon trap: reason=unstable_if action=reinterpret pc=0x000002479fcdac04 method=com.sun.org.apache.xerces.internal.impl.XMLDocumentFragmentScannerImpl$FragmentContentDriver.next()I @ 1140
Event: 9.013 Thread 0x000002479d32c800 Uncommon trap: reason=null_check action=make_not_entrant pc=0x000002479f757930 method=org.springframework.beans.factory.support.DefaultListableBeanFactory.getBeanDefinition(Ljava/lang/String;)Lorg/springframework/beans/factory/config/BeanDefinition; @ 10
Event: 9.014 Thread 0x000002479d32c800 Uncommon trap: reason=unstable_if action=reinterpret pc=0x000002479f4f1fa8 method=org.springframework.beans.factory.support.AbstractAutowireCapableBeanFactory.determineTargetType(Ljava/lang/String;Lorg/springframework/beans/factory/support/RootBeanDefinit
Event: 9.182 Thread 0x000002479d32c800 Uncommon trap: reason=unstable_if action=reinterpret pc=0x000002479e57906c method=java.net.URI$Parser.parseHierarchical(II)I @ 127
Event: 9.412 Thread 0x000002479d32c800 Uncommon trap: reason=unstable_if action=reinterpret pc=0x00000247a00c0a28 method=org.apache.camel.language.simple.SimpleTokenizer.doNextToken(Ljava/lang/String;IZ[Lorg/apache/camel/language/simple/types/TokenType;)Lorg/apache/camel/language/simple/types/
Event: 9.498 Thread 0x000002479d32c800 Uncommon trap: reason=bimorphic action=maybe_recompile pc=0x000002479f4ae2ec method=java.util.Collections$SetFromMap.contains(Ljava/lang/Object;)Z @ 5
Event: 9.498 Thread 0x000002479d32c800 Uncommon trap: reason=unstable_if action=reinterpret pc=0x00000247a0096648 method=org.apache.commons.logging.LogAdapter$Log4jLog.log(Lorg/apache/logging/log4j/Level;Ljava/lang/Object;Ljava/lang/Throwable;)V @ 8
Event: 9.500 Thread 0x000002479d32c800 Uncommon trap: reason=unstable_if action=reinterpret pc=0x00000247a0068084 method=org.apache.camel.util.IntrospectionSupport.getProperties(Ljava/lang/Object;Ljava/util/Map;Ljava/lang/String;Z)Z @ 122
Event: 9.528 Thread 0x000002479d32c800 Uncommon trap: reason=bimorphic action=maybe_recompile pc=0x000002479f4ae2ec method=java.util.Collections$SetFromMap.contains(Ljava/lang/Object;)Z @ 5
Event: 9.533 Thread 0x000002479d32c800 Uncommon trap: reason=bimorphic action=maybe_recompile pc=0x00000247a00eef80 method=java.util.AbstractList$Itr.hasNext()Z @ 8
Event: 9.533 Thread 0x000002479d32c800 Uncommon trap: reason=bimorphic action=maybe_recompile pc=0x00000247a00eef0c method=java.util.AbstractList$Itr.hasNext()Z @ 8
Event: 9.533 Thread 0x000002479d32c800 Uncommon trap: reason=bimorphic action=maybe_recompile pc=0x00000247a00eef80 method=java.util.AbstractList$Itr.hasNext()Z @ 8
Event: 9.627 Thread 0x000002479d32c800 Uncommon trap: reason=bimorphic action=maybe_recompile pc=0x00000247a00eef80 method=java.util.AbstractList$Itr.hasNext()Z @ 8
Event: 9.991 Thread 0x000002479d32c800 Uncommon trap: reason=class_check action=maybe_recompile pc=0x000002479f6429f0 method=java.util.regex.Pattern$Curly.match1(Ljava/util/regex/Matcher;IILjava/lang/CharSequence;)Z @ 8
Event: 9.991 Thread 0x000002479d32c800 Uncommon trap: reason=class_check action=maybe_recompile pc=0x000002479f6429f0 method=java.util.regex.Pattern$Curly.match1(Ljava/util/regex/Matcher;IILjava/lang/CharSequence;)Z @ 8
Event: 9.991 Thread 0x000002479d32c800 Uncommon trap: reason=unstable_if action=reinterpret pc=0x000002479fff49f4 method=java.io.WinNTFileSystem.normalize(Ljava/lang/String;)Ljava/lang/String; @ 49
Event: 9.995 Thread 0x000002479d32c800 Uncommon trap: reason=class_check action=maybe_recompile pc=0x000002479e7680b4 method=java.util.TreeMap.getEntry(Ljava/lang/Object;)Ljava/util/TreeMap$Entry; @ 26
Event: 9.995 Thread 0x000002479d32c800 Uncommon trap: reason=class_check action=maybe_recompile pc=0x000002479fd516c4 method=java.util.TreeMap.compare(Ljava/lang/Object;Ljava/lang/Object;)I @ 8
Event: 9.995 Thread 0x000002479d32c800 Uncommon trap: reason=class_check action=maybe_recompile pc=0x000002479e7680b4 method=java.util.TreeMap.getEntry(Ljava/lang/Object;)Ljava/util/TreeMap$Entry; @ 26
Event: 9.995 Thread 0x000002479d32c800 Uncommon trap: reason=class_check action=maybe_recompile pc=0x000002479fd516a4 method=java.util.TreeMap.put(Ljava/lang/Object;Ljava/lang/Object;)Ljava/lang/Object; @ 127
Event: 9.995 Thread 0x000002479d32c800 Uncommon trap: reason=class_check action=maybe_recompile pc=0x000002479fd516a4 method=java.util.TreeMap.put(Ljava/lang/Object;Ljava/lang/Object;)Ljava/lang/Object; @ 127
Event: 9.995 Thread 0x000002479d32c800 Uncommon trap: reason=class_check action=maybe_recompile pc=0x000002479fd516a4 method=java.util.TreeMap.put(Ljava/lang/Object;Ljava/lang/Object;)Ljava/lang/Object; @ 127
Event: 10.519 Thread 0x000002479d32c800 Uncommon trap: reason=bimorphic action=maybe_recompile pc=0x00000247a00f5198 method=org.apache.camel.util.OrderedComparator.compare(Ljava/lang/Object;Ljava/lang/Object;)I @ 42
Event: 10.550 Thread 0x000002479d32c800 Uncommon trap: reason=unstable_if action=reinterpret pc=0x000002479ebb8be8 method=org.springframework.util.ConcurrentReferenceHashMap$Segment.clear()V @ 7
Event: 11.561 Thread 0x00000247b5fc1800 Uncommon trap: reason=unstable_if action=reinterpret pc=0x000002479ea78b08 method=java.lang.String$CaseInsensitiveComparator.compare(Ljava/lang/String;Ljava/lang/String;)I @ 70
Event: 11.562 Thread 0x00000247b5fc1800 Uncommon trap: reason=bimorphic action=maybe_recompile pc=0x00000247a00f5198 method=org.apache.camel.util.OrderedComparator.compare(Ljava/lang/Object;Ljava/lang/Object;)I @ 42
Event: 11.562 Thread 0x00000247b5fc1800 Uncommon trap: reason=bimorphic action=maybe_recompile pc=0x00000247a00f5198 method=org.apache.camel.util.OrderedComparator.compare(Ljava/lang/Object;Ljava/lang/Object;)I @ 42
Event: 11.562 Thread 0x00000247b5fc1800 Uncommon trap: reason=bimorphic action=maybe_recompile pc=0x00000247a00f5198 method=org.apache.camel.util.OrderedComparator.compare(Ljava/lang/Object;Ljava/lang/Object;)I @ 42
Event: 12.580 Thread 0x00000247b5fc5800 Uncommon trap: reason=unstable_if action=reinterpret pc=0x000002479ea35208 method=oracle.jdbc.driver.T4CMAREngineNIO.getNBytes([BII)I @ 35
Event: 12.580 Thread 0x00000247b5fc5800 Uncommon trap: reason=unstable_if action=reinterpret pc=0x000002479fc654c8 method=oracle.jdbc.driver.T4CMAREngineNIO.buffer2Value(B)J @ 54
Event: 13.084 Thread 0x00000247b5fc5800 Uncommon trap: reason=unstable_if action=reinterpret pc=0x000002479ea1c148 method=oracle.jdbc.driver.T4CMAREngineNIO.getNBytes([BII)I @ 35
Event: 17.297 Thread 0x00000247b5fc2800 Uncommon trap: reason=class_check action=maybe_recompile pc=0x00000247a01b6054 method=java.util.HashMap.removeNode(ILjava/lang/Object;Ljava/lang/Object;ZZ)Ljava/util/HashMap$Node; @ 68
Event: 17.297 Thread 0x00000247b5fc2800 Uncommon trap: reason=class_check action=maybe_recompile pc=0x00000247a01b6054 method=java.util.HashMap.removeNode(ILjava/lang/Object;Ljava/lang/Object;ZZ)Ljava/util/HashMap$Node; @ 68
Event: 47.304 Thread 0x00000247bdb24000 Uncommon trap: reason=class_check action=maybe_recompile pc=0x00000247a01b6054 method=java.util.HashMap.removeNode(ILjava/lang/Object;Ljava/lang/Object;ZZ)Ljava/util/HashMap$Node; @ 68
Event: 47.304 Thread 0x00000247bdb24000 Uncommon trap: reason=class_check action=maybe_recompile pc=0x00000247a01b6054 method=java.util.HashMap.removeNode(ILjava/lang/Object;Ljava/lang/Object;ZZ)Ljava/util/HashMap$Node; @ 68
Event: 240.623 Thread 0x00000247b7ae1800 Uncommon trap: reason=null_check action=make_not_entrant pc=0x00000247a02fc990 method=java.util.Objects.equals(Ljava/lang/Object;Ljava/lang/Object;)Z @ 11
Event: 281.529 Thread 0x00000247b7ae7800 Uncommon trap: reason=class_check action=maybe_recompile pc=0x00000247a02e7464 method=java.util.concurrent.ConcurrentHashMap.replaceNode(Ljava/lang/Object;Ljava/lang/Object;Ljava/lang/Object;)Ljava/lang/Object; @ 147
Event: 281.529 Thread 0x00000247b7ae7800 Uncommon trap: reason=class_check action=maybe_recompile pc=0x00000247a02e7464 method=java.util.concurrent.ConcurrentHashMap.replaceNode(Ljava/lang/Object;Ljava/lang/Object;Ljava/lang/Object;)Ljava/lang/Object; @ 147
Event: 285.623 Thread 0x00000247b7ae7800 Uncommon trap: reason=class_check action=maybe_recompile pc=0x00000247a02e7464 method=java.util.concurrent.ConcurrentHashMap.replaceNode(Ljava/lang/Object;Ljava/lang/Object;Ljava/lang/Object;)Ljava/lang/Object; @ 147
Event: 290.477 Thread 0x00000247b7ae7800 Uncommon trap: reason=class_check action=maybe_recompile pc=0x00000247a02e7464 method=java.util.concurrent.ConcurrentHashMap.replaceNode(Ljava/lang/Object;Ljava/lang/Object;Ljava/lang/Object;)Ljava/lang/Object; @ 147
Event: 525.650 Thread 0x00000247b7ae1800 Uncommon trap: reason=unstable_if action=reinterpret pc=0x00000247a03d67f8 method=java.util.concurrent.ScheduledThreadPoolExecutor$DelayedWorkQueue.take()Ljava/util/concurrent/RunnableScheduledFuture; @ 59
Event: 750.612 Thread 0x00000247b7ae6800 Uncommon trap: reason=predicate action=maybe_recompile pc=0x00000247a02fddd4 method=java.util.Arrays.fill([Ljava/lang/Object;Ljava/lang/Object;)V @ 10
Event: 790.520 Thread 0x00000247b7ae5800 Uncommon trap: reason=class_check action=maybe_recompile pc=0x000002479e6e5770 method=com.hazelcast.internal.metrics.impl.MetricDescriptorImpl.<init>(Ljava/util/function/Supplier;)V @ 28
Event: 790.520 Thread 0x00000247b7ae5800 Uncommon trap: reason=class_check action=maybe_recompile pc=0x000002479e6e5770 method=com.hazelcast.internal.metrics.impl.MetricDescriptorImpl.<init>(Ljava/util/function/Supplier;)V @ 28
Event: 790.520 Thread 0x00000247b7ae5800 Uncommon trap: reason=class_check action=maybe_recompile pc=0x000002479e6e5770 method=com.hazelcast.internal.metrics.impl.MetricDescriptorImpl.<init>(Ljava/util/function/Supplier;)V @ 28
Event: 790.520 Thread 0x00000247b7ae5800 Uncommon trap: reason=class_check action=maybe_recompile pc=0x000002479e6e5770 method=com.hazelcast.internal.metrics.impl.MetricDescriptorImpl.<init>(Ljava/util/function/Supplier;)V @ 28
Event: 905.616 Thread 0x00000247b7ae1800 Uncommon trap: reason=array_check action=maybe_recompile pc=0x000002479f67aba4 method=java.util.Arrays.fill([Ljava/lang/Object;Ljava/lang/Object;)V @ 13
Event: 1001.498 Thread 0x00000247b5fc1800 Uncommon trap: reason=unstable_if action=reinterpret pc=0x00000247a001596c method=java.util.concurrent.ConcurrentHashMap.addCount(JI)V @ 34
Event: 1001.502 Thread 0x00000247b5fc1800 Uncommon trap: reason=unstable_if action=reinterpret pc=0x00000247a0390290 method=java.util.concurrent.ConcurrentHashMap.addCount(JI)V @ 7
Event: 1001.510 Thread 0x00000247b5fc1000 Uncommon trap: reason=unstable_if action=reinterpret pc=0x000002479e701f20 method=java.util.concurrent.ConcurrentHashMap.addCount(JI)V @ 7
Event: 1285.677 Thread 0x00000247b7ae6800 Uncommon trap: reason=loop_limit_check action=maybe_recompile pc=0x00000247a062f144 method=com.hazelcast.internal.util.ConcurrentReferenceHashMap$HashIterator.advance()V @ 30
Event: 1400.051 Thread 0x00000247b7ae5800 Uncommon trap: reason=unstable_if action=reinterpret pc=0x000002479f67a2f8 method=java.util.concurrent.locks.AbstractQueuedSynchronizer.acquireQueued(Ljava/util/concurrent/locks/AbstractQueuedSynchronizer$Node;I)Z @ 17
Event: 1645.217 Thread 0x00000247b5fc5800 Uncommon trap: reason=array_check action=maybe_recompile pc=0x00000247a06bea64 method=com.zaxxer.hikari.util.FastList.add(Ljava/lang/Object;)Z @ 28
Event: 1645.218 Thread 0x00000247b5fc5800 Uncommon trap: reason=array_check action=maybe_recompile pc=0x00000247a06bea64 method=com.zaxxer.hikari.util.FastList.add(Ljava/lang/Object;)Z @ 28
Event: 1645.721 Thread 0x00000247b5fc5800 Uncommon trap: reason=array_check action=maybe_recompile pc=0x00000247a06bea64 method=com.zaxxer.hikari.util.FastList.add(Ljava/lang/Object;)Z @ 28
Event: 1645.722 Thread 0x00000247b5fc5800 Uncommon trap: reason=array_check action=maybe_recompile pc=0x00000247a06bea64 method=com.zaxxer.hikari.util.FastList.add(Ljava/lang/Object;)Z @ 28
Event: 1761.896 Thread 0x00000247bdb23800 Uncommon trap: reason=unstable_if action=reinterpret pc=0x00000247a03d28b8 method=java.util.concurrent.ScheduledThreadPoolExecutor$ScheduledFutureTask.isPeriodic()Z @ 6
Event: 1761.897 Thread 0x00000247b9fd9800 Uncommon trap: reason=predicate action=maybe_recompile pc=0x00000247a064468c method=oracle.jdbc.driver.T4CTTIfun.doRPC()V @ 110
Event: 1761.899 Thread 0x00000247b9fd9800 Uncommon trap: reason=unstable_if action=reinterpret pc=0x000002479f91e02c method=java.util.concurrent.ThreadPoolExecutor.getTask()Ljava/lang/Runnable; @ 53
Event: 1761.934 Thread 0x00000247b9fd7800 Uncommon trap: reason=unstable_if action=reinterpret pc=0x00000247a05602ec method=oracle.net.ns.NIOHeader.readNSHeader()V @ 7
Event: 1761.934 Thread 0x00000247b9fd7800 Uncommon trap: reason=unstable_if action=reinterpret pc=0x00000247a056648c method=oracle.net.ns.NIOPacket.readPacketFromSocketChannel(Z)V @ 1
Event: 1761.935 Thread 0x00000247b9fd7800 Uncommon trap: reason=bimorphic action=maybe_recompile pc=0x000002479eea36dc method=java.util.regex.Pattern$SliceI.match(Ljava/util/regex/Matcher;ILjava/lang/CharSequence;)Z @ 92
Event: 1761.935 Thread 0x00000247b9fd7800 Uncommon trap: reason=bimorphic action=maybe_recompile pc=0x000002479eea36dc method=java.util.regex.Pattern$SliceI.match(Ljava/util/regex/Matcher;ILjava/lang/CharSequence;)Z @ 92
Event: 1761.937 Thread 0x00000247b9fd7800 Uncommon trap: reason=unstable_if action=reinterpret pc=0x00000247a06a8cbc method=oracle.jdbc.driver.T4CConnection.sendPiggyBackedMessages()V @ 265
Event: 1761.946 Thread 0x00000247b9fd7800 Uncommon trap: reason=class_check action=maybe_recompile pc=0x00000247a06afc80 method=oracle.jdbc.driver.T4CTTIfun.receive()V @ 204
Event: 1761.946 Thread 0x00000247b9fd7800 Uncommon trap: reason=class_check action=maybe_recompile pc=0x00000247a01b65bc method=com.sun.crypto.provider.HmacCore.engineInit(Ljava/security/Key;Ljava/security/spec/AlgorithmParameterSpec;)V @ 15
Event: 1761.957 Thread 0x00000247b9fd7800 Uncommon trap: reason=class_check action=maybe_recompile pc=0x00000247a01b65bc method=com.sun.crypto.provider.HmacCore.engineInit(Ljava/security/Key;Ljava/security/spec/AlgorithmParameterSpec;)V @ 15
Event: 1761.963 Thread 0x00000247b9fd7800 Uncommon trap: reason=class_check action=maybe_recompile pc=0x00000247a06afc80 method=oracle.jdbc.driver.T4CTTIfun.receive()V @ 204
Event: 1761.963 Thread 0x00000247b9fd7800 Uncommon trap: reason=class_check action=maybe_recompile pc=0x00000247a06afc80 method=oracle.jdbc.driver.T4CTTIfun.receive()V @ 204
Event: 1762.004 Thread 0x00000247b5fc5800 Uncommon trap: reason=unstable_if action=reinterpret pc=0x00000247a063f84c method=oracle.jdbc.driver.T4CTTIrxd.setNumberOfColumns(I)V @ 14
Event: 1762.005 Thread 0x00000247b5fc5800 Uncommon trap: reason=unstable_if action=reinterpret pc=0x00000247a06b0b28 method=oracle.jdbc.driver.T4CTTIrxd.setNumberOfColumns(I)V @ 28
Event: 1764.810 Thread 0x00000247b9fd9800 Uncommon trap: reason=unstable_if action=reinterpret pc=0x00000247a04cbd38 method=java.util.TaskQueue.heapify()V @ 9
Event: 1764.810 Thread 0x00000247b9fd9800 Uncommon trap: reason=unstable_if action=reinterpret pc=0x00000247a047ce34 method=java.util.TaskQueue.heapify()V @ 9
Event: 1764.849 Thread 0x00000247b9fd7800 Uncommon trap: reason=bimorphic action=maybe_recompile pc=0x000002479eea36dc method=java.util.regex.Pattern$SliceI.match(Ljava/util/regex/Matcher;ILjava/lang/CharSequence;)Z @ 92
Event: 1764.849 Thread 0x00000247b9fd7800 Uncommon trap: reason=bimorphic action=maybe_recompile pc=0x000002479eea36dc method=java.util.regex.Pattern$SliceI.match(Ljava/util/regex/Matcher;ILjava/lang/CharSequence;)Z @ 92
Event: 1764.858 Thread 0x00000247b9fd7800 Uncommon trap: reason=class_check action=maybe_recompile pc=0x00000247a01b65bc method=com.sun.crypto.provider.HmacCore.engineInit(Ljava/security/Key;Ljava/security/spec/AlgorithmParameterSpec;)V @ 15
Event: 1764.867 Thread 0x00000247b9fd7800 Uncommon trap: reason=class_check action=maybe_recompile pc=0x00000247a01b65bc method=com.sun.crypto.provider.HmacCore.engineInit(Ljava/security/Key;Ljava/security/spec/AlgorithmParameterSpec;)V @ 15
Event: 2708.823 Thread 0x00000247b5fc5800 Uncommon trap: reason=loop_limit_check action=maybe_recompile pc=0x00000247a0837c30 method=com.zaxxer.hikari.util.ConcurrentBag.borrow(JLjava/util/concurrent/TimeUnit;)Lcom/zaxxer/hikari/util/ConcurrentBag$IConcurrentBagEntry; @ 28
Event: 4647.640 Thread 0x00000247b5fc5800 Uncommon trap: reason=unstable_if action=reinterpret pc=0x00000247a0862620 method=com.zaxxer.hikari.pool.HikariPool.getConnection(J)Ljava/sql/Connection; @ 67
Event: 6429.749 Thread 0x00000247b7add800 Uncommon trap: reason=unstable_if action=reinterpret pc=0x00000247a047a6f8 method=java.util.concurrent.ScheduledThreadPoolExecutor$ScheduledFutureTask.compareTo(Ljava/util/concurrent/Delayed;)I @ 40
Event: 8880.416 Thread 0x00000247bfd41800 Uncommon trap: reason=unstable_if action=reinterpret pc=0x00000247a0620f9c method=java.util.TaskQueue.heapify()V @ 9
Event: 12506.092 Thread 0x00000247b9a00000 Uncommon trap: reason=loop_limit_check action=maybe_recompile pc=0x00000247a0be6ed4 method=sun.net.www.MessageHeader.set(Ljava/lang/String;Ljava/lang/String;)V @ 12
Event: 15775.973 Thread 0x00000247b5fc1000 Uncommon trap: reason=null_check action=make_not_entrant pc=0x000002479e6f4000 method=org.apache.camel.impl.converter.BaseTypeConverterRegistry.doConvertTo(Ljava/lang/Class;Lorg/apache/camel/Exchange;Ljava/lang/Object;Z)Ljava/lang/Object; @ 97
Event: 20650.807 Thread 0x00000247b5fc1800 Uncommon trap: reason=null_check action=make_not_entrant pc=0x00000247a072d65c method=org.apache.camel.impl.DefaultMessage.getHeader(Ljava/lang/String;Ljava/lang/Object;Ljava/lang/Class;)Ljava/lang/Object; @ 29
Event: 42250.050 Thread 0x00000247b5fc1800 Uncommon trap: reason=null_check action=make_not_entrant pc=0x00000247a05f4f7c method=org.apache.camel.component.bean.MethodInfo$1.doProceed(Lorg/apache/camel/AsyncCallback;)Z @ 303
Event: 42250.059 Thread 0x00000247b5fc1000 Uncommon trap: reason=null_check action=make_not_entrant pc=0x00000247a05f4f7c method=org.apache.camel.component.bean.MethodInfo$1.doProceed(Lorg/apache/camel/AsyncCallback;)Z @ 303
Event: 60567.000 Thread 0x00000247b5fc5800 Uncommon trap: reason=unstable_if action=reinterpret pc=0x00000247a035bcd4 method=com.zaxxer.hikari.pool.HikariPool.getConnection(J)Ljava/sql/Connection; @ 49
Event: 60567.000 Thread 0x00000247b5fc5800 Uncommon trap: reason=unstable_if action=reinterpret pc=0x000002479f22e550 method=java.util.concurrent.FutureTask.isDone()Z @ 4
Event: 60940.629 Thread 0x00000247b7ae5800 Uncommon trap: reason=unstable_if action=reinterpret pc=0x00000247a06558ec method=com.hazelcast.internal.metrics.impl.MetricsCompressor.reset(II)V @ 101
Event: 69343.687 Thread 0x00000247b5fc5800 Uncommon trap: reason=unstable_if action=reinterpret pc=0x00000247a043b824 method=java.util.TaskQueue.fixUp(I)V @ 28
Event: 69343.687 Thread 0x00000247b99fe000 Uncommon trap: reason=unstable_if action=reinterpret pc=0x00000247a06ece98 method=java.util.TaskQueue.fixUp(I)V @ 28
Event: 86408.513 Thread 0x00000247b99fe000 Uncommon trap: reason=unstable_if action=reinterpret pc=0x00000247a0f51bc4 method=sun.security.ssl.PreSharedKeyExtension$CHPreSharedKeyProducer.produce(Lsun/security/ssl/ConnectionContext;Lsun/security/ssl/SSLHandshake$HandshakeMessage;)[B @ 9
Event: 86408.517 Thread 0x00000247b99fe000 Uncommon trap: reason=unstable_if action=reinterpret pc=0x00000247a0f6c670 method=sun.security.ssl.ServerHello$T13ServerHelloConsumer.consume(Lsun/security/ssl/ConnectionContext;Lsun/security/ssl/SSLHandshake$HandshakeMessage;)V @ 95
Event: 86408.519 Thread 0x00000247b99fe000 Uncommon trap: reason=unstable_if action=reinterpret pc=0x00000247a09b1950 method=com.sun.crypto.provider.GaloisCounterMode.increment32([B)V @ 39
Event: 86408.519 Thread 0x00000247b99fe000 Uncommon trap: reason=unstable_if action=reinterpret pc=0x000002479f7f9ccc method=sun.security.util.MemoryCache.get(Ljava/lang/Object;)Ljava/lang/Object; @ 30
Event: 86408.519 Thread 0x00000247b99fe000 Uncommon trap: reason=unstable_if action=reinterpret pc=0x00000247a0df79c0 method=java.math.BigInteger.oddModPow(Ljava/math/BigInteger;Ljava/math/BigInteger;)Ljava/math/BigInteger; @ 101
Event: 86408.520 Thread 0x00000247b99fe000 Uncommon trap: reason=unstable_if action=reinterpret pc=0x00000247a0b226e0 method=java.math.MutableBigInteger.unsignedLongCompare(JJ)Z @ 11
Event: 86408.520 Thread 0x00000247b99fe000 Uncommon trap: reason=unstable_if action=reinterpret pc=0x00000247a092f758 method=java.math.BigInteger.squareToLen([II[I)[I @ 11
Event: 86408.520 Thread 0x00000247b99fe000 Uncommon trap: reason=unstable_if action=reinterpret pc=0x00000247a0870c58 method=java.math.BigInteger.intArrayCmpToLen([I[II)I @ 32
Event: 86408.520 Thread 0x00000247b99fe000 Uncommon trap: reason=bimorphic action=maybe_recompile pc=0x000002479fcf7500 method=sun.security.provider.DigestBase.engineUpdate([BII)V @ 128
Event: 86408.520 Thread 0x00000247b99fe000 Uncommon trap: reason=unstable_if action=reinterpret pc=0x00000247a07e17d0 method=sun.security.ssl.Finished$T13FinishedConsumer.onConsumeFinished(Lsun/security/ssl/ClientHandshakeContext;Ljava/nio/ByteBuffer;)V @ 4
Event: 86408.520 Thread 0x00000247b99fe000 Uncommon trap: reason=unstable_if action=reinterpret pc=0x00000247a099a8e8 method=sun.security.ssl.SSLSessionImpl.setContext(Lsun/security/ssl/SSLSessionContextImpl;)V @ 4
Event: 86408.521 Thread 0x00000247b99fe000 Uncommon trap: reason=unstable_if action=reinterpret pc=0x00000247a076748c method=sun.security.util.MemoryCache.put(Ljava/lang/Object;Ljava/lang/Object;)V @ 72
Event: 88658.431 Thread 0x00000247b99fc800 Uncommon trap: reason=unstable_if action=reinterpret pc=0x000002479ec9a1f8 method=sun.security.util.MemoryCache.emptyQueue()V @ 30
Event: 100583.013 Thread 0x00000247b99fa000 Uncommon trap: reason=unstable_if action=reinterpret pc=0x00000247a056be38 method=java.math.MutableBigInteger.compare(Ljava/math/MutableBigInteger;)I @ 81
Event: 100583.013 Thread 0x00000247b99fa000 Uncommon trap: reason=unstable_if action=reinterpret pc=0x00000247a04db84c method=java.math.MutableBigInteger.divideOneWord(ILjava/math/MutableBigInteger;)I @ 12
Event: 100583.013 Thread 0x00000247b99fa000 Uncommon trap: reason=unstable_if action=reinterpret pc=0x000002479f937038 method=java.math.MutableBigInteger.compare(Ljava/math/MutableBigInteger;)I @ 81
Event: 170423.759 Thread 0x00000247b99fa000 Uncommon trap: reason=bimorphic action=maybe_recompile pc=0x00000247a02f586c method=java.util.HashMap.removeNode(ILjava/lang/Object;Ljava/lang/Object;ZZ)Ljava/util/HashMap$Node; @ 283
Event: 170423.759 Thread 0x00000247b99fa000 Uncommon trap: reason=bimorphic action=maybe_recompile pc=0x00000247a02f586c method=java.util.HashMap.removeNode(ILjava/lang/Object;Ljava/lang/Object;ZZ)Ljava/util/HashMap$Node; @ 283
Event: 170870.629 Thread 0x00000247b9a00000 Uncommon trap: reason=bimorphic action=maybe_recompile pc=0x000002479fcf7500 method=sun.security.provider.DigestBase.engineUpdate([BII)V @ 128
Event: 172343.336 Thread 0x00000247b99fe000 Uncommon trap: reason=array_check action=maybe_recompile pc=0x00000247a0c66d14 method=oracle.jdbc.driver.T4CTTIkvarr.unmarshal()V @ 49
Event: 172358.791 Thread 0x00000247b99fe000 Uncommon trap: reason=array_check action=maybe_recompile pc=0x00000247a0c66d14 method=oracle.jdbc.driver.T4CTTIkvarr.unmarshal()V @ 49
Event: 172411.770 Thread 0x00000247b99fb800 Uncommon trap: reason=array_check action=maybe_recompile pc=0x00000247a0c66d14 method=oracle.jdbc.driver.T4CTTIkvarr.unmarshal()V @ 49
Event: 172413.777 Thread 0x00000247b99fb800 Uncommon trap: reason=array_check action=maybe_recompile pc=0x00000247a0c66d14 method=oracle.jdbc.driver.T4CTTIkvarr.unmarshal()V @ 49
Event: 185980.652 Thread 0x00000247b7ae5800 Uncommon trap: reason=unstable_if action=reinterpret pc=0x00000247a03dac8c method=java.util.concurrent.locks.AbstractQueuedSynchronizer$ConditionObject.doSignal(Ljava/util/concurrent/locks/AbstractQueuedSynchronizer$Node;)V @ 39
Event: 216047.295 Thread 0x00000247bdb24000 Uncommon trap: reason=loop_limit_check action=maybe_recompile pc=0x00000247a104e5cc method=java.util.concurrent.ConcurrentSkipListMap.doPut(Ljava/lang/Object;Ljava/lang/Object;Z)Ljava/lang/Object; @ 376
Event: 219783.719 Thread 0x00000247b5fc1800 Uncommon trap: reason=unstable_if action=reinterpret pc=0x00000247a0c6a5e8 method=com.hazelcast.spi.impl.AbstractInvocationFuture.registerWaiter(Ljava/lang/Object;Ljava/util/concurrent/Executor;)Ljava/lang/Object; @ 37
Event: 221478.748 Thread 0x00000247b7adf000 Uncommon trap: reason=unstable_if action=reinterpret pc=0x00000247a02ed840 method=java.util.concurrent.locks.AbstractQueuedSynchronizer.isOnSyncQueue(Ljava/util/concurrent/locks/AbstractQueuedSynchronizer$Node;)Z @ 13
Event: 257282.657 Thread 0x00000247b99fe000 Uncommon trap: reason=bimorphic action=maybe_recompile pc=0x000002479fcf7500 method=sun.security.provider.DigestBase.engineUpdate([BII)V @ 128
Event: 327570.611 Thread 0x00000247b5fc1800 Uncommon trap: reason=unstable_if action=reinterpret pc=0x000002479ed0b098 method=com.hazelcast.spi.impl.AbstractInvocationFuture.registerWaiter(Ljava/lang/Object;Ljava/util/concurrent/Executor;)Ljava/lang/Object; @ 37
Event: 398990.651 Thread 0x00000247b7ae6800 Uncommon trap: reason=unstable_if action=reinterpret pc=0x000002479f4e9b5c method=java.util.concurrent.locks.AbstractQueuedSynchronizer.enq(Ljava/util/concurrent/locks/AbstractQueuedSynchronizer$Node;)Ljava/util/concurrent/locks/AbstractQueuedSynchronizer
Event: 433767.941 Thread 0x00000247b99fb000 Uncommon trap: reason=unstable_if action=reinterpret pc=0x00000247a07fd2d0 method=oracle.net.ns.NIOPacket.readFromSocketChannel(ZZ)V @ 66
Event: 433767.941 Thread 0x00000247b99fb000 Uncommon trap: reason=unstable_if action=reinterpret pc=0x000002479fce8cd0 method=oracle.net.ns.NIOHeader.readNSHeader()V @ 16
Event: 433767.943 Thread 0x00000247b99fb000 Uncommon trap: reason=unstable_if action=reinterpret pc=0x00000247a08c42cc method=oracle.jdbc.driver.T4CTTIfun.receive()V @ 473
Event: 433767.943 Thread 0x00000247b5fc5800 Uncommon trap: reason=unstable_if action=reinterpret pc=0x00000247a0938ff4 method=oracle.jdbc.driver.PhysicalConnection.isValid(Loracle/jdbc/OracleConnection$ConnectionValidation;I)Z @ 111
Event: 433767.943 Thread 0x00000247b5fc5800 Uncommon trap: reason=unstable_if action=reinterpret pc=0x00000247a0e90010 method=com.zaxxer.hikari.pool.HikariPool.getConnection(J)Ljava/sql/Connection; @ 79
Event: 433767.943 Thread 0x00000247b9a00000 Uncommon trap: reason=unstable_if action=reinterpret pc=0x00000247a070e600 method=oracle.jdbc.driver.T4CConnection.enterMarshalling()V @ 30
Event: 433767.944 Thread 0x00000247b9a00000 Uncommon trap: reason=unstable_if action=reinterpret pc=0x00000247a04b5004 method=sun.nio.ch.SocketChannelImpl.read(Ljava/nio/ByteBuffer;)I @ 216
Event: 433767.944 Thread 0x00000247b9a00000 Uncommon trap: reason=unstable_if action=reinterpret pc=0x000002479efe9f5c method=oracle.net.ns.NSProtocolNIO.doSocketRead(I)V @ 48
Event: 433767.944 Thread 0x00000247b9a00000 Uncommon trap: reason=uninitialized action=reinterpret pc=0x000002479e75c7ec method=oracle.jdbc.driver.T4CMAREngineNIO.prepareForUnmarshall()V @ 87
Event: 433767.972 Thread 0x00000247b9a00000 Uncommon trap: reason=unstable_if action=reinterpret pc=0x00000247a055dfd0 method=oracle.jdbc.driver.T4CConnection.enterMarshalling()V @ 30
Event: 433767.972 Thread 0x00000247b9a00000 Uncommon trap: reason=uninitialized action=reinterpret pc=0x000002479e9584b8 method=oracle.jdbc.driver.T4CMAREngineNIO.prepareForUnmarshall()V @ 87
Event: 433767.973 Thread 0x00000247b9a00000 Uncommon trap: reason=unstable_if action=reinterpret pc=0x00000247a0f9c860 method=com.zaxxer.hikari.pool.HikariPool.fillPool()V @ 53
Event: 433768.594 Thread 0x00000247b5fc5800 Uncommon trap: reason=unstable_if action=reinterpret pc=0x000002479ecad638 method=oracle.net.nt.TcpNTAdapter.isClosed()Z @ 4
Event: 433768.595 Thread 0x00000247b5fc5800 Uncommon trap: reason=bimorphic action=maybe_recompile pc=0x00000247a02f586c method=java.util.HashMap.removeNode(ILjava/lang/Object;Ljava/lang/Object;ZZ)Ljava/util/HashMap$Node; @ 283
Event: 433768.595 Thread 0x00000247b5fc5800 Uncommon trap: reason=bimorphic action=maybe_recompile pc=0x00000247a02f586c method=java.util.HashMap.removeNode(ILjava/lang/Object;Ljava/lang/Object;ZZ)Ljava/util/HashMap$Node; @ 283
Event: 433768.598 Thread 0x00000247b5fc5800 Uncommon trap: reason=unstable_if action=reinterpret pc=0x00000247a006ac90 method=org.apache.logging.log4j.core.impl.Log4jLogEvent.<init>(Ljava/lang/String;Lorg/apache/logging/log4j/Marker;Ljava/lang/String;Lorg/apache/logging/log4j/Level;Lorg/apache/logg
Event: 433768.598 Thread 0x00000247b5fc5800 Uncommon trap: reason=unstable_if action=reinterpret pc=0x00000247a0d0b524 method=java.util.regex.Pattern.append(II)V @ 6
Event: 433768.599 Thread 0x00000247b5fc5800 Uncommon trap: reason=unstable_if action=reinterpret pc=0x000002479efac058 method=java.util.IdentityHashMap.put(Ljava/lang/Object;Ljava/lang/Object;)Ljava/lang/Object; @ 38
Event: 433768.602 Thread 0x00000247b5fc5800 Uncommon trap: reason=class_check action=maybe_recompile pc=0x00000247a01bd664 method=org.apache.logging.log4j.spi.AbstractLogger.logIfEnabled(Ljava/lang/String;Lorg/apache/logging/log4j/Level;Lorg/apache/logging/log4j/Marker;Ljava/lang/String;Ljava/lang/
Event: 433768.602 Thread 0x00000247b5fc5800 Uncommon trap: reason=class_check action=maybe_recompile pc=0x00000247a01bd664 method=org.apache.logging.log4j.spi.AbstractLogger.logIfEnabled(Ljava/lang/String;Lorg/apache/logging/log4j/Level;Lorg/apache/logging/log4j/Marker;Ljava/lang/String;Ljava/lang/
Event: 433768.603 Thread 0x00000247b9a00000 Uncommon trap: reason=unstable_if action=reinterpret pc=0x000002479f2ea6cc method=oracle.jdbc.driver.PhysicalConnection.isClosed()Z @ 5
Event: 433768.776 Thread 0x00000247b5fc5800 Uncommon trap: reason=unstable_if action=reinterpret pc=0x00000247a0803aa0 method=oracle.net.ns.NIOPacket.readInbandNotificationCtlPacket()V @ 268
Event: 433768.780 Thread 0x00000247b9a00000 Uncommon trap: reason=unstable_if action=reinterpret pc=0x00000247a0ed1aa4 method=java.util.concurrent.LinkedBlockingQueue.offer(Ljava/lang/Object;)Z @ 82
Event: 433769.197 Thread 0x00000247b99fa000 Uncommon trap: reason=unstable_if action=reinterpret pc=0x00000247a109d69c method=com.zaxxer.hikari.pool.HikariPool$PoolEntryCreator.shouldCreateAnotherConnection()Z @ 30
Event: 433783.558 Thread 0x00000247b99fe000 Uncommon trap: reason=unstable_if action=reinterpret pc=0x00000247a0d87c04 method=java.io.ObjectStreamClass.readNonProxy(Ljava/io/ObjectInputStream;)V @ 254
Event: 433783.558 Thread 0x00000247b99fe000 Uncommon trap: reason=unstable_if action=reinterpret pc=0x000002479eb74c18 method=java.io.ObjectStreamClass.computeFieldOffsets()V @ 275
Event: 433783.558 Thread 0x00000247b99fe000 Uncommon trap: reason=null_check action=make_not_entrant pc=0x00000247a0d3a6f0 method=java.io.ObjectStreamClass.lookup(Ljava/lang/Class;Z)Ljava/io/ObjectStreamClass; @ 45
Event: 433783.559 Thread 0x00000247b99fe000 Uncommon trap: reason=null_check action=make_not_entrant pc=0x00000247a05e2908 method=java.io.ObjectStreamClass.getReflector([Ljava/io/ObjectStreamField;Ljava/io/ObjectStreamClass;)Ljava/io/ObjectStreamClass$FieldReflector; @ 49
Event: 433783.559 Thread 0x00000247b99fe000 Uncommon trap: reason=unstable_if action=reinterpret pc=0x000002479f91db50 method=java.io.ObjectStreamClass$FieldReflectorKey.<init>(Ljava/lang/Class;[Ljava/io/ObjectStreamField;Ljava/lang/ref/ReferenceQueue;)V @ 8
Event: 433783.559 Thread 0x00000247b99fe000 Uncommon trap: reason=unstable_if action=reinterpret pc=0x00000247a008d9ac method=java.io.ObjectStreamClass.getSerialVersionUID()J @ 4
Event: 433783.559 Thread 0x00000247b99fe000 Uncommon trap: reason=predicate action=maybe_recompile pc=0x00000247a0163c14 method=java.util.TimSort.binarySort([Ljava/lang/Object;IIILjava/util/Comparator;)V @ 37
Event: 433783.559 Thread 0x00000247b99fe000 Uncommon trap: reason=predicate action=maybe_recompile pc=0x00000247a0156d58 method=java.util.TimSort.binarySort([Ljava/lang/Object;IIILjava/util/Comparator;)V @ 37
Event: 433783.559 Thread 0x00000247b99fe000 Uncommon trap: reason=unstable_if action=reinterpret pc=0x00000247a0b886f4 method=sun.security.provider.SHA.implDigest([BI)V @ 21
Event: 433783.560 Thread 0x00000247b99fe000 Uncommon trap: reason=unstable_if action=reinterpret pc=0x000002479fff1db8 method=java.io.ObjectStreamClass.hasReadObjectMethod()Z @ 8
Event: 433783.560 Thread 0x00000247b99fe000 Uncommon trap: reason=uninitialized action=reinterpret pc=0x00000247a05caafc method=java.io.ObjectInputStream$HandleTable.markDependency(II)V @ 110
Event: 433783.560 Thread 0x00000247b99fe000 Uncommon trap: reason=unstable_if action=reinterpret pc=0x00000247a04bc664 method=java.io.ObjectInputStream$HandleTable.finish(I)V @ 4
Event: 433783.560 Thread 0x00000247b99fe000 Uncommon trap: reason=uninitialized action=reinterpret pc=0x00000247a046d948 method=java.io.ObjectInputStream$HandleTable.markDependency(II)V @ 110
Event: 433783.560 Thread 0x00000247b99fe000 Uncommon trap: reason=unstable_if action=reinterpret pc=0x00000247a0da32a4 method=java.io.ObjectInputStream$HandleTable.finish(I)V @ 4
Event: 433783.560 Thread 0x00000247b99fe000 Uncommon trap: reason=unstable_if action=reinterpret pc=0x00000247a065bc10 method=java.io.ObjectStreamClass$FieldReflector.setObjFieldValues(Ljava/lang/Object;[Ljava/lang/Object;)V @ 92
Event: 433783.563 Thread 0x00000247b99fe000 Uncommon trap: reason=unstable_if action=reinterpret pc=0x000002479e6792e8 method=java.io.ObjectInputStream$HandleTable.finish(I)V @ 4
Event: 433783.563 Thread 0x00000247b99fe000 Uncommon trap: reason=unstable_if action=reinterpret pc=0x00000247a0a20dc4 method=java.io.ObjectInputStream$BlockDataInputStream.readUTFBody(J)Ljava/lang/String; @ 3
Event: 433783.563 Thread 0x00000247b99fe000 Uncommon trap: reason=unstable_if action=reinterpret pc=0x00000247a05ca734 method=java.io.ObjectStreamClass$FieldReflector.setObjFieldValues(Ljava/lang/Object;[Ljava/lang/Object;)V @ 92
Event: 433783.563 Thread 0x00000247b5fc1000 Uncommon trap: reason=unstable_if action=reinterpret pc=0x00000247a07eb450 method=com.acesw.appletservlet.ACERequestAdapter.send(Ljava/net/URL;)Lcom/acesw/appletservlet/ACEResponse; @ 520
Event: 433783.563 Thread 0x00000247b5fc1000 Uncommon trap: reason=unstable_if action=reinterpret pc=0x00000247a0f2c994 method=com.acesw.pulse.PulseRequest.setPulseInfo(Ljava/net/URL;)V @ 95
Event: 433783.564 Thread 0x00000247b5fc1000 Uncommon trap: reason=class_check action=maybe_recompile pc=0x00000247a0a47acc method=java.io.PrintStream.write([BII)V @ 16
Event: 433783.564 Thread 0x00000247b5fc1000 Uncommon trap: reason=class_check action=maybe_recompile pc=0x00000247a033cbb0 method=java.io.PrintStream.write([BII)V @ 16
Event: 433783.564 Thread 0x00000247b5fc1000 Uncommon trap: reason=class_check action=maybe_recompile pc=0x00000247a0a47acc method=java.io.PrintStream.write([BII)V @ 16
Event: 433783.564 Thread 0x00000247b5fc1000 Uncommon trap: reason=class_check action=maybe_recompile pc=0x00000247a033cbb0 method=java.io.PrintStream.write([BII)V @ 16
Event: 433783.564 Thread 0x00000247b5fc1000 Uncommon trap: reason=unstable_if action=reinterpret pc=0x00000247a05bfafc method=java.nio.DirectByteBuffer.put([BII)Ljava/nio/ByteBuffer; @ 8
Event: 433783.564 Thread 0x00000247b5fc1000 Uncommon trap: reason=unstable_if action=reinterpret pc=0x000002479ee22fa4 method=java.lang.Throwable.getOurStackTrace()[Ljava/lang/StackTraceElement; @ 7
Event: 433783.564 Thread 0x00000247b5fc1000 Uncommon trap: reason=class_check action=maybe_recompile pc=0x00000247a0a47acc method=java.io.PrintStream.write([BII)V @ 16
Event: 433783.567 Thread 0x00000247b5fc1000 Uncommon trap: reason=unstable_if action=reinterpret pc=0x00000247a0ae46a0 method=java.util.concurrent.ThreadPoolExecutor.execute(Ljava/lang/Runnable;)V @ 104
Event: 433783.568 Thread 0x00000247b99fd800 Uncommon trap: reason=unstable_if action=reinterpret pc=0x00000247a08736b4 method=java.util.concurrent.ThreadPoolExecutor.getTask()Ljava/lang/Runnable; @ 62
Event: 433783.570 Thread 0x00000247b5fc1800 Uncommon trap: reason=unstable_if action=reinterpret pc=0x00000247a05f47dc method=java.util.TaskQueue.isEmpty()Z @ 4
Event: 433783.570 Thread 0x00000247b5fc1800 Uncommon trap: reason=unstable_if action=reinterpret pc=0x000002479f8db390 method=java.util.TaskQueue.isEmpty()Z @ 4
Event: 433783.577 Thread 0x00000247b99fd800 Uncommon trap: reason=unstable_if action=reinterpret pc=0x00000247a0c20998 method=java.util.concurrent.FutureTask.finishCompletion()V @ 6
Event: 433783.577 Thread 0x00000247b99fd800 Uncommon trap: reason=unstable_if action=reinterpret pc=0x000002479e90d51c method=java.util.concurrent.ThreadPoolExecutor.getTask()Ljava/lang/Runnable; @ 62
Event: 433783.581 Thread 0x00000247b99fd800 Uncommon trap: reason=unstable_if action=reinterpret pc=0x000002479ec08c24 method=java.util.concurrent.ConcurrentHashMap.sumCount()J @ 11
Event: 433783.582 Thread 0x00000247b99fd800 Uncommon trap: reason=unstable_if action=reinterpret pc=0x00000247a0d2d8f8 method=java.util.concurrent.ConcurrentHashMap$ValueSpliterator.forEachRemaining(Ljava/util/function/Consumer;)V @ 18
Event: 433784.581 Thread 0x00000247b5fc1000 Uncommon trap: reason=unstable_if action=reinterpret pc=0x000002479f8273d8 method=java.util.concurrent.ConcurrentHashMap.sumCount()J @ 11
Event: 433784.581 Thread 0x00000247b5fc5800 Uncommon trap: reason=unstable_if action=reinterpret pc=0x00000247a05602e0 method=java.lang.Thread.interrupt()V @ 4
Event: 433784.581 Thread 0x00000247b99fd800 Uncommon trap: reason=unstable_if action=reinterpret pc=0x000002479ea6d42c method=java.util.concurrent.locks.ReentrantLock$Sync.nonfairTryAcquire(I)Z @ 34
Event: 433784.581 Thread 0x00000247b99fd800 Uncommon trap: reason=unstable_if action=reinterpret pc=0x00000247a001054c method=java.util.concurrent.locks.ReentrantLock$Sync.tryRelease(I)Z @ 28
Event: 433784.581 Thread 0x00000247b5fc5800 Uncommon trap: reason=unstable_if action=reinterpret pc=0x000002479fa9f214 method=org.apache.camel.impl.ScheduledPollConsumer.doRun()V @ 511
Event: 433784.581 Thread 0x00000247b5fc5800 Uncommon trap: reason=unstable_if action=reinterpret pc=0x00000247a0582a08 method=org.apache.camel.support.ServiceSupport.isRunAllowed()Z @ 7
Event: 433784.581 Thread 0x00000247b5fc5800 Uncommon trap: reason=unstable_if action=reinterpret pc=0x00000247a0878f64 method=java.util.concurrent.FutureTask.runAndReset()Z @ 78
Event: 433784.581 Thread 0x00000247b5fc5800 Uncommon trap: reason=class_check action=maybe_recompile pc=0x00000247a07dc5dc method=jdk.internal.misc.TerminatingThreadLocal.threadTerminated()V @ 30
Event: 433784.718 Thread 0x00000247b9a00000 Uncommon trap: reason=class_check action=maybe_recompile pc=0x00000247a0aff260 method=java.io.ObjectOutputStream.writeObject0(Ljava/lang/Object;Z)V @ 495
Event: 433784.718 Thread 0x00000247b9a00000 Uncommon trap: reason=unstable_if action=reinterpret pc=0x000002479e6f0eac method=java.io.ObjectOutputStream$HandleTable.assign(Ljava/lang/Object;)I @ 9
Event: 433784.718 Thread 0x00000247b9a00000 Uncommon trap: reason=unstable_if action=reinterpret pc=0x00000247a0aff148 method=java.io.ObjectOutputStream.writeObject0(Ljava/lang/Object;Z)V @ 459
Event: 433784.718 Thread 0x00000247b9a00000 Uncommon trap: reason=unstable_if action=reinterpret pc=0x00000247a0b52d00 method=java.io.ObjectOutputStream$HandleTable.assign(Ljava/lang/Object;)I @ 9
Event: 433784.718 Thread 0x00000247b9a00000 Uncommon trap: reason=unstable_if action=reinterpret pc=0x00000247a0d90990 method=java.io.ObjectOutputStream.defaultWriteFields(Ljava/lang/Object;Ljava/io/ObjectStreamClass;)V @ 53
Event: 433785.748 Thread 0x00000247b9a00000 Uncommon trap: reason=unstable_if action=reinterpret pc=0x00000247a05519c8 method=java.io.ObjectInputStream$BlockDataInputStream.readUTFSpan(Ljava/lang/StringBuilder;J)J @ 35
Event: 433785.749 Thread 0x00000247b9a00000 Uncommon trap: reason=class_check action=maybe_recompile pc=0x00000247a0e49448 method=com.acesw.appletservlet.ACERequestAdapter$1.run()V @ 383
Event: 433785.749 Thread 0x00000247b5fc1000 Uncommon trap: reason=unstable_if action=reinterpret pc=0x000002479e74a9e0 method=java.lang.AbstractStringBuilder.append(Ljava/lang/String;)Ljava/lang/AbstractStringBuilder; @ 1
Event: 433801.779 Thread 0x00000247b99fe000 Uncommon trap: reason=class_check action=maybe_recompile pc=0x00000247a0e49448 method=com.acesw.appletservlet.ACERequestAdapter$1.run()V @ 383
Event: 433837.825 Thread 0x00000247b9a00000 Uncommon trap: reason=class_check action=maybe_recompile pc=0x00000247a0e49448 method=com.acesw.appletservlet.ACERequestAdapter$1.run()V @ 383
Event: 433848.346 Thread 0x00000247b99fa000 Uncommon trap: reason=unstable_if action=reinterpret pc=0x00000247a071fbbc method=oracle.net.jdbc.nl.NVPair.getListSize()I @ 4
Event: 433852.839 Thread 0x00000247b99fb000 Uncommon trap: reason=class_check action=maybe_recompile pc=0x00000247a0e49448 method=com.acesw.appletservlet.ACERequestAdapter$1.run()V @ 383
Event: 433858.350 Thread 0x00000247b99fa000 Uncommon trap: reason=class_check action=maybe_recompile pc=0x00000247a061893c method=java.lang.StringCoding.decode(Ljava/nio/charset/Charset;[BII)[C @ 1
Event: 433868.352 Thread 0x00000247b99fa000 Uncommon trap: reason=class_check action=maybe_recompile pc=0x00000247a061893c method=java.lang.StringCoding.decode(Ljava/nio/charset/Charset;[BII)[C @ 1
Event: 433878.356 Thread 0x00000247b99fa000 Uncommon trap: reason=class_check action=maybe_recompile pc=0x00000247a061893c method=java.lang.StringCoding.decode(Ljava/nio/charset/Charset;[BII)[C @ 1
Event: 433888.359 Thread 0x00000247b99fa000 Uncommon trap: reason=class_check action=maybe_recompile pc=0x00000247a061893c method=java.lang.StringCoding.decode(Ljava/nio/charset/Charset;[BII)[C @ 1
Event: 433914.251 Thread 0x00000247b99fa000 Uncommon trap: reason=unstable_if action=reinterpret pc=0x00000247a04c2e70 method=java.util.concurrent.LinkedBlockingQueue.poll(JLjava/util/concurrent/TimeUnit;)Ljava/lang/Object; @ 124
Event: 433914.901 Thread 0x00000247b99fc800 Uncommon trap: reason=unstable_if action=reinterpret pc=0x00000247a0a05f20 method=com.sun.crypto.provider.GaloisCounterMode.doLastBlock([BII[BIZ)V @ 167
Event: 433914.964 Thread 0x00000247b5fc1000 Uncommon trap: reason=unstable_if action=reinterpret pc=0x00000247a0528058 method=org.apache.camel.support.ServiceSupport.getStatus()Lorg/apache/camel/ServiceStatus; @ 37
Event: 433914.964 Thread 0x00000247b5fc1000 Uncommon trap: reason=unstable_if action=reinterpret pc=0x00000247a0dfdf90 method=org.apache.camel.ServiceStatus.isStartable()Z @ 4
Event: 433914.976 Thread 0x00000247b5fc1000 Uncommon trap: reason=unstable_if action=reinterpret pc=0x00000247a0cb70c8 method=org.apache.camel.converter.ObjectConverterOptimised.convertTo(Ljava/lang/Class;Lorg/apache/camel/Exchange;Ljava/lang/Object;)Ljava/lang/Object; @ 105
Event: 433914.981 Thread 0x00000247b5fc1000 Uncommon trap: reason=null_check action=make_not_entrant pc=0x000002479e5067dc method=java.lang.Class.reflectionData()Ljava/lang/Class$ReflectionData; @ 24
Event: 433915.035 Thread 0x00000247b5fc1000 Uncommon trap: reason=unstable_if action=reinterpret pc=0x00000247a0c7d74c method=org.apache.camel.impl.converter.BaseTypeConverterRegistry.convertTo(Ljava/lang/Class;Lorg/apache/camel/Exchange;Ljava/lang/Object;)Ljava/lang/Object; @ 137
Event: 433915.048 Thread 0x00000247b5fc1000 Uncommon trap: reason=unstable_if action=reinterpret pc=0x00000247a04a3648 method=org.apache.camel.impl.converter.BaseTypeConverterRegistry.convertTo(Ljava/lang/Class;Lorg/apache/camel/Exchange;Ljava/lang/Object;)Ljava/lang/Object; @ 137
Event: 433915.258 Thread 0x00000247b5fc1000 Uncommon trap: reason=unstable_if action=reinterpret pc=0x00000247a093b6dc method=org.apache.camel.component.timer.TimerConsumer.onCamelContextStarted(Lorg/apache/camel/CamelContext;Z)V @ 4
Event: 433915.258 Thread 0x00000247b5fc1000 Uncommon trap: reason=unstable_if action=reinterpret pc=0x00000247a0be46b4 method=org.apache.camel.impl.DefaultCamelContext.doStartOrResumeRouteConsumers(Ljava/util/Map;ZZ)V @ 29
Event: 433915.263 Thread 0x00000247b5fc1000 Uncommon trap: reason=unstable_if action=reinterpret pc=0x00000247a03d6e3c method=java.util.concurrent.ThreadPoolExecutor.ensurePrestart()V @ 16
Event: 433915.266 Thread 0x00000247b9a00800 Uncommon trap: reason=unstable_if action=reinterpret pc=0x00000247a07c5e28 method=java.security.AccessControlContext.combine([Ljava/security/ProtectionDomain;[Ljava/security/ProtectionDomain;)[Ljava/security/ProtectionDomain; @ 151
Event: 433915.266 Thread 0x00000247b9a00800 Uncommon trap: reason=unstable_if action=reinterpret pc=0x00000247a03055a8 method=java.security.AccessControlContext.combine([Ljava/security/ProtectionDomain;[Ljava/security/ProtectionDomain;)[Ljava/security/ProtectionDomain; @ 151
Event: 433916.259 Thread 0x00000247b99fb000 Uncommon trap: reason=unstable_if action=reinterpret pc=0x00000247a0e72c90 method=org.apache.camel.impl.DefaultConsumer.getAsyncProcessor()Lorg/apache/camel/AsyncProcessor; @ 4
Event: 433916.260 Thread 0x00000247b99fb000 Uncommon trap: reason=null_check action=make_not_entrant pc=0x00000247a0af6750 method=com.hazelcast.internal.serialization.impl.bufferpool.BufferPoolThreadLocal.get()Lcom/hazelcast/internal/serialization/impl/bufferpool/BufferPool; @ 7
Event: 447908.130 Thread 0x00000247b99fb800 Uncommon trap: reason=unloaded action=reinterpret pc=0x00000247a0d0b494 method=org.apache.camel.impl.ScheduledPollConsumer.doRun()V @ 525
Event: 447908.131 Thread 0x00000247b99fb800 Uncommon trap: reason=unstable_if action=reinterpret pc=0x00000247a0a55344 method=java.util.regex.Pattern.append(II)V @ 6
Event: 447908.132 Thread 0x00000247b99fb800 Uncommon trap: reason=class_check action=maybe_recompile pc=0x00000247a01bd664 method=org.apache.logging.log4j.spi.AbstractLogger.logIfEnabled(Ljava/lang/String;Lorg/apache/logging/log4j/Level;Lorg/apache/logging/log4j/Marker;Ljava/lang/String;Ljava/lang/
Event: 447908.132 Thread 0x00000247b99fb800 Uncommon trap: reason=class_check action=maybe_recompile pc=0x00000247a01bd664 method=org.apache.logging.log4j.spi.AbstractLogger.logIfEnabled(Ljava/lang/String;Lorg/apache/logging/log4j/Level;Lorg/apache/logging/log4j/Marker;Ljava/lang/String;Ljava/lang/
Event: 447908.135 Thread 0x00000247b99fb800 Uncommon trap: reason=unstable_if action=reinterpret pc=0x000002479f27178c method=java.lang.Package.getPackage(Ljava/lang/Class;)Ljava/lang/Package; @ 30
Event: 447908.136 Thread 0x00000247b99fb800 Uncommon trap: reason=unstable_if action=reinterpret pc=0x000002479e75cdbc method=java.lang.CharacterDataLatin1.isWhitespace(I)Z @ 14
Event: 447908.138 Thread 0x00000247b99fb800 Uncommon trap: reason=unstable_if action=reinterpret pc=0x00000247a00dc758 method=java.lang.Throwable.getOurStackTrace()[Ljava/lang/StackTraceElement; @ 7

Classes redefined (0 events):
No events

Internal exceptions (250 events):
Event: 1.898 Thread 0x000002479d32c800 Exception <a 'java/lang/NoSuchMethodError': java.lang.Object.lambda$and$0(Ljava/util/function/Predicate;Ljava/lang/Object;)Z> (0x00000000d87fcf50) thrown at [C:\cygwin64\tmp\ojdkbuild\lookaside\java-1.8.0-openjdk\hotspot\src\share\vm\interpreter\linkResol
Event: 1.912 Thread 0x000002479d32c800 Exception <a 'java/lang/ClassNotFoundException': sun/net/www/protocol/e/Handler> (0x00000000d88e2e28) thrown at [C:\cygwin64\tmp\ojdkbuild\lookaside\java-1.8.0-openjdk\hotspot\src\share\vm\classfile\systemDictionary.cpp, line 217]
Event: 1.912 Thread 0x000002479d32c800 Exception <a 'java/lang/ClassNotFoundException': sun/net/www/protocol/e/Handler> (0x00000000d88f5b38) thrown at [C:\cygwin64\tmp\ojdkbuild\lookaside\java-1.8.0-openjdk\hotspot\src\share\vm\classfile\systemDictionary.cpp, line 217]
Event: 2.057 Thread 0x000002479d32c800 Exception <a 'java/lang/NoSuchMethodError': java.lang.Object.lambda$getAnnotationTypes$0(Lorg/springframework/core/annotation/MergedAnnotation;)Ljava/lang/String;> (0x00000000dae33840) thrown at [C:\cygwin64\tmp\ojdkbuild\lookaside\java-1.8.0-openjdk\hots
Event: 2.060 Thread 0x000002479d32c800 Exception <a 'java/lang/NoSuchMethodError': java.lang.Object.lambda$getMetaAnnotationTypes$1(Lorg/springframework/core/annotation/MergedAnnotation;)Ljava/lang/String;> (0x00000000dae58b20) thrown at [C:\cygwin64\tmp\ojdkbuild\lookaside\java-1.8.0-openjdk\
Event: 2.125 Thread 0x000002479d32c800 Exception <a 'java/lang/ClassNotFoundException': java/lang/ObjectCustomizer> (0x00000000dc2bc228) thrown at [C:\cygwin64\tmp\ojdkbuild\lookaside\java-1.8.0-openjdk\hotspot\src\share\vm\classfile\systemDictionary.cpp, line 217]
Event: 2.125 Thread 0x000002479d32c800 Exception <a 'java/lang/ClassNotFoundException': org/springframework/context/annotation/ConfigurationClassPostProcessorCustomizer> (0x00000000dc2e5548) thrown at [C:\cygwin64\tmp\ojdkbuild\lookaside\java-1.8.0-openjdk\hotspot\src\share\vm\classfile\system
Event: 2.127 Thread 0x000002479d32c800 Exception <a 'java/lang/ClassNotFoundException': org/springframework/beans/factory/support/BeanDefinitionRegistryPostProcessorCustomizer> (0x00000000dc33a778) thrown at [C:\cygwin64\tmp\ojdkbuild\lookaside\java-1.8.0-openjdk\hotspot\src\share\vm\classfile
Event: 2.128 Thread 0x000002479d32c800 Exception <a 'java/lang/ClassNotFoundException': org/springframework/beans/factory/config/BeanFactoryPostProcessorCustomizer> (0x00000000dc35f2d0) thrown at [C:\cygwin64\tmp\ojdkbuild\lookaside\java-1.8.0-openjdk\hotspot\src\share\vm\classfile\systemDicti
Event: 2.128 Thread 0x000002479d32c800 Exception <a 'java/lang/ClassNotFoundException': org/springframework/core/PriorityOrderedCustomizer> (0x00000000dc78eb08) thrown at [C:\cygwin64\tmp\ojdkbuild\lookaside\java-1.8.0-openjdk\hotspot\src\share\vm\classfile\systemDictionary.cpp, line 217]
Event: 2.128 Thread 0x000002479d32c800 Exception <a 'java/lang/ClassNotFoundException': org/springframework/core/OrderedCustomizer> (0x00000000dc7a5da8) thrown at [C:\cygwin64\tmp\ojdkbuild\lookaside\java-1.8.0-openjdk\hotspot\src\share\vm\classfile\systemDictionary.cpp, line 217]
Event: 2.128 Thread 0x000002479d32c800 Exception <a 'java/lang/ClassNotFoundException': org/springframework/context/ResourceLoaderAwareCustomizer> (0x00000000dc7c3528) thrown at [C:\cygwin64\tmp\ojdkbuild\lookaside\java-1.8.0-openjdk\hotspot\src\share\vm\classfile\systemDictionary.cpp, line 21
Event: 2.129 Thread 0x000002479d32c800 Exception <a 'java/lang/ClassNotFoundException': org/springframework/beans/factory/AwareCustomizer> (0x00000000dc7de810) thrown at [C:\cygwin64\tmp\ojdkbuild\lookaside\java-1.8.0-openjdk\hotspot\src\share\vm\classfile\systemDictionary.cpp, line 217]
Event: 2.129 Thread 0x000002479d32c800 Exception <a 'java/lang/ClassNotFoundException': org/springframework/context/ApplicationStartupAwareCustomizer> (0x00000000dc7fcf08) thrown at [C:\cygwin64\tmp\ojdkbuild\lookaside\java-1.8.0-openjdk\hotspot\src\share\vm\classfile\systemDictionary.cpp, lin
Event: 2.129 Thread 0x000002479d32c800 Exception <a 'java/lang/ClassNotFoundException': org/springframework/beans/factory/AwareCustomizer> (0x00000000dc8186f0) thrown at [C:\cygwin64\tmp\ojdkbuild\lookaside\java-1.8.0-openjdk\hotspot\src\share\vm\classfile\systemDictionary.cpp, line 217]
Event: 2.129 Thread 0x000002479d32c800 Exception <a 'java/lang/ClassNotFoundException': org/springframework/beans/factory/BeanClassLoaderAwareCustomizer> (0x00000000dc837ec8) thrown at [C:\cygwin64\tmp\ojdkbuild\lookaside\java-1.8.0-openjdk\hotspot\src\share\vm\classfile\systemDictionary.cpp, 
Event: 2.130 Thread 0x000002479d32c800 Exception <a 'java/lang/ClassNotFoundException': org/springframework/beans/factory/AwareCustomizer> (0x00000000dc853240) thrown at [C:\cygwin64\tmp\ojdkbuild\lookaside\java-1.8.0-openjdk\hotspot\src\share\vm\classfile\systemDictionary.cpp, line 217]
Event: 2.130 Thread 0x000002479d32c800 Exception <a 'java/lang/ClassNotFoundException': org/springframework/context/EnvironmentAwareCustomizer> (0x00000000dc86edb8) thrown at [C:\cygwin64\tmp\ojdkbuild\lookaside\java-1.8.0-openjdk\hotspot\src\share\vm\classfile\systemDictionary.cpp, line 217]
Event: 2.130 Thread 0x000002479d32c800 Exception <a 'java/lang/ClassNotFoundException': org/springframework/beans/factory/AwareCustomizer> (0x00000000dc88a010) thrown at [C:\cygwin64\tmp\ojdkbuild\lookaside\java-1.8.0-openjdk\hotspot\src\share\vm\classfile\systemDictionary.cpp, line 217]
Event: 2.284 Thread 0x000002479d32c800 Exception <a 'java/lang/NoSuchMethodError': java.lang.Object.lambda$or$2(Ljava/util/function/Predicate;Ljava/lang/Object;)Z> (0x00000000d5580580) thrown at [C:\cygwin64\tmp\ojdkbuild\lookaside\java-1.8.0-openjdk\hotspot\src\share\vm\interpreter\linkResolv
Event: 2.359 Thread 0x000002479d32c800 Exception <a 'java/lang/IncompatibleClassChangeError': Found class java.lang.Object, but interface was expected> (0x00000000d6ccc590) thrown at [C:\cygwin64\tmp\ojdkbuild\lookaside\java-1.8.0-openjdk\hotspot\src\share\vm\interpreter\linkResolver.cpp, line
Event: 2.384 Thread 0x000002479d32c800 Exception <a 'java/lang/NoSuchMethodError': java.lang.Object.lambda$getAllAnnotationAttributes$0(Lorg/springframework/util/MultiValueMap;)Lorg/springframework/util/MultiValueMap;> (0x00000000d73344a0) thrown at [C:\cygwin64\tmp\ojdkbuild\lookaside\java-1.
Event: 2.384 Thread 0x000002479d32c800 Exception <a 'java/lang/NoSuchMethodError': java.lang.Object.lambda$identity$2(Ljava/lang/Object;)Ljava/lang/Object;> (0x00000000d7348698) thrown at [C:\cygwin64\tmp\ojdkbuild\lookaside\java-1.8.0-openjdk\hotspot\src\share\vm\interpreter\linkResolver.cpp,
Event: 2.939 Thread 0x000002479d32c800 Exception <a 'java/lang/ClassNotFoundException': com/sun/org/glassfish/hk2/osgiresourcelocator/ServiceLoader> (0x00000000dca3e270) thrown at [C:\cygwin64\tmp\ojdkbuild\lookaside\java-1.8.0-openjdk\hotspot\src\share\vm\classfile\systemDictionary.cpp, line 
Event: 3.070 Thread 0x000002479d32c800 Exception <a 'java/lang/NullPointerException'> (0x00000000d6278520) thrown at [C:\cygwin64\tmp\ojdkbuild\lookaside\java-1.8.0-openjdk\hotspot\src\share\vm\interpreter\linkResolver.cpp, line 1287]
Event: 3.933 Thread 0x000002479d32c800 Implicit null exception at 0x000002479f5f907a to 0x000002479f5fa259
Event: 4.122 Thread 0x000002479d32c800 Exception <a 'java/lang/NoClassDefFoundError': org/flywaydb/core/Flyway> (0x00000000dee1acc8) thrown at [C:\cygwin64\tmp\ojdkbuild\lookaside\java-1.8.0-openjdk\hotspot\src\share\vm\classfile\systemDictionary.cpp, line 206]
Event: 4.123 Thread 0x000002479d32c800 Exception <a 'java/lang/NoClassDefFoundError': liquibase/integration/spring/SpringLiquibase> (0x00000000dee26a28) thrown at [C:\cygwin64\tmp\ojdkbuild\lookaside\java-1.8.0-openjdk\hotspot\src\share\vm\classfile\systemDictionary.cpp, line 206]
Event: 4.147 Thread 0x000002479d32c800 Exception <a 'java/lang/NoClassDefFoundError': org/jooq/DSLContext> (0x00000000df151440) thrown at [C:\cygwin64\tmp\ojdkbuild\lookaside\java-1.8.0-openjdk\hotspot\src\share\vm\classfile\systemDictionary.cpp, line 206]
Event: 4.148 Thread 0x000002479d32c800 Exception <a 'java/lang/NoClassDefFoundError': javax/persistence/EntityManagerFactory> (0x00000000df15d0f8) thrown at [C:\cygwin64\tmp\ojdkbuild\lookaside\java-1.8.0-openjdk\hotspot\src\share\vm\classfile\systemDictionary.cpp, line 206]
Event: 4.148 Thread 0x000002479d32c800 Exception <a 'java/lang/NoClassDefFoundError': org/springframework/batch/core/repository/JobRepository> (0x00000000df16ae20) thrown at [C:\cygwin64\tmp\ojdkbuild\lookaside\java-1.8.0-openjdk\hotspot\src\share\vm\classfile\systemDictionary.cpp, line 206]
Event: 4.148 Thread 0x000002479d32c800 Exception <a 'java/lang/NoClassDefFoundError': org/springframework/scheduling/quartz/SchedulerFactoryBean> (0x00000000df178e30) thrown at [C:\cygwin64\tmp\ojdkbuild\lookaside\java-1.8.0-openjdk\hotspot\src\share\vm\classfile\systemDictionary.cpp, line 206
Event: 4.148 Thread 0x000002479d32c800 Exception <a 'java/lang/NoClassDefFoundError': org/springframework/session/jdbc/JdbcIndexedSessionRepository> (0x00000000df187b08) thrown at [C:\cygwin64\tmp\ojdkbuild\lookaside\java-1.8.0-openjdk\hotspot\src\share\vm\classfile\systemDictionary.cpp, line 
Event: 4.181 Thread 0x000002479d32c800 Exception <a 'java/lang/NoSuchMethodError': java.lang.Object.lambda$byAnnotation$0(Ljava/lang/Class;Ljava/lang/Class;)Z> (0x00000000df4ad1a0) thrown at [C:\cygwin64\tmp\ojdkbuild\lookaside\java-1.8.0-openjdk\hotspot\src\share\vm\interpreter\linkResolver.c
Event: 4.203 Thread 0x000002479d32c800 Exception <a 'java/lang/ClassNotFoundException': java/lang/ObjectCustomizer> (0x00000000df6c3018) thrown at [C:\cygwin64\tmp\ojdkbuild\lookaside\java-1.8.0-openjdk\hotspot\src\share\vm\classfile\systemDictionary.cpp, line 217]
Event: 4.204 Thread 0x000002479d32c800 Exception <a 'java/lang/ClassNotFoundException': org/springframework/aop/framework/ProxyConfigCustomizer> (0x00000000df6e38c8) thrown at [C:\cygwin64\tmp\ojdkbuild\lookaside\java-1.8.0-openjdk\hotspot\src\share\vm\classfile\systemDictionary.cpp, line 217]
Event: 4.204 Thread 0x000002479d32c800 Exception <a 'java/lang/ClassNotFoundException': org/springframework/aop/framework/ProxyProcessorSupportCustomizer> (0x00000000df7103e8) thrown at [C:\cygwin64\tmp\ojdkbuild\lookaside\java-1.8.0-openjdk\hotspot\src\share\vm\classfile\systemDictionary.cpp,
Event: 4.205 Thread 0x000002479d32c800 Exception <a 'java/lang/ClassNotFoundException': org/springframework/aop/framework/autoproxy/AbstractAutoProxyCreatorCustomizer> (0x00000000df73ab78) thrown at [C:\cygwin64\tmp\ojdkbuild\lookaside\java-1.8.0-openjdk\hotspot\src\share\vm\classfile\systemDi
Event: 4.205 Thread 0x000002479d32c800 Exception <a 'java/lang/ClassNotFoundException': org/springframework/aop/framework/autoproxy/AbstractAdvisorAutoProxyCreatorCustomizer> (0x00000000df7765d8) thrown at [C:\cygwin64\tmp\ojdkbuild\lookaside\java-1.8.0-openjdk\hotspot\src\share\vm\classfile\s
Event: 4.206 Thread 0x000002479d32c800 Exception <a 'java/lang/ClassNotFoundException': org/springframework/aop/framework/autoproxy/InfrastructureAdvisorAutoProxyCreatorCustomizer> (0x00000000df7a5158) thrown at [C:\cygwin64\tmp\ojdkbuild\lookaside\java-1.8.0-openjdk\hotspot\src\share\vm\class
Event: 4.207 Thread 0x000002479d32c800 Exception <a 'java/lang/ClassNotFoundException': org/springframework/beans/factory/config/SmartInstantiationAwareBeanPostProcessorCustomizer> (0x00000000df7ec8d0) thrown at [C:\cygwin64\tmp\ojdkbuild\lookaside\java-1.8.0-openjdk\hotspot\src\share\vm\class
Event: 4.209 Thread 0x000002479d32c800 Exception <a 'java/lang/ClassNotFoundException': org/springframework/beans/factory/config/InstantiationAwareBeanPostProcessorCustomizer> (0x00000000df817808) thrown at [C:\cygwin64\tmp\ojdkbuild\lookaside\java-1.8.0-openjdk\hotspot\src\share\vm\classfile\
Event: 4.209 Thread 0x000002479d32c800 Exception <a 'java/lang/ClassNotFoundException': org/springframework/beans/factory/config/BeanPostProcessorCustomizer> (0x00000000df83cb50) thrown at [C:\cygwin64\tmp\ojdkbuild\lookaside\java-1.8.0-openjdk\hotspot\src\share\vm\classfile\systemDictionary.c
Event: 4.209 Thread 0x000002479d32c800 Exception <a 'java/lang/ClassNotFoundException': org/springframework/beans/factory/BeanFactoryAwareCustomizer> (0x00000000df85c7f0) thrown at [C:\cygwin64\tmp\ojdkbuild\lookaside\java-1.8.0-openjdk\hotspot\src\share\vm\classfile\systemDictionary.cpp, line
Event: 4.210 Thread 0x000002479d32c800 Exception <a 'java/lang/ClassNotFoundException': org/springframework/beans/factory/AwareCustomizer> (0x00000000df8780b8) thrown at [C:\cygwin64\tmp\ojdkbuild\lookaside\java-1.8.0-openjdk\hotspot\src\share\vm\classfile\systemDictionary.cpp, line 217]
Event: 4.210 Thread 0x000002479d32c800 Exception <a 'java/lang/ClassNotFoundException': org/springframework/core/OrderedCustomizer> (0x00000000df88f350) thrown at [C:\cygwin64\tmp\ojdkbuild\lookaside\java-1.8.0-openjdk\hotspot\src\share\vm\classfile\systemDictionary.cpp, line 217]
Event: 4.210 Thread 0x000002479d32c800 Exception <a 'java/lang/ClassNotFoundException': org/springframework/beans/factory/BeanClassLoaderAwareCustomizer> (0x00000000df8af830) thrown at [C:\cygwin64\tmp\ojdkbuild\lookaside\java-1.8.0-openjdk\hotspot\src\share\vm\classfile\systemDictionary.cpp, 
Event: 4.210 Thread 0x000002479d32c800 Exception <a 'java/lang/ClassNotFoundException': org/springframework/beans/factory/AwareCustomizer> (0x00000000df8cab98) thrown at [C:\cygwin64\tmp\ojdkbuild\lookaside\java-1.8.0-openjdk\hotspot\src\share\vm\classfile\systemDictionary.cpp, line 217]
Event: 4.211 Thread 0x000002479d32c800 Exception <a 'java/lang/ClassNotFoundException': org/springframework/aop/framework/AopInfrastructureBeanCustomizer> (0x00000000df8ea390) thrown at [C:\cygwin64\tmp\ojdkbuild\lookaside\java-1.8.0-openjdk\hotspot\src\share\vm\classfile\systemDictionary.cpp,
Event: 4.214 Thread 0x000002479d32c800 Exception <a 'java/lang/ClassNotFoundException': java/lang/ObjectCustomizer> (0x00000000df927a28) thrown at [C:\cygwin64\tmp\ojdkbuild\lookaside\java-1.8.0-openjdk\hotspot\src\share\vm\classfile\systemDictionary.cpp, line 217]
Event: 4.214 Thread 0x000002479d32c800 Exception <a 'java/lang/ClassNotFoundException': org/springframework/ws/config/annotation/WsConfigurationSupportCustomizer> (0x00000000df94d818) thrown at [C:\cygwin64\tmp\ojdkbuild\lookaside\java-1.8.0-openjdk\hotspot\src\share\vm\classfile\systemDiction
Event: 4.215 Thread 0x000002479d32c800 Exception <a 'java/lang/ClassNotFoundException': org/springframework/ws/config/annotation/DelegatingWsConfigurationCustomizer> (0x00000000df976018) thrown at [C:\cygwin64\tmp\ojdkbuild\lookaside\java-1.8.0-openjdk\hotspot\src\share\vm\classfile\systemDict
Event: 4.215 Thread 0x000002479d32c800 Exception <a 'java/lang/ClassNotFoundException': org/springframework/ws/config/annotation/DelegatingWsConfiguration$$EnhancerBySpringCGLIB$$1a1cdff5Customizer> (0x00000000df9a8bb8) thrown at [C:\cygwin64\tmp\ojdkbuild\lookaside\java-1.8.0-openjdk\hotspot\
Event: 4.216 Thread 0x000002479d32c800 Exception <a 'java/lang/ClassNotFoundException': org/springframework/context/annotation/ConfigurationClassEnhancer$EnhancedConfigurationCustomizer> (0x00000000df9e70d8) thrown at [C:\cygwin64\tmp\ojdkbuild\lookaside\java-1.8.0-openjdk\hotspot\src\share\vm
Event: 4.216 Thread 0x000002479d32c800 Exception <a 'java/lang/ClassNotFoundException': org/springframework/beans/factory/BeanFactoryAwareCustomizer> (0x00000000dfa05508) thrown at [C:\cygwin64\tmp\ojdkbuild\lookaside\java-1.8.0-openjdk\hotspot\src\share\vm\classfile\systemDictionary.cpp, line
Event: 4.216 Thread 0x000002479d32c800 Exception <a 'java/lang/ClassNotFoundException': org/springframework/beans/factory/AwareCustomizer> (0x00000000dfa20ca8) thrown at [C:\cygwin64\tmp\ojdkbuild\lookaside\java-1.8.0-openjdk\hotspot\src\share\vm\classfile\systemDictionary.cpp, line 217]
Event: 4.217 Thread 0x000002479d32c800 Implicit null exception at 0x000002479e773acc to 0x000002479e773b41
Event: 4.257 Thread 0x000002479d32c800 Exception <a 'java/lang/ClassNotFoundException': java/lang/ObjectCustomizer> (0x00000000dff243f8) thrown at [C:\cygwin64\tmp\ojdkbuild\lookaside\java-1.8.0-openjdk\hotspot\src\share\vm\classfile\systemDictionary.cpp, line 217]
Event: 4.257 Thread 0x000002479d32c800 Exception <a 'java/lang/ClassNotFoundException': org/apache/camel/spring/CamelBeanPostProcessorCustomizer> (0x00000000dff4c418) thrown at [C:\cygwin64\tmp\ojdkbuild\lookaside\java-1.8.0-openjdk\hotspot\src\share\vm\classfile\systemDictionary.cpp, line 217
Event: 4.258 Thread 0x000002479d32c800 Exception <a 'java/lang/ClassNotFoundException': org/springframework/beans/factory/config/BeanPostProcessorCustomizer> (0x00000000dff7bbb8) thrown at [C:\cygwin64\tmp\ojdkbuild\lookaside\java-1.8.0-openjdk\hotspot\src\share\vm\classfile\systemDictionary.c
Event: 4.258 Thread 0x000002479d32c800 Exception <a 'java/lang/ClassNotFoundException': org/springframework/context/ApplicationContextAwareCustomizer> (0x00000000dff9ba30) thrown at [C:\cygwin64\tmp\ojdkbuild\lookaside\java-1.8.0-openjdk\hotspot\src\share\vm\classfile\systemDictionary.cpp, lin
Event: 4.259 Thread 0x000002479d32c800 Exception <a 'java/lang/ClassNotFoundException': org/springframework/beans/factory/AwareCustomizer> (0x00000000dffb72d0) thrown at [C:\cygwin64\tmp\ojdkbuild\lookaside\java-1.8.0-openjdk\hotspot\src\share\vm\classfile\systemDictionary.cpp, line 217]
Event: 4.261 Thread 0x000002479d32c800 Exception <a 'java/lang/ClassNotFoundException': java/lang/ObjectCustomizer> (0x00000000dffd6620) thrown at [C:\cygwin64\tmp\ojdkbuild\lookaside\java-1.8.0-openjdk\hotspot\src\share\vm\classfile\systemDictionary.cpp, line 217]
Event: 4.261 Thread 0x000002479d32c800 Exception <a 'java/lang/ClassNotFoundException': org/springframework/transaction/annotation/AbstractTransactionManagementConfigurationCustomizer> (0x00000000e00049a0) thrown at [C:\cygwin64\tmp\ojdkbuild\lookaside\java-1.8.0-openjdk\hotspot\src\share\vm\c
Event: 4.262 Thread 0x000002479d32c800 Exception <a 'java/lang/ClassNotFoundException': org/springframework/transaction/annotation/ProxyTransactionManagementConfigurationCustomizer> (0x00000000e0031158) thrown at [C:\cygwin64\tmp\ojdkbuild\lookaside\java-1.8.0-openjdk\hotspot\src\share\vm\clas
Event: 4.262 Thread 0x000002479d32c800 Exception <a 'java/lang/ClassNotFoundException': org/springframework/context/annotation/ImportAwareCustomizer> (0x00000000e0058330) thrown at [C:\cygwin64\tmp\ojdkbuild\lookaside\java-1.8.0-openjdk\hotspot\src\share\vm\classfile\systemDictionary.cpp, line
Event: 4.263 Thread 0x000002479d32c800 Exception <a 'java/lang/ClassNotFoundException': org/springframework/beans/factory/AwareCustomizer> (0x00000000e0074040) thrown at [C:\cygwin64\tmp\ojdkbuild\lookaside\java-1.8.0-openjdk\hotspot\src\share\vm\classfile\systemDictionary.cpp, line 217]
Event: 4.394 Thread 0x000002479d32c800 Exception <a 'java/lang/IncompatibleClassChangeError': Found class java.lang.Object, but interface was expected> (0x00000000d5669b60) thrown at [C:\cygwin64\tmp\ojdkbuild\lookaside\java-1.8.0-openjdk\hotspot\src\share\vm\interpreter\linkResolver.cpp, line
Event: 4.474 Thread 0x000002479d32c800 Implicit null exception at 0x000002479e9a93c8 to 0x000002479e9a9a39
Event: 4.727 Thread 0x000002479d32c800 Exception <a 'java/io/FileNotFoundException'> (0x00000000d78659e0) thrown at [C:\cygwin64\tmp\ojdkbuild\lookaside\java-1.8.0-openjdk\hotspot\src\share\vm\prims\jni.cpp, line 713]
Event: 4.811 Thread 0x000002479d32c800 Exception <a 'java/io/FileNotFoundException'> (0x00000000d8091020) thrown at [C:\cygwin64\tmp\ojdkbuild\lookaside\java-1.8.0-openjdk\hotspot\src\share\vm\prims\jni.cpp, line 713]
Event: 4.834 Thread 0x000002479d32c800 Exception <a 'java/lang/ClassNotFoundException': java/lang/ObjectCustomizer> (0x00000000d85c2ab8) thrown at [C:\cygwin64\tmp\ojdkbuild\lookaside\java-1.8.0-openjdk\hotspot\src\share\vm\classfile\systemDictionary.cpp, line 217]
Event: 4.834 Thread 0x000002479d32c800 Exception <a 'java/lang/ClassNotFoundException': com/zaxxer/hikari/HikariConfigCustomizer> (0x00000000d85dde18) thrown at [C:\cygwin64\tmp\ojdkbuild\lookaside\java-1.8.0-openjdk\hotspot\src\share\vm\classfile\systemDictionary.cpp, line 217]
Event: 4.835 Thread 0x000002479d32c800 Exception <a 'java/lang/ClassNotFoundException': com/zaxxer/hikari/HikariDataSourceCustomizer> (0x00000000d863f6c8) thrown at [C:\cygwin64\tmp\ojdkbuild\lookaside\java-1.8.0-openjdk\hotspot\src\share\vm\classfile\systemDictionary.cpp, line 217]
Event: 4.838 Thread 0x000002479d32c800 Exception <a 'java/lang/ClassNotFoundException': javax/sql/DataSourceCustomizer> (0x00000000d86acf30) thrown at [C:\cygwin64\tmp\ojdkbuild\lookaside\java-1.8.0-openjdk\hotspot\src\share\vm\classfile\systemDictionary.cpp, line 217]
Event: 4.839 Thread 0x000002479d32c800 Exception <a 'java/lang/ClassNotFoundException': javax/sql/CommonDataSourceCustomizer> (0x00000000d86bc308) thrown at [C:\cygwin64\tmp\ojdkbuild\lookaside\java-1.8.0-openjdk\hotspot\src\share\vm\classfile\systemDictionary.cpp, line 217]
Event: 4.839 Thread 0x000002479d32c800 Exception <a 'java/lang/ClassNotFoundException': java/sql/WrapperCustomizer> (0x00000000d86cb478) thrown at [C:\cygwin64\tmp\ojdkbuild\lookaside\java-1.8.0-openjdk\hotspot\src\share\vm\classfile\systemDictionary.cpp, line 217]
Event: 4.839 Thread 0x000002479d32c800 Exception <a 'java/lang/ClassNotFoundException': com/zaxxer/hikari/HikariConfigMXBeanCustomizer> (0x00000000d86e66a0) thrown at [C:\cygwin64\tmp\ojdkbuild\lookaside\java-1.8.0-openjdk\hotspot\src\share\vm\classfile\systemDictionary.cpp, line 217]
Event: 5.039 Thread 0x000002479d32c800 Exception <a 'java/lang/NoClassDefFoundError': oracle/security/pki/OraclePKIProvider> (0x00000000d57db108) thrown at [C:\cygwin64\tmp\ojdkbuild\lookaside\java-1.8.0-openjdk\hotspot\src\share\vm\classfile\systemDictionary.cpp, line 206]
Event: 5.557 Thread 0x000002479d32c800 Exception <a 'java/lang/ClassNotFoundException': java/lang/ObjectCustomizer> (0x00000000dbf62cb8) thrown at [C:\cygwin64\tmp\ojdkbuild\lookaside\java-1.8.0-openjdk\hotspot\src\share\vm\classfile\systemDictionary.cpp, line 217]
Event: 5.558 Thread 0x000002479d32c800 Exception <a 'java/lang/ClassNotFoundException': org/apache/camel/model/IdentifiedTypeCustomizer> (0x00000000dbf96968) thrown at [C:\cygwin64\tmp\ojdkbuild\lookaside\java-1.8.0-openjdk\hotspot\src\share\vm\classfile\systemDictionary.cpp, line 217]
Event: 5.558 Thread 0x000002479d32c800 Exception <a 'java/lang/ClassNotFoundException': org/apache/camel/spring/CamelRouteContextFactoryBeanCustomizer> (0x00000000dbfbfeb8) thrown at [C:\cygwin64\tmp\ojdkbuild\lookaside\java-1.8.0-openjdk\hotspot\src\share\vm\classfile\systemDictionary.cpp, li
Event: 5.559 Thread 0x000002479d32c800 Exception <a 'java/lang/ClassNotFoundException': org/springframework/beans/factory/FactoryBeanCustomizer> (0x00000000dbff2928) thrown at [C:\cygwin64\tmp\ojdkbuild\lookaside\java-1.8.0-openjdk\hotspot\src\share\vm\classfile\systemDictionary.cpp, line 217]
Event: 5.564 Thread 0x000002479d32c800 Exception <a 'java/lang/ClassNotFoundException': java/lang/ObjectCustomizer> (0x00000000dc05be10) thrown at [C:\cygwin64\tmp\ojdkbuild\lookaside\java-1.8.0-openjdk\hotspot\src\share\vm\classfile\systemDictionary.cpp, line 217]
Event: 5.564 Thread 0x000002479d32c800 Exception <a 'java/lang/ClassNotFoundException': org/apache/camel/model/IdentifiedTypeCustomizer> (0x00000000dc08f058) thrown at [C:\cygwin64\tmp\ojdkbuild\lookaside\java-1.8.0-openjdk\hotspot\src\share\vm\classfile\systemDictionary.cpp, line 217]
Event: 5.565 Thread 0x000002479d32c800 Exception <a 'java/lang/ClassNotFoundException': org/apache/camel/core/xml/AbstractCamelContextFactoryBeanCustomizer> (0x00000000dc0ba748) thrown at [C:\cygwin64\tmp\ojdkbuild\lookaside\java-1.8.0-openjdk\hotspot\src\share\vm\classfile\systemDictionary.cp
Event: 5.566 Thread 0x000002479d32c800 Exception <a 'java/lang/ClassNotFoundException': org/apache/camel/spring/CamelContextFactoryBeanCustomizer> (0x00000000dc136670) thrown at [C:\cygwin64\tmp\ojdkbuild\lookaside\java-1.8.0-openjdk\hotspot\src\share\vm\classfile\systemDictionary.cpp, line 21
Event: 5.574 Thread 0x000002479d32c800 Exception <a 'java/lang/ClassNotFoundException': org/springframework/beans/factory/FactoryBeanCustomizer> (0x00000000dc2ecdf8) thrown at [C:\cygwin64\tmp\ojdkbuild\lookaside\java-1.8.0-openjdk\hotspot\src\share\vm\classfile\systemDictionary.cpp, line 217]
Event: 5.574 Thread 0x000002479d32c800 Exception <a 'java/lang/ClassNotFoundException': org/springframework/beans/factory/InitializingBeanCustomizer> (0x00000000dc30e4b8) thrown at [C:\cygwin64\tmp\ojdkbuild\lookaside\java-1.8.0-openjdk\hotspot\src\share\vm\classfile\systemDictionary.cpp, line
Event: 5.575 Thread 0x000002479d32c800 Exception <a 'java/lang/ClassNotFoundException': org/springframework/beans/factory/DisposableBeanCustomizer> (0x00000000dc32bbc0) thrown at [C:\cygwin64\tmp\ojdkbuild\lookaside\java-1.8.0-openjdk\hotspot\src\share\vm\classfile\systemDictionary.cpp, line 2
Event: 5.575 Thread 0x000002479d32c800 Exception <a 'java/lang/ClassNotFoundException': org/springframework/context/ApplicationContextAwareCustomizer> (0x00000000dc34abd0) thrown at [C:\cygwin64\tmp\ojdkbuild\lookaside\java-1.8.0-openjdk\hotspot\src\share\vm\classfile\systemDictionary.cpp, lin
Event: 5.575 Thread 0x000002479d32c800 Exception <a 'java/lang/ClassNotFoundException': org/springframework/beans/factory/AwareCustomizer> (0x00000000dc3664d0) thrown at [C:\cygwin64\tmp\ojdkbuild\lookaside\java-1.8.0-openjdk\hotspot\src\share\vm\classfile\systemDictionary.cpp, line 217]
Event: 5.575 Thread 0x000002479d32c800 Exception <a 'java/lang/ClassNotFoundException': org/springframework/context/LifecycleCustomizer> (0x00000000dc37fdc0) thrown at [C:\cygwin64\tmp\ojdkbuild\lookaside\java-1.8.0-openjdk\hotspot\src\share\vm\classfile\systemDictionary.cpp, line 217]
Event: 5.576 Thread 0x000002479d32c800 Exception <a 'java/lang/ClassNotFoundException': org/springframework/context/PhasedCustomizer> (0x00000000dc39a110) thrown at [C:\cygwin64\tmp\ojdkbuild\lookaside\java-1.8.0-openjdk\hotspot\src\share\vm\classfile\systemDictionary.cpp, line 217]
Event: 5.576 Thread 0x000002479d32c800 Exception <a 'java/lang/ClassNotFoundException': org/springframework/context/ApplicationListenerCustomizer> (0x00000000dc3b7998) thrown at [C:\cygwin64\tmp\ojdkbuild\lookaside\java-1.8.0-openjdk\hotspot\src\share\vm\classfile\systemDictionary.cpp, line 21
Event: 5.576 Thread 0x000002479d32c800 Exception <a 'java/lang/ClassNotFoundException': java/util/EventListenerCustomizer> (0x00000000dc3c5a98) thrown at [C:\cygwin64\tmp\ojdkbuild\lookaside\java-1.8.0-openjdk\hotspot\src\share\vm\classfile\systemDictionary.cpp, line 217]
Event: 5.576 Thread 0x000002479d32c800 Exception <a 'java/lang/ClassNotFoundException': org/springframework/core/OrderedCustomizer> (0x00000000dc3dcc38) thrown at [C:\cygwin64\tmp\ojdkbuild\lookaside\java-1.8.0-openjdk\hotspot\src\share\vm\classfile\systemDictionary.cpp, line 217]
Event: 5.577 Thread 0x000002479d32c800 Exception <a 'java/lang/ClassNotFoundException': org/apache/camel/model/RouteContainerCustomizer> (0x00000000dc40d3a0) thrown at [C:\cygwin64\tmp\ojdkbuild\lookaside\java-1.8.0-openjdk\hotspot\src\share\vm\classfile\systemDictionary.cpp, line 217]
Event: 5.577 Thread 0x000002479d32c800 Exception <a 'java/lang/ClassNotFoundException': org/apache/camel/model/rest/RestContainerCustomizer> (0x00000000dc444ad0) thrown at [C:\cygwin64\tmp\ojdkbuild\lookaside\java-1.8.0-openjdk\hotspot\src\share\vm\classfile\systemDictionary.cpp, line 217]
Event: 5.788 Thread 0x000002479d32c800 Exception <a 'java/lang/NoSuchMethodError': java.lang.Object.lambda$negate$1(Ljava/lang/Object;)Z> (0x00000000ddf0e750) thrown at [C:\cygwin64\tmp\ojdkbuild\lookaside\java-1.8.0-openjdk\hotspot\src\share\vm\interpreter\linkResolver.cpp, line 620]
Event: 5.836 Thread 0x000002479d32c800 Exception <a 'java/lang/ClassNotFoundException': java/lang/ObjectCustomizer> (0x00000000de552ea8) thrown at [C:\cygwin64\tmp\ojdkbuild\lookaside\java-1.8.0-openjdk\hotspot\src\share\vm\classfile\systemDictionary.cpp, line 217]
Event: 5.836 Thread 0x000002479d32c800 Exception <a 'java/lang/ClassNotFoundException': ai/pelican/camel/authentication/AuthenticationConfigurationManagerCustomizer> (0x00000000de579f40) thrown at [C:\cygwin64\tmp\ojdkbuild\lookaside\java-1.8.0-openjdk\hotspot\src\share\vm\classfile\systemDict
Event: 6.352 Thread 0x000002479d32c800 Exception <a 'java/lang/ClassNotFoundException': java/lang/ObjectCustomizer> (0x00000000e1794408) thrown at [C:\cygwin64\tmp\ojdkbuild\lookaside\java-1.8.0-openjdk\hotspot\src\share\vm\classfile\systemDictionary.cpp, line 217]
Event: 6.353 Thread 0x000002479d32c800 Exception <a 'java/lang/ClassNotFoundException': ai/pelican/camel/js/engine/JSEngineGraalCustomizer> (0x00000000e17b1be0) thrown at [C:\cygwin64\tmp\ojdkbuild\lookaside\java-1.8.0-openjdk\hotspot\src\share\vm\classfile\systemDictionary.cpp, line 217]
Event: 6.353 Thread 0x000002479d32c800 Exception <a 'java/lang/ClassNotFoundException': ai/pelican/camel/js/engine/JSEngineInterfaceCustomizer> (0x00000000e17d90c8) thrown at [C:\cygwin64\tmp\ojdkbuild\lookaside\java-1.8.0-openjdk\hotspot\src\share\vm\classfile\systemDictionary.cpp, line 217]
Event: 6.734 Thread 0x000002479d32c800 Exception <a 'sun/nio/fs/WindowsException'> (0x00000000e3892118) thrown at [C:\cygwin64\tmp\ojdkbuild\lookaside\java-1.8.0-openjdk\hotspot\src\share\vm\prims\jni.cpp, line 713]
Event: 6.734 Thread 0x000002479d32c800 Exception <a 'sun/nio/fs/WindowsException'> (0x00000000e3892ce8) thrown at [C:\cygwin64\tmp\ojdkbuild\lookaside\java-1.8.0-openjdk\hotspot\src\share\vm\prims\jni.cpp, line 713]
Event: 6.734 Thread 0x000002479d32c800 Exception <a 'sun/nio/fs/WindowsException'> (0x00000000e3893460) thrown at [C:\cygwin64\tmp\ojdkbuild\lookaside\java-1.8.0-openjdk\hotspot\src\share\vm\prims\jni.cpp, line 713]
Event: 6.869 Thread 0x000002479d32c800 Implicit null exception at 0x000002479f64a6ef to 0x000002479f64a7ed
Event: 6.979 Thread 0x000002479d32c800 Exception <a 'java/lang/ClassNotFoundException': sun/net/www/protocol/e/Handler> (0x00000000e4b7b2a0) thrown at [C:\cygwin64\tmp\ojdkbuild\lookaside\java-1.8.0-openjdk\hotspot\src\share\vm\classfile\systemDictionary.cpp, line 217]
Event: 7.042 Thread 0x000002479d32c800 Exception <a 'java/lang/NoSuchMethodError': java.lang.Object.lambda$static$0(Lcom/oracle/truffle/regex/RegexSource;Lcom/oracle/truffle/regex/tregex/parser/RegexFeatures;)Ljava/util/Optional;> (0x00000000e5329aa0) thrown at [C:\cygwin64\tmp\ojdkbuild\looka
Event: 7.308 Thread 0x000002479d32c800 Exception <a 'java/lang/ClassNotFoundException': sun/net/www/protocol/e/Handler> (0x00000000d6253688) thrown at [C:\cygwin64\tmp\ojdkbuild\lookaside\java-1.8.0-openjdk\hotspot\src\share\vm\classfile\systemDictionary.cpp, line 217]
Event: 7.322 Thread 0x000002479d32c800 Exception <a 'java/lang/ClassNotFoundException': sun/net/www/protocol/e/Handler> (0x00000000d6315ff0) thrown at [C:\cygwin64\tmp\ojdkbuild\lookaside\java-1.8.0-openjdk\hotspot\src\share\vm\classfile\systemDictionary.cpp, line 217]
Event: 7.339 Thread 0x000002479d32c800 Exception <a 'java/lang/NoSuchMethodError': java.lang.Object.lambda$applyCompound$0(Ljava/util/function/Supplier;)Lcom/oracle/truffle/js/nodes/JavaScriptNode;> (0x00000000d659d658) thrown at [C:\cygwin64\tmp\ojdkbuild\lookaside\java-1.8.0-openjdk\hotspot\
Event: 7.340 Thread 0x000002479d32c800 Exception <a 'java/lang/NoSuchMethodError': java.lang.Object.lambda$applyCompound$1(Ljava/util/function/UnaryOperator;Lcom/oracle/truffle/js/nodes/JavaScriptNode;)Lcom/oracle/truffle/js/nodes/JavaScriptNode;> (0x00000000d65a2e48) thrown at [C:\cygwin64\tm
Event: 7.383 Thread 0x000002479d32c800 Exception <a 'java/lang/ClassNotFoundException': sun/net/www/protocol/e/Handler> (0x00000000d6833a38) thrown at [C:\cygwin64\tmp\ojdkbuild\lookaside\java-1.8.0-openjdk\hotspot\src\share\vm\classfile\systemDictionary.cpp, line 217]
Event: 7.386 Thread 0x000002479d32c800 Exception <a 'java/lang/ClassNotFoundException': sun/net/www/protocol/e/Handler> (0x00000000d68856e8) thrown at [C:\cygwin64\tmp\ojdkbuild\lookaside\java-1.8.0-openjdk\hotspot\src\share\vm\classfile\systemDictionary.cpp, line 217]
Event: 7.388 Thread 0x000002479d32c800 Exception <a 'java/lang/ClassNotFoundException': sun/net/www/protocol/e/Handler> (0x00000000d68ac658) thrown at [C:\cygwin64\tmp\ojdkbuild\lookaside\java-1.8.0-openjdk\hotspot\src\share\vm\classfile\systemDictionary.cpp, line 217]
Event: 7.390 Thread 0x000002479d32c800 Exception <a 'java/lang/ClassNotFoundException': sun/net/www/protocol/e/Handler> (0x00000000d68cab70) thrown at [C:\cygwin64\tmp\ojdkbuild\lookaside\java-1.8.0-openjdk\hotspot\src\share\vm\classfile\systemDictionary.cpp, line 217]
Event: 7.479 Thread 0x000002479d32c800 Exception <a 'java/lang/ClassNotFoundException': sun/net/www/protocol/e/Handler> (0x00000000d752ff30) thrown at [C:\cygwin64\tmp\ojdkbuild\lookaside\java-1.8.0-openjdk\hotspot\src\share\vm\classfile\systemDictionary.cpp, line 217]
Event: 7.483 Thread 0x000002479d32c800 Exception <a 'java/lang/ClassNotFoundException': sun/net/www/protocol/e/Handler> (0x00000000d75e95f8) thrown at [C:\cygwin64\tmp\ojdkbuild\lookaside\java-1.8.0-openjdk\hotspot\src\share\vm\classfile\systemDictionary.cpp, line 217]
Event: 7.484 Thread 0x000002479d32c800 Exception <a 'java/lang/ClassNotFoundException': sun/net/www/protocol/e/Handler> (0x00000000d75faa18) thrown at [C:\cygwin64\tmp\ojdkbuild\lookaside\java-1.8.0-openjdk\hotspot\src\share\vm\classfile\systemDictionary.cpp, line 217]
Event: 7.486 Thread 0x000002479d32c800 Exception <a 'java/lang/ClassNotFoundException': sun/net/www/protocol/e/Handler> (0x00000000d764c7f0) thrown at [C:\cygwin64\tmp\ojdkbuild\lookaside\java-1.8.0-openjdk\hotspot\src\share\vm\classfile\systemDictionary.cpp, line 217]
Event: 7.487 Thread 0x000002479d32c800 Exception <a 'java/lang/ClassNotFoundException': sun/net/www/protocol/e/Handler> (0x00000000d7661c20) thrown at [C:\cygwin64\tmp\ojdkbuild\lookaside\java-1.8.0-openjdk\hotspot\src\share\vm\classfile\systemDictionary.cpp, line 217]
Event: 7.488 Thread 0x000002479d32c800 Exception <a 'java/lang/ClassNotFoundException': sun/net/www/protocol/e/Handler> (0x00000000d7671800) thrown at [C:\cygwin64\tmp\ojdkbuild\lookaside\java-1.8.0-openjdk\hotspot\src\share\vm\classfile\systemDictionary.cpp, line 217]
Event: 7.488 Thread 0x000002479d32c800 Exception <a 'java/lang/ClassNotFoundException': sun/net/www/protocol/e/Handler> (0x00000000d7680ac0) thrown at [C:\cygwin64\tmp\ojdkbuild\lookaside\java-1.8.0-openjdk\hotspot\src\share\vm\classfile\systemDictionary.cpp, line 217]
Event: 7.494 Thread 0x000002479d32c800 Exception <a 'java/lang/ClassNotFoundException': sun/net/www/protocol/e/Handler> (0x00000000d7c63630) thrown at [C:\cygwin64\tmp\ojdkbuild\lookaside\java-1.8.0-openjdk\hotspot\src\share\vm\classfile\systemDictionary.cpp, line 217]
Event: 7.498 Thread 0x000002479d32c800 Exception <a 'java/lang/ClassNotFoundException': sun/net/www/protocol/e/Handler> (0x00000000d7fbe028) thrown at [C:\cygwin64\tmp\ojdkbuild\lookaside\java-1.8.0-openjdk\hotspot\src\share\vm\classfile\systemDictionary.cpp, line 217]
Event: 7.498 Thread 0x000002479d32c800 Exception <a 'java/lang/ClassNotFoundException': sun/net/www/protocol/e/Handler> (0x00000000d7fcf448) thrown at [C:\cygwin64\tmp\ojdkbuild\lookaside\java-1.8.0-openjdk\hotspot\src\share\vm\classfile\systemDictionary.cpp, line 217]
Event: 7.500 Thread 0x000002479d32c800 Exception <a 'java/lang/ClassNotFoundException': sun/net/www/protocol/e/Handler> (0x00000000d8021220) thrown at [C:\cygwin64\tmp\ojdkbuild\lookaside\java-1.8.0-openjdk\hotspot\src\share\vm\classfile\systemDictionary.cpp, line 217]
Event: 7.501 Thread 0x000002479d32c800 Exception <a 'java/lang/ClassNotFoundException': sun/net/www/protocol/e/Handler> (0x00000000d8036650) thrown at [C:\cygwin64\tmp\ojdkbuild\lookaside\java-1.8.0-openjdk\hotspot\src\share\vm\classfile\systemDictionary.cpp, line 217]
Event: 7.502 Thread 0x000002479d32c800 Exception <a 'java/lang/ClassNotFoundException': sun/net/www/protocol/e/Handler> (0x00000000d8046230) thrown at [C:\cygwin64\tmp\ojdkbuild\lookaside\java-1.8.0-openjdk\hotspot\src\share\vm\classfile\systemDictionary.cpp, line 217]
Event: 7.503 Thread 0x000002479d32c800 Exception <a 'java/lang/ClassNotFoundException': sun/net/www/protocol/e/Handler> (0x00000000d80554f0) thrown at [C:\cygwin64\tmp\ojdkbuild\lookaside\java-1.8.0-openjdk\hotspot\src\share\vm\classfile\systemDictionary.cpp, line 217]
Event: 7.507 Thread 0x000002479d32c800 Exception <a 'java/lang/ClassNotFoundException': sun/net/www/protocol/e/Handler> (0x00000000d8168ae0) thrown at [C:\cygwin64\tmp\ojdkbuild\lookaside\java-1.8.0-openjdk\hotspot\src\share\vm\classfile\systemDictionary.cpp, line 217]
Event: 7.511 Thread 0x000002479d32c800 Exception <a 'java/lang/ClassNotFoundException': sun/net/www/protocol/e/Handler> (0x00000000d8372b58) thrown at [C:\cygwin64\tmp\ojdkbuild\lookaside\java-1.8.0-openjdk\hotspot\src\share\vm\classfile\systemDictionary.cpp, line 217]
Event: 7.512 Thread 0x000002479d32c800 Exception <a 'java/lang/ClassNotFoundException': sun/net/www/protocol/e/Handler> (0x00000000d8383f78) thrown at [C:\cygwin64\tmp\ojdkbuild\lookaside\java-1.8.0-openjdk\hotspot\src\share\vm\classfile\systemDictionary.cpp, line 217]
Event: 7.514 Thread 0x000002479d32c800 Exception <a 'java/lang/ClassNotFoundException': sun/net/www/protocol/e/Handler> (0x00000000d83d5d50) thrown at [C:\cygwin64\tmp\ojdkbuild\lookaside\java-1.8.0-openjdk\hotspot\src\share\vm\classfile\systemDictionary.cpp, line 217]
Event: 7.515 Thread 0x000002479d32c800 Exception <a 'java/lang/ClassNotFoundException': sun/net/www/protocol/e/Handler> (0x00000000d853baf8) thrown at [C:\cygwin64\tmp\ojdkbuild\lookaside\java-1.8.0-openjdk\hotspot\src\share\vm\classfile\systemDictionary.cpp, line 217]
Event: 7.515 Thread 0x000002479d32c800 Exception <a 'java/lang/ClassNotFoundException': sun/net/www/protocol/e/Handler> (0x00000000d854b6d8) thrown at [C:\cygwin64\tmp\ojdkbuild\lookaside\java-1.8.0-openjdk\hotspot\src\share\vm\classfile\systemDictionary.cpp, line 217]
Event: 7.516 Thread 0x000002479d32c800 Exception <a 'java/lang/ClassNotFoundException': sun/net/www/protocol/e/Handler> (0x00000000d855a998) thrown at [C:\cygwin64\tmp\ojdkbuild\lookaside\java-1.8.0-openjdk\hotspot\src\share\vm\classfile\systemDictionary.cpp, line 217]
Event: 7.520 Thread 0x000002479d32c800 Exception <a 'java/lang/ClassNotFoundException': sun/net/www/protocol/e/Handler> (0x00000000d866e360) thrown at [C:\cygwin64\tmp\ojdkbuild\lookaside\java-1.8.0-openjdk\hotspot\src\share\vm\classfile\systemDictionary.cpp, line 217]
Event: 7.524 Thread 0x000002479d32c800 Exception <a 'java/lang/ClassNotFoundException': sun/net/www/protocol/e/Handler> (0x00000000d88783d8) thrown at [C:\cygwin64\tmp\ojdkbuild\lookaside\java-1.8.0-openjdk\hotspot\src\share\vm\classfile\systemDictionary.cpp, line 217]
Event: 7.525 Thread 0x000002479d32c800 Exception <a 'java/lang/ClassNotFoundException': sun/net/www/protocol/e/Handler> (0x00000000d88897f8) thrown at [C:\cygwin64\tmp\ojdkbuild\lookaside\java-1.8.0-openjdk\hotspot\src\share\vm\classfile\systemDictionary.cpp, line 217]
Event: 7.526 Thread 0x000002479d32c800 Exception <a 'java/lang/ClassNotFoundException': sun/net/www/protocol/e/Handler> (0x00000000d88db5d0) thrown at [C:\cygwin64\tmp\ojdkbuild\lookaside\java-1.8.0-openjdk\hotspot\src\share\vm\classfile\systemDictionary.cpp, line 217]
Event: 7.527 Thread 0x000002479d32c800 Exception <a 'java/lang/ClassNotFoundException': sun/net/www/protocol/e/Handler> (0x00000000d88f0a00) thrown at [C:\cygwin64\tmp\ojdkbuild\lookaside\java-1.8.0-openjdk\hotspot\src\share\vm\classfile\systemDictionary.cpp, line 217]
Event: 7.528 Thread 0x000002479d32c800 Exception <a 'java/lang/ClassNotFoundException': sun/net/www/protocol/e/Handler> (0x00000000d89005e0) thrown at [C:\cygwin64\tmp\ojdkbuild\lookaside\java-1.8.0-openjdk\hotspot\src\share\vm\classfile\systemDictionary.cpp, line 217]
Event: 7.528 Thread 0x000002479d32c800 Exception <a 'java/lang/ClassNotFoundException': sun/net/www/protocol/e/Handler> (0x00000000d890f8a0) thrown at [C:\cygwin64\tmp\ojdkbuild\lookaside\java-1.8.0-openjdk\hotspot\src\share\vm\classfile\systemDictionary.cpp, line 217]
Event: 7.538 Thread 0x000002479d32c800 Exception <a 'java/lang/ClassNotFoundException': java/lang/ObjectCustomizer> (0x00000000d8bd6f78) thrown at [C:\cygwin64\tmp\ojdkbuild\lookaside\java-1.8.0-openjdk\hotspot\src\share\vm\classfile\systemDictionary.cpp, line 217]
Event: 7.539 Thread 0x000002479d32c800 Exception <a 'java/lang/ClassNotFoundException': ai/pelican/camel/debulk/InMemoryPainGeneratorFilterCustomizer> (0x00000000d8bf97a8) thrown at [C:\cygwin64\tmp\ojdkbuild\lookaside\java-1.8.0-openjdk\hotspot\src\share\vm\classfile\systemDictionary.cpp, lin
Event: 7.607 Thread 0x000002479d32c800 Exception <a 'java/lang/ClassNotFoundException': java/lang/ObjectCustomizer> (0x00000000d91fbde0) thrown at [C:\cygwin64\tmp\ojdkbuild\lookaside\java-1.8.0-openjdk\hotspot\src\share\vm\classfile\systemDictionary.cpp, line 217]
Event: 7.608 Thread 0x000002479d32c800 Exception <a 'java/lang/ClassNotFoundException': ai/pelican/camel/js/processor/JavascriptProcessorCustomizer> (0x00000000d921d770) thrown at [C:\cygwin64\tmp\ojdkbuild\lookaside\java-1.8.0-openjdk\hotspot\src\share\vm\classfile\systemDictionary.cpp, line 
Event: 7.609 Thread 0x000002479d32c800 Exception <a 'java/lang/ClassNotFoundException': java/lang/ObjectCustomizer> (0x00000000d924cba0) thrown at [C:\cygwin64\tmp\ojdkbuild\lookaside\java-1.8.0-openjdk\hotspot\src\share\vm\classfile\systemDictionary.cpp, line 217]
Event: 7.609 Thread 0x000002479d32c800 Exception <a 'java/lang/ClassNotFoundException': ai/pelican/camel/js/processor/JSAggregateCustomizer> (0x00000000d926b9e0) thrown at [C:\cygwin64\tmp\ojdkbuild\lookaside\java-1.8.0-openjdk\hotspot\src\share\vm\classfile\systemDictionary.cpp, line 217]
Event: 7.610 Thread 0x000002479d32c800 Exception <a 'java/lang/ClassNotFoundException': org/apache/camel/processor/aggregate/AggregationStrategyCustomizer> (0x00000000d929f7b0) thrown at [C:\cygwin64\tmp\ojdkbuild\lookaside\java-1.8.0-openjdk\hotspot\src\share\vm\classfile\systemDictionary.cpp
Event: 7.614 Thread 0x000002479d32c800 Exception <a 'java/lang/ClassNotFoundException': ai/pelican/camel/init/TableInformationXMLBeanInfo> (0x00000000d92f1290) thrown at [C:\cygwin64\tmp\ojdkbuild\lookaside\java-1.8.0-openjdk\hotspot\src\share\vm\classfile\systemDictionary.cpp, line 217]
Event: 7.614 Thread 0x000002479d32c800 Exception <a 'java/lang/ClassNotFoundException': ai/pelican/camel/init/TableInformationXMLCustomizer> (0x00000000d930c080) thrown at [C:\cygwin64\tmp\ojdkbuild\lookaside\java-1.8.0-openjdk\hotspot\src\share\vm\classfile\systemDictionary.cpp, line 217]
Event: 7.631 Thread 0x000002479d32c800 Exception <a 'java/lang/ClassNotFoundException': java/lang/ObjectCustomizer> (0x00000000d97cdc30) thrown at [C:\cygwin64\tmp\ojdkbuild\lookaside\java-1.8.0-openjdk\hotspot\src\share\vm\classfile\systemDictionary.cpp, line 217]
Event: 7.631 Thread 0x000002479d32c800 Exception <a 'java/lang/ClassNotFoundException': ai/pelican/camel/hazelcast/HazelCastDataLoaderCustomizer> (0x00000000d97edeb0) thrown at [C:\cygwin64\tmp\ojdkbuild\lookaside\java-1.8.0-openjdk\hotspot\src\share\vm\classfile\systemDictionary.cpp, line 217
Event: 7.633 Thread 0x000002479d32c800 Exception <a 'java/lang/ClassNotFoundException': java/lang/ObjectCustomizer> (0x00000000d9814838) thrown at [C:\cygwin64\tmp\ojdkbuild\lookaside\java-1.8.0-openjdk\hotspot\src\share\vm\classfile\systemDictionary.cpp, line 217]
Event: 7.633 Thread 0x000002479d32c800 Exception <a 'java/lang/ClassNotFoundException': ai/pelican/camel/hazelcast/HazelCastFileLoaderCustomizer> (0x00000000d9834ab8) thrown at [C:\cygwin64\tmp\ojdkbuild\lookaside\java-1.8.0-openjdk\hotspot\src\share\vm\classfile\systemDictionary.cpp, line 217
Event: 7.638 Thread 0x000002479d32c800 Exception <a 'java/lang/ClassNotFoundException': java/lang/ObjectCustomizer> (0x00000000d98a92c8) thrown at [C:\cygwin64\tmp\ojdkbuild\lookaside\java-1.8.0-openjdk\hotspot\src\share\vm\classfile\systemDictionary.cpp, line 217]
Event: 7.639 Thread 0x000002479d32c800 Exception <a 'java/lang/ClassNotFoundException': org/apache/camel/impl/DefaultHeaderFilterStrategyCustomizer> (0x00000000d98e0568) thrown at [C:\cygwin64\tmp\ojdkbuild\lookaside\java-1.8.0-openjdk\hotspot\src\share\vm\classfile\systemDictionary.cpp, line 
Event: 7.639 Thread 0x000002479d32c800 Exception <a 'java/lang/ClassNotFoundException': org/apache/camel/spi/HeaderFilterStrategyCustomizer> (0x00000000d991b078) thrown at [C:\cygwin64\tmp\ojdkbuild\lookaside\java-1.8.0-openjdk\hotspot\src\share\vm\classfile\systemDictionary.cpp, line 217]
Event: 7.649 Thread 0x000002479d32c800 Exception <a 'java/lang/ClassNotFoundException': ai/pelican/camel/license/LicensePulseUtilityBeanInfo> (0x00000000d9ab8890) thrown at [C:\cygwin64\tmp\ojdkbuild\lookaside\java-1.8.0-openjdk\hotspot\src\share\vm\classfile\systemDictionary.cpp, line 217]
Event: 7.649 Thread 0x000002479d32c800 Exception <a 'java/lang/ClassNotFoundException': ai/pelican/camel/license/LicensePulseUtilityCustomizer> (0x00000000d9ad3e00) thrown at [C:\cygwin64\tmp\ojdkbuild\lookaside\java-1.8.0-openjdk\hotspot\src\share\vm\classfile\systemDictionary.cpp, line 217]
Event: 7.669 Thread 0x000002479d32c800 Exception <a 'java/lang/ClassNotFoundException': com/ibm/net/ssl/internal/www/protocol/https/Handler> (0x00000000d9cafb10) thrown at [C:\cygwin64\tmp\ojdkbuild\lookaside\java-1.8.0-openjdk\hotspot\src\share\vm\classfile\systemDictionary.cpp, line 217]
Event: 7.750 Thread 0x00000247bf4cd000 Exception <a 'java/io/FileNotFoundException'> (0x00000000da6a3a40) thrown at [C:\cygwin64\tmp\ojdkbuild\lookaside\java-1.8.0-openjdk\hotspot\src\share\vm\prims\jni.cpp, line 713]
Event: 7.887 Thread 0x00000247bf4cd000 Exception <a 'java/lang/NoSuchMethodError': <clinit>> (0x00000000da942ea8) thrown at [C:\cygwin64\tmp\ojdkbuild\lookaside\java-1.8.0-openjdk\hotspot\src\share\vm\prims\jni.cpp, line 1618]
Event: 7.888 Thread 0x00000247bf4cd000 Exception <a 'java/lang/NoSuchMethodError': <clinit>> (0x00000000da956608) thrown at [C:\cygwin64\tmp\ojdkbuild\lookaside\java-1.8.0-openjdk\hotspot\src\share\vm\prims\jni.cpp, line 1618]
Event: 7.890 Thread 0x00000247bf4cd000 Exception <a 'java/lang/NoSuchMethodError': <clinit>> (0x00000000da9810e8) thrown at [C:\cygwin64\tmp\ojdkbuild\lookaside\java-1.8.0-openjdk\hotspot\src\share\vm\prims\jni.cpp, line 1618]
Event: 7.890 Thread 0x00000247bf4cd000 Exception <a 'java/lang/NoSuchMethodError': <clinit>> (0x00000000da9a0590) thrown at [C:\cygwin64\tmp\ojdkbuild\lookaside\java-1.8.0-openjdk\hotspot\src\share\vm\prims\jni.cpp, line 1618]
Event: 7.998 Thread 0x00000247bf4cd000 Exception <a 'java/lang/NoSuchMethodError': <clinit>> (0x00000000da9b9f88) thrown at [C:\cygwin64\tmp\ojdkbuild\lookaside\java-1.8.0-openjdk\hotspot\src\share\vm\prims\jni.cpp, line 1618]
Event: 7.998 Thread 0x00000247bf4cd000 Exception <a 'java/lang/NoSuchMethodError': <clinit>> (0x00000000da9c3e38) thrown at [C:\cygwin64\tmp\ojdkbuild\lookaside\java-1.8.0-openjdk\hotspot\src\share\vm\prims\jni.cpp, line 1618]
Event: 7.999 Thread 0x00000247bf4cd000 Exception <a 'java/lang/NoSuchMethodError': <clinit>> (0x00000000da9ce0d0) thrown at [C:\cygwin64\tmp\ojdkbuild\lookaside\java-1.8.0-openjdk\hotspot\src\share\vm\prims\jni.cpp, line 1618]
Event: 8.003 Thread 0x00000247bf4cd000 Exception <a 'java/lang/NoSuchMethodError': <clinit>> (0x00000000daa22bc8) thrown at [C:\cygwin64\tmp\ojdkbuild\lookaside\java-1.8.0-openjdk\hotspot\src\share\vm\prims\jni.cpp, line 1618]
Event: 8.005 Thread 0x00000247bf4cd000 Exception <a 'java/lang/NoSuchMethodError': <clinit>> (0x00000000daa5a3c8) thrown at [C:\cygwin64\tmp\ojdkbuild\lookaside\java-1.8.0-openjdk\hotspot\src\share\vm\prims\jni.cpp, line 1618]
Event: 8.022 Thread 0x00000247bf4cd000 Exception <a 'java/lang/NoSuchMethodError': <clinit>> (0x00000000dab16148) thrown at [C:\cygwin64\tmp\ojdkbuild\lookaside\java-1.8.0-openjdk\hotspot\src\share\vm\prims\jni.cpp, line 1618]
Event: 8.027 Thread 0x00000247bf4cd000 Exception <a 'java/lang/NoSuchMethodError': <clinit>> (0x00000000dabd2c00) thrown at [C:\cygwin64\tmp\ojdkbuild\lookaside\java-1.8.0-openjdk\hotspot\src\share\vm\prims\jni.cpp, line 1618]
Event: 8.031 Thread 0x000002479d32c800 Exception <a 'java/lang/ClassNotFoundException': java/lang/ObjectCustomizer> (0x00000000da191be0) thrown at [C:\cygwin64\tmp\ojdkbuild\lookaside\java-1.8.0-openjdk\hotspot\src\share\vm\classfile\systemDictionary.cpp, line 217]
Event: 8.031 Thread 0x000002479d32c800 Exception <a 'java/lang/ClassNotFoundException': ai/pelican/camel/interact/InterActFileCustomizer> (0x00000000da1af310) thrown at [C:\cygwin64\tmp\ojdkbuild\lookaside\java-1.8.0-openjdk\hotspot\src\share\vm\classfile\systemDictionary.cpp, line 217]
Event: 8.073 Thread 0x000002479d32c800 Exception <a 'java/lang/ClassNotFoundException': java/lang/ObjectCustomizer> (0x00000000dad35ff8) thrown at [C:\cygwin64\tmp\ojdkbuild\lookaside\java-1.8.0-openjdk\hotspot\src\share\vm\classfile\systemDictionary.cpp, line 217]
Event: 8.073 Thread 0x000002479d32c800 Exception <a 'java/lang/ClassNotFoundException': org/xml/sax/helpers/DefaultHandlerCustomizer> (0x00000000dad461b8) thrown at [C:\cygwin64\tmp\ojdkbuild\lookaside\java-1.8.0-openjdk\hotspot\src\share\vm\classfile\systemDictionary.cpp, line 217]
Event: 8.073 Thread 0x000002479d32c800 Exception <a 'java/lang/ClassNotFoundException': ai/pelican/camel/extractors/MXMsgExtractorCustomizer> (0x00000000dad6ae70) thrown at [C:\cygwin64\tmp\ojdkbuild\lookaside\java-1.8.0-openjdk\hotspot\src\share\vm\classfile\systemDictionary.cpp, line 217]
Event: 8.074 Thread 0x000002479d32c800 Exception <a 'java/lang/ClassNotFoundException': ai/pelican/camel/extractors/ServiceExtratorInterfaceCustomizer> (0x00000000dad9a530) thrown at [C:\cygwin64\tmp\ojdkbuild\lookaside\java-1.8.0-openjdk\hotspot\src\share\vm\classfile\systemDictionary.cpp, li
Event: 8.074 Thread 0x000002479d32c800 Exception <a 'java/lang/ClassNotFoundException': ai/pelican/camel/exception/ErrorHandlerCustomizer> (0x00000000dadb5510) thrown at [C:\cygwin64\tmp\ojdkbuild\lookaside\java-1.8.0-openjdk\hotspot\src\share\vm\classfile\systemDictionary.cpp, line 217]
Event: 8.074 Thread 0x000002479d32c800 Exception <a 'java/lang/ClassNotFoundException': org/xml/sax/EntityResolverCustomizer> (0x00000000dadc0768) thrown at [C:\cygwin64\tmp\ojdkbuild\lookaside\java-1.8.0-openjdk\hotspot\src\share\vm\classfile\systemDictionary.cpp, line 217]
Event: 8.074 Thread 0x000002479d32c800 Exception <a 'java/lang/ClassNotFoundException': org/xml/sax/DTDHandlerCustomizer> (0x00000000dadcba20) thrown at [C:\cygwin64\tmp\ojdkbuild\lookaside\java-1.8.0-openjdk\hotspot\src\share\vm\classfile\systemDictionary.cpp, line 217]
Event: 8.074 Thread 0x000002479d32c800 Exception <a 'java/lang/ClassNotFoundException': org/xml/sax/ContentHandlerCustomizer> (0x00000000dadd82d0) thrown at [C:\cygwin64\tmp\ojdkbuild\lookaside\java-1.8.0-openjdk\hotspot\src\share\vm\classfile\systemDictionary.cpp, line 217]
Event: 8.075 Thread 0x000002479d32c800 Exception <a 'java/lang/ClassNotFoundException': org/xml/sax/ErrorHandlerCustomizer> (0x00000000dade84a8) thrown at [C:\cygwin64\tmp\ojdkbuild\lookaside\java-1.8.0-openjdk\hotspot\src\share\vm\classfile\systemDictionary.cpp, line 217]
Event: 8.079 Thread 0x000002479d32c800 Exception <a 'java/lang/ClassNotFoundException': java/lang/ObjectCustomizer> (0x00000000dae5e8f0) thrown at [C:\cygwin64\tmp\ojdkbuild\lookaside\java-1.8.0-openjdk\hotspot\src\share\vm\classfile\systemDictionary.cpp, line 217]
Event: 8.079 Thread 0x000002479d32c800 Exception <a 'java/lang/ClassNotFoundException': ai/pelican/camel/interfaces/FileDebulkAggregationStrategyCustomizer> (0x00000000dae82c60) thrown at [C:\cygwin64\tmp\ojdkbuild\lookaside\java-1.8.0-openjdk\hotspot\src\share\vm\classfile\systemDictionary.cp
Event: 8.080 Thread 0x000002479d32c800 Exception <a 'java/lang/ClassNotFoundException': org/apache/camel/processor/aggregate/AggregationStrategyCustomizer> (0x00000000daeb7638) thrown at [C:\cygwin64\tmp\ojdkbuild\lookaside\java-1.8.0-openjdk\hotspot\src\share\vm\classfile\systemDictionary.cpp
Event: 8.081 Thread 0x000002479d32c800 Exception <a 'java/lang/ClassNotFoundException': java/lang/ObjectCustomizer> (0x00000000daed4140) thrown at [C:\cygwin64\tmp\ojdkbuild\lookaside\java-1.8.0-openjdk\hotspot\src\share\vm\classfile\systemDictionary.cpp, line 217]
Event: 8.082 Thread 0x000002479d32c800 Exception <a 'java/lang/ClassNotFoundException': ai/pelican/camel/interfaces/FileDebulkAggregationCompletionCustomizer> (0x00000000daef8c08) thrown at [C:\cygwin64\tmp\ojdkbuild\lookaside\java-1.8.0-openjdk\hotspot\src\share\vm\classfile\systemDictionary.
Event: 8.090 Thread 0x000002479d32c800 Exception <a 'java/lang/ClassNotFoundException': java/lang/ObjectCustomizer> (0x00000000dafbc7d8) thrown at [C:\cygwin64\tmp\ojdkbuild\lookaside\java-1.8.0-openjdk\hotspot\src\share\vm\classfile\systemDictionary.cpp, line 217]
Event: 8.090 Thread 0x000002479d32c800 Exception <a 'java/lang/ClassNotFoundException': org/springframework/transaction/support/AbstractPlatformTransactionManagerCustomizer> (0x00000000dafe6640) thrown at [C:\cygwin64\tmp\ojdkbuild\lookaside\java-1.8.0-openjdk\hotspot\src\share\vm\classfile\sy
Event: 8.091 Thread 0x000002479d32c800 Exception <a 'java/lang/ClassNotFoundException': org/springframework/jdbc/datasource/DataSourceTransactionManagerCustomizer> (0x00000000db0213e0) thrown at [C:\cygwin64\tmp\ojdkbuild\lookaside\java-1.8.0-openjdk\hotspot\src\share\vm\classfile\systemDictio
Event: 8.091 Thread 0x000002479d32c800 Exception <a 'java/lang/ClassNotFoundException': org/springframework/transaction/support/ResourceTransactionManagerCustomizer> (0x00000000db060ae0) thrown at [C:\cygwin64\tmp\ojdkbuild\lookaside\java-1.8.0-openjdk\hotspot\src\share\vm\classfile\systemDict
Event: 8.092 Thread 0x000002479d32c800 Exception <a 'java/lang/ClassNotFoundException': org/springframework/transaction/PlatformTransactionManagerCustomizer> (0x00000000db082d58) thrown at [C:\cygwin64\tmp\ojdkbuild\lookaside\java-1.8.0-openjdk\hotspot\src\share\vm\classfile\systemDictionary.c
Event: 8.092 Thread 0x000002479d32c800 Exception <a 'java/lang/ClassNotFoundException': org/springframework/transaction/TransactionManagerCustomizer> (0x00000000db0a2f38) thrown at [C:\cygwin64\tmp\ojdkbuild\lookaside\java-1.8.0-openjdk\hotspot\src\share\vm\classfile\systemDictionary.cpp, line
Event: 8.092 Thread 0x000002479d32c800 Exception <a 'java/lang/ClassNotFoundException': org/springframework/beans/factory/InitializingBeanCustomizer> (0x00000000db0c1168) thrown at [C:\cygwin64\tmp\ojdkbuild\lookaside\java-1.8.0-openjdk\hotspot\src\share\vm\classfile\systemDictionary.cpp, line
Event: 8.092 Thread 0x000002479d32c800 Exception <a 'java/lang/ClassNotFoundException': org/springframework/transaction/PlatformTransactionManagerCustomizer> (0x00000000db0e2780) thrown at [C:\cygwin64\tmp\ojdkbuild\lookaside\java-1.8.0-openjdk\hotspot\src\share\vm\classfile\systemDictionary.c
Event: 8.092 Thread 0x000002479d32c800 Exception <a 'java/lang/ClassNotFoundException': org/springframework/transaction/TransactionManagerCustomizer> (0x00000000db102678) thrown at [C:\cygwin64\tmp\ojdkbuild\lookaside\java-1.8.0-openjdk\hotspot\src\share\vm\classfile\systemDictionary.cpp, line
Event: 8.097 Thread 0x000002479d32c800 Exception <a 'java/lang/ClassNotFoundException': java/lang/ObjectCustomizer> (0x00000000db183518) thrown at [C:\cygwin64\tmp\ojdkbuild\lookaside\java-1.8.0-openjdk\hotspot\src\share\vm\classfile\systemDictionary.cpp, line 217]
Event: 8.098 Thread 0x000002479d32c800 Exception <a 'java/lang/ClassNotFoundException': ai/pelican/camel/utils/HeaderFilterCustomizer> (0x00000000db19fc90) thrown at [C:\cygwin64\tmp\ojdkbuild\lookaside\java-1.8.0-openjdk\hotspot\src\share\vm\classfile\systemDictionary.cpp, line 217]
Event: 8.098 Thread 0x000002479d32c800 Exception <a 'java/lang/ClassNotFoundException': org/apache/camel/spi/HeaderFilterStrategyCustomizer> (0x00000000db1ca418) thrown at [C:\cygwin64\tmp\ojdkbuild\lookaside\java-1.8.0-openjdk\hotspot\src\share\vm\classfile\systemDictionary.cpp, line 217]
Event: 8.145 Thread 0x000002479d32c800 Exception <a 'java/lang/ClassNotFoundException': java/lang/ObjectCustomizer> (0x00000000db713d98) thrown at [C:\cygwin64\tmp\ojdkbuild\lookaside\java-1.8.0-openjdk\hotspot\src\share\vm\classfile\systemDictionary.cpp, line 217]
Event: 8.146 Thread 0x000002479d32c800 Exception <a 'java/lang/ClassNotFoundException': org/springframework/web/servlet/config/annotation/WebMvcConfigurationSupportCustomizer> (0x00000000db73e7c8) thrown at [C:\cygwin64\tmp\ojdkbuild\lookaside\java-1.8.0-openjdk\hotspot\src\share\vm\classfile\
Event: 8.146 Thread 0x000002479d32c800 Exception <a 'java/lang/ClassNotFoundException': org/springframework/web/servlet/config/annotation/DelegatingWebMvcConfigurationCustomizer> (0x00000000db77e0b8) thrown at [C:\cygwin64\tmp\ojdkbuild\lookaside\java-1.8.0-openjdk\hotspot\src\share\vm\classfi
Event: 8.147 Thread 0x000002479d32c800 Exception <a 'java/lang/ClassNotFoundException': org/springframework/boot/autoconfigure/web/servlet/WebMvcAutoConfiguration$EnableWebMvcConfigurationCustomizer> (0x00000000db7b5048) thrown at [C:\cygwin64\tmp\ojdkbuild\lookaside\java-1.8.0-openjdk\hotspot
Event: 8.147 Thread 0x000002479d32c800 Exception <a 'java/lang/ClassNotFoundException': org/springframework/context/ResourceLoaderAwareCustomizer> (0x00000000db7ec738) thrown at [C:\cygwin64\tmp\ojdkbuild\lookaside\java-1.8.0-openjdk\hotspot\src\share\vm\classfile\systemDictionary.cpp, line 21
Event: 8.147 Thread 0x000002479d32c800 Exception <a 'java/lang/ClassNotFoundException': org/springframework/beans/factory/AwareCustomizer> (0x00000000db8079d0) thrown at [C:\cygwin64\tmp\ojdkbuild\lookaside\java-1.8.0-openjdk\hotspot\src\share\vm\classfile\systemDictionary.cpp, line 217]
Event: 8.148 Thread 0x000002479d32c800 Exception <a 'java/lang/ClassNotFoundException': org/springframework/context/ApplicationContextAwareCustomizer> (0x00000000db8260b0) thrown at [C:\cygwin64\tmp\ojdkbuild\lookaside\java-1.8.0-openjdk\hotspot\src\share\vm\classfile\systemDictionary.cpp, lin
Event: 8.148 Thread 0x000002479d32c800 Exception <a 'java/lang/ClassNotFoundException': org/springframework/beans/factory/AwareCustomizer> (0x00000000db841950) thrown at [C:\cygwin64\tmp\ojdkbuild\lookaside\java-1.8.0-openjdk\hotspot\src\share\vm\classfile\systemDictionary.cpp, line 217]
Event: 8.148 Thread 0x000002479d32c800 Exception <a 'java/lang/ClassNotFoundException': org/springframework/web/context/ServletContextAwareCustomizer> (0x00000000db860160) thrown at [C:\cygwin64\tmp\ojdkbuild\lookaside\java-1.8.0-openjdk\hotspot\src\share\vm\classfile\systemDictionary.cpp, lin
Event: 8.148 Thread 0x000002479d32c800 Exception <a 'java/lang/ClassNotFoundException': org/springframework/beans/factory/AwareCustomizer> (0x00000000db87b470) thrown at [C:\cygwin64\tmp\ojdkbuild\lookaside\java-1.8.0-openjdk\hotspot\src\share\vm\classfile\systemDictionary.cpp, line 217]
Event: 8.335 Thread 0x000002479d32c800 Exception <a 'java/lang/NoSuchMethodError': java.lang.Object.lambda$thenComparing$36697e65$1(Ljava/util/Comparator;Ljava/lang/Object;Ljava/lang/Object;)I> (0x00000000dd07fe40) thrown at [C:\cygwin64\tmp\ojdkbuild\lookaside\java-1.8.0-openjdk\hotspot\src\s
Event: 8.373 Thread 0x000002479d32c800 Exception <a 'java/lang/IncompatibleClassChangeError': Found class java.lang.Object, but interface was expected> (0x00000000dd3ea610) thrown at [C:\cygwin64\tmp\ojdkbuild\lookaside\java-1.8.0-openjdk\hotspot\src\share\vm\interpreter\linkResolver.cpp, line
Event: 8.757 Thread 0x000002479d32c800 Exception <a 'java/lang/ClassNotFoundException': com/sun/org/glassfish/hk2/osgiresourcelocator/ServiceLoader> (0x00000000e0a22060) thrown at [C:\cygwin64\tmp\ojdkbuild\lookaside\java-1.8.0-openjdk\hotspot\src\share\vm\classfile\systemDictionary.cpp, line 
Event: 8.762 Thread 0x000002479d32c800 Implicit null exception at 0x000002479f32eac8 to 0x000002479f32f09d
Event: 42250.050 Thread 0x00000247b5fc1800 Implicit null exception at 0x00000247a05f2210 to 0x00000247a05f4f71
Event: 42250.059 Thread 0x00000247b5fc1000 Implicit null exception at 0x00000247a05f2210 to 0x00000247a05f4f71
Event: 170423.753 Thread 0x00000247b99fa000 Exception <a 'java/net/ConnectException': Connection timed out: connect> (0x00000000d622e1a0) thrown at [C:\cygwin64\tmp\ojdkbuild\lookaside\java-1.8.0-openjdk\hotspot\src\share\vm\prims\jni.cpp, line 740]
Event: 265397.419 Thread 0x00000247b99fc800 Exception <a 'java/net/SocketTimeoutException': Read timed out> (0x00000000dbd1f2d8) thrown at [C:\cygwin64\tmp\ojdkbuild\lookaside\java-1.8.0-openjdk\hotspot\src\share\vm\prims\jni.cpp, line 740]
Event: 394371.357 Thread 0x00000247b99fb800 Exception <a 'java/net/SocketTimeoutException': Read timed out> (0x00000000dab02880) thrown at [C:\cygwin64\tmp\ojdkbuild\lookaside\java-1.8.0-openjdk\hotspot\src\share\vm\prims\jni.cpp, line 740]
Event: 422262.857 Thread 0x00000247b99fd800 Exception <a 'java/net/SocketTimeoutException': Read timed out> (0x00000000db0f97e0) thrown at [C:\cygwin64\tmp\ojdkbuild\lookaside\java-1.8.0-openjdk\hotspot\src\share\vm\prims\jni.cpp, line 740]
Event: 433767.944 Thread 0x00000247b9a00000 Exception <a 'java/io/IOException'> (0x00000000db64d358) thrown at [C:\cygwin64\tmp\ojdkbuild\lookaside\java-1.8.0-openjdk\hotspot\src\share\vm\prims\jni.cpp, line 713]
Event: 433767.973 Thread 0x00000247b9a00000 Exception <a 'java/io/IOException'> (0x00000000db64ee48) thrown at [C:\cygwin64\tmp\ojdkbuild\lookaside\java-1.8.0-openjdk\hotspot\src\share\vm\prims\jni.cpp, line 713]
Event: 433768.594 Thread 0x00000247b5fc5800 Implicit null exception at 0x000002479ecacd53 to 0x000002479ecad619
Event: 433768.947 Thread 0x00000247b99fa000 Exception <a 'java/net/ConnectException': Connection refused: connect> (0x00000000db6957d0) thrown at [C:\cygwin64\tmp\ojdkbuild\lookaside\java-1.8.0-openjdk\hotspot\src\share\vm\prims\jni.cpp, line 740]
Event: 433770.213 Thread 0x00000247b99fa000 Exception <a 'java/net/ConnectException': Connection refused: connect> (0x00000000db78cf88) thrown at [C:\cygwin64\tmp\ojdkbuild\lookaside\java-1.8.0-openjdk\hotspot\src\share\vm\prims\jni.cpp, line 740]
Event: 433771.600 Thread 0x00000247b99fa000 Exception <a 'java/net/ConnectException': Connection refused: connect> (0x00000000db7a06b8) thrown at [C:\cygwin64\tmp\ojdkbuild\lookaside\java-1.8.0-openjdk\hotspot\src\share\vm\prims\jni.cpp, line 740]
Event: 433773.167 Thread 0x00000247b99fa000 Exception <a 'java/net/ConnectException': Connection refused: connect> (0x00000000db7bf630) thrown at [C:\cygwin64\tmp\ojdkbuild\lookaside\java-1.8.0-openjdk\hotspot\src\share\vm\prims\jni.cpp, line 740]
Event: 433775.020 Thread 0x00000247b99fa000 Exception <a 'java/net/ConnectException': Connection refused: connect> (0x00000000db7d2d90) thrown at [C:\cygwin64\tmp\ojdkbuild\lookaside\java-1.8.0-openjdk\hotspot\src\share\vm\prims\jni.cpp, line 740]
Event: 433777.288 Thread 0x00000247b99fa000 Exception <a 'java/net/ConnectException': Connection refused: connect> (0x00000000db7e64c0) thrown at [C:\cygwin64\tmp\ojdkbuild\lookaside\java-1.8.0-openjdk\hotspot\src\share\vm\prims\jni.cpp, line 740]
Event: 433780.189 Thread 0x00000247b99fa000 Exception <a 'java/net/ConnectException': Connection refused: connect> (0x00000000db803850) thrown at [C:\cygwin64\tmp\ojdkbuild\lookaside\java-1.8.0-openjdk\hotspot\src\share\vm\prims\jni.cpp, line 740]
Event: 433783.559 Thread 0x00000247b99fe000 Exception <a 'java/lang/NoSuchMethodError': <clinit>> (0x00000000db8d3720) thrown at [C:\cygwin64\tmp\ojdkbuild\lookaside\java-1.8.0-openjdk\hotspot\src\share\vm\prims\jni.cpp, line 1618]
Event: 433783.562 Thread 0x00000247b99fe000 Exception <a 'java/lang/NoSuchMethodError': <clinit>> (0x00000000db901970) thrown at [C:\cygwin64\tmp\ojdkbuild\lookaside\java-1.8.0-openjdk\hotspot\src\share\vm\prims\jni.cpp, line 1618]
Event: 433783.562 Thread 0x00000247b99fe000 Exception <a 'java/lang/NoSuchMethodError': <clinit>> (0x00000000db90cb18) thrown at [C:\cygwin64\tmp\ojdkbuild\lookaside\java-1.8.0-openjdk\hotspot\src\share\vm\prims\jni.cpp, line 1618]
Event: 433784.038 Thread 0x00000247b99fa000 Exception <a 'java/net/ConnectException': Connection refused: connect> (0x00000000db8a70f8) thrown at [C:\cygwin64\tmp\ojdkbuild\lookaside\java-1.8.0-openjdk\hotspot\src\share\vm\prims\jni.cpp, line 740]
Event: 433784.581 Thread 0x00000247b99fd800 Exception <a 'java/lang/InterruptedException': sleep interrupted> (0x00000000dbaa1de8) thrown at [C:\cygwin64\tmp\ojdkbuild\lookaside\java-1.8.0-openjdk\hotspot\src\share\vm\prims\jvm.cpp, line 3381]
Event: 433785.747 Thread 0x00000247b9a00000 Exception <a 'java/lang/NoSuchMethodError': <clinit>> (0x00000000dc733440) thrown at [C:\cygwin64\tmp\ojdkbuild\lookaside\java-1.8.0-openjdk\hotspot\src\share\vm\prims\jni.cpp, line 1618]
Event: 433789.309 Thread 0x00000247b99fa000 Exception <a 'java/net/ConnectException': Connection refused: connect> (0x00000000dc7818d0) thrown at [C:\cygwin64\tmp\ojdkbuild\lookaside\java-1.8.0-openjdk\hotspot\src\share\vm\prims\jni.cpp, line 740]
Event: 433796.724 Thread 0x00000247b99fa000 Exception <a 'java/net/ConnectException': Connection refused: connect> (0x00000000dc795000) thrown at [C:\cygwin64\tmp\ojdkbuild\lookaside\java-1.8.0-openjdk\hotspot\src\share\vm\prims\jni.cpp, line 740]
Event: 433807.328 Thread 0x00000247b99fa000 Exception <a 'java/net/ConnectException': Connection refused: connect> (0x00000000dc88b5b0) thrown at [C:\cygwin64\tmp\ojdkbuild\lookaside\java-1.8.0-openjdk\hotspot\src\share\vm\prims\jni.cpp, line 740]
Event: 433838.340 Thread 0x00000247b99fa000 Exception <a 'java/net/ConnectException': Connection timed out: connect> (0x00000000dc94b9e0) thrown at [C:\cygwin64\tmp\ojdkbuild\lookaside\java-1.8.0-openjdk\hotspot\src\share\vm\prims\jni.cpp, line 740]
Event: 433914.981 Thread 0x00000247b5fc1000 Implicit null exception at 0x000002479e506360 to 0x000002479e5067c9
Event: 433916.260 Thread 0x00000247b99fb000 Implicit null exception at 0x00000247a0af5403 to 0x00000247a0af6739
Event: 440502.325 Thread 0x00000247b99fc800 Exception <a 'java/net/SocketTimeoutException': Read timed out> (0x00000000dd9b80b8) thrown at [C:\cygwin64\tmp\ojdkbuild\lookaside\java-1.8.0-openjdk\hotspot\src\share\vm\prims\jni.cpp, line 740]
Event: 447908.130 Thread 0x00000247b99fb800 Exception <a 'java/lang/OutOfMemoryError': unable to create new native thread> (0x00000000d6b909a8) thrown at [C:\cygwin64\tmp\ojdkbuild\lookaside\java-1.8.0-openjdk\hotspot\src\share\vm\prims\jvm.cpp, line 3172]

Events (250 events):
Event: 447860.231 Thread 0x00000247b99fc800 Thread exited: 0x00000247b99fc800
Event: 447860.732 Thread 0x00000247b99fc800 Thread added: 0x00000247b99fc800
Event: 447860.733 Thread 0x00000247b99fc800 Thread exited: 0x00000247b99fc800
Event: 447861.236 Thread 0x00000247b99fc800 Thread added: 0x00000247b99fc800
Event: 447861.237 Thread 0x00000247b99fc800 Thread exited: 0x00000247b99fc800
Event: 447861.739 Thread 0x00000247b99fe000 Thread added: 0x00000247b99fe000
Event: 447861.739 Thread 0x00000247b99fe000 Thread exited: 0x00000247b99fe000
Event: 447862.241 Thread 0x00000247b99fe000 Thread added: 0x00000247b99fe000
Event: 447862.241 Thread 0x00000247b99fe000 Thread exited: 0x00000247b99fe000
Event: 447862.743 Thread 0x00000247b99fe000 Thread added: 0x00000247b99fe000
Event: 447862.744 Thread 0x00000247b99fe000 Thread exited: 0x00000247b99fe000
Event: 447863.246 Thread 0x00000247b9a00000 Thread added: 0x00000247b9a00000
Event: 447863.247 Thread 0x00000247b9a00000 Thread exited: 0x00000247b9a00000
Event: 447863.749 Thread 0x00000247b99fa000 Thread added: 0x00000247b99fa000
Event: 447863.759 Thread 0x00000247b99fa000 Thread exited: 0x00000247b99fa000
Event: 447864.262 Thread 0x00000247b99fc800 Thread added: 0x00000247b99fc800
Event: 447864.263 Thread 0x00000247b99fc800 Thread exited: 0x00000247b99fc800
Event: 447864.765 Thread 0x00000247b99fa000 Thread added: 0x00000247b99fa000
Event: 447864.765 Thread 0x00000247b99fa000 Thread exited: 0x00000247b99fa000
Event: 447865.268 Thread 0x00000247b9a00000 Thread added: 0x00000247b9a00000
Event: 447865.268 Thread 0x00000247b9a00000 Thread exited: 0x00000247b9a00000
Event: 447865.770 Thread 0x00000247b9a00000 Thread added: 0x00000247b9a00000
Event: 447865.771 Thread 0x00000247b9a00000 Thread exited: 0x00000247b9a00000
Event: 447866.274 Thread 0x00000247b99fe000 Thread added: 0x00000247b99fe000
Event: 447866.275 Thread 0x00000247b99fe000 Thread exited: 0x00000247b99fe000
Event: 447866.777 Thread 0x00000247b99fc800 Thread added: 0x00000247b99fc800
Event: 447866.778 Thread 0x00000247b99fc800 Thread exited: 0x00000247b99fc800
Event: 447867.116 Thread 0x00000247b9a00000 Thread added: 0x00000247b9a00000
Event: 447867.121 Thread 0x00000247b99fa000 Thread added: 0x00000247b99fa000
Event: 447867.121 Thread 0x00000247b99fa000 Thread exited: 0x00000247b99fa000
Event: 447867.129 Executing VM operation: RevokeBias
Event: 447867.129 Executing VM operation: RevokeBias done
Event: 447867.129 Thread 0x00000247b9a00000 Thread exited: 0x00000247b9a00000
Event: 447867.281 Thread 0x00000247b99fc800 Thread added: 0x00000247b99fc800
Event: 447867.281 Thread 0x00000247b99fc800 Thread exited: 0x00000247b99fc800
Event: 447867.783 Thread 0x00000247b99fc800 Thread added: 0x00000247b99fc800
Event: 447867.783 Thread 0x00000247b99fc800 Thread exited: 0x00000247b99fc800
Event: 447868.286 Thread 0x00000247b9a00000 Thread added: 0x00000247b9a00000
Event: 447868.286 Thread 0x00000247b9a00000 Thread exited: 0x00000247b9a00000
Event: 447868.789 Thread 0x00000247b99fe000 Thread added: 0x00000247b99fe000
Event: 447868.789 Thread 0x00000247b99fe000 Thread exited: 0x00000247b99fe000
Event: 447869.292 Thread 0x00000247b9a00000 Thread added: 0x00000247b9a00000
Event: 447869.293 Thread 0x00000247b9a00000 Thread exited: 0x00000247b9a00000
Event: 447869.796 Thread 0x00000247b99fe000 Thread added: 0x00000247b99fe000
Event: 447869.797 Thread 0x00000247b99fe000 Thread exited: 0x00000247b99fe000
Event: 447870.300 Thread 0x00000247b99fc800 Thread added: 0x00000247b99fc800
Event: 447870.301 Thread 0x00000247b99fc800 Thread exited: 0x00000247b99fc800
Event: 447870.804 Thread 0x00000247b99fa000 Thread added: 0x00000247b99fa000
Event: 447870.804 Thread 0x00000247b99fa000 Thread exited: 0x00000247b99fa000
Event: 447871.307 Thread 0x00000247b99ff000 Thread added: 0x00000247b99ff000
Event: 447871.308 Thread 0x00000247b99ff000 Thread exited: 0x00000247b99ff000
Event: 447871.810 Thread 0x00000247b99fd800 Thread added: 0x00000247b99fd800
Event: 447871.810 Thread 0x00000247b99fd800 Thread exited: 0x00000247b99fd800
Event: 447872.313 Thread 0x00000247b99fc800 Thread added: 0x00000247b99fc800
Event: 447872.313 Thread 0x00000247b99fc800 Thread exited: 0x00000247b99fc800
Event: 447872.816 Thread 0x00000247b99fe000 Thread added: 0x00000247b99fe000
Event: 447872.817 Thread 0x00000247b99fe000 Thread exited: 0x00000247b99fe000
Event: 447873.319 Thread 0x00000247b99fc800 Thread added: 0x00000247b99fc800
Event: 447873.320 Thread 0x00000247b99fc800 Thread exited: 0x00000247b99fc800
Event: 447873.822 Thread 0x00000247b99ff000 Thread added: 0x00000247b99ff000
Event: 447873.823 Thread 0x00000247b99ff000 Thread exited: 0x00000247b99ff000
Event: 447874.327 Thread 0x00000247b99fc800 Thread added: 0x00000247b99fc800
Event: 447874.328 Thread 0x00000247b99fc800 Thread exited: 0x00000247b99fc800
Event: 447874.830 Thread 0x00000247b99fc800 Thread added: 0x00000247b99fc800
Event: 447874.830 Thread 0x00000247b99fc800 Thread exited: 0x00000247b99fc800
Event: 447875.333 Thread 0x00000247b99fa000 Thread added: 0x00000247b99fa000
Event: 447875.334 Thread 0x00000247b99fa000 Thread exited: 0x00000247b99fa000
Event: 447875.836 Thread 0x00000247b99fd800 Thread added: 0x00000247b99fd800
Event: 447875.837 Thread 0x00000247b99fd800 Thread exited: 0x00000247b99fd800
Event: 447876.339 Thread 0x00000247b99ff000 Thread added: 0x00000247b99ff000
Event: 447876.340 Thread 0x00000247b99ff000 Thread exited: 0x00000247b99ff000
Event: 447876.843 Thread 0x00000247b99fc800 Thread added: 0x00000247b99fc800
Event: 447876.844 Thread 0x00000247b99fc800 Thread exited: 0x00000247b99fc800
Event: 447877.346 Thread 0x00000247b99fc800 Thread added: 0x00000247b99fc800
Event: 447877.347 Thread 0x00000247b99fc800 Thread exited: 0x00000247b99fc800
Event: 447877.849 Thread 0x00000247b99fe000 Thread added: 0x00000247b99fe000
Event: 447877.849 Thread 0x00000247b99fe000 Thread exited: 0x00000247b99fe000
Event: 447878.351 Thread 0x00000247b99ff000 Thread added: 0x00000247b99ff000
Event: 447878.351 Thread 0x00000247b99ff000 Thread exited: 0x00000247b99ff000
Event: 447878.853 Thread 0x00000247b99fa000 Thread added: 0x00000247b99fa000
Event: 447878.854 Thread 0x00000247b99fa000 Thread exited: 0x00000247b99fa000
Event: 447879.357 Thread 0x00000247b99fc800 Thread added: 0x00000247b99fc800
Event: 447879.357 Thread 0x00000247b99fc800 Thread exited: 0x00000247b99fc800
Event: 447879.859 Thread 0x00000247b99fc800 Thread added: 0x00000247b99fc800
Event: 447879.859 Thread 0x00000247b99fc800 Thread exited: 0x00000247b99fc800
Event: 447880.361 Thread 0x00000247b99fc800 Thread added: 0x00000247b99fc800
Event: 447880.362 Thread 0x00000247b99fc800 Thread exited: 0x00000247b99fc800
Event: 447880.864 Thread 0x00000247b99fc800 Thread added: 0x00000247b99fc800
Event: 447880.865 Thread 0x00000247b99fc800 Thread exited: 0x00000247b99fc800
Event: 447881.367 Thread 0x00000247b9a00000 Thread added: 0x00000247b9a00000
Event: 447881.367 Thread 0x00000247b9a00000 Thread exited: 0x00000247b9a00000
Event: 447881.869 Thread 0x00000247b99fc800 Thread added: 0x00000247b99fc800
Event: 447881.869 Thread 0x00000247b99fc800 Thread exited: 0x00000247b99fc800
Event: 447882.115 Executing VM operation: ParallelGCFailedAllocation
Event: 447882.120 Executing VM operation: ParallelGCFailedAllocation done
Event: 447882.120 Thread 0x00000247b99fc800 Thread added: 0x00000247b99fc800
Event: 447882.125 Thread 0x00000247b99fd800 Thread added: 0x00000247b99fd800
Event: 447882.125 Thread 0x00000247b99fd800 Thread exited: 0x00000247b99fd800
Event: 447882.128 Executing VM operation: RevokeBias
Event: 447882.128 Executing VM operation: RevokeBias done
Event: 447882.128 Thread 0x00000247b99fc800 Thread exited: 0x00000247b99fc800
Event: 447882.371 Thread 0x00000247b99fc800 Thread added: 0x00000247b99fc800
Event: 447882.372 Thread 0x00000247b99fc800 Thread exited: 0x00000247b99fc800
Event: 447882.874 Thread 0x00000247b99fc800 Thread added: 0x00000247b99fc800
Event: 447882.874 Thread 0x00000247b99fc800 Thread exited: 0x00000247b99fc800
Event: 447883.377 Thread 0x00000247b99fc800 Thread added: 0x00000247b99fc800
Event: 447883.379 Thread 0x00000247b99fc800 Thread exited: 0x00000247b99fc800
Event: 447883.882 Thread 0x00000247b99fa000 Thread added: 0x00000247b99fa000
Event: 447883.882 Thread 0x00000247b99fa000 Thread exited: 0x00000247b99fa000
Event: 447884.384 Thread 0x00000247b99fd800 Thread added: 0x00000247b99fd800
Event: 447884.385 Thread 0x00000247b99fd800 Thread exited: 0x00000247b99fd800
Event: 447884.888 Thread 0x00000247b99fc800 Thread added: 0x00000247b99fc800
Event: 447884.888 Thread 0x00000247b99fc800 Thread exited: 0x00000247b99fc800
Event: 447885.390 Thread 0x00000247b99fd800 Thread added: 0x00000247b99fd800
Event: 447885.391 Thread 0x00000247b99fd800 Thread exited: 0x00000247b99fd800
Event: 447885.893 Thread 0x00000247b99ff000 Thread added: 0x00000247b99ff000
Event: 447885.893 Thread 0x00000247b99ff000 Thread exited: 0x00000247b99ff000
Event: 447886.395 Thread 0x00000247b99fc800 Thread added: 0x00000247b99fc800
Event: 447886.395 Thread 0x00000247b99fc800 Thread exited: 0x00000247b99fc800
Event: 447886.898 Thread 0x00000247b99fa000 Thread added: 0x00000247b99fa000
Event: 447886.899 Thread 0x00000247b99fa000 Thread exited: 0x00000247b99fa000
Event: 447887.400 Thread 0x00000247b99fc800 Thread added: 0x00000247b99fc800
Event: 447887.401 Thread 0x00000247b99fc800 Thread exited: 0x00000247b99fc800
Event: 447887.903 Thread 0x00000247b99fc800 Thread added: 0x00000247b99fc800
Event: 447887.903 Thread 0x00000247b99fc800 Thread exited: 0x00000247b99fc800
Event: 447888.405 Thread 0x00000247b9a00000 Thread added: 0x00000247b9a00000
Event: 447888.406 Thread 0x00000247b9a00000 Thread exited: 0x00000247b9a00000
Event: 447888.907 Thread 0x00000247b99fe000 Thread added: 0x00000247b99fe000
Event: 447888.908 Thread 0x00000247b99fe000 Thread exited: 0x00000247b99fe000
Event: 447889.410 Thread 0x00000247b99fa000 Thread added: 0x00000247b99fa000
Event: 447889.410 Thread 0x00000247b99fa000 Thread exited: 0x00000247b99fa000
Event: 447889.913 Thread 0x00000247b99fc800 Thread added: 0x00000247b99fc800
Event: 447889.914 Thread 0x00000247b99fc800 Thread exited: 0x00000247b99fc800
Event: 447890.417 Thread 0x00000247b99fd800 Thread added: 0x00000247b99fd800
Event: 447890.419 Thread 0x00000247b99fd800 Thread exited: 0x00000247b99fd800
Event: 447890.921 Thread 0x00000247b99fc800 Thread added: 0x00000247b99fc800
Event: 447890.922 Thread 0x00000247b99fc800 Thread exited: 0x00000247b99fc800
Event: 447891.424 Thread 0x00000247b99fd800 Thread added: 0x00000247b99fd800
Event: 447891.425 Thread 0x00000247b99fd800 Thread exited: 0x00000247b99fd800
Event: 447891.927 Thread 0x00000247b99fc800 Thread added: 0x00000247b99fc800
Event: 447891.927 Thread 0x00000247b99fc800 Thread exited: 0x00000247b99fc800
Event: 447892.430 Thread 0x00000247b99fe000 Thread added: 0x00000247b99fe000
Event: 447892.431 Thread 0x00000247b99fe000 Thread exited: 0x00000247b99fe000
Event: 447892.933 Thread 0x00000247b99fc800 Thread added: 0x00000247b99fc800
Event: 447892.934 Thread 0x00000247b99fc800 Thread exited: 0x00000247b99fc800
Event: 447893.436 Thread 0x00000247b99fe000 Thread added: 0x00000247b99fe000
Event: 447893.437 Thread 0x00000247b99fe000 Thread exited: 0x00000247b99fe000
Event: 447893.940 Thread 0x00000247b9a00000 Thread added: 0x00000247b9a00000
Event: 447893.940 Thread 0x00000247b9a00000 Thread exited: 0x00000247b9a00000
Event: 447894.443 Thread 0x00000247b99fd800 Thread added: 0x00000247b99fd800
Event: 447894.443 Thread 0x00000247b99fd800 Thread exited: 0x00000247b99fd800
Event: 447894.947 Thread 0x00000247b99fc800 Thread added: 0x00000247b99fc800
Event: 447894.947 Thread 0x00000247b99fc800 Thread exited: 0x00000247b99fc800
Event: 447895.450 Thread 0x00000247b99ff000 Thread added: 0x00000247b99ff000
Event: 447895.451 Thread 0x00000247b99ff000 Thread exited: 0x00000247b99ff000
Event: 447895.953 Thread 0x00000247b99fd800 Thread added: 0x00000247b99fd800
Event: 447895.953 Thread 0x00000247b99fd800 Thread exited: 0x00000247b99fd800
Event: 447896.456 Thread 0x00000247b99fd800 Thread added: 0x00000247b99fd800
Event: 447896.456 Thread 0x00000247b99fd800 Thread exited: 0x00000247b99fd800
Event: 447896.958 Thread 0x00000247b99fd800 Thread added: 0x00000247b99fd800
Event: 447896.959 Thread 0x00000247b99fd800 Thread exited: 0x00000247b99fd800
Event: 447897.115 Thread 0x00000247b99fc800 Thread added: 0x00000247b99fc800
Event: 447897.119 Thread 0x00000247b99fa000 Thread added: 0x00000247b99fa000
Event: 447897.120 Thread 0x00000247b99fa000 Thread exited: 0x00000247b99fa000
Event: 447897.123 Executing VM operation: RevokeBias
Event: 447897.123 Executing VM operation: RevokeBias done
Event: 447897.123 Thread 0x00000247b99fc800 Thread exited: 0x00000247b99fc800
Event: 447897.461 Thread 0x00000247b99fc800 Thread added: 0x00000247b99fc800
Event: 447897.462 Thread 0x00000247b99fc800 Thread exited: 0x00000247b99fc800
Event: 447897.964 Thread 0x00000247b99fe000 Thread added: 0x00000247b99fe000
Event: 447897.964 Thread 0x00000247b99fe000 Thread exited: 0x00000247b99fe000
Event: 447898.468 Thread 0x00000247b99fc800 Thread added: 0x00000247b99fc800
Event: 447898.469 Thread 0x00000247b99fc800 Thread exited: 0x00000247b99fc800
Event: 447898.970 Thread 0x00000247b99fc800 Thread added: 0x00000247b99fc800
Event: 447898.971 Thread 0x00000247b99fc800 Thread exited: 0x00000247b99fc800
Event: 447899.473 Thread 0x00000247b99fc800 Thread added: 0x00000247b99fc800
Event: 447899.475 Thread 0x00000247b99fc800 Thread exited: 0x00000247b99fc800
Event: 447899.980 Thread 0x00000247b99ff000 Thread added: 0x00000247b99ff000
Event: 447899.981 Thread 0x00000247b99ff000 Thread exited: 0x00000247b99ff000
Event: 447900.484 Thread 0x00000247b99fe000 Thread added: 0x00000247b99fe000
Event: 447900.485 Thread 0x00000247b99fe000 Thread exited: 0x00000247b99fe000
Event: 447900.986 Thread 0x00000247b9a00000 Thread added: 0x00000247b9a00000
Event: 447900.987 Thread 0x00000247b9a00000 Thread exited: 0x00000247b9a00000
Event: 447901.490 Thread 0x00000247b99fc800 Thread added: 0x00000247b99fc800
Event: 447901.493 Thread 0x00000247b99fc800 Thread exited: 0x00000247b99fc800
Event: 447901.995 Thread 0x00000247b9a00000 Thread added: 0x00000247b9a00000
Event: 447901.996 Thread 0x00000247b9a00000 Thread exited: 0x00000247b9a00000
Event: 447902.498 Thread 0x00000247b99fc800 Thread added: 0x00000247b99fc800
Event: 447902.498 Thread 0x00000247b99fc800 Thread exited: 0x00000247b99fc800
Event: 447903.001 Thread 0x00000247b99fc800 Thread added: 0x00000247b99fc800
Event: 447903.001 Thread 0x00000247b99fc800 Thread exited: 0x00000247b99fc800
Event: 447903.504 Thread 0x00000247b99fe000 Thread added: 0x00000247b99fe000
Event: 447903.504 Thread 0x00000247b99fe000 Thread exited: 0x00000247b99fe000
Event: 447904.006 Thread 0x00000247b99fc800 Thread added: 0x00000247b99fc800
Event: 447904.007 Thread 0x00000247b99fc800 Thread exited: 0x00000247b99fc800
Event: 447904.510 Thread 0x00000247b99fc800 Thread added: 0x00000247b99fc800
Event: 447904.511 Thread 0x00000247b99fc800 Thread exited: 0x00000247b99fc800
Event: 447905.014 Thread 0x00000247b99fa000 Thread added: 0x00000247b99fa000
Event: 447905.014 Thread 0x00000247b99fa000 Thread exited: 0x00000247b99fa000
Event: 447905.518 Thread 0x00000247b99fd800 Thread added: 0x00000247b99fd800
Event: 447905.518 Thread 0x00000247b99fd800 Thread exited: 0x00000247b99fd800
Event: 447906.020 Thread 0x00000247b99fc800 Thread added: 0x00000247b99fc800
Event: 447906.020 Thread 0x00000247b99fc800 Thread exited: 0x00000247b99fc800
Event: 447906.522 Thread 0x00000247b99fa000 Thread added: 0x00000247b99fa000
Event: 447906.523 Thread 0x00000247b99fa000 Thread exited: 0x00000247b99fa000
Event: 447907.024 Thread 0x00000247b9a00000 Thread added: 0x00000247b9a00000
Event: 447907.025 Thread 0x00000247b9a00000 Thread exited: 0x00000247b9a00000
Event: 447907.527 Thread 0x00000247b99ff000 Thread added: 0x00000247b99ff000
Event: 447907.527 Thread 0x00000247b99ff000 Thread exited: 0x00000247b99ff000
Event: 447908.130 Thread 0x00000247b99fb800 Uncommon trap: trap_request=0x0000008f fr.pc=0x00000247a0d0b494
Event: 447908.130 Thread 0x00000247b99fb800 DEOPT PACKING pc=0x00000247a0d0b494 sp=0x000000f84acff2a0
Event: 447908.130 Thread 0x00000247b99fb800 DEOPT UNPACKING pc=0x000002479e3d5583 sp=0x000000f84acff260 mode 2
Event: 447908.131 Thread 0x00000247b99fb800 Uncommon trap: trap_request=0xffffff65 fr.pc=0x00000247a0a55344
Event: 447908.131 Thread 0x00000247b99fb800 DEOPT PACKING pc=0x00000247a0a55344 sp=0x000000f84acfe390
Event: 447908.131 Thread 0x00000247b99fb800 DEOPT UNPACKING pc=0x000002479e3d5583 sp=0x000000f84acfe310 mode 2
Event: 447908.131 Executing VM operation: RevokeBias
Event: 447908.131 Executing VM operation: RevokeBias done
Event: 447908.132 Thread 0x00000247b2dc9000 flushing nmethod 0x00000247a02d4850
Event: 447908.132 Thread 0x00000247b99fb800 Uncommon trap: trap_request=0xffffffde fr.pc=0x00000247a01bd664
Event: 447908.132 Thread 0x00000247b99fb800 DEOPT PACKING pc=0x00000247a01bd664 sp=0x000000f84acfe750
Event: 447908.132 Thread 0x00000247b99fb800 DEOPT UNPACKING pc=0x000002479e3d5583 sp=0x000000f84acfe720 mode 2
Event: 447908.132 Thread 0x00000247b99fb800 Uncommon trap: trap_request=0xffffffde fr.pc=0x00000247a01bd664
Event: 447908.132 Thread 0x00000247b99fb800 DEOPT PACKING pc=0x00000247a01bd664 sp=0x000000f84acfe850
Event: 447908.132 Thread 0x00000247b99fb800 DEOPT UNPACKING pc=0x000002479e3d5583 sp=0x000000f84acfe820 mode 2
Event: 447908.133 Thread 0x00000247b2dc9000 flushing nmethod 0x00000247a050ca50
Event: 447908.133 loading class org/apache/logging/log4j/util/PrivateSecurityManagerStackTraceUtil
Event: 447908.133 loading class org/apache/logging/log4j/util/PrivateSecurityManagerStackTraceUtil done
Event: 447908.133 loading class org/apache/logging/log4j/util/PrivateSecurityManagerStackTraceUtil$PrivateSecurityManager
Event: 447908.133 loading class org/apache/logging/log4j/util/PrivateSecurityManagerStackTraceUtil$PrivateSecurityManager done
Event: 447908.134 loading class org/apache/logging/log4j/core/impl/ThrowableProxyHelper
Event: 447908.134 loading class org/apache/logging/log4j/core/impl/ThrowableProxyHelper done
Event: 447908.135 loading class org/apache/logging/log4j/core/impl/ExtendedStackTraceElement
Event: 447908.135 loading class org/apache/logging/log4j/core/impl/ExtendedStackTraceElement done
Event: 447908.135 Thread 0x00000247b99fb800 Uncommon trap: trap_request=0xffffff65 fr.pc=0x000002479f27178c
Event: 447908.135 Thread 0x00000247b99fb800 DEOPT PACKING pc=0x000002479f27178c sp=0x000000f84acfe350
Event: 447908.135 Thread 0x00000247b99fb800 DEOPT UNPACKING pc=0x000002479e3d5583 sp=0x000000f84acfe378 mode 2
Event: 447908.135 loading class org/apache/logging/log4j/core/impl/ThrowableProxyHelper$CacheEntry
Event: 447908.135 loading class org/apache/logging/log4j/core/impl/ThrowableProxyHelper$CacheEntry done
Event: 447908.136 loading class org/apache/logging/log4j/core/impl/ExtendedClassInfo
Event: 447908.136 loading class org/apache/logging/log4j/core/impl/ExtendedClassInfo done
Event: 447908.136 Thread 0x00000247b99fb800 Uncommon trap: trap_request=0xffffff65 fr.pc=0x000002479e75cdbc
Event: 447908.136 Thread 0x00000247b99fb800 DEOPT PACKING pc=0x000002479e75cdbc sp=0x000000f84acfe6b0
Event: 447908.136 Thread 0x00000247b99fb800 DEOPT UNPACKING pc=0x000002479e3d5583 sp=0x000000f84acfe628 mode 2
Event: 447908.137 loading class org/apache/logging/log4j/core/impl/ThrowableProxyRenderer
Event: 447908.137 loading class org/apache/logging/log4j/core/impl/ThrowableProxyRenderer done
Event: 447908.137 Thread 0x00000247b99fb800 Uncommon trap: trap_request=0xffffff65 fr.pc=0x00000247a00dc758
Event: 447908.137 Executing VM operation: RevokeBias
Event: 447908.138 Executing VM operation: RevokeBias done
Event: 447908.138 Thread 0x00000247b99fb800 DEOPT PACKING pc=0x00000247a00dc758 sp=0x000000f84acfe5a0
Event: 447908.138 Thread 0x00000247b99fb800 DEOPT UNPACKING pc=0x000002479e3d5583 sp=0x000000f84acfe508 mode 2


Dynamic libraries:
0x00007ff71e7b0000 - 0x00007ff71e84b000 	C:\Program Files\RedHat\java-1.8.0-openjdk-1.8.0.452-1\jre\bin\java.exe
0x00007ffb099d0000 - 0x00007ffb09bbe000 	C:\WINDOWS\SYSTEM32\ntdll.dll
0x00007ffb07680000 - 0x00007ffb07733000 	C:\WINDOWS\System32\KERNEL32.DLL
0x00007ffb05a90000 - 0x00007ffb05d2e000 	C:\WINDOWS\System32\KERNELBASE.dll
0x00007ffb06d30000 - 0x00007ffb06dd9000 	C:\WINDOWS\System32\ADVAPI32.dll
0x00007ffb09420000 - 0x00007ffb094be000 	C:\WINDOWS\System32\msvcrt.dll
0x00007ffb075d0000 - 0x00007ffb07672000 	C:\WINDOWS\System32\sechost.dll
0x00007ffb074b0000 - 0x00007ffb075c8000 	C:\WINDOWS\System32\RPCRT4.dll
0x00007ffb063e0000 - 0x00007ffb06406000 	C:\WINDOWS\System32\bcrypt.dll
0x00007ffb08c40000 - 0x00007ffb08dd7000 	C:\WINDOWS\System32\USER32.dll
0x00007ffb05fc0000 - 0x00007ffb05fe0000 	C:\WINDOWS\System32\win32u.dll
0x00007ffb08de0000 - 0x00007ffb08e09000 	C:\WINDOWS\System32\GDI32.dll
0x00007ffb06230000 - 0x00007ffb063dc000 	C:\WINDOWS\System32\gdi32full.dll
0x00007ffb06190000 - 0x00007ffb06230000 	C:\WINDOWS\System32\msvcp_win.dll
0x00007ffb05fe0000 - 0x00007ffb060da000 	C:\WINDOWS\System32\ucrtbase.dll
0x00007ffaf0f60000 - 0x00007ffaf11d9000 	C:\WINDOWS\WinSxS\amd64_microsoft.windows.common-controls_6595b64144ccf1df_6.0.17763.7434_none_de70930c534be02a\COMCTL32.dll
0x00007ffb09080000 - 0x00007ffb093aa000 	C:\WINDOWS\System32\combase.dll
0x00007ffb06410000 - 0x00007ffb06492000 	C:\WINDOWS\System32\bcryptPrimitives.dll
0x00007ffadb5c0000 - 0x00007ffadb89e000 	C:\Program Files\dynatrace\oneagent\agent\bin\1.315.68.20250627-182234\windows-x86-64\oneagentproc.dll
0x00007ffb07440000 - 0x00007ffb074ad000 	C:\WINDOWS\System32\WS2_32.dll
0x00007ffafe380000 - 0x00007ffafe395000 	C:\Program Files\RedHat\java-1.8.0-openjdk-1.8.0.452-1\jre\bin\vcruntime140.dll
0x00007ffad1170000 - 0x00007ffad120b000 	C:\Program Files\RedHat\java-1.8.0-openjdk-1.8.0.452-1\jre\bin\msvcp140.dll
0x0000000075370000 - 0x0000000075c3a000 	C:\Program Files\RedHat\java-1.8.0-openjdk-1.8.0.452-1\jre\bin\server\jvm.dll
0x00007ffb09410000 - 0x00007ffb09418000 	C:\WINDOWS\System32\PSAPI.DLL
0x00007ffafa650000 - 0x00007ffafa659000 	C:\WINDOWS\SYSTEM32\WSOCK32.dll
0x00007ffafb040000 - 0x00007ffafb064000 	C:\WINDOWS\SYSTEM32\WINMM.dll
0x00007ffafc530000 - 0x00007ffafc53a000 	C:\WINDOWS\SYSTEM32\VERSION.dll
0x00007ffaface0000 - 0x00007ffafad0d000 	C:\WINDOWS\SYSTEM32\winmmbase.dll
0x00007ffb05f70000 - 0x00007ffb05fba000 	C:\WINDOWS\System32\cfgmgr32.dll
0x00007ffb05970000 - 0x00007ffb05981000 	C:\WINDOWS\System32\kernel.appcore.dll
0x00007ffb023b0000 - 0x00007ffb023c0000 	C:\Program Files\RedHat\java-1.8.0-openjdk-1.8.0.452-1\jre\bin\verify.dll
0x00007ffaefbd0000 - 0x00007ffaefbfb000 	C:\Program Files\RedHat\java-1.8.0-openjdk-1.8.0.452-1\jre\bin\java.dll
0x00007ffac01a0000 - 0x00007ffac1b76000 	C:\PROGRA~1\DYNATR~1\oneagent\agent\bin\131568~1.202\WINDOW~2\oneagentjava.dll
0x00007ffb07740000 - 0x00007ffb08c38000 	C:\WINDOWS\System32\SHELL32.dll
0x00007ffafbf40000 - 0x00007ffafbf4c000 	C:\WINDOWS\SYSTEM32\Secur32.dll
0x00007ffb07330000 - 0x00007ffb073d7000 	C:\WINDOWS\System32\shcore.dll
0x00007ffb064a0000 - 0x00007ffb06be8000 	C:\WINDOWS\System32\windows.storage.dll
0x00007ffb05990000 - 0x00007ffb059b3000 	C:\WINDOWS\System32\profapi.dll
0x00007ffb059c0000 - 0x00007ffb05a1d000 	C:\WINDOWS\System32\powrprof.dll
0x00007ffb08ec0000 - 0x00007ffb08f16000 	C:\WINDOWS\System32\shlwapi.dll
0x00007ffb05f50000 - 0x00007ffb05f6b000 	C:\WINDOWS\System32\cryptsp.dll
0x00007ffb08f20000 - 0x00007ffb09077000 	C:\WINDOWS\System32\ole32.dll
0x00007ffb06de0000 - 0x00007ffb06ea4000 	C:\WINDOWS\System32\OLEAUT32.dll
0x00007ffb04b30000 - 0x00007ffb04b6d000 	C:\WINDOWS\SYSTEM32\IPHLPAPI.DLL
0x00007ffb05880000 - 0x00007ffb058af000 	C:\WINDOWS\SYSTEM32\SSPICLI.DLL
0x00007ffb05010000 - 0x00007ffb0501c000 	C:\WINDOWS\SYSTEM32\CRYPTBASE.DLL
0x00007ffb049f0000 - 0x00007ffb04a21000 	C:\WINDOWS\SYSTEM32\ntmarta.dll
0x00007ffafb6f0000 - 0x00007ffafb706000 	c:\windows\system32\napinsp.dll
0x00007ffb04e40000 - 0x00007ffb04ea7000 	c:\windows\System32\mswsock.dll
0x00007ffb04b70000 - 0x00007ffb04c36000 	C:\WINDOWS\SYSTEM32\DNSAPI.dll
0x00007ffb094c0000 - 0x00007ffb094c8000 	C:\WINDOWS\System32\NSI.dll
0x00007ffafacd0000 - 0x00007ffafacde000 	c:\windows\System32\winrnr.dll
0x00007ffb00980000 - 0x00007ffb0099b000 	c:\windows\system32\NLAapi.dll
0x00007ffafaa80000 - 0x00007ffafaa95000 	c:\windows\system32\wshbth.dll
0x00007ffb02db0000 - 0x00007ffb02dc6000 	C:\WINDOWS\SYSTEM32\dhcpcsvc6.DLL
0x00007ffb02d30000 - 0x00007ffb02d4c000 	C:\WINDOWS\SYSTEM32\dhcpcsvc.DLL
0x00007ffb04960000 - 0x00007ffb04993000 	c:\windows\system32\rsaenh.dll
0x00007ffb008a0000 - 0x00007ffb008aa000 	C:\Windows\System32\rasadhlp.dll
0x00007ffb02e30000 - 0x00007ffb02ea9000 	c:\windows\System32\fwpuclnt.dll
0x00007ffaefbb0000 - 0x00007ffaefbc8000 	C:\Program Files\RedHat\java-1.8.0-openjdk-1.8.0.452-1\jre\bin\zip.dll
0x00007ffb004c0000 - 0x00007ffb004cd000 	C:\Program Files\RedHat\java-1.8.0-openjdk-1.8.0.452-1\jre\bin\management.dll
0x00007ffae3d10000 - 0x00007ffae3d2c000 	C:\Program Files\RedHat\java-1.8.0-openjdk-1.8.0.452-1\jre\bin\net.dll
0x00007ffae3cf0000 - 0x00007ffae3d03000 	C:\Program Files\RedHat\java-1.8.0-openjdk-1.8.0.452-1\jre\bin\nio.dll
0x00007ffb05850000 - 0x00007ffb05879000 	C:\WINDOWS\SYSTEM32\USERENV.dll
0x00007ffae0d70000 - 0x00007ffae0d94000 	C:\Program Files\RedHat\java-1.8.0-openjdk-1.8.0.452-1\jre\bin\sunec.dll
0x00007ffaff410000 - 0x00007ffaff41e000 	C:\Program Files\RedHat\java-1.8.0-openjdk-1.8.0.452-1\jre\bin\sunmscapi.dll
0x00007ffb05d30000 - 0x00007ffb05f46000 	C:\WINDOWS\System32\CRYPT32.dll
0x00007ffb05950000 - 0x00007ffb05962000 	C:\WINDOWS\System32\MSASN1.dll
0x00007ffb05110000 - 0x00007ffb0513c000 	C:\WINDOWS\SYSTEM32\ncrypt.dll
0x00007ffb050d0000 - 0x00007ffb0510c000 	C:\WINDOWS\SYSTEM32\NTASN1.dll
0x00007ffb02780000 - 0x00007ffb027ce000 	C:\WINDOWS\SYSTEM32\pdh.dll
0x00007ffadf130000 - 0x00007ffadf13f000 	c:\windows\System32\perfproc.dll
0x00007ffadf140000 - 0x00007ffadf14e000 	c:\windows\System32\perfos.dll
0x00007ffac29b0000 - 0x00007ffac2b99000 	C:\Program Files\RedHat\java-1.8.0-openjdk-1.8.0.452-1\jre\bin\awt.dll
0x00007ffb027d0000 - 0x00007ffb0285c000 	C:\WINDOWS\SYSTEM32\apphelp.dll
0x00007ffb00510000 - 0x00007ffb006fd000 	C:\WINDOWS\system32\DBGHELP.DLL
0x00007ffb00490000 - 0x00007ffb004ba000 	C:\WINDOWS\SYSTEM32\dbgcore.DLL

VM Arguments:
jvm_args: -Dspring.config.location=E:/pelican/ace.solution.ppay/svc-camel-sepa-pacs002/svc-camel-sepa.properties -Dlog4j2.configurationFile=file:E:/pelican/ace.solution.ppay/svc-camel-sepa-pacs002/log4j2.xml -Xbootclasspath/p: -XX:+HeapDumpOnOutOfMemoryError -XX:HeapDumpPath=E:/pelican/ace.solution.ppay/svc-camel-sepa-pacs002/vk/mydump -Dorg.apache.camel.jmx.disabled=true -Djava.library.path=E:/pelican/ace.ppay/conf/dependency-jars -Xrs -Dwrapper.service=true -Dwrapper.console.visible=false -Xms512m -Xmx2048m -Dwrapper.port=15020 -Dwrapper.key=-6869992057644347469 -Dwrapper.teeName=-6869992057644347469$1752176448870 -Dwrapper.tmp.path=C:\Users\ADMIN~1.NAR\AppData\Local\Temp -Djna.tmpdir=C:\Users\ADMIN~1.NAR\AppData\Local\Temp -Dwrapper.working.dir=E:\Pelican\ace.solution.ppay\svc-camel-sepa-pacs002 -Dwrapper.java.command=C:/Program Files/RedHat/java-1.8.0-openjdk-1.8.0.452-1/jre/bin/java -Dwrapper.ntservice.displayname=Pelican Camel SEPA Pacs002 Server -Dwrapper.ntservice.name=svc-camel-sepa-pacs002 -Dwrapper.additional.1x=-Xrs -Dwrapper.ntservice.description=Pelican Camel SEPA Pacs002 Server -Dwrapper.config=E:\Pelican\ace.solution.ppay\conf\wrapper-svc-camel-sepa-pacs002.conf -Dwrapper.app.pre.script=E:\Pelican\ace.pelican\conf\mapNetworkDrive.gv -agentpath:C:/PROGRA~1/DYNATR~1/oneagent/agent/bin/131568~1.202/WINDOW~2/oneagentjava.dll=loglevelcon=none,datastorage=C:\ProgramData\dynatrace\oneagent\datastorage,logdir=C:/ProgramData/dynatrace/oneagent/log 
java_command: org.rzo.yajsw.app.WrapperJVMMain
java_class_path (initial): /E:/Pelican/ace.solution.ppay/yajsw/./wrapperApp.jar;E:\Pelican\ace.solution.ppay\svc-camel-sepa-pacs002;E:\Pelican\ace.pelican\lib\dependency-jars\graal-sdk-20.2.0.jar;E:\Pelican\ace.pelican\lib\dependency-jars\js-20.2.0.jar;E:\Pelican\ace.pelican\lib\dependency-jars\regex-20.2.0.jar;E:\Pelican\ace.pelican\lib\dependency-jars\truffle-api-20.2.0.jar;E:\Pelican\ace.pelican\lib\dependency-jars\asm-9.2.0.redhat-00002.jar;E:\Pelican\ace.pelican\lib\dependency-jars\asm-tree-7.1.jar;E:\Pelican\ace.pelican\lib\dependency-jars\asm-analysis-7.1.jar;E:\Pelican\ace.pelican\lib\dependency-jars\asm-commons-7.1.jar;E:\Pelican\ace.pelican\lib\dependency-jars\asm-util-7.1.jar;E:\Pelican\ace.pelican\lib\dependency-jars\icu4j-67.1.jar;E:\Pelican\ace.pelican\lib\dependency-jars\js-scriptengine-20.2.0.jar;E:\Pelican\ace.pelican\lib\dependency-jars\profiler-20.2.0.jar;E:\Pelican\ace.pelican\lib\dependency-jars\json-20210307.jar;E:\Pelican\ace.pelican\lib\dependency-jars\jackson-databind-2.9.9.jar;E:\Pelican\ace.pelican\lib\dependency-jars\jackson-annotations-2.9.0.jar;E:\Pelican\ace.pelican\lib\dependency-jars\jackson-core-2.9.9.jar;E:\Pelican\ace.pelican\lib\dependency-jars\slf4j-api-1.7.25.jar;E:\Pelican\ace.pelican\lib\dependency-jars\commons-dbcp2-2.5.0.jar;E:\Pelican\ace.pelican\lib\dependency-jars\commons-pool2-2.6.1.jar;E:\Pelican\ace.pelican\lib\dependency-jars\HikariCP-3.2.0.jar;E:\Pelican\ace.pelican\lib\dependency-jars\camel-sql-starter-2.23.2.fuse-7_11_0-00037-redhat-00001.jar;E:\Pelican\ace.pelican\lib\dependency-jars\spring-boot-starter-2.5.13.jar;E:\Pelican\ace.pelican\lib\dependency-jars\spring-boot-2.5.13.jar;E:\Pelican\ace.pelican\lib\dependency-jars\spring-boot-autoconfigure-2.5.13.jar;E:\Pelican\ace.pelican\lib\dependency-jars\spring-boot-starter-logging-2.5.13.jar;E:\Pelican\ace.pelican\lib\dependency-jars\log4j-core-2.17.2.jar;E:\Pelican\ace.pelican\lib\dependency-jars\log4j-slf4j-impl-2.17.2.jar;E:\Pelican\ace.pelican\lib\dependency-ja
Launcher Type: SUN_STANDARD

Environment Variables:
PATH=;C:/Program Files/RedHat/java-1.8.0-openjdk-1.8.0.452-1/jre/bin;E:/pelican/ace.pelican/bin;
USERNAME=SRV_PEL-APL-ACP
OS=Windows_NT
PROCESSOR_IDENTIFIER=Intel64 Family 6 Model 85 Stepping 7, GenuineIntel



---------------  S Y S T E M  ---------------

OS: Windows Server 2019 , 64 bit Build 17763 (10.0.17763.7009)

CPU:total 8 (initial active 8) (1 cores per cpu, 1 threads per core) family 6 model 85 stepping 7, cmov, cx8, fxsr, mmx, sse, sse2, sse3, ssse3, sse4.1, sse4.2, popcnt, avx, avx2, aes, clmul, erms, 3dnowpref, lzcnt, tsc, tscinvbit, bmi1, bmi2, adx

Memory: 4k page, physical 50331056k(3768272k free), swap 100512876k(7456k free)

vm_info: OpenJDK 64-Bit Server VM (25.452-b09) for windows-amd64 JRE (1.8.0_452-b09), built on Apr 12 2025 07:56:15 by "build" with MS VC++ 15.9 (VS2017)

time: Wed Jul 16 02:06:11 2025
timezone: Romance Daylight Time
elapsed time: 447908.196852 seconds (5d 4h 25m 8s)

